Train/Steps,Loss/Loss_critic,Loss/Loss_actor,Loss/Loss_alpha,SAC/Alpha,SAC/LogPi_mean,SAC/Q1_mean,SAC/Q2_mean,Norm/actor_model,Norm/critic_model,Eval/Return
641000,0.02000969462096691,-7.939864158630371,0.05181330442428589,0.0016512576257809997,-10.37808609008789,7.906852722167969,7.910329818725586,17.810417,57.803467,8.262447e-09
642000,0.017831772565841675,-6.124383449554443,0.00041729415534064174,0.00012313693878240883,17.61113739013672,6.077620029449463,6.078790664672852,23.55396,66.84395,0.0007938089
643000,0.12307694554328918,-5.221841812133789,0.00028481942717917264,0.00011105076555395499,18.435232162475586,5.1858625411987305,5.186555862426758,27.388517,80.52848,0.00515717
644000,0.01675017550587654,-4.852506637573242,0.00011352309957146645,0.0001288983185077086,20.119281768798828,4.796875,4.795539379119873,29.00026,93.923546,3.042627e-08
645000,0.08808083832263947,-4.222001552581787,-0.00018358015222474933,9.237503400072455e-05,22.987335205078125,4.205928802490234,4.209161758422852,29.978094,106.204735,1.2080046e-05
646000,0.06807050108909607,-3.5655622482299805,3.4034968848573044e-05,6.405524618458003e-05,20.46866226196289,3.5610146522521973,3.5642991065979004,30.993681,120.31189,7.4267996e-09
647000,0.01696576178073883,-2.9603872299194336,9.118119487538934e-05,6.105343345552683e-05,19.506534576416016,2.953240394592285,2.9523115158081055,31.920952,135.09666,0.002050718
648000,0.08131320774555206,-2.414186477661133,0.00011293510033283383,4.4782256736652926e-05,18.47812843322754,2.3977856636047363,2.3994662761688232,32.863426,151.49178,4.835575e-09
