Train/Steps,Loss/Loss_critic,Loss/Loss_actor,Loss/Loss_alpha,SAC/Alpha,SAC/LogPi_mean,SAC/Q1_mean,SAC/Q2_mean,Norm/actor_model,Norm/critic_model,Eval/Return
641000,0.004966107662767172,-18.173599243164062,0.5129018425941467,0.014554833993315697,-14.239277839660645,17.961748123168945,17.94552230834961,17.226587,46.994614,3.252158e-09
642000,0.06252702325582504,-14.65947151184082,0.08340610563755035,0.002445823512971401,-13.101438522338867,14.619998931884766,14.58092975616455,17.696745,51.134876,1.6143e-08
643000,0.6023032665252686,-10.337541580200195,0.006322416942566633,0.0004522722738329321,7.020772933959961,10.310362815856934,10.282516479492188,18.95802,54.483177,4.820882e-10
644000,0.26782578229904175,-7.573493003845215,0.000894980737939477,0.00010370999370934442,12.370351791381836,7.494617462158203,7.515653610229492,20.64525,57.84048,3.0493552e-09
645000,0.5462442636489868,-5.061534881591797,0.00019885615620296448,6.980458420002833e-05,18.1512451171875,5.006603240966797,5.025945663452148,22.25401,61.46695,2.6725559e-08
