[32mStart prefilling replay buffer[0m
[32mStart SAC training[0m
-----------------------------------------------------------------
|                                 Train/Steps |        6.41e+05 |
|                            Loss/Loss_critic |           0.012 |
|                             Loss/Loss_actor |           -7.48 |
|                             Loss/Loss_alpha |           0.044 |
|               Loss/Loss_state_action_metric |        0.000344 |
|                      Loss/Loss_state_metric |        0.000221 |
|             Loss/Loss_state_action_to_state |        0.000141 |
|                           Loss/Act_rep_loss |        0.000822 |
|                                   SAC/Alpha |         0.00169 |
|                              SAC/LogPi_mean |           -5.04 |
|                                 SAC/Q1_mean |             7.4 |
|                                 SAC/Q2_mean |            7.42 |
|                            Norm/actor_model |            31.8 |
|                           Norm/critic_model |            62.8 |
|              Norm/state_action_metric_model |            35.9 |
|                     Norm/state_metric_model |            34.1 |
|        Norm/state_action_state_metric_model |            35.4 |
|                  Metric/self_state_distance |           0.995 |
|                 Metric/cross_state_distance |            1.02 |
|           Metric/self_state_action_distance |           0.991 |
|          Metric/cross_state_action_distance |            1.01 |
|             Metric/avg_self_state_asymmetry |               0 |
|            Metric/avg_cross_state_asymmetry |         0.00388 |
|                Metric/avg_self_sa_asymmetry |               0 |
|               Metric/avg_cross_sa_asymmetry |          0.0403 |
|  Metric/self_state_action_to_state_distance |           0.994 |
| Metric/cross_state_action_to_state_distance |            1.01 |
|                   Metric/h_lambda_diff_self |         0.00577 |
|                  Metric/h_lambda_diff_cross |         0.00617 |
|                                 Eval/Return |        1.76e-08 |
-----------------------------------------------------------------
-----------------------------------------------------------------
|                                 Train/Steps |        6.42e+05 |
|                            Loss/Loss_critic |           0.057 |
|                             Loss/Loss_actor |            -7.3 |
|                             Loss/Loss_alpha |        -0.00014 |
|               Loss/Loss_state_action_metric |         0.00154 |
|                      Loss/Loss_state_metric |        0.000491 |
|             Loss/Loss_state_action_to_state |        0.000601 |
|                           Loss/Act_rep_loss |          0.0016 |
|                                   SAC/Alpha |        0.000767 |
|                              SAC/LogPi_mean |            21.2 |
|                                 SAC/Q1_mean |            7.17 |
|                                 SAC/Q2_mean |            7.17 |
|                            Norm/actor_model |            41.2 |
|                           Norm/critic_model |            74.8 |
|              Norm/state_action_metric_model |            42.4 |
|                     Norm/state_metric_model |            40.7 |
|        Norm/state_action_state_metric_model |            41.5 |
|                  Metric/self_state_distance |            1.02 |
|                 Metric/cross_state_distance |            1.06 |
|           Metric/self_state_action_distance |            1.01 |
|          Metric/cross_state_action_distance |            1.07 |
|             Metric/avg_self_state_asymmetry |               0 |
|            Metric/avg_cross_state_asymmetry |         0.00503 |
|                Metric/avg_self_sa_asymmetry |               0 |
|               Metric/avg_cross_sa_asymmetry |          0.0882 |
|  Metric/self_state_action_to_state_distance |            1.02 |
| Metric/cross_state_action_to_state_distance |            1.06 |
|                   Metric/h_lambda_diff_self |          0.0101 |
|                  Metric/h_lambda_diff_cross |          0.0106 |
|                                 Eval/Return |          0.0234 |
-----------------------------------------------------------------
-----------------------------------------------------------------
|                                 Train/Steps |        6.43e+05 |
|                            Loss/Loss_critic |          0.0742 |
|                             Loss/Loss_actor |           -7.82 |
|                             Loss/Loss_alpha |       -0.000446 |
|               Loss/Loss_state_action_metric |          0.0265 |
|                      Loss/Loss_state_metric |         0.00175 |
|             Loss/Loss_state_action_to_state |         0.00129 |
|                           Loss/Act_rep_loss |         0.00203 |
|                                   SAC/Alpha |        0.000395 |
|                              SAC/LogPi_mean |            22.1 |
|                                 SAC/Q1_mean |            7.73 |
|                                 SAC/Q2_mean |            7.72 |
|                            Norm/actor_model |            48.8 |
|                           Norm/critic_model |            85.2 |
|              Norm/state_action_metric_model |            48.8 |
|                     Norm/state_metric_model |            47.2 |
|        Norm/state_action_state_metric_model |            47.2 |
|                  Metric/self_state_distance |            1.05 |
|                 Metric/cross_state_distance |            1.05 |
|           Metric/self_state_action_distance |            1.04 |
|          Metric/cross_state_action_distance |            1.05 |
|             Metric/avg_self_state_asymmetry |               0 |
|            Metric/avg_cross_state_asymmetry |         0.00621 |
|                Metric/avg_self_sa_asymmetry |               0 |
|               Metric/avg_cross_sa_asymmetry |          0.0461 |
|  Metric/self_state_action_to_state_distance |            1.04 |
| Metric/cross_state_action_to_state_distance |            1.05 |
|                   Metric/h_lambda_diff_self |          0.0124 |
|                  Metric/h_lambda_diff_cross |          0.0138 |
|                                 Eval/Return |           0.105 |
-----------------------------------------------------------------
-----------------------------------------------------------------
|                                 Train/Steps |        6.44e+05 |
|                            Loss/Loss_critic |           0.102 |
|                             Loss/Loss_actor |           -7.27 |
|                             Loss/Loss_alpha |        9.53e-06 |
|               Loss/Loss_state_action_metric |         0.00189 |
|                      Loss/Loss_state_metric |         0.00129 |
|             Loss/Loss_state_action_to_state |        0.000815 |
|                           Loss/Act_rep_loss |         0.00241 |
|                                   SAC/Alpha |        0.000331 |
|                              SAC/LogPi_mean |              21 |
|                                 SAC/Q1_mean |            7.21 |
|                                 SAC/Q2_mean |            7.22 |
|                            Norm/actor_model |            54.8 |
|                           Norm/critic_model |            94.2 |
|              Norm/state_action_metric_model |            53.9 |
|                     Norm/state_metric_model |            52.7 |
|        Norm/state_action_state_metric_model |            51.8 |
|                  Metric/self_state_distance |            1.15 |
|                 Metric/cross_state_distance |            1.18 |
|           Metric/self_state_action_distance |            1.12 |
|          Metric/cross_state_action_distance |            1.18 |
|             Metric/avg_self_state_asymmetry |               0 |
|            Metric/avg_cross_state_asymmetry |         0.00937 |
|                Metric/avg_self_sa_asymmetry |               0 |
|               Metric/avg_cross_sa_asymmetry |           0.126 |
|  Metric/self_state_action_to_state_distance |            1.14 |
| Metric/cross_state_action_to_state_distance |            1.18 |
|                   Metric/h_lambda_diff_self |           0.021 |
|                  Metric/h_lambda_diff_cross |          0.0116 |
|                                 Eval/Return |           0.293 |
-----------------------------------------------------------------
-----------------------------------------------------------------
|                                 Train/Steps |        6.45e+05 |
|                            Loss/Loss_critic |           0.151 |
|                             Loss/Loss_actor |           -6.39 |
|                             Loss/Loss_alpha |         0.00022 |
|               Loss/Loss_state_action_metric |          0.0081 |
|                      Loss/Loss_state_metric |         0.00123 |
|             Loss/Loss_state_action_to_state |         0.00198 |
|                           Loss/Act_rep_loss |         0.00539 |
|                                   SAC/Alpha |        0.000367 |
|                              SAC/LogPi_mean |            20.4 |
|                                 SAC/Q1_mean |            6.32 |
|                                 SAC/Q2_mean |            6.33 |
|                            Norm/actor_model |            60.5 |
|                           Norm/critic_model |             103 |
|              Norm/state_action_metric_model |            58.9 |
|                     Norm/state_metric_model |            57.5 |
|        Norm/state_action_state_metric_model |            55.6 |
|                  Metric/self_state_distance |            1.16 |
|                 Metric/cross_state_distance |            1.18 |
|           Metric/self_state_action_distance |            1.15 |
|          Metric/cross_state_action_distance |            1.18 |
|             Metric/avg_self_state_asymmetry |               0 |
|            Metric/avg_cross_state_asymmetry |          0.0116 |
|                Metric/avg_self_sa_asymmetry |               0 |
|               Metric/avg_cross_sa_asymmetry |          0.0829 |
|  Metric/self_state_action_to_state_distance |            1.15 |
| Metric/cross_state_action_to_state_distance |            1.17 |
|                   Metric/h_lambda_diff_self |           0.013 |
|                  Metric/h_lambda_diff_cross |          0.0158 |
|                                 Eval/Return |           0.527 |
-----------------------------------------------------------------
-----------------------------------------------------------------
|                                 Train/Steps |        6.46e+05 |
|                            Loss/Loss_critic |          0.0823 |
|                             Loss/Loss_actor |           -5.73 |
|                             Loss/Loss_alpha |       -3.06e-05 |
|               Loss/Loss_state_action_metric |         0.00321 |
|                      Loss/Loss_state_metric |         0.00139 |
|             Loss/Loss_state_action_to_state |         0.00154 |
|                           Loss/Act_rep_loss |         0.00452 |
|                                   SAC/Alpha |        0.000416 |
|                              SAC/LogPi_mean |            21.1 |
|                                 SAC/Q1_mean |            5.64 |
|                                 SAC/Q2_mean |            5.64 |
|                            Norm/actor_model |            65.9 |
|                           Norm/critic_model |             110 |
|              Norm/state_action_metric_model |            64.3 |
|                     Norm/state_metric_model |            62.3 |
|        Norm/state_action_state_metric_model |            59.4 |
|                  Metric/self_state_distance |            1.25 |
|                 Metric/cross_state_distance |            1.28 |
|           Metric/self_state_action_distance |            1.22 |
|          Metric/cross_state_action_distance |            1.26 |
|             Metric/avg_self_state_asymmetry |               0 |
|            Metric/avg_cross_state_asymmetry |          0.0121 |
|                Metric/avg_self_sa_asymmetry |               0 |
|               Metric/avg_cross_sa_asymmetry |           0.117 |
|  Metric/self_state_action_to_state_distance |            1.25 |
| Metric/cross_state_action_to_state_distance |            1.28 |
|                   Metric/h_lambda_diff_self |          0.0278 |
|                  Metric/h_lambda_diff_cross |          0.0201 |
|                                 Eval/Return |            1.47 |
-----------------------------------------------------------------
-----------------------------------------------------------------
|                                 Train/Steps |        6.47e+05 |
|                            Loss/Loss_critic |          0.0748 |
|                             Loss/Loss_actor |           -5.14 |
|                             Loss/Loss_alpha |        0.000292 |
|               Loss/Loss_state_action_metric |         0.00858 |
|                      Loss/Loss_state_metric |         0.00256 |
|             Loss/Loss_state_action_to_state |         0.00494 |
|                           Loss/Act_rep_loss |         0.00692 |
|                                   SAC/Alpha |        0.000306 |
|                              SAC/LogPi_mean |              20 |
|                                 SAC/Q1_mean |            5.06 |
|                                 SAC/Q2_mean |            5.07 |
|                            Norm/actor_model |            70.8 |
|                           Norm/critic_model |             117 |
|              Norm/state_action_metric_model |            69.6 |
|                     Norm/state_metric_model |            67.2 |
|        Norm/state_action_state_metric_model |            63.4 |
|                  Metric/self_state_distance |            1.34 |
|                 Metric/cross_state_distance |            1.39 |
|           Metric/self_state_action_distance |            1.32 |
|          Metric/cross_state_action_distance |            1.39 |
|             Metric/avg_self_state_asymmetry |               0 |
|            Metric/avg_cross_state_asymmetry |          0.0129 |
|                Metric/avg_self_sa_asymmetry |               0 |
|               Metric/avg_cross_sa_asymmetry |           0.177 |
|  Metric/self_state_action_to_state_distance |            1.34 |
| Metric/cross_state_action_to_state_distance |            1.39 |
|                   Metric/h_lambda_diff_self |          0.0242 |
|                  Metric/h_lambda_diff_cross |          0.0231 |
|                                 Eval/Return |           0.894 |
-----------------------------------------------------------------
-----------------------------------------------------------------
|                                 Train/Steps |        6.48e+05 |
|                            Loss/Loss_critic |           0.152 |
|                             Loss/Loss_actor |            -4.4 |
|                             Loss/Loss_alpha |        -1.4e-05 |
|               Loss/Loss_state_action_metric |          0.0456 |
|                      Loss/Loss_state_metric |         0.00143 |
|             Loss/Loss_state_action_to_state |         0.00192 |
|                           Loss/Act_rep_loss |         0.00997 |
|                                   SAC/Alpha |        0.000436 |
|                              SAC/LogPi_mean |              21 |
|                                 SAC/Q1_mean |            4.33 |
|                                 SAC/Q2_mean |            4.32 |
|                            Norm/actor_model |            75.1 |
|                           Norm/critic_model |             123 |
|              Norm/state_action_metric_model |            74.7 |
|                     Norm/state_metric_model |              72 |
|        Norm/state_action_state_metric_model |            67.9 |
|                  Metric/self_state_distance |            1.42 |
|                 Metric/cross_state_distance |            1.46 |
|           Metric/self_state_action_distance |             1.4 |
|          Metric/cross_state_action_distance |            1.45 |
|             Metric/avg_self_state_asymmetry |               0 |
|            Metric/avg_cross_state_asymmetry |          0.0131 |
|                Metric/avg_self_sa_asymmetry |               0 |
|               Metric/avg_cross_sa_asymmetry |           0.145 |
|  Metric/self_state_action_to_state_distance |            1.41 |
| Metric/cross_state_action_to_state_distance |            1.45 |
|                   Metric/h_lambda_diff_self |          0.0193 |
|                  Metric/h_lambda_diff_cross |          0.0161 |
|                                 Eval/Return |            1.46 |
-----------------------------------------------------------------
-----------------------------------------------------------------
|                                 Train/Steps |        6.49e+05 |
|                            Loss/Loss_critic |           0.175 |
|                             Loss/Loss_actor |              -5 |
|                             Loss/Loss_alpha |        0.000682 |
|               Loss/Loss_state_action_metric |         0.00882 |
|                      Loss/Loss_state_metric |         0.00256 |
|             Loss/Loss_state_action_to_state |         0.00252 |
|                           Loss/Act_rep_loss |         0.00954 |
|                                   SAC/Alpha |        0.000783 |
|                              SAC/LogPi_mean |            20.1 |
|                                 SAC/Q1_mean |            4.92 |
|                                 SAC/Q2_mean |            4.92 |
|                            Norm/actor_model |            78.1 |
|                           Norm/critic_model |             130 |
|              Norm/state_action_metric_model |            80.1 |
|                     Norm/state_metric_model |            76.5 |
|        Norm/state_action_state_metric_model |            72.7 |
|                  Metric/self_state_distance |            1.57 |
|                 Metric/cross_state_distance |            1.61 |
|           Metric/self_state_action_distance |            1.55 |
|          Metric/cross_state_action_distance |            1.62 |
|             Metric/avg_self_state_asymmetry |               0 |
|            Metric/avg_cross_state_asymmetry |          0.0229 |
|                Metric/avg_self_sa_asymmetry |               0 |
|               Metric/avg_cross_sa_asymmetry |             0.2 |
|  Metric/self_state_action_to_state_distance |            1.57 |
| Metric/cross_state_action_to_state_distance |             1.6 |
|                   Metric/h_lambda_diff_self |          0.0329 |
|                  Metric/h_lambda_diff_cross |          0.0294 |
|                                 Eval/Return |             5.2 |
-----------------------------------------------------------------
-----------------------------------------------------------------
|                                 Train/Steps |         6.5e+05 |
|                            Loss/Loss_critic |           0.314 |
|                             Loss/Loss_actor |           -5.01 |
|                             Loss/Loss_alpha |       -0.000941 |
|               Loss/Loss_state_action_metric |          0.0837 |
|                      Loss/Loss_state_metric |         0.00339 |
|             Loss/Loss_state_action_to_state |         0.00701 |
|                           Loss/Act_rep_loss |          0.0117 |
|                                   SAC/Alpha |        0.000547 |
|                              SAC/LogPi_mean |            22.7 |
|                                 SAC/Q1_mean |            4.92 |
|                                 SAC/Q2_mean |            4.91 |
|                            Norm/actor_model |            82.4 |
|                           Norm/critic_model |             137 |
|              Norm/state_action_metric_model |            85.4 |
|                     Norm/state_metric_model |            80.7 |
|        Norm/state_action_state_metric_model |            77.8 |
|                  Metric/self_state_distance |            1.88 |
|                 Metric/cross_state_distance |               2 |
|           Metric/self_state_action_distance |            1.86 |
|          Metric/cross_state_action_distance |            2.02 |
|             Metric/avg_self_state_asymmetry |               0 |
|            Metric/avg_cross_state_asymmetry |          0.0316 |
|                Metric/avg_self_sa_asymmetry |               0 |
|               Metric/avg_cross_sa_asymmetry |           0.435 |
|  Metric/self_state_action_to_state_distance |            1.88 |
| Metric/cross_state_action_to_state_distance |               2 |
|                   Metric/h_lambda_diff_self |          0.0327 |
|                  Metric/h_lambda_diff_cross |           0.045 |
|                                 Eval/Return |              17 |
-----------------------------------------------------------------
-----------------------------------------------------------------
|                                 Train/Steps |        6.51e+05 |
|                            Loss/Loss_critic |           0.116 |
|                             Loss/Loss_actor |           -4.88 |
|                             Loss/Loss_alpha |        5.08e-05 |
|               Loss/Loss_state_action_metric |          0.0297 |
|                      Loss/Loss_state_metric |         0.00563 |
|             Loss/Loss_state_action_to_state |         0.00474 |
|                           Loss/Act_rep_loss |         0.00884 |
|                                   SAC/Alpha |        0.000579 |
|                              SAC/LogPi_mean |            20.9 |
|                                 SAC/Q1_mean |            4.82 |
|                                 SAC/Q2_mean |            4.82 |
|                            Norm/actor_model |            85.9 |
|                           Norm/critic_model |             144 |
|              Norm/state_action_metric_model |            91.4 |
|                     Norm/state_metric_model |            84.5 |
|        Norm/state_action_state_metric_model |            82.8 |
|                  Metric/self_state_distance |            2.21 |
|                 Metric/cross_state_distance |            2.37 |
|           Metric/self_state_action_distance |            2.15 |
|          Metric/cross_state_action_distance |            2.35 |
|             Metric/avg_self_state_asymmetry |               0 |
|            Metric/avg_cross_state_asymmetry |          0.0354 |
|                Metric/avg_self_sa_asymmetry |               0 |
|               Metric/avg_cross_sa_asymmetry |           0.547 |
|  Metric/self_state_action_to_state_distance |            2.21 |
| Metric/cross_state_action_to_state_distance |            2.36 |
|                   Metric/h_lambda_diff_self |           0.065 |
|                  Metric/h_lambda_diff_cross |          0.0513 |
|                                 Eval/Return |            22.9 |
-----------------------------------------------------------------
-----------------------------------------------------------------
|                                 Train/Steps |        6.52e+05 |
|                            Loss/Loss_critic |          0.0947 |
|                             Loss/Loss_actor |           -4.55 |
|                             Loss/Loss_alpha |       -0.000675 |
|               Loss/Loss_state_action_metric |          0.0646 |
|                      Loss/Loss_state_metric |         0.00686 |
|             Loss/Loss_state_action_to_state |         0.00369 |
|                           Loss/Act_rep_loss |         0.00741 |
|                                   SAC/Alpha |        0.000392 |
|                              SAC/LogPi_mean |            22.7 |
|                                 SAC/Q1_mean |            4.51 |
|                                 SAC/Q2_mean |             4.5 |
|                            Norm/actor_model |            89.4 |
|                           Norm/critic_model |             150 |
|              Norm/state_action_metric_model |            96.8 |
|                     Norm/state_metric_model |            88.3 |
|        Norm/state_action_state_metric_model |            87.4 |
|                  Metric/self_state_distance |            2.56 |
|                 Metric/cross_state_distance |            2.76 |
|           Metric/self_state_action_distance |            2.49 |
|          Metric/cross_state_action_distance |            2.74 |
|             Metric/avg_self_state_asymmetry |               0 |
|            Metric/avg_cross_state_asymmetry |          0.0483 |
|                Metric/avg_self_sa_asymmetry |               0 |
|               Metric/avg_cross_sa_asymmetry |           0.685 |
|  Metric/self_state_action_to_state_distance |            2.55 |
| Metric/cross_state_action_to_state_distance |            2.75 |
|                   Metric/h_lambda_diff_self |          0.0724 |
|                  Metric/h_lambda_diff_cross |          0.0633 |
|                                 Eval/Return |            23.6 |
-----------------------------------------------------------------
-----------------------------------------------------------------
|                                 Train/Steps |        6.53e+05 |
|                            Loss/Loss_critic |           0.144 |
|                             Loss/Loss_actor |           -3.95 |
|                             Loss/Loss_alpha |        0.000865 |
|               Loss/Loss_state_action_metric |          0.0805 |
|                      Loss/Loss_state_metric |         0.00521 |
|             Loss/Loss_state_action_to_state |         0.00558 |
|                           Loss/Act_rep_loss |          0.0046 |
|                                   SAC/Alpha |        0.000439 |
|                              SAC/LogPi_mean |              19 |
|                                 SAC/Q1_mean |            3.93 |
|                                 SAC/Q2_mean |            3.94 |
|                            Norm/actor_model |            92.5 |
|                           Norm/critic_model |             155 |
|              Norm/state_action_metric_model |             102 |
|                     Norm/state_metric_model |            91.6 |
|        Norm/state_action_state_metric_model |            91.3 |
|                  Metric/self_state_distance |            2.87 |
|                 Metric/cross_state_distance |            3.14 |
|           Metric/self_state_action_distance |             2.8 |
|          Metric/cross_state_action_distance |            3.12 |
|             Metric/avg_self_state_asymmetry |               0 |
|            Metric/avg_cross_state_asymmetry |          0.0453 |
|                Metric/avg_self_sa_asymmetry |               0 |
|               Metric/avg_cross_sa_asymmetry |           0.831 |
|  Metric/self_state_action_to_state_distance |            2.85 |
| Metric/cross_state_action_to_state_distance |             3.1 |
|                   Metric/h_lambda_diff_self |          0.0647 |
|                  Metric/h_lambda_diff_cross |          0.0674 |
|                                 Eval/Return |              37 |
-----------------------------------------------------------------
-----------------------------------------------------------------
|                                 Train/Steps |        6.54e+05 |
|                            Loss/Loss_critic |          0.0554 |
|                             Loss/Loss_actor |           -4.01 |
|                             Loss/Loss_alpha |       -0.000416 |
|               Loss/Loss_state_action_metric |          0.0566 |
|                      Loss/Loss_state_metric |         0.00607 |
|             Loss/Loss_state_action_to_state |         0.00821 |
|                           Loss/Act_rep_loss |         0.00296 |
|                                   SAC/Alpha |         0.00048 |
|                              SAC/LogPi_mean |            21.9 |
|                                 SAC/Q1_mean |            3.97 |
|                                 SAC/Q2_mean |            3.96 |
|                            Norm/actor_model |            95.4 |
|                           Norm/critic_model |             160 |
|              Norm/state_action_metric_model |             107 |
|                     Norm/state_metric_model |            95.2 |
|        Norm/state_action_state_metric_model |            95.5 |
|                  Metric/self_state_distance |            3.33 |
|                 Metric/cross_state_distance |            3.68 |
|           Metric/self_state_action_distance |            3.27 |
|          Metric/cross_state_action_distance |            3.69 |
|             Metric/avg_self_state_asymmetry |               0 |
|            Metric/avg_cross_state_asymmetry |          0.0516 |
|                Metric/avg_self_sa_asymmetry |               0 |
|               Metric/avg_cross_sa_asymmetry |           0.962 |
|  Metric/self_state_action_to_state_distance |            3.33 |
| Metric/cross_state_action_to_state_distance |            3.67 |
|                   Metric/h_lambda_diff_self |          0.0757 |
|                  Metric/h_lambda_diff_cross |          0.0769 |
|                                 Eval/Return |            42.3 |
-----------------------------------------------------------------
-----------------------------------------------------------------
|                                 Train/Steps |        6.55e+05 |
|                            Loss/Loss_critic |          0.0983 |
|                             Loss/Loss_actor |           -4.07 |
|                             Loss/Loss_alpha |       -0.000187 |
|               Loss/Loss_state_action_metric |           0.119 |
|                      Loss/Loss_state_metric |         0.00477 |
|             Loss/Loss_state_action_to_state |         0.00651 |
|                           Loss/Act_rep_loss |         0.00163 |
|                                   SAC/Alpha |        0.000462 |
|                              SAC/LogPi_mean |            21.4 |
|                                 SAC/Q1_mean |            4.05 |
|                                 SAC/Q2_mean |            4.05 |
|                            Norm/actor_model |            98.5 |
|                           Norm/critic_model |             165 |
|              Norm/state_action_metric_model |             112 |
|                     Norm/state_metric_model |            98.6 |
|        Norm/state_action_state_metric_model |            99.5 |
|                  Metric/self_state_distance |             3.9 |
|                 Metric/cross_state_distance |            4.37 |
|           Metric/self_state_action_distance |            3.83 |
|          Metric/cross_state_action_distance |            4.35 |
|             Metric/avg_self_state_asymmetry |               0 |
|            Metric/avg_cross_state_asymmetry |          0.0559 |
|                Metric/avg_self_sa_asymmetry |               0 |
|               Metric/avg_cross_sa_asymmetry |            1.07 |
|  Metric/self_state_action_to_state_distance |            3.91 |
| Metric/cross_state_action_to_state_distance |            4.35 |
|                   Metric/h_lambda_diff_self |          0.0962 |
|                  Metric/h_lambda_diff_cross |          0.0778 |
|                                 Eval/Return |            45.7 |
-----------------------------------------------------------------
[32mSaving model …[0m
[32mDone.[0m
[32mSaving model …[0m
[32mDone.[0m
-----------------------------------------------------------------
|                                 Train/Steps |        6.56e+05 |
|                            Loss/Loss_critic |          0.0528 |
|                             Loss/Loss_actor |           -3.82 |
|                             Loss/Loss_alpha |        0.000126 |
|               Loss/Loss_state_action_metric |          0.0412 |
|                      Loss/Loss_state_metric |         0.00717 |
|             Loss/Loss_state_action_to_state |         0.00734 |
|                           Loss/Act_rep_loss |        0.000638 |
|                                   SAC/Alpha |        0.000502 |
|                              SAC/LogPi_mean |            20.7 |
|                                 SAC/Q1_mean |            3.79 |
|                                 SAC/Q2_mean |            3.79 |
|                            Norm/actor_model |             101 |
|                           Norm/critic_model |             170 |
|              Norm/state_action_metric_model |             117 |
|                     Norm/state_metric_model |             102 |
|        Norm/state_action_state_metric_model |             103 |
|                  Metric/self_state_distance |            4.38 |
|                 Metric/cross_state_distance |            4.83 |
|           Metric/self_state_action_distance |            4.33 |
|          Metric/cross_state_action_distance |            4.84 |
|             Metric/avg_self_state_asymmetry |               0 |
|            Metric/avg_cross_state_asymmetry |           0.059 |
|                Metric/avg_self_sa_asymmetry |               0 |
|               Metric/avg_cross_sa_asymmetry |            1.02 |
|  Metric/self_state_action_to_state_distance |            4.37 |
| Metric/cross_state_action_to_state_distance |             4.8 |
|                   Metric/h_lambda_diff_self |          0.0712 |
|                  Metric/h_lambda_diff_cross |          0.0851 |
|                                 Eval/Return |            61.1 |
-----------------------------------------------------------------
-----------------------------------------------------------------
|                                 Train/Steps |        6.57e+05 |
|                            Loss/Loss_critic |          0.0475 |
|                             Loss/Loss_actor |           -3.92 |
|                             Loss/Loss_alpha |        0.000352 |
|               Loss/Loss_state_action_metric |          0.0389 |
|                      Loss/Loss_state_metric |         0.00435 |
|             Loss/Loss_state_action_to_state |         0.00825 |
|                           Loss/Act_rep_loss |        0.000262 |
|                                   SAC/Alpha |        0.000475 |
|                              SAC/LogPi_mean |            20.3 |
|                                 SAC/Q1_mean |            3.87 |
|                                 SAC/Q2_mean |            3.87 |
|                            Norm/actor_model |             104 |
|                           Norm/critic_model |             174 |
|              Norm/state_action_metric_model |             121 |
|                     Norm/state_metric_model |             106 |
|        Norm/state_action_state_metric_model |             107 |
|                  Metric/self_state_distance |             4.8 |
|                 Metric/cross_state_distance |            5.31 |
|           Metric/self_state_action_distance |            4.74 |
|          Metric/cross_state_action_distance |             5.3 |
|             Metric/avg_self_state_asymmetry |               0 |
|            Metric/avg_cross_state_asymmetry |          0.0481 |
|                Metric/avg_self_sa_asymmetry |               0 |
|               Metric/avg_cross_sa_asymmetry |            1.04 |
|  Metric/self_state_action_to_state_distance |            4.81 |
| Metric/cross_state_action_to_state_distance |             5.3 |
|                   Metric/h_lambda_diff_self |          0.0853 |
|                  Metric/h_lambda_diff_cross |          0.0735 |
|                                 Eval/Return |            65.7 |
-----------------------------------------------------------------
-----------------------------------------------------------------
|                                 Train/Steps |        6.58e+05 |
|                            Loss/Loss_critic |          0.0956 |
|                             Loss/Loss_actor |           -4.06 |
|                             Loss/Loss_alpha |        0.000636 |
|               Loss/Loss_state_action_metric |          0.0534 |
|                      Loss/Loss_state_metric |         0.00533 |
|             Loss/Loss_state_action_to_state |         0.00457 |
|                           Loss/Act_rep_loss |        9.37e-05 |
|                                   SAC/Alpha |        0.000502 |
|                              SAC/LogPi_mean |            19.7 |
|                                 SAC/Q1_mean |            4.04 |
|                                 SAC/Q2_mean |            4.03 |
|                            Norm/actor_model |             107 |
|                           Norm/critic_model |             178 |
|              Norm/state_action_metric_model |             125 |
|                     Norm/state_metric_model |             110 |
|        Norm/state_action_state_metric_model |             111 |
|                  Metric/self_state_distance |            5.21 |
|                 Metric/cross_state_distance |            5.77 |
|           Metric/self_state_action_distance |            5.18 |
|          Metric/cross_state_action_distance |             5.8 |
|             Metric/avg_self_state_asymmetry |               0 |
|            Metric/avg_cross_state_asymmetry |          0.0466 |
|                Metric/avg_self_sa_asymmetry |               0 |
|               Metric/avg_cross_sa_asymmetry |            1.05 |
|  Metric/self_state_action_to_state_distance |            5.22 |
| Metric/cross_state_action_to_state_distance |            5.76 |
|                   Metric/h_lambda_diff_self |          0.0558 |
|                  Metric/h_lambda_diff_cross |          0.0724 |
|                                 Eval/Return |            73.7 |
-----------------------------------------------------------------
-----------------------------------------------------------------
|                                 Train/Steps |        6.59e+05 |
|                            Loss/Loss_critic |           0.034 |
|                             Loss/Loss_actor |           -4.19 |
|                             Loss/Loss_alpha |        0.000899 |
|               Loss/Loss_state_action_metric |           0.022 |
|                      Loss/Loss_state_metric |          0.0037 |
|             Loss/Loss_state_action_to_state |         0.00482 |
|                           Loss/Act_rep_loss |           4e-05 |
|                                   SAC/Alpha |        0.000532 |
|                              SAC/LogPi_mean |            19.3 |
|                                 SAC/Q1_mean |            4.15 |
|                                 SAC/Q2_mean |            4.14 |
|                            Norm/actor_model |             109 |
|                           Norm/critic_model |             182 |
|              Norm/state_action_metric_model |             129 |
|                     Norm/state_metric_model |             114 |
|        Norm/state_action_state_metric_model |             115 |
|                  Metric/self_state_distance |            5.62 |
|                 Metric/cross_state_distance |            6.12 |
|           Metric/self_state_action_distance |            5.56 |
|          Metric/cross_state_action_distance |            6.11 |
|             Metric/avg_self_state_asymmetry |               0 |
|            Metric/avg_cross_state_asymmetry |          0.0337 |
|                Metric/avg_self_sa_asymmetry |               0 |
|               Metric/avg_cross_sa_asymmetry |           0.864 |
|  Metric/self_state_action_to_state_distance |            5.62 |
| Metric/cross_state_action_to_state_distance |            6.11 |
|                   Metric/h_lambda_diff_self |          0.0732 |
|                  Metric/h_lambda_diff_cross |          0.0586 |
|                                 Eval/Return |            82.1 |
-----------------------------------------------------------------
-----------------------------------------------------------------
|                                 Train/Steps |         6.6e+05 |
|                            Loss/Loss_critic |          0.0545 |
|                             Loss/Loss_actor |           -4.54 |
|                             Loss/Loss_alpha |       -5.21e-05 |
|               Loss/Loss_state_action_metric |          0.0185 |
|                      Loss/Loss_state_metric |         0.00305 |
|             Loss/Loss_state_action_to_state |         0.00308 |
|                           Loss/Act_rep_loss |        1.66e-05 |
|                                   SAC/Alpha |         0.00053 |
|                              SAC/LogPi_mean |            21.1 |
|                                 SAC/Q1_mean |             4.5 |
|                                 SAC/Q2_mean |             4.5 |
|                            Norm/actor_model |             112 |
|                           Norm/critic_model |             186 |
|              Norm/state_action_metric_model |             133 |
|                     Norm/state_metric_model |             117 |
|        Norm/state_action_state_metric_model |             119 |
|                  Metric/self_state_distance |            6.12 |
|                 Metric/cross_state_distance |            6.58 |
|           Metric/self_state_action_distance |            6.07 |
|          Metric/cross_state_action_distance |            6.57 |
|             Metric/avg_self_state_asymmetry |               0 |
|            Metric/avg_cross_state_asymmetry |          0.0302 |
|                Metric/avg_self_sa_asymmetry |               0 |
|               Metric/avg_cross_sa_asymmetry |           0.693 |
|  Metric/self_state_action_to_state_distance |            6.11 |
| Metric/cross_state_action_to_state_distance |            6.57 |
|                   Metric/h_lambda_diff_self |          0.0552 |
|                  Metric/h_lambda_diff_cross |          0.0429 |
|                                 Eval/Return |            82.1 |
-----------------------------------------------------------------
-----------------------------------------------------------------
|                                 Train/Steps |        6.61e+05 |
|                            Loss/Loss_critic |           0.284 |
|                             Loss/Loss_actor |           -4.86 |
|                             Loss/Loss_alpha |       -0.000287 |
|               Loss/Loss_state_action_metric |           0.122 |
|                      Loss/Loss_state_metric |         0.00184 |
|             Loss/Loss_state_action_to_state |         0.00319 |
|                           Loss/Act_rep_loss |        4.72e-06 |
|                                   SAC/Alpha |        0.000542 |
|                              SAC/LogPi_mean |            21.5 |
|                                 SAC/Q1_mean |            4.83 |
|                                 SAC/Q2_mean |            4.82 |
|                            Norm/actor_model |             115 |
|                           Norm/critic_model |             190 |
|              Norm/state_action_metric_model |             136 |
|                     Norm/state_metric_model |             121 |
|        Norm/state_action_state_metric_model |             122 |
|                  Metric/self_state_distance |            6.41 |
|                 Metric/cross_state_distance |            6.85 |
|           Metric/self_state_action_distance |            6.37 |
|          Metric/cross_state_action_distance |            6.83 |
|             Metric/avg_self_state_asymmetry |               0 |
|            Metric/avg_cross_state_asymmetry |          0.0207 |
|                Metric/avg_self_sa_asymmetry |               0 |
|               Metric/avg_cross_sa_asymmetry |           0.596 |
|  Metric/self_state_action_to_state_distance |            6.42 |
| Metric/cross_state_action_to_state_distance |            6.85 |
|                   Metric/h_lambda_diff_self |          0.0554 |
|                  Metric/h_lambda_diff_cross |          0.0334 |
|                                 Eval/Return |            87.6 |
-----------------------------------------------------------------
-----------------------------------------------------------------
|                                 Train/Steps |        6.62e+05 |
|                            Loss/Loss_critic |          0.0803 |
|                             Loss/Loss_actor |              -5 |
|                             Loss/Loss_alpha |       -8.46e-05 |
|               Loss/Loss_state_action_metric |           0.119 |
|                      Loss/Loss_state_metric |          0.0016 |
|             Loss/Loss_state_action_to_state |         0.00181 |
|                           Loss/Act_rep_loss |        2.79e-06 |
|                                   SAC/Alpha |         0.00057 |
|                              SAC/LogPi_mean |            21.1 |
|                                 SAC/Q1_mean |            4.96 |
|                                 SAC/Q2_mean |            4.97 |
|                            Norm/actor_model |             118 |
|                           Norm/critic_model |             195 |
|              Norm/state_action_metric_model |             139 |
|                     Norm/state_metric_model |             124 |
|        Norm/state_action_state_metric_model |             126 |
|                  Metric/self_state_distance |            6.53 |
|                 Metric/cross_state_distance |            6.94 |
|           Metric/self_state_action_distance |             6.5 |
|          Metric/cross_state_action_distance |            6.93 |
|             Metric/avg_self_state_asymmetry |               0 |
|            Metric/avg_cross_state_asymmetry |           0.019 |
|                Metric/avg_self_sa_asymmetry |               0 |
|               Metric/avg_cross_sa_asymmetry |           0.508 |
|  Metric/self_state_action_to_state_distance |            6.54 |
| Metric/cross_state_action_to_state_distance |            6.94 |
|                   Metric/h_lambda_diff_self |          0.0419 |
|                  Metric/h_lambda_diff_cross |           0.027 |
|                                 Eval/Return |            93.2 |
-----------------------------------------------------------------
-----------------------------------------------------------------
|                                 Train/Steps |        6.63e+05 |
|                            Loss/Loss_critic |          0.0626 |
|                             Loss/Loss_actor |           -5.29 |
|                             Loss/Loss_alpha |       -7.65e-05 |
|               Loss/Loss_state_action_metric |           0.012 |
|                      Loss/Loss_state_metric |         0.00114 |
|             Loss/Loss_state_action_to_state |         0.00144 |
|                           Loss/Act_rep_loss |        2.36e-06 |
|                                   SAC/Alpha |        0.000592 |
|                              SAC/LogPi_mean |            21.1 |
|                                 SAC/Q1_mean |            5.27 |
|                                 SAC/Q2_mean |            5.26 |
|                            Norm/actor_model |             120 |
|                           Norm/critic_model |             198 |
|              Norm/state_action_metric_model |             142 |
|                     Norm/state_metric_model |             128 |
|        Norm/state_action_state_metric_model |             129 |
|                  Metric/self_state_distance |            6.74 |
|                 Metric/cross_state_distance |            7.09 |
|           Metric/self_state_action_distance |            6.72 |
|          Metric/cross_state_action_distance |            7.09 |
|             Metric/avg_self_state_asymmetry |               0 |
|            Metric/avg_cross_state_asymmetry |          0.0122 |
|                Metric/avg_self_sa_asymmetry |               0 |
|               Metric/avg_cross_sa_asymmetry |           0.388 |
|  Metric/self_state_action_to_state_distance |            6.74 |
| Metric/cross_state_action_to_state_distance |            7.09 |
|                   Metric/h_lambda_diff_self |           0.028 |
|                  Metric/h_lambda_diff_cross |          0.0189 |
|                                 Eval/Return |             104 |
-----------------------------------------------------------------
-----------------------------------------------------------------
|                                 Train/Steps |        6.64e+05 |
|                            Loss/Loss_critic |          0.0504 |
|                             Loss/Loss_actor |           -5.45 |
|                             Loss/Loss_alpha |       -0.000209 |
|               Loss/Loss_state_action_metric |          0.0124 |
|                      Loss/Loss_state_metric |        0.000637 |
|             Loss/Loss_state_action_to_state |         0.00105 |
|                           Loss/Act_rep_loss |        1.14e-06 |
|                                   SAC/Alpha |        0.000628 |
|                              SAC/LogPi_mean |            21.3 |
|                                 SAC/Q1_mean |            5.41 |
|                                 SAC/Q2_mean |            5.42 |
|                            Norm/actor_model |             123 |
|                           Norm/critic_model |             202 |
|              Norm/state_action_metric_model |             145 |
|                     Norm/state_metric_model |             131 |
|        Norm/state_action_state_metric_model |             133 |
|                  Metric/self_state_distance |             6.8 |
|                 Metric/cross_state_distance |            7.11 |
|           Metric/self_state_action_distance |            6.79 |
|          Metric/cross_state_action_distance |             7.1 |
|             Metric/avg_self_state_asymmetry |               0 |
|            Metric/avg_cross_state_asymmetry |          0.0125 |
|                Metric/avg_self_sa_asymmetry |               0 |
|               Metric/avg_cross_sa_asymmetry |           0.324 |
|  Metric/self_state_action_to_state_distance |            6.81 |
| Metric/cross_state_action_to_state_distance |            7.11 |
|                   Metric/h_lambda_diff_self |          0.0271 |
|                  Metric/h_lambda_diff_cross |          0.0181 |
|                                 Eval/Return |             104 |
-----------------------------------------------------------------
-----------------------------------------------------------------
|                                 Train/Steps |        6.65e+05 |
|                            Loss/Loss_critic |          0.0488 |
|                             Loss/Loss_actor |           -5.74 |
|                             Loss/Loss_alpha |        0.000364 |
|               Loss/Loss_state_action_metric |          0.0111 |
|                      Loss/Loss_state_metric |         0.00057 |
|             Loss/Loss_state_action_to_state |         0.00058 |
|                           Loss/Act_rep_loss |         8.7e-07 |
|                                   SAC/Alpha |        0.000669 |
|                              SAC/LogPi_mean |            20.5 |
|                                 SAC/Q1_mean |             5.7 |
|                                 SAC/Q2_mean |             5.7 |
|                            Norm/actor_model |             125 |
|                           Norm/critic_model |             206 |
|              Norm/state_action_metric_model |             148 |
|                     Norm/state_metric_model |             134 |
|        Norm/state_action_state_metric_model |             136 |
|                  Metric/self_state_distance |            6.94 |
|                 Metric/cross_state_distance |            7.22 |
|           Metric/self_state_action_distance |            6.93 |
|          Metric/cross_state_action_distance |            7.22 |
|             Metric/avg_self_state_asymmetry |               0 |
|            Metric/avg_cross_state_asymmetry |         0.00714 |
|                Metric/avg_self_sa_asymmetry |               0 |
|               Metric/avg_cross_sa_asymmetry |           0.301 |
|  Metric/self_state_action_to_state_distance |            6.94 |
| Metric/cross_state_action_to_state_distance |            7.22 |
|                   Metric/h_lambda_diff_self |          0.0171 |
|                  Metric/h_lambda_diff_cross |          0.0127 |
|                                 Eval/Return |             104 |
-----------------------------------------------------------------
-----------------------------------------------------------------
|                                 Train/Steps |        6.66e+05 |
|                            Loss/Loss_critic |           0.118 |
|                             Loss/Loss_actor |           -5.97 |
|                             Loss/Loss_alpha |       -0.000616 |
|               Loss/Loss_state_action_metric |           0.118 |
|                      Loss/Loss_state_metric |        0.000378 |
|             Loss/Loss_state_action_to_state |         0.00047 |
|                           Loss/Act_rep_loss |        7.02e-07 |
|                                   SAC/Alpha |        0.000662 |
|                              SAC/LogPi_mean |            21.9 |
|                                 SAC/Q1_mean |            5.93 |
|                                 SAC/Q2_mean |            5.92 |
|                            Norm/actor_model |             128 |
|                           Norm/critic_model |             209 |
|              Norm/state_action_metric_model |             151 |
|                     Norm/state_metric_model |             138 |
|        Norm/state_action_state_metric_model |             139 |
|                  Metric/self_state_distance |            6.99 |
|                 Metric/cross_state_distance |            7.23 |
|           Metric/self_state_action_distance |            6.97 |
|          Metric/cross_state_action_distance |            7.22 |
|             Metric/avg_self_state_asymmetry |               0 |
|            Metric/avg_cross_state_asymmetry |         0.00589 |
|                Metric/avg_self_sa_asymmetry |               0 |
|               Metric/avg_cross_sa_asymmetry |            0.22 |
|  Metric/self_state_action_to_state_distance |            6.99 |
| Metric/cross_state_action_to_state_distance |            7.23 |
|                   Metric/h_lambda_diff_self |          0.0212 |
|                  Metric/h_lambda_diff_cross |          0.0105 |
|                                 Eval/Return |             113 |
-----------------------------------------------------------------
-----------------------------------------------------------------
|                                 Train/Steps |        6.67e+05 |
|                            Loss/Loss_critic |          0.0711 |
|                             Loss/Loss_actor |           -6.27 |
|                             Loss/Loss_alpha |       -0.000112 |
|               Loss/Loss_state_action_metric |          0.0111 |
|                      Loss/Loss_state_metric |        0.000325 |
|             Loss/Loss_state_action_to_state |        0.000477 |
|                           Loss/Act_rep_loss |        5.58e-07 |
|                                   SAC/Alpha |        0.000703 |
|                              SAC/LogPi_mean |            21.2 |
|                                 SAC/Q1_mean |            6.23 |
|                                 SAC/Q2_mean |            6.23 |
|                            Norm/actor_model |             130 |
|                           Norm/critic_model |             213 |
|              Norm/state_action_metric_model |             153 |
|                     Norm/state_metric_model |             140 |
|        Norm/state_action_state_metric_model |             142 |
|                  Metric/self_state_distance |            7.05 |
|                 Metric/cross_state_distance |            7.28 |
|           Metric/self_state_action_distance |            7.04 |
|          Metric/cross_state_action_distance |            7.27 |
|             Metric/avg_self_state_asymmetry |               0 |
|            Metric/avg_cross_state_asymmetry |         0.00471 |
|                Metric/avg_self_sa_asymmetry |               0 |
|               Metric/avg_cross_sa_asymmetry |           0.226 |
|  Metric/self_state_action_to_state_distance |            7.05 |
| Metric/cross_state_action_to_state_distance |            7.28 |
|                   Metric/h_lambda_diff_self |          0.0206 |
|                  Metric/h_lambda_diff_cross |          0.0116 |
|                                 Eval/Return |             121 |
-----------------------------------------------------------------
-----------------------------------------------------------------
|                                 Train/Steps |        6.68e+05 |
|                            Loss/Loss_critic |          0.0678 |
|                             Loss/Loss_actor |            -6.6 |
|                             Loss/Loss_alpha |       -0.000599 |
|               Loss/Loss_state_action_metric |           0.011 |
|                      Loss/Loss_state_metric |        0.000217 |
|             Loss/Loss_state_action_to_state |        0.000249 |
|                           Loss/Act_rep_loss |        4.84e-07 |
|                                   SAC/Alpha |         0.00076 |
|                              SAC/LogPi_mean |            21.8 |
|                                 SAC/Q1_mean |            6.56 |
|                                 SAC/Q2_mean |            6.56 |
|                            Norm/actor_model |             132 |
|                           Norm/critic_model |             217 |
|              Norm/state_action_metric_model |             156 |
|                     Norm/state_metric_model |             143 |
|        Norm/state_action_state_metric_model |             145 |
|                  Metric/self_state_distance |            7.14 |
|                 Metric/cross_state_distance |            7.31 |
|           Metric/self_state_action_distance |            7.13 |
|          Metric/cross_state_action_distance |             7.3 |
|             Metric/avg_self_state_asymmetry |               0 |
|            Metric/avg_cross_state_asymmetry |         0.00372 |
|                Metric/avg_self_sa_asymmetry |               0 |
|               Metric/avg_cross_sa_asymmetry |           0.164 |
|  Metric/self_state_action_to_state_distance |            7.15 |
| Metric/cross_state_action_to_state_distance |            7.31 |
|                   Metric/h_lambda_diff_self |          0.0203 |
|                  Metric/h_lambda_diff_cross |         0.00728 |
|                                 Eval/Return |             124 |
-----------------------------------------------------------------
-----------------------------------------------------------------
|                                 Train/Steps |        6.69e+05 |
|                            Loss/Loss_critic |          0.0949 |
|                             Loss/Loss_actor |            -6.9 |
|                             Loss/Loss_alpha |       -0.000345 |
|               Loss/Loss_state_action_metric |          0.0114 |
|                      Loss/Loss_state_metric |        0.000106 |
|             Loss/Loss_state_action_to_state |        0.000154 |
|                           Loss/Act_rep_loss |        4.65e-07 |
|                                   SAC/Alpha |        0.000829 |
|                              SAC/LogPi_mean |            21.4 |
|                                 SAC/Q1_mean |            6.86 |
|                                 SAC/Q2_mean |            6.86 |
|                            Norm/actor_model |             134 |
|                           Norm/critic_model |             220 |
|              Norm/state_action_metric_model |             158 |
|                     Norm/state_metric_model |             146 |
|        Norm/state_action_state_metric_model |             148 |
|                  Metric/self_state_distance |            7.23 |
|                 Metric/cross_state_distance |            7.35 |
|           Metric/self_state_action_distance |            7.22 |
|          Metric/cross_state_action_distance |            7.35 |
|             Metric/avg_self_state_asymmetry |               0 |
|            Metric/avg_cross_state_asymmetry |         0.00289 |
|                Metric/avg_self_sa_asymmetry |               0 |
|               Metric/avg_cross_sa_asymmetry |           0.114 |
|  Metric/self_state_action_to_state_distance |            7.23 |
| Metric/cross_state_action_to_state_distance |            7.35 |
|                   Metric/h_lambda_diff_self |          0.0106 |
|                  Metric/h_lambda_diff_cross |         0.00378 |
|                                 Eval/Return |             126 |
-----------------------------------------------------------------
-----------------------------------------------------------------
|                                 Train/Steps |         6.7e+05 |
|                            Loss/Loss_critic |           0.228 |
|                             Loss/Loss_actor |           -7.25 |
|                             Loss/Loss_alpha |        -0.00137 |
|               Loss/Loss_state_action_metric |           0.115 |
|                      Loss/Loss_state_metric |        6.57e-05 |
|             Loss/Loss_state_action_to_state |        0.000154 |
|                           Loss/Act_rep_loss |        4.31e-07 |
|                                   SAC/Alpha |        0.000865 |
|                              SAC/LogPi_mean |            22.6 |
|                                 SAC/Q1_mean |            7.22 |
|                                 SAC/Q2_mean |            7.22 |
|                            Norm/actor_model |             136 |
|                           Norm/critic_model |             224 |
|              Norm/state_action_metric_model |             161 |
|                     Norm/state_metric_model |             149 |
|        Norm/state_action_state_metric_model |             151 |
|                  Metric/self_state_distance |            7.27 |
|                 Metric/cross_state_distance |            7.36 |
|           Metric/self_state_action_distance |            7.27 |
|          Metric/cross_state_action_distance |            7.36 |
|             Metric/avg_self_state_asymmetry |               0 |
|            Metric/avg_cross_state_asymmetry |         0.00139 |
|                Metric/avg_self_sa_asymmetry |               0 |
|               Metric/avg_cross_sa_asymmetry |          0.0801 |
|  Metric/self_state_action_to_state_distance |            7.27 |
| Metric/cross_state_action_to_state_distance |            7.36 |
|                   Metric/h_lambda_diff_self |           0.009 |
|                  Metric/h_lambda_diff_cross |         0.00316 |
|                                 Eval/Return |             137 |
-----------------------------------------------------------------
-----------------------------------------------------------------
|                                 Train/Steps |        6.71e+05 |
|                            Loss/Loss_critic |           0.637 |
|                             Loss/Loss_actor |           -7.63 |
|                             Loss/Loss_alpha |         0.00095 |
|               Loss/Loss_state_action_metric |           0.116 |
|                      Loss/Loss_state_metric |        8.89e-05 |
|             Loss/Loss_state_action_to_state |        0.000111 |
|                           Loss/Act_rep_loss |        4.18e-07 |
|                                   SAC/Alpha |        0.000933 |
|                              SAC/LogPi_mean |              20 |
|                                 SAC/Q1_mean |             7.6 |
|                                 SAC/Q2_mean |             7.6 |
|                            Norm/actor_model |             138 |
|                           Norm/critic_model |             227 |
|              Norm/state_action_metric_model |             164 |
|                     Norm/state_metric_model |             151 |
|        Norm/state_action_state_metric_model |             153 |
|                  Metric/self_state_distance |             7.3 |
|                 Metric/cross_state_distance |            7.37 |
|           Metric/self_state_action_distance |             7.3 |
|          Metric/cross_state_action_distance |            7.37 |
|             Metric/avg_self_state_asymmetry |               0 |
|            Metric/avg_cross_state_asymmetry |         0.00157 |
|                Metric/avg_self_sa_asymmetry |               0 |
|               Metric/avg_cross_sa_asymmetry |          0.0636 |
|  Metric/self_state_action_to_state_distance |             7.3 |
| Metric/cross_state_action_to_state_distance |            7.37 |
|                   Metric/h_lambda_diff_self |         0.00642 |
|                  Metric/h_lambda_diff_cross |         0.00259 |
|                                 Eval/Return |             142 |
-----------------------------------------------------------------
-----------------------------------------------------------------
|                                 Train/Steps |        6.72e+05 |
|                            Loss/Loss_critic |           0.122 |
|                             Loss/Loss_actor |           -8.05 |
|                             Loss/Loss_alpha |       -0.000248 |
|               Loss/Loss_state_action_metric |           0.116 |
|                      Loss/Loss_state_metric |        5.25e-05 |
|             Loss/Loss_state_action_to_state |        4.83e-05 |
|                           Loss/Act_rep_loss |        4.02e-07 |
|                                   SAC/Alpha |        0.000971 |
|                              SAC/LogPi_mean |            21.3 |
|                                 SAC/Q1_mean |            7.99 |
|                                 SAC/Q2_mean |            7.99 |
|                            Norm/actor_model |             140 |
|                           Norm/critic_model |             230 |
|              Norm/state_action_metric_model |             166 |
|                     Norm/state_metric_model |             153 |
|        Norm/state_action_state_metric_model |             155 |
|                  Metric/self_state_distance |            7.33 |
|                 Metric/cross_state_distance |            7.38 |
|           Metric/self_state_action_distance |            7.32 |
|          Metric/cross_state_action_distance |            7.38 |
|             Metric/avg_self_state_asymmetry |               0 |
|            Metric/avg_cross_state_asymmetry |        0.000859 |
|                Metric/avg_self_sa_asymmetry |               0 |
|               Metric/avg_cross_sa_asymmetry |          0.0414 |
|  Metric/self_state_action_to_state_distance |            7.33 |
| Metric/cross_state_action_to_state_distance |            7.38 |
|                   Metric/h_lambda_diff_self |         0.00574 |
|                  Metric/h_lambda_diff_cross |         0.00122 |
|                                 Eval/Return |             152 |
-----------------------------------------------------------------
-----------------------------------------------------------------
|                                 Train/Steps |        6.73e+05 |
|                            Loss/Loss_critic |            0.12 |
|                             Loss/Loss_actor |           -8.54 |
|                             Loss/Loss_alpha |        -0.00106 |
|               Loss/Loss_state_action_metric |          0.0154 |
|                      Loss/Loss_state_metric |        3.94e-05 |
|             Loss/Loss_state_action_to_state |        1.54e-05 |
|                           Loss/Act_rep_loss |        3.86e-07 |
|                                   SAC/Alpha |         0.00105 |
|                              SAC/LogPi_mean |              22 |
|                                 SAC/Q1_mean |            8.49 |
|                                 SAC/Q2_mean |            8.51 |
|                            Norm/actor_model |             142 |
|                           Norm/critic_model |             233 |
|              Norm/state_action_metric_model |             169 |
|                     Norm/state_metric_model |             155 |
|        Norm/state_action_state_metric_model |             157 |
|                  Metric/self_state_distance |            7.35 |
|                 Metric/cross_state_distance |            7.38 |
|           Metric/self_state_action_distance |            7.36 |
|          Metric/cross_state_action_distance |            7.39 |
|             Metric/avg_self_state_asymmetry |               0 |
|            Metric/avg_cross_state_asymmetry |        0.000855 |
|                Metric/avg_self_sa_asymmetry |               0 |
|               Metric/avg_cross_sa_asymmetry |          0.0176 |
|  Metric/self_state_action_to_state_distance |            7.36 |
| Metric/cross_state_action_to_state_distance |            7.38 |
|                   Metric/h_lambda_diff_self |         0.00514 |
|                  Metric/h_lambda_diff_cross |         0.00129 |
|                                 Eval/Return |             169 |
-----------------------------------------------------------------
-----------------------------------------------------------------
|                                 Train/Steps |        6.74e+05 |
|                            Loss/Loss_critic |           0.118 |
|                             Loss/Loss_actor |           -8.88 |
|                             Loss/Loss_alpha |       -0.000181 |
|               Loss/Loss_state_action_metric |          0.0144 |
|                      Loss/Loss_state_metric |         2.8e-05 |
|             Loss/Loss_state_action_to_state |         1.9e-05 |
|                           Loss/Act_rep_loss |        3.87e-07 |
|                                   SAC/Alpha |         0.00109 |
|                              SAC/LogPi_mean |            21.2 |
|                                 SAC/Q1_mean |            8.83 |
|                                 SAC/Q2_mean |            8.83 |
|                            Norm/actor_model |             144 |
|                           Norm/critic_model |             236 |
|              Norm/state_action_metric_model |             171 |
|                     Norm/state_metric_model |             156 |
|        Norm/state_action_state_metric_model |             159 |
|                  Metric/self_state_distance |            7.37 |
|                 Metric/cross_state_distance |            7.39 |
|           Metric/self_state_action_distance |            7.38 |
|          Metric/cross_state_action_distance |            7.39 |
|             Metric/avg_self_state_asymmetry |               0 |
|            Metric/avg_cross_state_asymmetry |         0.00012 |
|                Metric/avg_self_sa_asymmetry |               0 |
|               Metric/avg_cross_sa_asymmetry |          0.0062 |
|  Metric/self_state_action_to_state_distance |            7.38 |
| Metric/cross_state_action_to_state_distance |            7.39 |
|                   Metric/h_lambda_diff_self |         0.00189 |
|                  Metric/h_lambda_diff_cross |        0.000344 |
|                                 Eval/Return |             184 |
-----------------------------------------------------------------
-----------------------------------------------------------------
|                                 Train/Steps |        6.75e+05 |
|                            Loss/Loss_critic |           0.111 |
|                             Loss/Loss_actor |           -9.47 |
|                             Loss/Loss_alpha |         0.00126 |
|               Loss/Loss_state_action_metric |          0.0168 |
|                      Loss/Loss_state_metric |        7.59e-06 |
|             Loss/Loss_state_action_to_state |        1.15e-05 |
|                           Loss/Act_rep_loss |         3.9e-07 |
|                                   SAC/Alpha |         0.00114 |
|                              SAC/LogPi_mean |            19.9 |
|                                 SAC/Q1_mean |            9.42 |
|                                 SAC/Q2_mean |            9.41 |
|                            Norm/actor_model |             146 |
|                           Norm/critic_model |             239 |
|              Norm/state_action_metric_model |             174 |
|                     Norm/state_metric_model |             158 |
|        Norm/state_action_state_metric_model |             161 |
|                  Metric/self_state_distance |            7.37 |
|                 Metric/cross_state_distance |            7.39 |
|           Metric/self_state_action_distance |            7.37 |
|          Metric/cross_state_action_distance |            7.39 |
|             Metric/avg_self_state_asymmetry |               0 |
|            Metric/avg_cross_state_asymmetry |        0.000227 |
|                Metric/avg_self_sa_asymmetry |               0 |
|               Metric/avg_cross_sa_asymmetry |         0.00945 |
|  Metric/self_state_action_to_state_distance |            7.37 |
| Metric/cross_state_action_to_state_distance |            7.39 |
|                   Metric/h_lambda_diff_self |         0.00221 |
|                  Metric/h_lambda_diff_cross |        0.000233 |
|                                 Eval/Return |             169 |
-----------------------------------------------------------------
-----------------------------------------------------------------
|                                 Train/Steps |        6.76e+05 |
|                            Loss/Loss_critic |           0.781 |
|                             Loss/Loss_actor |            -9.9 |
|                             Loss/Loss_alpha |         0.00116 |
|               Loss/Loss_state_action_metric |           0.117 |
|                      Loss/Loss_state_metric |               0 |
|             Loss/Loss_state_action_to_state |               0 |
|                           Loss/Act_rep_loss |        3.74e-07 |
|                                   SAC/Alpha |         0.00114 |
|                              SAC/LogPi_mean |              20 |
|                                 SAC/Q1_mean |            9.87 |
|                                 SAC/Q2_mean |            9.88 |
|                            Norm/actor_model |             147 |
|                           Norm/critic_model |             242 |
|              Norm/state_action_metric_model |             175 |
|                     Norm/state_metric_model |             159 |
|        Norm/state_action_state_metric_model |             162 |
|                  Metric/self_state_distance |            7.39 |
|                 Metric/cross_state_distance |            7.39 |
|           Metric/self_state_action_distance |            7.39 |
|          Metric/cross_state_action_distance |            7.39 |
|             Metric/avg_self_state_asymmetry |               0 |
|            Metric/avg_cross_state_asymmetry |               0 |
|                Metric/avg_self_sa_asymmetry |               0 |
|               Metric/avg_cross_sa_asymmetry |               0 |
|  Metric/self_state_action_to_state_distance |            7.39 |
| Metric/cross_state_action_to_state_distance |            7.39 |
|                   Metric/h_lambda_diff_self |               0 |
|                  Metric/h_lambda_diff_cross |               0 |
|                                 Eval/Return |             185 |
-----------------------------------------------------------------
-----------------------------------------------------------------
|                                 Train/Steps |        6.77e+05 |
|                            Loss/Loss_critic |            1.13 |
|                             Loss/Loss_actor |           -10.5 |
|                             Loss/Loss_alpha |         0.00126 |
|               Loss/Loss_state_action_metric |           0.224 |
|                      Loss/Loss_state_metric |               0 |
|             Loss/Loss_state_action_to_state |               0 |
|                           Loss/Act_rep_loss |        3.78e-07 |
|                                   SAC/Alpha |         0.00116 |
|                              SAC/LogPi_mean |            19.9 |
|                                 SAC/Q1_mean |            10.5 |
|                                 SAC/Q2_mean |            10.5 |
|                            Norm/actor_model |             149 |
|                           Norm/critic_model |             245 |
|              Norm/state_action_metric_model |             175 |
|                     Norm/state_metric_model |             159 |
|        Norm/state_action_state_metric_model |             162 |
|                  Metric/self_state_distance |            7.39 |
|                 Metric/cross_state_distance |            7.39 |
|           Metric/self_state_action_distance |            7.39 |
|          Metric/cross_state_action_distance |            7.39 |
|             Metric/avg_self_state_asymmetry |               0 |
|            Metric/avg_cross_state_asymmetry |               0 |
|                Metric/avg_self_sa_asymmetry |               0 |
|               Metric/avg_cross_sa_asymmetry |               0 |
|  Metric/self_state_action_to_state_distance |            7.39 |
| Metric/cross_state_action_to_state_distance |            7.39 |
|                   Metric/h_lambda_diff_self |               0 |
|                  Metric/h_lambda_diff_cross |               0 |
|                                 Eval/Return |             190 |
-----------------------------------------------------------------
-----------------------------------------------------------------
|                                 Train/Steps |        6.78e+05 |
|                            Loss/Loss_critic |           0.122 |
|                             Loss/Loss_actor |           -10.9 |
|                             Loss/Loss_alpha |        0.000912 |
|               Loss/Loss_state_action_metric |          0.0161 |
|                      Loss/Loss_state_metric |               0 |
|             Loss/Loss_state_action_to_state |               0 |
|                           Loss/Act_rep_loss |        3.68e-07 |
|                                   SAC/Alpha |         0.00114 |
|                              SAC/LogPi_mean |            20.2 |
|                                 SAC/Q1_mean |            10.9 |
|                                 SAC/Q2_mean |            10.9 |
|                            Norm/actor_model |             151 |
|                           Norm/critic_model |             248 |
|              Norm/state_action_metric_model |             175 |
|                     Norm/state_metric_model |             159 |
|        Norm/state_action_state_metric_model |             162 |
|                  Metric/self_state_distance |            7.39 |
|                 Metric/cross_state_distance |            7.39 |
|           Metric/self_state_action_distance |            7.39 |
|          Metric/cross_state_action_distance |            7.39 |
|             Metric/avg_self_state_asymmetry |               0 |
|            Metric/avg_cross_state_asymmetry |               0 |
|                Metric/avg_self_sa_asymmetry |               0 |
|               Metric/avg_cross_sa_asymmetry |               0 |
|  Metric/self_state_action_to_state_distance |            7.39 |
| Metric/cross_state_action_to_state_distance |            7.39 |
|                   Metric/h_lambda_diff_self |               0 |
|                  Metric/h_lambda_diff_cross |               0 |
|                                 Eval/Return |             196 |
-----------------------------------------------------------------
-----------------------------------------------------------------
|                                 Train/Steps |        6.79e+05 |
|                            Loss/Loss_critic |            0.13 |
|                             Loss/Loss_actor |           -11.5 |
|                             Loss/Loss_alpha |        0.000579 |
|               Loss/Loss_state_action_metric |          0.0152 |
|                      Loss/Loss_state_metric |               0 |
|             Loss/Loss_state_action_to_state |               0 |
|                           Loss/Act_rep_loss |        3.71e-07 |
|                                   SAC/Alpha |         0.00113 |
|                              SAC/LogPi_mean |            20.5 |
|                                 SAC/Q1_mean |            11.4 |
|                                 SAC/Q2_mean |            11.5 |
|                            Norm/actor_model |             153 |
|                           Norm/critic_model |             251 |
|              Norm/state_action_metric_model |             175 |
|                     Norm/state_metric_model |             159 |
|        Norm/state_action_state_metric_model |             162 |
|                  Metric/self_state_distance |            7.39 |
|                 Metric/cross_state_distance |            7.39 |
|           Metric/self_state_action_distance |            7.39 |
|          Metric/cross_state_action_distance |            7.39 |
|             Metric/avg_self_state_asymmetry |               0 |
|            Metric/avg_cross_state_asymmetry |               0 |
|                Metric/avg_self_sa_asymmetry |               0 |
|               Metric/avg_cross_sa_asymmetry |               0 |
|  Metric/self_state_action_to_state_distance |            7.39 |
| Metric/cross_state_action_to_state_distance |            7.39 |
|                   Metric/h_lambda_diff_self |               0 |
|                  Metric/h_lambda_diff_cross |               0 |
|                                 Eval/Return |             191 |
-----------------------------------------------------------------
-----------------------------------------------------------------
|                                 Train/Steps |         6.8e+05 |
|                            Loss/Loss_critic |           0.188 |
|                             Loss/Loss_actor |           -11.8 |
|                             Loss/Loss_alpha |        8.11e-05 |
|               Loss/Loss_state_action_metric |          0.0149 |
|                      Loss/Loss_state_metric |               0 |
|             Loss/Loss_state_action_to_state |               0 |
|                           Loss/Act_rep_loss |        3.68e-07 |
|                                   SAC/Alpha |          0.0011 |
|                              SAC/LogPi_mean |            20.9 |
|                                 SAC/Q1_mean |            11.8 |
|                                 SAC/Q2_mean |            11.8 |
|                            Norm/actor_model |             154 |
|                           Norm/critic_model |             254 |
|              Norm/state_action_metric_model |             175 |
|                     Norm/state_metric_model |             159 |
|        Norm/state_action_state_metric_model |             162 |
|                  Metric/self_state_distance |            7.39 |
|                 Metric/cross_state_distance |            7.39 |
|           Metric/self_state_action_distance |            7.39 |
|          Metric/cross_state_action_distance |            7.39 |
|             Metric/avg_self_state_asymmetry |               0 |
|            Metric/avg_cross_state_asymmetry |               0 |
|                Metric/avg_self_sa_asymmetry |               0 |
|               Metric/avg_cross_sa_asymmetry |               0 |
|  Metric/self_state_action_to_state_distance |            7.39 |
| Metric/cross_state_action_to_state_distance |            7.39 |
|                   Metric/h_lambda_diff_self |               0 |
|                  Metric/h_lambda_diff_cross |               0 |
|                                 Eval/Return |             191 |
-----------------------------------------------------------------
-----------------------------------------------------------------
|                                 Train/Steps |        6.81e+05 |
|                            Loss/Loss_critic |           0.352 |
|                             Loss/Loss_actor |             -12 |
|                             Loss/Loss_alpha |        0.000476 |
|               Loss/Loss_state_action_metric |            0.12 |
|                      Loss/Loss_state_metric |               0 |
|             Loss/Loss_state_action_to_state |               0 |
|                           Loss/Act_rep_loss |        3.77e-07 |
|                                   SAC/Alpha |         0.00115 |
|                              SAC/LogPi_mean |            20.6 |
|                                 SAC/Q1_mean |              12 |
|                                 SAC/Q2_mean |              12 |
|                            Norm/actor_model |             156 |
|                           Norm/critic_model |             257 |
|              Norm/state_action_metric_model |             175 |
|                     Norm/state_metric_model |             159 |
|        Norm/state_action_state_metric_model |             162 |
|                  Metric/self_state_distance |            7.39 |
|                 Metric/cross_state_distance |            7.39 |
|           Metric/self_state_action_distance |            7.39 |
|          Metric/cross_state_action_distance |            7.39 |
|             Metric/avg_self_state_asymmetry |               0 |
|            Metric/avg_cross_state_asymmetry |               0 |
|                Metric/avg_self_sa_asymmetry |               0 |
|               Metric/avg_cross_sa_asymmetry |               0 |
|  Metric/self_state_action_to_state_distance |            7.39 |
| Metric/cross_state_action_to_state_distance |            7.39 |
|                   Metric/h_lambda_diff_self |               0 |
|                  Metric/h_lambda_diff_cross |               0 |
|                                 Eval/Return |             189 |
-----------------------------------------------------------------
-----------------------------------------------------------------
|                                 Train/Steps |        6.82e+05 |
|                            Loss/Loss_critic |           0.136 |
|                             Loss/Loss_actor |           -12.7 |
|                             Loss/Loss_alpha |       -0.000499 |
|               Loss/Loss_state_action_metric |          0.0147 |
|                      Loss/Loss_state_metric |               0 |
|             Loss/Loss_state_action_to_state |               0 |
|                           Loss/Act_rep_loss |        3.63e-07 |
|                                   SAC/Alpha |         0.00106 |
|                              SAC/LogPi_mean |            21.5 |
|                                 SAC/Q1_mean |            12.7 |
|                                 SAC/Q2_mean |            12.7 |
|                            Norm/actor_model |             157 |
|                           Norm/critic_model |             259 |
|              Norm/state_action_metric_model |             175 |
|                     Norm/state_metric_model |             159 |
|        Norm/state_action_state_metric_model |             162 |
|                  Metric/self_state_distance |            7.39 |
|                 Metric/cross_state_distance |            7.39 |
|           Metric/self_state_action_distance |            7.39 |
|          Metric/cross_state_action_distance |            7.39 |
|             Metric/avg_self_state_asymmetry |               0 |
|            Metric/avg_cross_state_asymmetry |               0 |
|                Metric/avg_self_sa_asymmetry |               0 |
|               Metric/avg_cross_sa_asymmetry |               0 |
|  Metric/self_state_action_to_state_distance |            7.39 |
| Metric/cross_state_action_to_state_distance |            7.39 |
|                   Metric/h_lambda_diff_self |               0 |
|                  Metric/h_lambda_diff_cross |               0 |
|                                 Eval/Return |             193 |
-----------------------------------------------------------------
-----------------------------------------------------------------
|                                 Train/Steps |        6.83e+05 |
|                            Loss/Loss_critic |           0.127 |
|                             Loss/Loss_actor |           -13.1 |
|                             Loss/Loss_alpha |        0.000987 |
|               Loss/Loss_state_action_metric |          0.0136 |
|                      Loss/Loss_state_metric |               0 |
|             Loss/Loss_state_action_to_state |               0 |
|                           Loss/Act_rep_loss |        3.45e-07 |
|                                   SAC/Alpha |         0.00103 |
|                              SAC/LogPi_mean |              20 |
|                                 SAC/Q1_mean |            13.1 |
|                                 SAC/Q2_mean |            13.1 |
|                            Norm/actor_model |             159 |
|                           Norm/critic_model |             262 |
|              Norm/state_action_metric_model |             175 |
|                     Norm/state_metric_model |             159 |
|        Norm/state_action_state_metric_model |             162 |
|                  Metric/self_state_distance |            7.39 |
|                 Metric/cross_state_distance |            7.39 |
|           Metric/self_state_action_distance |            7.39 |
|          Metric/cross_state_action_distance |            7.39 |
|             Metric/avg_self_state_asymmetry |               0 |
|            Metric/avg_cross_state_asymmetry |               0 |
|                Metric/avg_self_sa_asymmetry |               0 |
|               Metric/avg_cross_sa_asymmetry |               0 |
|  Metric/self_state_action_to_state_distance |            7.39 |
| Metric/cross_state_action_to_state_distance |            7.39 |
|                   Metric/h_lambda_diff_self |               0 |
|                  Metric/h_lambda_diff_cross |               0 |
|                                 Eval/Return |             204 |
-----------------------------------------------------------------
-----------------------------------------------------------------
|                                 Train/Steps |        6.84e+05 |
|                            Loss/Loss_critic |           0.358 |
|                             Loss/Loss_actor |           -13.5 |
|                             Loss/Loss_alpha |         0.00169 |
|               Loss/Loss_state_action_metric |           0.119 |
|                      Loss/Loss_state_metric |               0 |
|             Loss/Loss_state_action_to_state |               0 |
|                           Loss/Act_rep_loss |        3.49e-07 |
|                                   SAC/Alpha |        0.000999 |
|                              SAC/LogPi_mean |            19.3 |
|                                 SAC/Q1_mean |            13.5 |
|                                 SAC/Q2_mean |            13.5 |
|                            Norm/actor_model |             161 |
|                           Norm/critic_model |             265 |
|              Norm/state_action_metric_model |             175 |
|                     Norm/state_metric_model |             159 |
|        Norm/state_action_state_metric_model |             162 |
|                  Metric/self_state_distance |            7.39 |
|                 Metric/cross_state_distance |            7.39 |
|           Metric/self_state_action_distance |            7.39 |
|          Metric/cross_state_action_distance |            7.39 |
|             Metric/avg_self_state_asymmetry |               0 |
|            Metric/avg_cross_state_asymmetry |               0 |
|                Metric/avg_self_sa_asymmetry |               0 |
|               Metric/avg_cross_sa_asymmetry |               0 |
|  Metric/self_state_action_to_state_distance |            7.39 |
| Metric/cross_state_action_to_state_distance |            7.39 |
|                   Metric/h_lambda_diff_self |               0 |
|                  Metric/h_lambda_diff_cross |               0 |
|                                 Eval/Return |             189 |
-----------------------------------------------------------------
-----------------------------------------------------------------
|                                 Train/Steps |        6.85e+05 |
|                            Loss/Loss_critic |            0.49 |
|                             Loss/Loss_actor |           -13.8 |
|                             Loss/Loss_alpha |       -0.000453 |
|               Loss/Loss_state_action_metric |           0.119 |
|                      Loss/Loss_state_metric |               0 |
|             Loss/Loss_state_action_to_state |               0 |
|                           Loss/Act_rep_loss |        3.54e-07 |
|                                   SAC/Alpha |         0.00104 |
|                              SAC/LogPi_mean |            21.4 |
|                                 SAC/Q1_mean |            13.8 |
|                                 SAC/Q2_mean |            13.8 |
|                            Norm/actor_model |             162 |
|                           Norm/critic_model |             267 |
|              Norm/state_action_metric_model |             175 |
|                     Norm/state_metric_model |             159 |
|        Norm/state_action_state_metric_model |             162 |
|                  Metric/self_state_distance |            7.39 |
|                 Metric/cross_state_distance |            7.39 |
|           Metric/self_state_action_distance |            7.39 |
|          Metric/cross_state_action_distance |            7.39 |
|             Metric/avg_self_state_asymmetry |               0 |
|            Metric/avg_cross_state_asymmetry |               0 |
|                Metric/avg_self_sa_asymmetry |               0 |
|               Metric/avg_cross_sa_asymmetry |               0 |
|  Metric/self_state_action_to_state_distance |            7.39 |
| Metric/cross_state_action_to_state_distance |            7.39 |
|                   Metric/h_lambda_diff_self |               0 |
|                  Metric/h_lambda_diff_cross |               0 |
|                                 Eval/Return |             214 |
-----------------------------------------------------------------
-----------------------------------------------------------------
|                                 Train/Steps |        6.86e+05 |
|                            Loss/Loss_critic |           0.102 |
|                             Loss/Loss_actor |           -14.2 |
|                             Loss/Loss_alpha |        0.000428 |
|               Loss/Loss_state_action_metric |          0.0144 |
|                      Loss/Loss_state_metric |               0 |
|             Loss/Loss_state_action_to_state |               0 |
|                           Loss/Act_rep_loss |         3.5e-07 |
|                                   SAC/Alpha |         0.00101 |
|                              SAC/LogPi_mean |            20.6 |
|                                 SAC/Q1_mean |            14.2 |
|                                 SAC/Q2_mean |            14.2 |
|                            Norm/actor_model |             163 |
|                           Norm/critic_model |             270 |
|              Norm/state_action_metric_model |             175 |
|                     Norm/state_metric_model |             159 |
|        Norm/state_action_state_metric_model |             162 |
|                  Metric/self_state_distance |            7.39 |
|                 Metric/cross_state_distance |            7.39 |
|           Metric/self_state_action_distance |            7.39 |
|          Metric/cross_state_action_distance |            7.39 |
|             Metric/avg_self_state_asymmetry |               0 |
|            Metric/avg_cross_state_asymmetry |               0 |
|                Metric/avg_self_sa_asymmetry |               0 |
|               Metric/avg_cross_sa_asymmetry |               0 |
|  Metric/self_state_action_to_state_distance |            7.39 |
| Metric/cross_state_action_to_state_distance |            7.39 |
|                   Metric/h_lambda_diff_self |               0 |
|                  Metric/h_lambda_diff_cross |               0 |
|                                 Eval/Return |             207 |
-----------------------------------------------------------------
-----------------------------------------------------------------
|                                 Train/Steps |        6.87e+05 |
|                            Loss/Loss_critic |            1.88 |
|                             Loss/Loss_actor |           -14.7 |
|                             Loss/Loss_alpha |        -0.00125 |
|               Loss/Loss_state_action_metric |           0.222 |
|                      Loss/Loss_state_metric |               0 |
|             Loss/Loss_state_action_to_state |               0 |
|                           Loss/Act_rep_loss |        3.45e-07 |
|                                   SAC/Alpha |        0.000998 |
|                              SAC/LogPi_mean |            22.3 |
|                                 SAC/Q1_mean |            14.7 |
|                                 SAC/Q2_mean |            14.6 |
|                            Norm/actor_model |             165 |
|                           Norm/critic_model |             273 |
|              Norm/state_action_metric_model |             175 |
|                     Norm/state_metric_model |             159 |
|        Norm/state_action_state_metric_model |             162 |
|                  Metric/self_state_distance |            7.39 |
|                 Metric/cross_state_distance |            7.39 |
|           Metric/self_state_action_distance |            7.39 |
|          Metric/cross_state_action_distance |            7.39 |
|             Metric/avg_self_state_asymmetry |               0 |
|            Metric/avg_cross_state_asymmetry |               0 |
|                Metric/avg_self_sa_asymmetry |               0 |
|               Metric/avg_cross_sa_asymmetry |               0 |
|  Metric/self_state_action_to_state_distance |            7.39 |
| Metric/cross_state_action_to_state_distance |            7.39 |
|                   Metric/h_lambda_diff_self |               0 |
|                  Metric/h_lambda_diff_cross |               0 |
|                                 Eval/Return |             210 |
-----------------------------------------------------------------
-----------------------------------------------------------------
|                                 Train/Steps |        6.88e+05 |
|                            Loss/Loss_critic |           0.146 |
|                             Loss/Loss_actor |           -15.1 |
|                             Loss/Loss_alpha |       -6.25e-05 |
|               Loss/Loss_state_action_metric |          0.0105 |
|                      Loss/Loss_state_metric |               0 |
|             Loss/Loss_state_action_to_state |               0 |
|                           Loss/Act_rep_loss |        3.36e-07 |
|                                   SAC/Alpha |        0.000984 |
|                              SAC/LogPi_mean |            21.1 |
|                                 SAC/Q1_mean |              15 |
|                                 SAC/Q2_mean |            15.1 |
|                            Norm/actor_model |             166 |
|                           Norm/critic_model |             275 |
|              Norm/state_action_metric_model |             175 |
|                     Norm/state_metric_model |             159 |
|        Norm/state_action_state_metric_model |             162 |
|                  Metric/self_state_distance |            7.39 |
|                 Metric/cross_state_distance |            7.39 |
|           Metric/self_state_action_distance |            7.39 |
|          Metric/cross_state_action_distance |            7.39 |
|             Metric/avg_self_state_asymmetry |               0 |
|            Metric/avg_cross_state_asymmetry |               0 |
|                Metric/avg_self_sa_asymmetry |               0 |
|               Metric/avg_cross_sa_asymmetry |               0 |
|  Metric/self_state_action_to_state_distance |            7.39 |
| Metric/cross_state_action_to_state_distance |            7.39 |
|                   Metric/h_lambda_diff_self |               0 |
|                  Metric/h_lambda_diff_cross |               0 |
|                                 Eval/Return |             209 |
-----------------------------------------------------------------
