Train/Steps,Loss/Loss_critic,Loss/Loss_actor,Loss/Loss_alpha,SAC/Alpha,SAC/LogPi_mean,SAC/Q1_mean,SAC/Q2_mean,Norm/actor_model,Norm/critic_model,Eval/Return
641000,0.14268851280212402,-18.87969207763672,0.49853670597076416,0.01473684050142765,-12.829279899597168,18.63113021850586,18.611255645751953,23.791683,45.807148,5.2445324e-07
642000,0.4570613503456116,-21.774194717407227,0.06462413817644119,0.002782117808237672,-2.2283973693847656,21.62200355529785,21.62989044189453,25.375727,51.888363,7.1692857e-06
643000,4.3328142166137695,-31.130321502685547,0.014351441524922848,0.002091665519401431,14.138749122619629,30.88381004333496,30.88068962097168,27.881197,57.016476,0.00020969035
644000,1.030088186264038,-28.863262176513672,0.0004250694182701409,0.002122909529134631,20.79977035522461,28.476287841796875,28.486021041870117,30.198275,61.552666,0.0018834695
645000,1.679908037185669,-28.368608474731445,0.00014187600754667073,0.0014226892963051796,20.90027618408203,28.079090118408203,28.065860748291016,31.900745,65.85388,2.6619962e-06
646000,0.5331774353981018,-24.76385498046875,-0.0016773358220234513,0.0015183395007625222,22.104717254638672,24.469684600830078,24.46836280822754,33.17206,69.29866,9.8908195e-06
