E0902 19:49:29.582250   63542 cuda_executor.cc:1526] Could not get kernel mode driver version: (INVALID_ARGUMENT: Version does not match the format X.Y.Z)
E0902 19:49:29.590899   63433 cuda_executor.cc:1526] Could not get kernel mode driver version: (INVALID_ARGUMENT: Version does not match the format X.Y.Z)
[32mStart prefilling replay buffer[0m
[32mStart SAC training[0m
[32m{'log_freq': 1000, 'save_freq': 1000000, 'eval_episode_freq': 10, 'hidden_size': 256, 'lr': 0.001, 'max_grad_norm': 0.0, 'gamma': 0.99, 'update_tau': 0.005, 'train_per_step': 8, 'episode_length': 1000, 'warmup_samples': 8192, 'max_replay_size': 4000000, 'batch_size': 512, 'total_env_steps': 5000000, 'init_temperature': 0.1, 'nstep': 3, 'bootstrap_on_truncation': True, 'rep_lr_scale': 1.5, 'vis_feq': 100000, 'n_vis_frames': 4, 'num_envs': 128, 'grad_steps': 50, 'transfer_freq': 10, 'transfer_steps': 8, 'reward_scaling': 1.0, 'num_eval_envs': 128, 'target_entropy': -0.5}[0m
[32m[nstep] nstep=3 bootstrap_on_truncation=True (discount from the buffer already contains gamma^nstep)[0m
-----------------------------------------------------------------
|                                 Train/Steps |        1.36e+05 |
|                            Loss/Loss_critic |        2.11e-06 |
|                             Loss/Loss_actor |           -0.17 |
|                             Loss/Loss_alpha |         0.00183 |
|               Loss/Loss_state_action_metric |         0.00343 |
|                      Loss/Loss_state_metric |          0.0028 |
|             Loss/Loss_state_action_to_state |        2.92e-05 |
|                           Loss/Act_rep_loss |           0.161 |
|                                   SAC/Alpha |         0.00157 |
|                              SAC/LogPi_mean |          -0.665 |
|                                 SAC/Q1_mean |            0.17 |
|                                 SAC/Q2_mean |           0.169 |
|                            Norm/actor_model |            19.7 |
|                           Norm/critic_model |              24 |
|              Norm/state_action_metric_model |            30.6 |
|                     Norm/state_metric_model |            30.7 |
|        Norm/state_action_state_metric_model |            30.7 |
|                  Metric/self_state_distance |         0.00423 |
|                 Metric/cross_state_distance |           0.913 |
|           Metric/self_state_action_distance |         0.00631 |
|          Metric/cross_state_action_distance |           0.894 |
|             Metric/avg_self_state_asymmetry |               0 |
|            Metric/avg_cross_state_asymmetry |         0.00247 |
|                Metric/avg_self_sa_asymmetry |               0 |
|               Metric/avg_cross_sa_asymmetry |         0.00318 |
|  Metric/self_state_action_to_state_distance |         0.00276 |
| Metric/cross_state_action_to_state_distance |           0.895 |
|                   Metric/h_lambda_diff_self |         0.00358 |
|                  Metric/h_lambda_diff_cross |         0.00377 |
|                                 Eval/Return |               0 |
-----------------------------------------------------------------
-----------------------------------------------------------------
|                                 Train/Steps |        2.64e+05 |
|                            Loss/Loss_critic |        8.74e-08 |
|                             Loss/Loss_actor |         -0.0538 |
|                             Loss/Loss_alpha |        6.29e-05 |
|               Loss/Loss_state_action_metric |          0.0025 |
|                      Loss/Loss_state_metric |          0.0019 |
|             Loss/Loss_state_action_to_state |        2.69e-05 |
|                           Loss/Act_rep_loss |           0.158 |
|                                   SAC/Alpha |        7.71e-05 |
|                              SAC/LogPi_mean |           -0.31 |
|                                 SAC/Q1_mean |          0.0538 |
|                                 SAC/Q2_mean |          0.0538 |
|                            Norm/actor_model |            28.3 |
|                           Norm/critic_model |            24.5 |
|              Norm/state_action_metric_model |            31.6 |
|                     Norm/state_metric_model |              32 |
|        Norm/state_action_state_metric_model |            32.4 |
|                  Metric/self_state_distance |         0.00266 |
|                 Metric/cross_state_distance |           0.921 |
|           Metric/self_state_action_distance |         0.00347 |
|          Metric/cross_state_action_distance |           0.901 |
|             Metric/avg_self_state_asymmetry |               0 |
|            Metric/avg_cross_state_asymmetry |         0.00327 |
|                Metric/avg_self_sa_asymmetry |               0 |
|               Metric/avg_cross_sa_asymmetry |         0.00125 |
|  Metric/self_state_action_to_state_distance |         0.00418 |
| Metric/cross_state_action_to_state_distance |           0.901 |
|                   Metric/h_lambda_diff_self |         0.00106 |
|                  Metric/h_lambda_diff_cross |         0.00301 |
|                                 Eval/Return |               0 |
-----------------------------------------------------------------
-----------------------------------------------------------------
|                                 Train/Steps |        3.92e+05 |
|                            Loss/Loss_critic |        3.23e-06 |
|                             Loss/Loss_actor |         -0.0168 |
|                             Loss/Loss_alpha |       -5.42e-07 |
|               Loss/Loss_state_action_metric |         0.00205 |
|                      Loss/Loss_state_metric |         0.00143 |
|             Loss/Loss_state_action_to_state |        1.42e-05 |
|                           Loss/Act_rep_loss |           0.146 |
|                                   SAC/Alpha |        7.34e-05 |
|                              SAC/LogPi_mean |           0.566 |
|                                 SAC/Q1_mean |          0.0182 |
|                                 SAC/Q2_mean |          0.0169 |
|                            Norm/actor_model |            34.8 |
|                           Norm/critic_model |            25.4 |
|              Norm/state_action_metric_model |            32.9 |
|                     Norm/state_metric_model |            33.9 |
|        Norm/state_action_state_metric_model |            35.5 |
|                  Metric/self_state_distance |         0.00271 |
|                 Metric/cross_state_distance |           0.928 |
|           Metric/self_state_action_distance |         0.00401 |
|          Metric/cross_state_action_distance |           0.915 |
|             Metric/avg_self_state_asymmetry |               0 |
|            Metric/avg_cross_state_asymmetry |         0.00676 |
|                Metric/avg_self_sa_asymmetry |               0 |
|               Metric/avg_cross_sa_asymmetry |         0.00453 |
|  Metric/self_state_action_to_state_distance |          0.0033 |
| Metric/cross_state_action_to_state_distance |           0.909 |
|                   Metric/h_lambda_diff_self |         0.00116 |
|                  Metric/h_lambda_diff_cross |         0.00676 |
|                                 Eval/Return |               0 |
-----------------------------------------------------------------
-----------------------------------------------------------------
|                                 Train/Steps |         5.2e+05 |
|                            Loss/Loss_critic |        0.000897 |
|                             Loss/Loss_actor |          0.0228 |
|                             Loss/Loss_alpha |        -8.2e-05 |
|               Loss/Loss_state_action_metric |         0.00936 |
|                      Loss/Loss_state_metric |          0.0028 |
|             Loss/Loss_state_action_to_state |         0.00127 |
|                           Loss/Act_rep_loss |           0.118 |
|                                   SAC/Alpha |        0.000301 |
|                              SAC/LogPi_mean |           0.626 |
|                                 SAC/Q1_mean |         -0.0147 |
|                                 SAC/Q2_mean |          -0.016 |
|                            Norm/actor_model |            43.2 |
|                           Norm/critic_model |            31.9 |
|              Norm/state_action_metric_model |            37.3 |
|                     Norm/state_metric_model |            37.9 |
|        Norm/state_action_state_metric_model |            40.3 |
|                  Metric/self_state_distance |         0.00499 |
|                 Metric/cross_state_distance |           0.962 |
|           Metric/self_state_action_distance |           0.026 |
|          Metric/cross_state_action_distance |            0.94 |
|             Metric/avg_self_state_asymmetry |               0 |
|            Metric/avg_cross_state_asymmetry |         0.00741 |
|                Metric/avg_self_sa_asymmetry |               0 |
|               Metric/avg_cross_sa_asymmetry |         0.00917 |
|  Metric/self_state_action_to_state_distance |         0.00869 |
| Metric/cross_state_action_to_state_distance |           0.938 |
|                   Metric/h_lambda_diff_self |           0.023 |
|                  Metric/h_lambda_diff_cross |          0.0148 |
|                                 Eval/Return |               0 |
-----------------------------------------------------------------
-----------------------------------------------------------------
|                                 Train/Steps |        6.48e+05 |
|                            Loss/Loss_critic |         0.00156 |
|                             Loss/Loss_actor |          -0.122 |
|                             Loss/Loss_alpha |        0.000183 |
|               Loss/Loss_state_action_metric |          0.0181 |
|                      Loss/Loss_state_metric |         0.00885 |
|             Loss/Loss_state_action_to_state |         0.00107 |
|                           Loss/Act_rep_loss |          0.0779 |
|                                   SAC/Alpha |          0.0013 |
|                              SAC/LogPi_mean |           0.393 |
|                                 SAC/Q1_mean |           0.127 |
|                                 SAC/Q2_mean |           0.131 |
|                            Norm/actor_model |            50.1 |
|                           Norm/critic_model |            37.2 |
|              Norm/state_action_metric_model |            40.5 |
|                     Norm/state_metric_model |            42.9 |
|        Norm/state_action_state_metric_model |            45.8 |
|                  Metric/self_state_distance |         0.00592 |
|                 Metric/cross_state_distance |               1 |
|           Metric/self_state_action_distance |         0.00976 |
|          Metric/cross_state_action_distance |           0.992 |
|             Metric/avg_self_state_asymmetry |               0 |
|            Metric/avg_cross_state_asymmetry |         0.00977 |
|                Metric/avg_self_sa_asymmetry |               0 |
|               Metric/avg_cross_sa_asymmetry |          0.0152 |
|  Metric/self_state_action_to_state_distance |         0.00802 |
| Metric/cross_state_action_to_state_distance |           0.998 |
|                   Metric/h_lambda_diff_self |         0.00834 |
|                  Metric/h_lambda_diff_cross |          0.0207 |
|                                 Eval/Return |            32.5 |
-----------------------------------------------------------------
-----------------------------------------------------------------
|                                 Train/Steps |        7.76e+05 |
|                            Loss/Loss_critic |         0.00245 |
|                             Loss/Loss_actor |          -0.251 |
|                             Loss/Loss_alpha |       -9.18e-05 |
|               Loss/Loss_state_action_metric |          0.0302 |
|                      Loss/Loss_state_metric |          0.0149 |
|             Loss/Loss_state_action_to_state |         0.00185 |
|                           Loss/Act_rep_loss |           0.076 |
|                                   SAC/Alpha |         0.00163 |
|                              SAC/LogPi_mean |           0.628 |
|                                 SAC/Q1_mean |           0.259 |
|                                 SAC/Q2_mean |           0.265 |
|                            Norm/actor_model |            56.4 |
|                           Norm/critic_model |            42.4 |
|              Norm/state_action_metric_model |            44.9 |
|                     Norm/state_metric_model |            47.7 |
|        Norm/state_action_state_metric_model |            52.8 |
|                  Metric/self_state_distance |         0.00593 |
|                 Metric/cross_state_distance |            1.01 |
|           Metric/self_state_action_distance |         0.00722 |
|          Metric/cross_state_action_distance |            1.02 |
|             Metric/avg_self_state_asymmetry |               0 |
|            Metric/avg_cross_state_asymmetry |         0.00833 |
|                Metric/avg_self_sa_asymmetry |               0 |
|               Metric/avg_cross_sa_asymmetry |          0.0141 |
|  Metric/self_state_action_to_state_distance |          0.0228 |
| Metric/cross_state_action_to_state_distance |            1.01 |
|                   Metric/h_lambda_diff_self |           0.018 |
|                  Metric/h_lambda_diff_cross |          0.0258 |
|                                 Eval/Return |               0 |
-----------------------------------------------------------------
-----------------------------------------------------------------
|                                 Train/Steps |        9.04e+05 |
|                            Loss/Loss_critic |         0.00393 |
|                             Loss/Loss_actor |          -0.576 |
|                             Loss/Loss_alpha |        0.000536 |
|               Loss/Loss_state_action_metric |          0.0378 |
|                      Loss/Loss_state_metric |          0.0171 |
|             Loss/Loss_state_action_to_state |         0.00156 |
|                           Loss/Act_rep_loss |           0.071 |
|                                   SAC/Alpha |          0.0034 |
|                              SAC/LogPi_mean |           0.298 |
|                                 SAC/Q1_mean |           0.574 |
|                                 SAC/Q2_mean |           0.596 |
|                            Norm/actor_model |            63.4 |
|                           Norm/critic_model |            46.5 |
|              Norm/state_action_metric_model |            48.8 |
|                     Norm/state_metric_model |            52.7 |
|        Norm/state_action_state_metric_model |              58 |
|                  Metric/self_state_distance |         0.00657 |
|                 Metric/cross_state_distance |            1.04 |
|           Metric/self_state_action_distance |          0.0154 |
|          Metric/cross_state_action_distance |            1.05 |
|             Metric/avg_self_state_asymmetry |               0 |
|            Metric/avg_cross_state_asymmetry |         0.00798 |
|                Metric/avg_self_sa_asymmetry |               0 |
|               Metric/avg_cross_sa_asymmetry |          0.0132 |
|  Metric/self_state_action_to_state_distance |         0.00549 |
| Metric/cross_state_action_to_state_distance |            1.04 |
|                   Metric/h_lambda_diff_self |          0.0132 |
|                  Metric/h_lambda_diff_cross |          0.0186 |
|                                 Eval/Return |            33.2 |
-----------------------------------------------------------------
-----------------------------------------------------------------
|                                 Train/Steps |        1.03e+06 |
|                            Loss/Loss_critic |         0.00467 |
|                             Loss/Loss_actor |           -1.05 |
|                             Loss/Loss_alpha |       -0.000615 |
|               Loss/Loss_state_action_metric |          0.0752 |
|                      Loss/Loss_state_metric |           0.033 |
|             Loss/Loss_state_action_to_state |         0.00153 |
|                           Loss/Act_rep_loss |          0.0697 |
|                                   SAC/Alpha |         0.00444 |
|                              SAC/LogPi_mean |           0.688 |
|                                 SAC/Q1_mean |            1.05 |
|                                 SAC/Q2_mean |            1.08 |
|                            Norm/actor_model |            69.5 |
|                           Norm/critic_model |            49.5 |
|              Norm/state_action_metric_model |            52.6 |
|                     Norm/state_metric_model |            57.4 |
|        Norm/state_action_state_metric_model |            62.5 |
|                  Metric/self_state_distance |         0.00726 |
|                 Metric/cross_state_distance |            1.06 |
|           Metric/self_state_action_distance |          0.0197 |
|          Metric/cross_state_action_distance |            1.07 |
|             Metric/avg_self_state_asymmetry |               0 |
|            Metric/avg_cross_state_asymmetry |         0.00792 |
|                Metric/avg_self_sa_asymmetry |               0 |
|               Metric/avg_cross_sa_asymmetry |          0.0125 |
|  Metric/self_state_action_to_state_distance |         0.00371 |
| Metric/cross_state_action_to_state_distance |            1.08 |
|                   Metric/h_lambda_diff_self |          0.0185 |
|                  Metric/h_lambda_diff_cross |          0.0206 |
|                                 Eval/Return |            50.5 |
-----------------------------------------------------------------
[32mSaving model …[0m
[32mDone.[0m
[32mSaving model …[0m
[32mDone.[0m
-----------------------------------------------------------------
|                                 Train/Steps |        1.16e+06 |
|                            Loss/Loss_critic |           0.012 |
|                             Loss/Loss_actor |           -1.54 |
|                             Loss/Loss_alpha |        0.000726 |
|               Loss/Loss_state_action_metric |           0.169 |
|                      Loss/Loss_state_metric |          0.0683 |
|             Loss/Loss_state_action_to_state |         0.00196 |
|                           Loss/Act_rep_loss |          0.0478 |
|                                   SAC/Alpha |         0.00601 |
|                              SAC/LogPi_mean |           0.451 |
|                                 SAC/Q1_mean |            1.55 |
|                                 SAC/Q2_mean |            1.56 |
|                            Norm/actor_model |            74.9 |
|                           Norm/critic_model |            52.6 |
|              Norm/state_action_metric_model |            56.2 |
|                     Norm/state_metric_model |            62.7 |
|        Norm/state_action_state_metric_model |            67.1 |
|                  Metric/self_state_distance |          0.0104 |
|                 Metric/cross_state_distance |            1.12 |
|           Metric/self_state_action_distance |          0.0136 |
|          Metric/cross_state_action_distance |            1.17 |
|             Metric/avg_self_state_asymmetry |               0 |
|            Metric/avg_cross_state_asymmetry |          0.0108 |
|                Metric/avg_self_sa_asymmetry |               0 |
|               Metric/avg_cross_sa_asymmetry |          0.0201 |
|  Metric/self_state_action_to_state_distance |          0.0117 |
| Metric/cross_state_action_to_state_distance |            1.16 |
|                   Metric/h_lambda_diff_self |          0.0157 |
|                  Metric/h_lambda_diff_cross |          0.0261 |
|                                 Eval/Return |            90.6 |
-----------------------------------------------------------------
-----------------------------------------------------------------
|                                 Train/Steps |        1.29e+06 |
|                            Loss/Loss_critic |         0.00864 |
|                             Loss/Loss_actor |              -2 |
|                             Loss/Loss_alpha |        7.01e-05 |
|               Loss/Loss_state_action_metric |           0.217 |
|                      Loss/Loss_state_metric |          0.0805 |
|             Loss/Loss_state_action_to_state |         0.00247 |
|                           Loss/Act_rep_loss |          0.0419 |
|                                   SAC/Alpha |           0.009 |
|                              SAC/LogPi_mean |           0.498 |
|                                 SAC/Q1_mean |            2.01 |
|                                 SAC/Q2_mean |               2 |
|                            Norm/actor_model |            79.7 |
|                           Norm/critic_model |            56.4 |
|              Norm/state_action_metric_model |            60.4 |
|                     Norm/state_metric_model |            69.6 |
|        Norm/state_action_state_metric_model |            72.1 |
|                  Metric/self_state_distance |          0.0165 |
|                 Metric/cross_state_distance |            1.13 |
|           Metric/self_state_action_distance |          0.0167 |
|          Metric/cross_state_action_distance |            1.18 |
|             Metric/avg_self_state_asymmetry |               0 |
|            Metric/avg_cross_state_asymmetry |          0.0137 |
|                Metric/avg_self_sa_asymmetry |               0 |
|               Metric/avg_cross_sa_asymmetry |          0.0268 |
|  Metric/self_state_action_to_state_distance |         0.00949 |
| Metric/cross_state_action_to_state_distance |             1.2 |
|                   Metric/h_lambda_diff_self |           0.016 |
|                  Metric/h_lambda_diff_cross |          0.0363 |
|                                 Eval/Return |             141 |
-----------------------------------------------------------------
-----------------------------------------------------------------
|                                 Train/Steps |        1.42e+06 |
|                            Loss/Loss_critic |          0.0172 |
|                             Loss/Loss_actor |           -3.92 |
|                             Loss/Loss_alpha |        -0.00136 |
|               Loss/Loss_state_action_metric |           0.431 |
|                      Loss/Loss_state_metric |           0.196 |
|             Loss/Loss_state_action_to_state |         0.00864 |
|                           Loss/Act_rep_loss |          0.0291 |
|                                   SAC/Alpha |          0.0124 |
|                              SAC/LogPi_mean |            0.52 |
|                                 SAC/Q1_mean |            3.93 |
|                                 SAC/Q2_mean |            3.96 |
|                            Norm/actor_model |            84.3 |
|                           Norm/critic_model |            62.3 |
|              Norm/state_action_metric_model |            64.6 |
|                     Norm/state_metric_model |            75.8 |
|        Norm/state_action_state_metric_model |            76.7 |
|                  Metric/self_state_distance |         0.00606 |
|                 Metric/cross_state_distance |            1.28 |
|           Metric/self_state_action_distance |          0.0139 |
|          Metric/cross_state_action_distance |            1.42 |
|             Metric/avg_self_state_asymmetry |               0 |
|            Metric/avg_cross_state_asymmetry |          0.0187 |
|                Metric/avg_self_sa_asymmetry |               0 |
|               Metric/avg_cross_sa_asymmetry |          0.0551 |
|  Metric/self_state_action_to_state_distance |          0.0134 |
| Metric/cross_state_action_to_state_distance |            1.43 |
|                   Metric/h_lambda_diff_self |          0.0147 |
|                  Metric/h_lambda_diff_cross |          0.0565 |
|                                 Eval/Return |             164 |
-----------------------------------------------------------------
-----------------------------------------------------------------
|                                 Train/Steps |        1.54e+06 |
|                            Loss/Loss_critic |          0.0333 |
|                             Loss/Loss_actor |            -4.5 |
|                             Loss/Loss_alpha |       -0.000163 |
|               Loss/Loss_state_action_metric |           0.458 |
|                      Loss/Loss_state_metric |           0.147 |
|             Loss/Loss_state_action_to_state |         0.00562 |
|                           Loss/Act_rep_loss |          0.0232 |
|                                   SAC/Alpha |          0.0159 |
|                              SAC/LogPi_mean |           0.536 |
|                                 SAC/Q1_mean |            4.49 |
|                                 SAC/Q2_mean |            4.62 |
|                            Norm/actor_model |            88.7 |
|                           Norm/critic_model |            71.8 |
|              Norm/state_action_metric_model |            69.4 |
|                     Norm/state_metric_model |            82.1 |
|        Norm/state_action_state_metric_model |            81.7 |
|                  Metric/self_state_distance |          0.0109 |
|                 Metric/cross_state_distance |            1.23 |
|           Metric/self_state_action_distance |          0.0303 |
|          Metric/cross_state_action_distance |            1.41 |
|             Metric/avg_self_state_asymmetry |               0 |
|            Metric/avg_cross_state_asymmetry |          0.0221 |
|                Metric/avg_self_sa_asymmetry |               0 |
|               Metric/avg_cross_sa_asymmetry |          0.0543 |
|  Metric/self_state_action_to_state_distance |          0.0121 |
| Metric/cross_state_action_to_state_distance |            1.39 |
|                   Metric/h_lambda_diff_self |          0.0242 |
|                  Metric/h_lambda_diff_cross |          0.0547 |
|                                 Eval/Return |             153 |
-----------------------------------------------------------------
-----------------------------------------------------------------
|                                 Train/Steps |        1.67e+06 |
|                            Loss/Loss_critic |          0.0771 |
|                             Loss/Loss_actor |           -8.15 |
|                             Loss/Loss_alpha |          0.0011 |
|               Loss/Loss_state_action_metric |            1.02 |
|                      Loss/Loss_state_metric |           0.353 |
|             Loss/Loss_state_action_to_state |          0.0079 |
|                           Loss/Act_rep_loss |          0.0229 |
|                                   SAC/Alpha |          0.0216 |
|                              SAC/LogPi_mean |           0.499 |
|                                 SAC/Q1_mean |            8.18 |
|                                 SAC/Q2_mean |            8.17 |
|                            Norm/actor_model |            92.8 |
|                           Norm/critic_model |            80.5 |
|              Norm/state_action_metric_model |            73.8 |
|                     Norm/state_metric_model |            88.7 |
|        Norm/state_action_state_metric_model |            87.1 |
|                  Metric/self_state_distance |          0.0189 |
|                 Metric/cross_state_distance |            1.46 |
|           Metric/self_state_action_distance |          0.0128 |
|          Metric/cross_state_action_distance |            1.84 |
|             Metric/avg_self_state_asymmetry |               0 |
|            Metric/avg_cross_state_asymmetry |          0.0317 |
|                Metric/avg_self_sa_asymmetry |               0 |
|               Metric/avg_cross_sa_asymmetry |          0.0689 |
|  Metric/self_state_action_to_state_distance |          0.0165 |
| Metric/cross_state_action_to_state_distance |            1.85 |
|                   Metric/h_lambda_diff_self |          0.0145 |
|                  Metric/h_lambda_diff_cross |          0.0768 |
|                                 Eval/Return |            15.9 |
-----------------------------------------------------------------
-----------------------------------------------------------------
|                                 Train/Steps |         1.8e+06 |
|                            Loss/Loss_critic |          0.0884 |
|                             Loss/Loss_actor |           -13.9 |
|                             Loss/Loss_alpha |         0.00142 |
|               Loss/Loss_state_action_metric |            1.24 |
|                      Loss/Loss_state_metric |           0.505 |
|             Loss/Loss_state_action_to_state |         0.00579 |
|                           Loss/Act_rep_loss |          0.0267 |
|                                   SAC/Alpha |          0.0283 |
|                              SAC/LogPi_mean |           0.534 |
|                                 SAC/Q1_mean |              14 |
|                                 SAC/Q2_mean |            13.9 |
|                            Norm/actor_model |            96.6 |
|                           Norm/critic_model |            88.7 |
|              Norm/state_action_metric_model |            77.4 |
|                     Norm/state_metric_model |              95 |
|        Norm/state_action_state_metric_model |            91.1 |
|                  Metric/self_state_distance |          0.0243 |
|                 Metric/cross_state_distance |            1.58 |
|           Metric/self_state_action_distance |          0.0162 |
|          Metric/cross_state_action_distance |             2.1 |
|             Metric/avg_self_state_asymmetry |               0 |
|            Metric/avg_cross_state_asymmetry |          0.0319 |
|                Metric/avg_self_sa_asymmetry |               0 |
|               Metric/avg_cross_sa_asymmetry |          0.0593 |
|  Metric/self_state_action_to_state_distance |          0.0185 |
| Metric/cross_state_action_to_state_distance |            2.09 |
|                   Metric/h_lambda_diff_self |          0.0213 |
|                  Metric/h_lambda_diff_cross |          0.0586 |
|                                 Eval/Return |            41.1 |
-----------------------------------------------------------------
-----------------------------------------------------------------
|                                 Train/Steps |        1.93e+06 |
|                            Loss/Loss_critic |           0.127 |
|                             Loss/Loss_actor |           -18.3 |
|                             Loss/Loss_alpha |       -0.000327 |
|               Loss/Loss_state_action_metric |            1.34 |
|                      Loss/Loss_state_metric |           0.526 |
|             Loss/Loss_state_action_to_state |          0.0106 |
|                           Loss/Act_rep_loss |          0.0259 |
|                                   SAC/Alpha |          0.0355 |
|                              SAC/LogPi_mean |           0.505 |
|                                 SAC/Q1_mean |            18.3 |
|                                 SAC/Q2_mean |            18.3 |
|                            Norm/actor_model |             101 |
|                           Norm/critic_model |            96.3 |
|              Norm/state_action_metric_model |            81.6 |
|                     Norm/state_metric_model |             102 |
|        Norm/state_action_state_metric_model |            95.7 |
|                  Metric/self_state_distance |          0.0262 |
|                 Metric/cross_state_distance |            1.66 |
|           Metric/self_state_action_distance |          0.0233 |
|          Metric/cross_state_action_distance |            2.22 |
|             Metric/avg_self_state_asymmetry |               0 |
|            Metric/avg_cross_state_asymmetry |          0.0394 |
|                Metric/avg_self_sa_asymmetry |               0 |
|               Metric/avg_cross_sa_asymmetry |          0.0882 |
|  Metric/self_state_action_to_state_distance |          0.0233 |
| Metric/cross_state_action_to_state_distance |            2.19 |
|                   Metric/h_lambda_diff_self |          0.0174 |
|                  Metric/h_lambda_diff_cross |          0.0921 |
|                                 Eval/Return |             688 |
-----------------------------------------------------------------
-----------------------------------------------------------------
|                                 Train/Steps |        2.06e+06 |
|                            Loss/Loss_critic |           0.122 |
|                             Loss/Loss_actor |           -21.6 |
|                             Loss/Loss_alpha |         0.00241 |
|               Loss/Loss_state_action_metric |            1.73 |
|                      Loss/Loss_state_metric |           0.639 |
|             Loss/Loss_state_action_to_state |         0.00694 |
|                           Loss/Act_rep_loss |          0.0203 |
|                                   SAC/Alpha |          0.0375 |
|                              SAC/LogPi_mean |           0.441 |
|                                 SAC/Q1_mean |            21.8 |
|                                 SAC/Q2_mean |            21.6 |
|                            Norm/actor_model |             106 |
|                           Norm/critic_model |             102 |
|              Norm/state_action_metric_model |            85.4 |
|                     Norm/state_metric_model |             108 |
|        Norm/state_action_state_metric_model |             100 |
|                  Metric/self_state_distance |          0.0255 |
|                 Metric/cross_state_distance |            1.83 |
|           Metric/self_state_action_distance |          0.0308 |
|          Metric/cross_state_action_distance |            2.58 |
|             Metric/avg_self_state_asymmetry |               0 |
|            Metric/avg_cross_state_asymmetry |          0.0411 |
|                Metric/avg_self_sa_asymmetry |               0 |
|               Metric/avg_cross_sa_asymmetry |          0.0628 |
|  Metric/self_state_action_to_state_distance |          0.0276 |
| Metric/cross_state_action_to_state_distance |            2.56 |
|                   Metric/h_lambda_diff_self |          0.0214 |
|                  Metric/h_lambda_diff_cross |          0.0885 |
|                                 Eval/Return |             694 |
-----------------------------------------------------------------
[32mSaving model …[0m
[32mDone.[0m
[32mSaving model …[0m
[32mDone.[0m
-----------------------------------------------------------------
|                                 Train/Steps |        2.18e+06 |
|                            Loss/Loss_critic |           0.106 |
|                             Loss/Loss_actor |           -23.5 |
|                             Loss/Loss_alpha |         0.00284 |
|               Loss/Loss_state_action_metric |            1.81 |
|                      Loss/Loss_state_metric |           0.717 |
|             Loss/Loss_state_action_to_state |          0.0108 |
|                           Loss/Act_rep_loss |           0.028 |
|                                   SAC/Alpha |          0.0351 |
|                              SAC/LogPi_mean |           0.492 |
|                                 SAC/Q1_mean |            23.5 |
|                                 SAC/Q2_mean |            23.5 |
|                            Norm/actor_model |             111 |
|                           Norm/critic_model |             106 |
|              Norm/state_action_metric_model |            89.4 |
|                     Norm/state_metric_model |             114 |
|        Norm/state_action_state_metric_model |             104 |
|                  Metric/self_state_distance |          0.0214 |
|                 Metric/cross_state_distance |            1.86 |
|           Metric/self_state_action_distance |          0.0182 |
|          Metric/cross_state_action_distance |            2.61 |
|             Metric/avg_self_state_asymmetry |               0 |
|            Metric/avg_cross_state_asymmetry |          0.0427 |
|                Metric/avg_self_sa_asymmetry |               0 |
|               Metric/avg_cross_sa_asymmetry |          0.0556 |
|  Metric/self_state_action_to_state_distance |           0.024 |
| Metric/cross_state_action_to_state_distance |            2.59 |
|                   Metric/h_lambda_diff_self |          0.0196 |
|                  Metric/h_lambda_diff_cross |          0.0805 |
|                                 Eval/Return |             235 |
-----------------------------------------------------------------
-----------------------------------------------------------------
|                                 Train/Steps |        2.31e+06 |
|                            Loss/Loss_critic |           0.229 |
|                             Loss/Loss_actor |           -28.7 |
|                             Loss/Loss_alpha |       -7.09e-05 |
|               Loss/Loss_state_action_metric |            2.14 |
|                      Loss/Loss_state_metric |            0.71 |
|             Loss/Loss_state_action_to_state |         0.00933 |
|                           Loss/Act_rep_loss |          0.0283 |
|                                   SAC/Alpha |          0.0344 |
|                              SAC/LogPi_mean |           0.492 |
|                                 SAC/Q1_mean |            28.7 |
|                                 SAC/Q2_mean |            28.7 |
|                            Norm/actor_model |             116 |
|                           Norm/critic_model |             109 |
|              Norm/state_action_metric_model |            93.3 |
|                     Norm/state_metric_model |             120 |
|        Norm/state_action_state_metric_model |             107 |
|                  Metric/self_state_distance |          0.0241 |
|                 Metric/cross_state_distance |            2.04 |
|           Metric/self_state_action_distance |          0.0061 |
|          Metric/cross_state_action_distance |            2.91 |
|             Metric/avg_self_state_asymmetry |               0 |
|            Metric/avg_cross_state_asymmetry |           0.049 |
|                Metric/avg_self_sa_asymmetry |               0 |
|               Metric/avg_cross_sa_asymmetry |          0.0595 |
|  Metric/self_state_action_to_state_distance |          0.0152 |
| Metric/cross_state_action_to_state_distance |            2.97 |
|                   Metric/h_lambda_diff_self |          0.0121 |
|                  Metric/h_lambda_diff_cross |           0.108 |
|                                 Eval/Return |             714 |
-----------------------------------------------------------------
-----------------------------------------------------------------
|                                 Train/Steps |        2.44e+06 |
|                            Loss/Loss_critic |          0.0974 |
|                             Loss/Loss_actor |           -33.5 |
|                             Loss/Loss_alpha |        -0.00193 |
|               Loss/Loss_state_action_metric |            2.39 |
|                      Loss/Loss_state_metric |           0.885 |
|             Loss/Loss_state_action_to_state |         0.00575 |
|                           Loss/Act_rep_loss |          0.0211 |
|                                   SAC/Alpha |          0.0326 |
|                              SAC/LogPi_mean |           0.479 |
|                                 SAC/Q1_mean |            33.4 |
|                                 SAC/Q2_mean |            33.4 |
|                            Norm/actor_model |             120 |
|                           Norm/critic_model |             111 |
|              Norm/state_action_metric_model |            96.8 |
|                     Norm/state_metric_model |             124 |
|        Norm/state_action_state_metric_model |             109 |
|                  Metric/self_state_distance |          0.0186 |
|                 Metric/cross_state_distance |            2.13 |
|           Metric/self_state_action_distance |          0.0533 |
|          Metric/cross_state_action_distance |            3.11 |
|             Metric/avg_self_state_asymmetry |               0 |
|            Metric/avg_cross_state_asymmetry |          0.0373 |
|                Metric/avg_self_sa_asymmetry |               0 |
|               Metric/avg_cross_sa_asymmetry |          0.0553 |
|  Metric/self_state_action_to_state_distance |          0.0135 |
| Metric/cross_state_action_to_state_distance |             3.1 |
|                   Metric/h_lambda_diff_self |          0.0517 |
|                  Metric/h_lambda_diff_cross |          0.0708 |
|                                 Eval/Return |             702 |
-----------------------------------------------------------------
-----------------------------------------------------------------
|                                 Train/Steps |        2.57e+06 |
|                            Loss/Loss_critic |           0.164 |
|                             Loss/Loss_actor |           -38.1 |
|                             Loss/Loss_alpha |       -0.000292 |
|               Loss/Loss_state_action_metric |            2.46 |
|                      Loss/Loss_state_metric |            1.13 |
|             Loss/Loss_state_action_to_state |         0.00575 |
|                           Loss/Act_rep_loss |          0.0253 |
|                                   SAC/Alpha |          0.0322 |
|                              SAC/LogPi_mean |            0.49 |
|                                 SAC/Q1_mean |              38 |
|                                 SAC/Q2_mean |              38 |
|                            Norm/actor_model |             124 |
|                           Norm/critic_model |             113 |
|              Norm/state_action_metric_model |             100 |
|                     Norm/state_metric_model |             130 |
|        Norm/state_action_state_metric_model |             112 |
|                  Metric/self_state_distance |          0.0164 |
|                 Metric/cross_state_distance |            2.26 |
|           Metric/self_state_action_distance |          0.0181 |
|          Metric/cross_state_action_distance |            3.17 |
|             Metric/avg_self_state_asymmetry |               0 |
|            Metric/avg_cross_state_asymmetry |          0.0381 |
|                Metric/avg_self_sa_asymmetry |               0 |
|               Metric/avg_cross_sa_asymmetry |          0.0487 |
|  Metric/self_state_action_to_state_distance |          0.0173 |
| Metric/cross_state_action_to_state_distance |            3.15 |
|                   Metric/h_lambda_diff_self |          0.0156 |
|                  Metric/h_lambda_diff_cross |          0.0864 |
|                                 Eval/Return |             705 |
-----------------------------------------------------------------
-----------------------------------------------------------------
|                                 Train/Steps |         2.7e+06 |
|                            Loss/Loss_critic |           0.101 |
|                             Loss/Loss_actor |           -38.1 |
|                             Loss/Loss_alpha |        0.000307 |
|               Loss/Loss_state_action_metric |            2.54 |
|                      Loss/Loss_state_metric |            1.16 |
|             Loss/Loss_state_action_to_state |         0.00723 |
|                           Loss/Act_rep_loss |          0.0147 |
|                                   SAC/Alpha |           0.032 |
|                              SAC/LogPi_mean |           0.451 |
|                                 SAC/Q1_mean |            38.1 |
|                                 SAC/Q2_mean |            38.1 |
|                            Norm/actor_model |             128 |
|                           Norm/critic_model |             116 |
|              Norm/state_action_metric_model |             103 |
|                     Norm/state_metric_model |             134 |
|        Norm/state_action_state_metric_model |             114 |
|                  Metric/self_state_distance |          0.0162 |
|                 Metric/cross_state_distance |            2.32 |
|           Metric/self_state_action_distance |          0.0195 |
|          Metric/cross_state_action_distance |            3.28 |
|             Metric/avg_self_state_asymmetry |               0 |
|            Metric/avg_cross_state_asymmetry |          0.0428 |
|                Metric/avg_self_sa_asymmetry |               0 |
|               Metric/avg_cross_sa_asymmetry |          0.0529 |
|  Metric/self_state_action_to_state_distance |         0.00931 |
| Metric/cross_state_action_to_state_distance |            3.23 |
|                   Metric/h_lambda_diff_self |           0.017 |
|                  Metric/h_lambda_diff_cross |          0.0867 |
|                                 Eval/Return |             697 |
-----------------------------------------------------------------
-----------------------------------------------------------------
|                                 Train/Steps |        2.82e+06 |
|                            Loss/Loss_critic |           0.142 |
|                             Loss/Loss_actor |           -36.2 |
|                             Loss/Loss_alpha |        -0.00131 |
|               Loss/Loss_state_action_metric |            2.53 |
|                      Loss/Loss_state_metric |            1.02 |
|             Loss/Loss_state_action_to_state |         0.00475 |
|                           Loss/Act_rep_loss |           0.016 |
|                                   SAC/Alpha |          0.0303 |
|                              SAC/LogPi_mean |           0.484 |
|                                 SAC/Q1_mean |            36.3 |
|                                 SAC/Q2_mean |            36.1 |
|                            Norm/actor_model |             132 |
|                           Norm/critic_model |             118 |
|              Norm/state_action_metric_model |             106 |
|                     Norm/state_metric_model |             138 |
|        Norm/state_action_state_metric_model |             116 |
|                  Metric/self_state_distance |          0.0141 |
|                 Metric/cross_state_distance |            2.22 |
|           Metric/self_state_action_distance |          0.0215 |
|          Metric/cross_state_action_distance |            3.12 |
|             Metric/avg_self_state_asymmetry |               0 |
|            Metric/avg_cross_state_asymmetry |           0.043 |
|                Metric/avg_self_sa_asymmetry |               0 |
|               Metric/avg_cross_sa_asymmetry |          0.0473 |
|  Metric/self_state_action_to_state_distance |         0.00871 |
| Metric/cross_state_action_to_state_distance |            3.12 |
|                   Metric/h_lambda_diff_self |          0.0206 |
|                  Metric/h_lambda_diff_cross |           0.067 |
|                                 Eval/Return |             705 |
-----------------------------------------------------------------
-----------------------------------------------------------------
|                                 Train/Steps |        2.95e+06 |
|                            Loss/Loss_critic |           0.122 |
|                             Loss/Loss_actor |           -38.6 |
|                             Loss/Loss_alpha |         0.00131 |
|               Loss/Loss_state_action_metric |             2.9 |
|                      Loss/Loss_state_metric |             1.1 |
|             Loss/Loss_state_action_to_state |         0.00545 |
|                           Loss/Act_rep_loss |          0.0133 |
|                                   SAC/Alpha |          0.0273 |
|                              SAC/LogPi_mean |           0.511 |
|                                 SAC/Q1_mean |            38.6 |
|                                 SAC/Q2_mean |            38.7 |
|                            Norm/actor_model |             136 |
|                           Norm/critic_model |             119 |
|              Norm/state_action_metric_model |             109 |
|                     Norm/state_metric_model |             143 |
|        Norm/state_action_state_metric_model |             118 |
|                  Metric/self_state_distance |          0.0146 |
|                 Metric/cross_state_distance |            2.31 |
|           Metric/self_state_action_distance |          0.0268 |
|          Metric/cross_state_action_distance |            3.44 |
|             Metric/avg_self_state_asymmetry |               0 |
|            Metric/avg_cross_state_asymmetry |          0.0348 |
|                Metric/avg_self_sa_asymmetry |               0 |
|               Metric/avg_cross_sa_asymmetry |          0.0433 |
|  Metric/self_state_action_to_state_distance |          0.0123 |
| Metric/cross_state_action_to_state_distance |            3.46 |
|                   Metric/h_lambda_diff_self |          0.0231 |
|                  Metric/h_lambda_diff_cross |          0.0602 |
|                                 Eval/Return |             708 |
-----------------------------------------------------------------
-----------------------------------------------------------------
|                                 Train/Steps |        3.08e+06 |
|                            Loss/Loss_critic |           0.127 |
|                             Loss/Loss_actor |           -44.4 |
|                             Loss/Loss_alpha |        0.000767 |
|               Loss/Loss_state_action_metric |            3.05 |
|                      Loss/Loss_state_metric |             1.2 |
|             Loss/Loss_state_action_to_state |         0.00438 |
|                           Loss/Act_rep_loss |          0.0156 |
|                                   SAC/Alpha |          0.0314 |
|                              SAC/LogPi_mean |           0.545 |
|                                 SAC/Q1_mean |            44.3 |
|                                 SAC/Q2_mean |            44.4 |
|                            Norm/actor_model |             139 |
|                           Norm/critic_model |             120 |
|              Norm/state_action_metric_model |             112 |
|                     Norm/state_metric_model |             148 |
|        Norm/state_action_state_metric_model |             120 |
|                  Metric/self_state_distance |           0.013 |
|                 Metric/cross_state_distance |            2.36 |
|           Metric/self_state_action_distance |          0.0182 |
|          Metric/cross_state_action_distance |            3.43 |
|             Metric/avg_self_state_asymmetry |               0 |
|            Metric/avg_cross_state_asymmetry |          0.0365 |
|                Metric/avg_self_sa_asymmetry |               0 |
|               Metric/avg_cross_sa_asymmetry |          0.0528 |
|  Metric/self_state_action_to_state_distance |          0.0157 |
| Metric/cross_state_action_to_state_distance |            3.39 |
|                   Metric/h_lambda_diff_self |           0.015 |
|                  Metric/h_lambda_diff_cross |          0.0744 |
|                                 Eval/Return |             702 |
-----------------------------------------------------------------
[32mSaving model …[0m
[32mDone.[0m
[32mSaving model …[0m
[32mDone.[0m
-----------------------------------------------------------------
|                                 Train/Steps |        3.21e+06 |
|                            Loss/Loss_critic |          0.0808 |
|                             Loss/Loss_actor |           -46.6 |
|                             Loss/Loss_alpha |        0.000264 |
|               Loss/Loss_state_action_metric |            2.88 |
|                      Loss/Loss_state_metric |            1.16 |
|             Loss/Loss_state_action_to_state |         0.00333 |
|                           Loss/Act_rep_loss |          0.0297 |
|                                   SAC/Alpha |          0.0313 |
|                              SAC/LogPi_mean |           0.462 |
|                                 SAC/Q1_mean |            46.6 |
|                                 SAC/Q2_mean |            46.6 |
|                            Norm/actor_model |             143 |
|                           Norm/critic_model |             122 |
|              Norm/state_action_metric_model |             114 |
|                     Norm/state_metric_model |             152 |
|        Norm/state_action_state_metric_model |             122 |
|                  Metric/self_state_distance |          0.0128 |
|                 Metric/cross_state_distance |             2.4 |
|           Metric/self_state_action_distance |            0.01 |
|          Metric/cross_state_action_distance |            3.44 |
|             Metric/avg_self_state_asymmetry |               0 |
|            Metric/avg_cross_state_asymmetry |          0.0349 |
|                Metric/avg_self_sa_asymmetry |               0 |
|               Metric/avg_cross_sa_asymmetry |          0.0385 |
|  Metric/self_state_action_to_state_distance |         0.00896 |
| Metric/cross_state_action_to_state_distance |            3.43 |
|                   Metric/h_lambda_diff_self |           0.011 |
|                  Metric/h_lambda_diff_cross |          0.0679 |
|                                 Eval/Return |             703 |
-----------------------------------------------------------------
-----------------------------------------------------------------
|                                 Train/Steps |        3.34e+06 |
|                            Loss/Loss_critic |           0.129 |
|                             Loss/Loss_actor |           -43.6 |
|                             Loss/Loss_alpha |       -0.000428 |
|               Loss/Loss_state_action_metric |            2.87 |
|                      Loss/Loss_state_metric |           0.995 |
|             Loss/Loss_state_action_to_state |         0.00404 |
|                           Loss/Act_rep_loss |          0.0203 |
|                                   SAC/Alpha |          0.0295 |
|                              SAC/LogPi_mean |           0.429 |
|                                 SAC/Q1_mean |            43.6 |
|                                 SAC/Q2_mean |            43.6 |
|                            Norm/actor_model |             146 |
|                           Norm/critic_model |             124 |
|              Norm/state_action_metric_model |             117 |
|                     Norm/state_metric_model |             156 |
|        Norm/state_action_state_metric_model |             124 |
|                  Metric/self_state_distance |          0.0113 |
|                 Metric/cross_state_distance |            2.26 |
|           Metric/self_state_action_distance |          0.0176 |
|          Metric/cross_state_action_distance |            3.37 |
|             Metric/avg_self_state_asymmetry |               0 |
|            Metric/avg_cross_state_asymmetry |          0.0334 |
|                Metric/avg_self_sa_asymmetry |               0 |
|               Metric/avg_cross_sa_asymmetry |          0.0412 |
|  Metric/self_state_action_to_state_distance |          0.0112 |
| Metric/cross_state_action_to_state_distance |            3.38 |
|                   Metric/h_lambda_diff_self |           0.015 |
|                  Metric/h_lambda_diff_cross |          0.0556 |
|                                 Eval/Return |             705 |
-----------------------------------------------------------------
-----------------------------------------------------------------
|                                 Train/Steps |        3.46e+06 |
|                            Loss/Loss_critic |           0.117 |
|                             Loss/Loss_actor |           -46.6 |
|                             Loss/Loss_alpha |       -0.000384 |
|               Loss/Loss_state_action_metric |            2.62 |
|                      Loss/Loss_state_metric |            1.09 |
|             Loss/Loss_state_action_to_state |         0.00376 |
|                           Loss/Act_rep_loss |           0.024 |
|                                   SAC/Alpha |          0.0316 |
|                              SAC/LogPi_mean |           0.502 |
|                                 SAC/Q1_mean |            46.7 |
|                                 SAC/Q2_mean |            46.6 |
|                            Norm/actor_model |             149 |
|                           Norm/critic_model |             124 |
|              Norm/state_action_metric_model |             120 |
|                     Norm/state_metric_model |             161 |
|        Norm/state_action_state_metric_model |             126 |
|                  Metric/self_state_distance |          0.0133 |
|                 Metric/cross_state_distance |            2.23 |
|           Metric/self_state_action_distance |          0.0249 |
|          Metric/cross_state_action_distance |            3.16 |
|             Metric/avg_self_state_asymmetry |               0 |
|            Metric/avg_cross_state_asymmetry |          0.0343 |
|                Metric/avg_self_sa_asymmetry |               0 |
|               Metric/avg_cross_sa_asymmetry |          0.0376 |
|  Metric/self_state_action_to_state_distance |         0.00753 |
| Metric/cross_state_action_to_state_distance |            3.15 |
|                   Metric/h_lambda_diff_self |          0.0254 |
|                  Metric/h_lambda_diff_cross |          0.0519 |
|                                 Eval/Return |             709 |
-----------------------------------------------------------------
-----------------------------------------------------------------
|                                 Train/Steps |        3.59e+06 |
|                            Loss/Loss_critic |           0.101 |
|                             Loss/Loss_actor |           -48.5 |
|                             Loss/Loss_alpha |         0.00238 |
|               Loss/Loss_state_action_metric |            2.92 |
|                      Loss/Loss_state_metric |            1.11 |
|             Loss/Loss_state_action_to_state |         0.00387 |
|                           Loss/Act_rep_loss |          0.0157 |
|                                   SAC/Alpha |          0.0307 |
|                              SAC/LogPi_mean |           0.478 |
|                                 SAC/Q1_mean |            48.5 |
|                                 SAC/Q2_mean |            48.5 |
|                            Norm/actor_model |             152 |
|                           Norm/critic_model |             125 |
|              Norm/state_action_metric_model |             122 |
|                     Norm/state_metric_model |             165 |
|        Norm/state_action_state_metric_model |             128 |
|                  Metric/self_state_distance |          0.0162 |
|                 Metric/cross_state_distance |            2.31 |
|           Metric/self_state_action_distance |          0.0146 |
|          Metric/cross_state_action_distance |            3.43 |
|             Metric/avg_self_state_asymmetry |               0 |
|            Metric/avg_cross_state_asymmetry |          0.0339 |
|                Metric/avg_self_sa_asymmetry |               0 |
|               Metric/avg_cross_sa_asymmetry |          0.0394 |
|  Metric/self_state_action_to_state_distance |          0.0161 |
| Metric/cross_state_action_to_state_distance |            3.46 |
|                   Metric/h_lambda_diff_self |          0.0109 |
|                  Metric/h_lambda_diff_cross |          0.0587 |
|                                 Eval/Return |             713 |
-----------------------------------------------------------------
-----------------------------------------------------------------
|                                 Train/Steps |        3.72e+06 |
|                            Loss/Loss_critic |            0.11 |
|                             Loss/Loss_actor |           -47.2 |
|                             Loss/Loss_alpha |          0.0009 |
|               Loss/Loss_state_action_metric |            2.75 |
|                      Loss/Loss_state_metric |            1.19 |
|             Loss/Loss_state_action_to_state |         0.00638 |
|                           Loss/Act_rep_loss |          0.0205 |
|                                   SAC/Alpha |          0.0343 |
|                              SAC/LogPi_mean |           0.506 |
|                                 SAC/Q1_mean |            47.2 |
|                                 SAC/Q2_mean |            47.2 |
|                            Norm/actor_model |             156 |
|                           Norm/critic_model |             126 |
|              Norm/state_action_metric_model |             124 |
|                     Norm/state_metric_model |             169 |
|        Norm/state_action_state_metric_model |             130 |
|                  Metric/self_state_distance |          0.0278 |
|                 Metric/cross_state_distance |            2.34 |
|           Metric/self_state_action_distance |          0.0177 |
|          Metric/cross_state_action_distance |            3.41 |
|             Metric/avg_self_state_asymmetry |               0 |
|            Metric/avg_cross_state_asymmetry |          0.0387 |
|                Metric/avg_self_sa_asymmetry |               0 |
|               Metric/avg_cross_sa_asymmetry |          0.0432 |
|  Metric/self_state_action_to_state_distance |          0.0115 |
| Metric/cross_state_action_to_state_distance |             3.4 |
|                   Metric/h_lambda_diff_self |          0.0143 |
|                  Metric/h_lambda_diff_cross |           0.062 |
|                                 Eval/Return |             711 |
-----------------------------------------------------------------
-----------------------------------------------------------------
|                                 Train/Steps |        3.85e+06 |
|                            Loss/Loss_critic |          0.0864 |
|                             Loss/Loss_actor |           -46.8 |
|                             Loss/Loss_alpha |         0.00438 |
|               Loss/Loss_state_action_metric |            3.01 |
|                      Loss/Loss_state_metric |            1.47 |
|             Loss/Loss_state_action_to_state |         0.00445 |
|                           Loss/Act_rep_loss |          0.0205 |
|                                   SAC/Alpha |          0.0336 |
|                              SAC/LogPi_mean |           0.475 |
|                                 SAC/Q1_mean |            46.8 |
|                                 SAC/Q2_mean |            46.8 |
|                            Norm/actor_model |             159 |
|                           Norm/critic_model |             128 |
|              Norm/state_action_metric_model |             127 |
|                     Norm/state_metric_model |             173 |
|        Norm/state_action_state_metric_model |             132 |
|                  Metric/self_state_distance |          0.0125 |
|                 Metric/cross_state_distance |            2.53 |
|           Metric/self_state_action_distance |         0.00637 |
|          Metric/cross_state_action_distance |            3.57 |
|             Metric/avg_self_state_asymmetry |               0 |
|            Metric/avg_cross_state_asymmetry |          0.0358 |
|                Metric/avg_self_sa_asymmetry |               0 |
|               Metric/avg_cross_sa_asymmetry |          0.0339 |
|  Metric/self_state_action_to_state_distance |          0.0266 |
| Metric/cross_state_action_to_state_distance |            3.54 |
|                   Metric/h_lambda_diff_self |          0.0223 |
|                  Metric/h_lambda_diff_cross |          0.0675 |
|                                 Eval/Return |             706 |
-----------------------------------------------------------------
-----------------------------------------------------------------
|                                 Train/Steps |        3.98e+06 |
|                            Loss/Loss_critic |          0.0841 |
|                             Loss/Loss_actor |           -51.6 |
|                             Loss/Loss_alpha |        0.000747 |
|               Loss/Loss_state_action_metric |            3.35 |
|                      Loss/Loss_state_metric |            1.43 |
|             Loss/Loss_state_action_to_state |         0.00259 |
|                           Loss/Act_rep_loss |          0.0181 |
|                                   SAC/Alpha |          0.0281 |
|                              SAC/LogPi_mean |           0.426 |
|                                 SAC/Q1_mean |            51.7 |
|                                 SAC/Q2_mean |            51.6 |
|                            Norm/actor_model |             162 |
|                           Norm/critic_model |             128 |
|              Norm/state_action_metric_model |             129 |
|                     Norm/state_metric_model |             177 |
|        Norm/state_action_state_metric_model |             134 |
|                  Metric/self_state_distance |         0.00788 |
|                 Metric/cross_state_distance |            2.52 |
|           Metric/self_state_action_distance |            0.01 |
|          Metric/cross_state_action_distance |            3.59 |
|             Metric/avg_self_state_asymmetry |               0 |
|            Metric/avg_cross_state_asymmetry |          0.0344 |
|                Metric/avg_self_sa_asymmetry |               0 |
|               Metric/avg_cross_sa_asymmetry |          0.0328 |
|  Metric/self_state_action_to_state_distance |          0.0105 |
| Metric/cross_state_action_to_state_distance |            3.57 |
|                   Metric/h_lambda_diff_self |          0.0113 |
|                  Metric/h_lambda_diff_cross |          0.0471 |
|                                 Eval/Return |             664 |
-----------------------------------------------------------------
-----------------------------------------------------------------
|                                 Train/Steps |         4.1e+06 |
|                            Loss/Loss_critic |          0.0558 |
|                             Loss/Loss_actor |           -55.8 |
|                             Loss/Loss_alpha |         0.00106 |
|               Loss/Loss_state_action_metric |            3.26 |
|                      Loss/Loss_state_metric |            1.47 |
|             Loss/Loss_state_action_to_state |         0.00348 |
|                           Loss/Act_rep_loss |          0.0167 |
|                                   SAC/Alpha |          0.0297 |
|                              SAC/LogPi_mean |            0.46 |
|                                 SAC/Q1_mean |            55.9 |
|                                 SAC/Q2_mean |            55.8 |
|                            Norm/actor_model |             165 |
|                           Norm/critic_model |             129 |
|              Norm/state_action_metric_model |             132 |
|                     Norm/state_metric_model |             180 |
|        Norm/state_action_state_metric_model |             135 |
|                  Metric/self_state_distance |         0.00589 |
|                 Metric/cross_state_distance |             2.6 |
|           Metric/self_state_action_distance |          0.0216 |
|          Metric/cross_state_action_distance |            3.68 |
|             Metric/avg_self_state_asymmetry |               0 |
|            Metric/avg_cross_state_asymmetry |          0.0355 |
|                Metric/avg_self_sa_asymmetry |               0 |
|               Metric/avg_cross_sa_asymmetry |          0.0308 |
|  Metric/self_state_action_to_state_distance |         0.00647 |
| Metric/cross_state_action_to_state_distance |            3.69 |
|                   Metric/h_lambda_diff_self |          0.0199 |
|                  Metric/h_lambda_diff_cross |          0.0399 |
|                                 Eval/Return |             709 |
-----------------------------------------------------------------
[32mSaving model …[0m
[32mDone.[0m
[32mSaving model …[0m
[32mDone.[0m
-----------------------------------------------------------------
|                                 Train/Steps |        4.23e+06 |
|                            Loss/Loss_critic |           0.106 |
|                             Loss/Loss_actor |           -56.2 |
|                             Loss/Loss_alpha |        -0.00298 |
|               Loss/Loss_state_action_metric |            3.47 |
|                      Loss/Loss_state_metric |            1.53 |
|             Loss/Loss_state_action_to_state |         0.00321 |
|                           Loss/Act_rep_loss |          0.0228 |
|                                   SAC/Alpha |          0.0232 |
|                              SAC/LogPi_mean |           0.626 |
|                                 SAC/Q1_mean |            56.1 |
|                                 SAC/Q2_mean |            56.2 |
|                            Norm/actor_model |             168 |
|                           Norm/critic_model |             129 |
|              Norm/state_action_metric_model |             134 |
|                     Norm/state_metric_model |             185 |
|        Norm/state_action_state_metric_model |             137 |
|                  Metric/self_state_distance |         0.00782 |
|                 Metric/cross_state_distance |            2.63 |
|           Metric/self_state_action_distance |          0.0412 |
|          Metric/cross_state_action_distance |            3.75 |
|             Metric/avg_self_state_asymmetry |               0 |
|            Metric/avg_cross_state_asymmetry |           0.036 |
|                Metric/avg_self_sa_asymmetry |               0 |
|               Metric/avg_cross_sa_asymmetry |          0.0362 |
|  Metric/self_state_action_to_state_distance |         0.00786 |
| Metric/cross_state_action_to_state_distance |            3.73 |
|                   Metric/h_lambda_diff_self |          0.0393 |
|                  Metric/h_lambda_diff_cross |          0.0557 |
|                                 Eval/Return |             708 |
-----------------------------------------------------------------
-----------------------------------------------------------------
|                                 Train/Steps |        4.36e+06 |
|                            Loss/Loss_critic |          0.0909 |
|                             Loss/Loss_actor |           -58.6 |
|                             Loss/Loss_alpha |       -6.85e-05 |
|               Loss/Loss_state_action_metric |            3.46 |
|                      Loss/Loss_state_metric |            1.61 |
|             Loss/Loss_state_action_to_state |         0.00356 |
|                           Loss/Act_rep_loss |          0.0122 |
|                                   SAC/Alpha |          0.0222 |
|                              SAC/LogPi_mean |           0.531 |
|                                 SAC/Q1_mean |            58.6 |
|                                 SAC/Q2_mean |            58.5 |
|                            Norm/actor_model |             171 |
|                           Norm/critic_model |             130 |
|              Norm/state_action_metric_model |             137 |
|                     Norm/state_metric_model |             189 |
|        Norm/state_action_state_metric_model |             139 |
|                  Metric/self_state_distance |         0.00828 |
|                 Metric/cross_state_distance |            2.69 |
|           Metric/self_state_action_distance |         0.00493 |
|          Metric/cross_state_action_distance |            3.77 |
|             Metric/avg_self_state_asymmetry |               0 |
|            Metric/avg_cross_state_asymmetry |          0.0299 |
|                Metric/avg_self_sa_asymmetry |               0 |
|               Metric/avg_cross_sa_asymmetry |          0.0327 |
|  Metric/self_state_action_to_state_distance |          0.0134 |
| Metric/cross_state_action_to_state_distance |            3.75 |
|                   Metric/h_lambda_diff_self |          0.0114 |
|                  Metric/h_lambda_diff_cross |          0.0532 |
|                                 Eval/Return |             716 |
-----------------------------------------------------------------
-----------------------------------------------------------------
|                                 Train/Steps |        4.49e+06 |
|                            Loss/Loss_critic |          0.0499 |
|                             Loss/Loss_actor |           -63.6 |
|                             Loss/Loss_alpha |         0.00422 |
|               Loss/Loss_state_action_metric |            3.31 |
|                      Loss/Loss_state_metric |            1.39 |
|             Loss/Loss_state_action_to_state |         0.00298 |
|                           Loss/Act_rep_loss |           0.017 |
|                                   SAC/Alpha |          0.0229 |
|                              SAC/LogPi_mean |           0.296 |
|                                 SAC/Q1_mean |            63.6 |
|                                 SAC/Q2_mean |            63.6 |
|                            Norm/actor_model |             174 |
|                           Norm/critic_model |             130 |
|              Norm/state_action_metric_model |             139 |
|                     Norm/state_metric_model |             192 |
|        Norm/state_action_state_metric_model |             141 |
|                  Metric/self_state_distance |         0.00653 |
|                 Metric/cross_state_distance |            2.55 |
|           Metric/self_state_action_distance |          0.0137 |
|          Metric/cross_state_action_distance |            3.63 |
|             Metric/avg_self_state_asymmetry |               0 |
|            Metric/avg_cross_state_asymmetry |           0.029 |
|                Metric/avg_self_sa_asymmetry |               0 |
|               Metric/avg_cross_sa_asymmetry |          0.0336 |
|  Metric/self_state_action_to_state_distance |         0.00499 |
| Metric/cross_state_action_to_state_distance |            3.62 |
|                   Metric/h_lambda_diff_self |          0.0129 |
|                  Metric/h_lambda_diff_cross |          0.0415 |
|                                 Eval/Return |             713 |
-----------------------------------------------------------------
E0902 19:58:05.532918   65387 cuda_executor.cc:1526] Could not get kernel mode driver version: (INVALID_ARGUMENT: Version does not match the format X.Y.Z)
E0902 19:58:05.541391   65278 cuda_executor.cc:1526] Could not get kernel mode driver version: (INVALID_ARGUMENT: Version does not match the format X.Y.Z)
[32mStart prefilling replay buffer[0m
[32mStart SAC training[0m
[32m{'log_freq': 1000, 'save_freq': 1000000, 'eval_episode_freq': 10, 'hidden_size': 256, 'lr': 0.001, 'max_grad_norm': 0.0, 'gamma': 0.99, 'update_tau': 0.005, 'train_per_step': 8, 'episode_length': 1000, 'warmup_samples': 8192, 'max_replay_size': 4000000, 'batch_size': 512, 'total_env_steps': 5000000, 'init_temperature': 0.1, 'nstep': 3, 'bootstrap_on_truncation': True, 'rep_lr_scale': 1.5, 'vis_feq': 100000, 'n_vis_frames': 4, 'num_envs': 128, 'grad_steps': 50, 'transfer_freq': 10, 'transfer_steps': 8, 'reward_scaling': 1.0, 'num_eval_envs': 128, 'target_entropy': -0.5}[0m
[32m[nstep] nstep=3 bootstrap_on_truncation=True (discount from the buffer already contains gamma^nstep)[0m
-----------------------------------------------------------------
|                                 Train/Steps |        1.36e+05 |
|                            Loss/Loss_critic |        2.11e-06 |
|                             Loss/Loss_actor |           -0.17 |
|                             Loss/Loss_alpha |         0.00183 |
|               Loss/Loss_state_action_metric |         0.00343 |
|                      Loss/Loss_state_metric |          0.0028 |
|             Loss/Loss_state_action_to_state |        2.92e-05 |
|                           Loss/Act_rep_loss |           0.161 |
|                                   SAC/Alpha |         0.00157 |
|                              SAC/LogPi_mean |          -0.665 |
|                                 SAC/Q1_mean |            0.17 |
|                                 SAC/Q2_mean |           0.169 |
|                            Norm/actor_model |            19.7 |
|                           Norm/critic_model |              24 |
|              Norm/state_action_metric_model |            30.6 |
|                     Norm/state_metric_model |            30.7 |
|        Norm/state_action_state_metric_model |            30.7 |
|                  Metric/self_state_distance |         0.00423 |
|                 Metric/cross_state_distance |           0.913 |
|           Metric/self_state_action_distance |         0.00631 |
|          Metric/cross_state_action_distance |           0.894 |
|             Metric/avg_self_state_asymmetry |               0 |
|            Metric/avg_cross_state_asymmetry |         0.00247 |
|                Metric/avg_self_sa_asymmetry |               0 |
|               Metric/avg_cross_sa_asymmetry |         0.00318 |
|  Metric/self_state_action_to_state_distance |         0.00276 |
| Metric/cross_state_action_to_state_distance |           0.895 |
|                   Metric/h_lambda_diff_self |         0.00358 |
|                  Metric/h_lambda_diff_cross |         0.00377 |
|                                 Eval/Return |               0 |
-----------------------------------------------------------------
-----------------------------------------------------------------
|                                 Train/Steps |        2.64e+05 |
|                            Loss/Loss_critic |        8.74e-08 |
|                             Loss/Loss_actor |         -0.0538 |
|                             Loss/Loss_alpha |        6.29e-05 |
|               Loss/Loss_state_action_metric |          0.0025 |
|                      Loss/Loss_state_metric |          0.0019 |
|             Loss/Loss_state_action_to_state |        2.69e-05 |
|                           Loss/Act_rep_loss |           0.158 |
|                                   SAC/Alpha |        7.71e-05 |
|                              SAC/LogPi_mean |           -0.31 |
|                                 SAC/Q1_mean |          0.0538 |
|                                 SAC/Q2_mean |          0.0538 |
|                            Norm/actor_model |            28.3 |
|                           Norm/critic_model |            24.5 |
|              Norm/state_action_metric_model |            31.6 |
|                     Norm/state_metric_model |              32 |
|        Norm/state_action_state_metric_model |            32.4 |
|                  Metric/self_state_distance |         0.00266 |
|                 Metric/cross_state_distance |           0.921 |
|           Metric/self_state_action_distance |         0.00347 |
|          Metric/cross_state_action_distance |           0.901 |
|             Metric/avg_self_state_asymmetry |               0 |
|            Metric/avg_cross_state_asymmetry |         0.00327 |
|                Metric/avg_self_sa_asymmetry |               0 |
|               Metric/avg_cross_sa_asymmetry |         0.00125 |
|  Metric/self_state_action_to_state_distance |         0.00418 |
| Metric/cross_state_action_to_state_distance |           0.901 |
|                   Metric/h_lambda_diff_self |         0.00106 |
|                  Metric/h_lambda_diff_cross |         0.00301 |
|                                 Eval/Return |               0 |
-----------------------------------------------------------------
-----------------------------------------------------------------
|                                 Train/Steps |        3.92e+05 |
|                            Loss/Loss_critic |        3.23e-06 |
|                             Loss/Loss_actor |         -0.0168 |
|                             Loss/Loss_alpha |       -5.42e-07 |
|               Loss/Loss_state_action_metric |         0.00205 |
|                      Loss/Loss_state_metric |         0.00143 |
|             Loss/Loss_state_action_to_state |        1.42e-05 |
|                           Loss/Act_rep_loss |           0.146 |
|                                   SAC/Alpha |        7.34e-05 |
|                              SAC/LogPi_mean |           0.566 |
|                                 SAC/Q1_mean |          0.0182 |
|                                 SAC/Q2_mean |          0.0169 |
|                            Norm/actor_model |            34.8 |
|                           Norm/critic_model |            25.4 |
|              Norm/state_action_metric_model |            32.9 |
|                     Norm/state_metric_model |            33.9 |
|        Norm/state_action_state_metric_model |            35.5 |
|                  Metric/self_state_distance |         0.00271 |
|                 Metric/cross_state_distance |           0.928 |
|           Metric/self_state_action_distance |         0.00401 |
|          Metric/cross_state_action_distance |           0.915 |
|             Metric/avg_self_state_asymmetry |               0 |
|            Metric/avg_cross_state_asymmetry |         0.00676 |
|                Metric/avg_self_sa_asymmetry |               0 |
|               Metric/avg_cross_sa_asymmetry |         0.00453 |
|  Metric/self_state_action_to_state_distance |          0.0033 |
| Metric/cross_state_action_to_state_distance |           0.909 |
|                   Metric/h_lambda_diff_self |         0.00116 |
|                  Metric/h_lambda_diff_cross |         0.00676 |
|                                 Eval/Return |               0 |
-----------------------------------------------------------------
-----------------------------------------------------------------
|                                 Train/Steps |         5.2e+05 |
|                            Loss/Loss_critic |        0.000897 |
|                             Loss/Loss_actor |          0.0228 |
|                             Loss/Loss_alpha |        -8.2e-05 |
|               Loss/Loss_state_action_metric |         0.00936 |
|                      Loss/Loss_state_metric |          0.0028 |
|             Loss/Loss_state_action_to_state |         0.00127 |
|                           Loss/Act_rep_loss |           0.118 |
|                                   SAC/Alpha |        0.000301 |
|                              SAC/LogPi_mean |           0.626 |
|                                 SAC/Q1_mean |         -0.0147 |
|                                 SAC/Q2_mean |          -0.016 |
|                            Norm/actor_model |            43.2 |
|                           Norm/critic_model |            31.9 |
|              Norm/state_action_metric_model |            37.3 |
|                     Norm/state_metric_model |            37.9 |
|        Norm/state_action_state_metric_model |            40.3 |
|                  Metric/self_state_distance |         0.00499 |
|                 Metric/cross_state_distance |           0.962 |
|           Metric/self_state_action_distance |           0.026 |
|          Metric/cross_state_action_distance |            0.94 |
|             Metric/avg_self_state_asymmetry |               0 |
|            Metric/avg_cross_state_asymmetry |         0.00741 |
|                Metric/avg_self_sa_asymmetry |               0 |
|               Metric/avg_cross_sa_asymmetry |         0.00917 |
|  Metric/self_state_action_to_state_distance |         0.00869 |
| Metric/cross_state_action_to_state_distance |           0.938 |
|                   Metric/h_lambda_diff_self |           0.023 |
|                  Metric/h_lambda_diff_cross |          0.0148 |
|                                 Eval/Return |               0 |
-----------------------------------------------------------------
-----------------------------------------------------------------
|                                 Train/Steps |        6.48e+05 |
|                            Loss/Loss_critic |         0.00156 |
|                             Loss/Loss_actor |          -0.122 |
|                             Loss/Loss_alpha |        0.000183 |
|               Loss/Loss_state_action_metric |          0.0181 |
|                      Loss/Loss_state_metric |         0.00885 |
|             Loss/Loss_state_action_to_state |         0.00107 |
|                           Loss/Act_rep_loss |          0.0779 |
|                                   SAC/Alpha |          0.0013 |
|                              SAC/LogPi_mean |           0.393 |
|                                 SAC/Q1_mean |           0.127 |
|                                 SAC/Q2_mean |           0.131 |
|                            Norm/actor_model |            50.1 |
|                           Norm/critic_model |            37.2 |
|              Norm/state_action_metric_model |            40.5 |
|                     Norm/state_metric_model |            42.9 |
|        Norm/state_action_state_metric_model |            45.8 |
|                  Metric/self_state_distance |         0.00592 |
|                 Metric/cross_state_distance |               1 |
|           Metric/self_state_action_distance |         0.00976 |
|          Metric/cross_state_action_distance |           0.992 |
|             Metric/avg_self_state_asymmetry |               0 |
|            Metric/avg_cross_state_asymmetry |         0.00977 |
|                Metric/avg_self_sa_asymmetry |               0 |
|               Metric/avg_cross_sa_asymmetry |          0.0152 |
|  Metric/self_state_action_to_state_distance |         0.00802 |
| Metric/cross_state_action_to_state_distance |           0.998 |
|                   Metric/h_lambda_diff_self |         0.00834 |
|                  Metric/h_lambda_diff_cross |          0.0207 |
|                                 Eval/Return |            32.5 |
-----------------------------------------------------------------
-----------------------------------------------------------------
|                                 Train/Steps |        7.76e+05 |
|                            Loss/Loss_critic |         0.00245 |
|                             Loss/Loss_actor |          -0.251 |
|                             Loss/Loss_alpha |       -9.18e-05 |
|               Loss/Loss_state_action_metric |          0.0302 |
|                      Loss/Loss_state_metric |          0.0149 |
|             Loss/Loss_state_action_to_state |         0.00185 |
|                           Loss/Act_rep_loss |           0.076 |
|                                   SAC/Alpha |         0.00163 |
|                              SAC/LogPi_mean |           0.628 |
|                                 SAC/Q1_mean |           0.259 |
|                                 SAC/Q2_mean |           0.265 |
|                            Norm/actor_model |            56.4 |
|                           Norm/critic_model |            42.4 |
|              Norm/state_action_metric_model |            44.9 |
|                     Norm/state_metric_model |            47.7 |
|        Norm/state_action_state_metric_model |            52.8 |
|                  Metric/self_state_distance |         0.00593 |
|                 Metric/cross_state_distance |            1.01 |
|           Metric/self_state_action_distance |         0.00722 |
|          Metric/cross_state_action_distance |            1.02 |
|             Metric/avg_self_state_asymmetry |               0 |
|            Metric/avg_cross_state_asymmetry |         0.00833 |
|                Metric/avg_self_sa_asymmetry |               0 |
|               Metric/avg_cross_sa_asymmetry |          0.0141 |
|  Metric/self_state_action_to_state_distance |          0.0228 |
| Metric/cross_state_action_to_state_distance |            1.01 |
|                   Metric/h_lambda_diff_self |           0.018 |
|                  Metric/h_lambda_diff_cross |          0.0258 |
|                                 Eval/Return |               0 |
-----------------------------------------------------------------
-----------------------------------------------------------------
|                                 Train/Steps |        9.04e+05 |
|                            Loss/Loss_critic |         0.00393 |
|                             Loss/Loss_actor |          -0.576 |
|                             Loss/Loss_alpha |        0.000536 |
|               Loss/Loss_state_action_metric |          0.0378 |
|                      Loss/Loss_state_metric |          0.0171 |
|             Loss/Loss_state_action_to_state |         0.00156 |
|                           Loss/Act_rep_loss |           0.071 |
|                                   SAC/Alpha |          0.0034 |
|                              SAC/LogPi_mean |           0.298 |
|                                 SAC/Q1_mean |           0.574 |
|                                 SAC/Q2_mean |           0.596 |
|                            Norm/actor_model |            63.4 |
|                           Norm/critic_model |            46.5 |
|              Norm/state_action_metric_model |            48.8 |
|                     Norm/state_metric_model |            52.7 |
|        Norm/state_action_state_metric_model |              58 |
|                  Metric/self_state_distance |         0.00657 |
|                 Metric/cross_state_distance |            1.04 |
|           Metric/self_state_action_distance |          0.0154 |
|          Metric/cross_state_action_distance |            1.05 |
|             Metric/avg_self_state_asymmetry |               0 |
|            Metric/avg_cross_state_asymmetry |         0.00798 |
|                Metric/avg_self_sa_asymmetry |               0 |
|               Metric/avg_cross_sa_asymmetry |          0.0132 |
|  Metric/self_state_action_to_state_distance |         0.00549 |
| Metric/cross_state_action_to_state_distance |            1.04 |
|                   Metric/h_lambda_diff_self |          0.0132 |
|                  Metric/h_lambda_diff_cross |          0.0186 |
|                                 Eval/Return |            33.2 |
-----------------------------------------------------------------
-----------------------------------------------------------------
|                                 Train/Steps |        1.03e+06 |
|                            Loss/Loss_critic |         0.00467 |
|                             Loss/Loss_actor |           -1.05 |
|                             Loss/Loss_alpha |       -0.000615 |
|               Loss/Loss_state_action_metric |          0.0752 |
|                      Loss/Loss_state_metric |           0.033 |
|             Loss/Loss_state_action_to_state |         0.00153 |
|                           Loss/Act_rep_loss |          0.0697 |
|                                   SAC/Alpha |         0.00444 |
|                              SAC/LogPi_mean |           0.688 |
|                                 SAC/Q1_mean |            1.05 |
|                                 SAC/Q2_mean |            1.08 |
|                            Norm/actor_model |            69.5 |
|                           Norm/critic_model |            49.5 |
|              Norm/state_action_metric_model |            52.6 |
|                     Norm/state_metric_model |            57.4 |
|        Norm/state_action_state_metric_model |            62.5 |
|                  Metric/self_state_distance |         0.00726 |
|                 Metric/cross_state_distance |            1.06 |
|           Metric/self_state_action_distance |          0.0197 |
|          Metric/cross_state_action_distance |            1.07 |
|             Metric/avg_self_state_asymmetry |               0 |
|            Metric/avg_cross_state_asymmetry |         0.00792 |
|                Metric/avg_self_sa_asymmetry |               0 |
|               Metric/avg_cross_sa_asymmetry |          0.0125 |
|  Metric/self_state_action_to_state_distance |         0.00371 |
| Metric/cross_state_action_to_state_distance |            1.08 |
|                   Metric/h_lambda_diff_self |          0.0185 |
|                  Metric/h_lambda_diff_cross |          0.0206 |
|                                 Eval/Return |            50.5 |
-----------------------------------------------------------------
[32mSaving model …[0m
[32mDone.[0m
[32mSaving model …[0m
[32mDone.[0m
-----------------------------------------------------------------
|                                 Train/Steps |        1.16e+06 |
|                            Loss/Loss_critic |           0.012 |
|                             Loss/Loss_actor |           -1.54 |
|                             Loss/Loss_alpha |        0.000726 |
|               Loss/Loss_state_action_metric |           0.169 |
|                      Loss/Loss_state_metric |          0.0683 |
|             Loss/Loss_state_action_to_state |         0.00196 |
|                           Loss/Act_rep_loss |          0.0478 |
|                                   SAC/Alpha |         0.00601 |
|                              SAC/LogPi_mean |           0.451 |
|                                 SAC/Q1_mean |            1.55 |
|                                 SAC/Q2_mean |            1.56 |
|                            Norm/actor_model |            74.9 |
|                           Norm/critic_model |            52.6 |
|              Norm/state_action_metric_model |            56.2 |
|                     Norm/state_metric_model |            62.7 |
|        Norm/state_action_state_metric_model |            67.1 |
|                  Metric/self_state_distance |          0.0104 |
|                 Metric/cross_state_distance |            1.12 |
|           Metric/self_state_action_distance |          0.0136 |
|          Metric/cross_state_action_distance |            1.17 |
|             Metric/avg_self_state_asymmetry |               0 |
|            Metric/avg_cross_state_asymmetry |          0.0108 |
|                Metric/avg_self_sa_asymmetry |               0 |
|               Metric/avg_cross_sa_asymmetry |          0.0201 |
|  Metric/self_state_action_to_state_distance |          0.0117 |
| Metric/cross_state_action_to_state_distance |            1.16 |
|                   Metric/h_lambda_diff_self |          0.0157 |
|                  Metric/h_lambda_diff_cross |          0.0261 |
|                                 Eval/Return |            90.6 |
-----------------------------------------------------------------
-----------------------------------------------------------------
|                                 Train/Steps |        1.29e+06 |
|                            Loss/Loss_critic |         0.00864 |
|                             Loss/Loss_actor |              -2 |
|                             Loss/Loss_alpha |        7.01e-05 |
|               Loss/Loss_state_action_metric |           0.217 |
|                      Loss/Loss_state_metric |          0.0805 |
|             Loss/Loss_state_action_to_state |         0.00247 |
|                           Loss/Act_rep_loss |          0.0419 |
|                                   SAC/Alpha |           0.009 |
|                              SAC/LogPi_mean |           0.498 |
|                                 SAC/Q1_mean |            2.01 |
|                                 SAC/Q2_mean |               2 |
|                            Norm/actor_model |            79.7 |
|                           Norm/critic_model |            56.4 |
|              Norm/state_action_metric_model |            60.4 |
|                     Norm/state_metric_model |            69.6 |
|        Norm/state_action_state_metric_model |            72.1 |
|                  Metric/self_state_distance |          0.0165 |
|                 Metric/cross_state_distance |            1.13 |
|           Metric/self_state_action_distance |          0.0167 |
|          Metric/cross_state_action_distance |            1.18 |
|             Metric/avg_self_state_asymmetry |               0 |
|            Metric/avg_cross_state_asymmetry |          0.0137 |
|                Metric/avg_self_sa_asymmetry |               0 |
|               Metric/avg_cross_sa_asymmetry |          0.0268 |
|  Metric/self_state_action_to_state_distance |         0.00949 |
| Metric/cross_state_action_to_state_distance |             1.2 |
|                   Metric/h_lambda_diff_self |           0.016 |
|                  Metric/h_lambda_diff_cross |          0.0363 |
|                                 Eval/Return |             141 |
-----------------------------------------------------------------
-----------------------------------------------------------------
|                                 Train/Steps |        1.42e+06 |
|                            Loss/Loss_critic |          0.0172 |
|                             Loss/Loss_actor |           -3.92 |
|                             Loss/Loss_alpha |        -0.00136 |
|               Loss/Loss_state_action_metric |           0.431 |
|                      Loss/Loss_state_metric |           0.196 |
|             Loss/Loss_state_action_to_state |         0.00864 |
|                           Loss/Act_rep_loss |          0.0291 |
|                                   SAC/Alpha |          0.0124 |
|                              SAC/LogPi_mean |            0.52 |
|                                 SAC/Q1_mean |            3.93 |
|                                 SAC/Q2_mean |            3.96 |
|                            Norm/actor_model |            84.3 |
|                           Norm/critic_model |            62.3 |
|              Norm/state_action_metric_model |            64.6 |
|                     Norm/state_metric_model |            75.8 |
|        Norm/state_action_state_metric_model |            76.7 |
|                  Metric/self_state_distance |         0.00606 |
|                 Metric/cross_state_distance |            1.28 |
|           Metric/self_state_action_distance |          0.0139 |
|          Metric/cross_state_action_distance |            1.42 |
|             Metric/avg_self_state_asymmetry |               0 |
|            Metric/avg_cross_state_asymmetry |          0.0187 |
|                Metric/avg_self_sa_asymmetry |               0 |
|               Metric/avg_cross_sa_asymmetry |          0.0551 |
|  Metric/self_state_action_to_state_distance |          0.0134 |
| Metric/cross_state_action_to_state_distance |            1.43 |
|                   Metric/h_lambda_diff_self |          0.0147 |
|                  Metric/h_lambda_diff_cross |          0.0565 |
|                                 Eval/Return |             164 |
-----------------------------------------------------------------
-----------------------------------------------------------------
|                                 Train/Steps |        1.54e+06 |
|                            Loss/Loss_critic |          0.0333 |
|                             Loss/Loss_actor |            -4.5 |
|                             Loss/Loss_alpha |       -0.000163 |
|               Loss/Loss_state_action_metric |           0.458 |
|                      Loss/Loss_state_metric |           0.147 |
|             Loss/Loss_state_action_to_state |         0.00562 |
|                           Loss/Act_rep_loss |          0.0232 |
|                                   SAC/Alpha |          0.0159 |
|                              SAC/LogPi_mean |           0.536 |
|                                 SAC/Q1_mean |            4.49 |
|                                 SAC/Q2_mean |            4.62 |
|                            Norm/actor_model |            88.7 |
|                           Norm/critic_model |            71.8 |
|              Norm/state_action_metric_model |            69.4 |
|                     Norm/state_metric_model |            82.1 |
|        Norm/state_action_state_metric_model |            81.7 |
|                  Metric/self_state_distance |          0.0109 |
|                 Metric/cross_state_distance |            1.23 |
|           Metric/self_state_action_distance |          0.0303 |
|          Metric/cross_state_action_distance |            1.41 |
|             Metric/avg_self_state_asymmetry |               0 |
|            Metric/avg_cross_state_asymmetry |          0.0221 |
|                Metric/avg_self_sa_asymmetry |               0 |
|               Metric/avg_cross_sa_asymmetry |          0.0543 |
|  Metric/self_state_action_to_state_distance |          0.0121 |
| Metric/cross_state_action_to_state_distance |            1.39 |
|                   Metric/h_lambda_diff_self |          0.0242 |
|                  Metric/h_lambda_diff_cross |          0.0547 |
|                                 Eval/Return |             153 |
-----------------------------------------------------------------
-----------------------------------------------------------------
|                                 Train/Steps |        1.67e+06 |
|                            Loss/Loss_critic |          0.0771 |
|                             Loss/Loss_actor |           -8.15 |
|                             Loss/Loss_alpha |          0.0011 |
|               Loss/Loss_state_action_metric |            1.02 |
|                      Loss/Loss_state_metric |           0.353 |
|             Loss/Loss_state_action_to_state |          0.0079 |
|                           Loss/Act_rep_loss |          0.0229 |
|                                   SAC/Alpha |          0.0216 |
|                              SAC/LogPi_mean |           0.499 |
|                                 SAC/Q1_mean |            8.18 |
|                                 SAC/Q2_mean |            8.17 |
|                            Norm/actor_model |            92.8 |
|                           Norm/critic_model |            80.5 |
|              Norm/state_action_metric_model |            73.8 |
|                     Norm/state_metric_model |            88.7 |
|        Norm/state_action_state_metric_model |            87.1 |
|                  Metric/self_state_distance |          0.0189 |
|                 Metric/cross_state_distance |            1.46 |
|           Metric/self_state_action_distance |          0.0128 |
|          Metric/cross_state_action_distance |            1.84 |
|             Metric/avg_self_state_asymmetry |               0 |
|            Metric/avg_cross_state_asymmetry |          0.0317 |
|                Metric/avg_self_sa_asymmetry |               0 |
|               Metric/avg_cross_sa_asymmetry |          0.0689 |
|  Metric/self_state_action_to_state_distance |          0.0165 |
| Metric/cross_state_action_to_state_distance |            1.85 |
|                   Metric/h_lambda_diff_self |          0.0145 |
|                  Metric/h_lambda_diff_cross |          0.0768 |
|                                 Eval/Return |            15.9 |
-----------------------------------------------------------------
E0902 20:02:08.077917   66967 cuda_executor.cc:1526] Could not get kernel mode driver version: (INVALID_ARGUMENT: Version does not match the format X.Y.Z)
E0902 20:02:08.086333   66858 cuda_executor.cc:1526] Could not get kernel mode driver version: (INVALID_ARGUMENT: Version does not match the format X.Y.Z)
[32mStart prefilling replay buffer[0m
[32mStart SAC training[0m
[32m{'log_freq': 1000, 'save_freq': 1000000, 'eval_episode_freq': 10, 'hidden_size': 256, 'lr': 0.001, 'max_grad_norm': 0.0, 'gamma': 0.99, 'update_tau': 0.005, 'train_per_step': 8, 'episode_length': 1000, 'warmup_samples': 8192, 'max_replay_size': 4000000, 'batch_size': 512, 'total_env_steps': 5000000, 'init_temperature': 0.1, 'nstep': 3, 'bootstrap_on_truncation': True, 'rep_lr_scale': 1.0, 'vis_feq': 100000, 'n_vis_frames': 4, 'num_envs': 128, 'grad_steps': 50, 'transfer_freq': 10, 'transfer_steps': 8, 'reward_scaling': 1.0, 'num_eval_envs': 128, 'target_entropy': -0.5}[0m
[32m[nstep] nstep=3 bootstrap_on_truncation=True (discount from the buffer already contains gamma^nstep)[0m
-----------------------------------------------------------------
|                                 Train/Steps |        1.36e+05 |
|                            Loss/Loss_critic |        1.32e-06 |
|                             Loss/Loss_actor |          -0.172 |
|                             Loss/Loss_alpha |          0.0018 |
|               Loss/Loss_state_action_metric |         0.00346 |
|                      Loss/Loss_state_metric |         0.00284 |
|             Loss/Loss_state_action_to_state |        1.66e-05 |
|                           Loss/Act_rep_loss |           0.161 |
|                                   SAC/Alpha |         0.00157 |
|                              SAC/LogPi_mean |          -0.661 |
|                                 SAC/Q1_mean |           0.171 |
|                                 SAC/Q2_mean |           0.171 |
|                            Norm/actor_model |            19.1 |
|                           Norm/critic_model |              24 |
|              Norm/state_action_metric_model |            30.6 |
|                     Norm/state_metric_model |            30.7 |
|        Norm/state_action_state_metric_model |            30.6 |
|                  Metric/self_state_distance |         0.00375 |
|                 Metric/cross_state_distance |           0.912 |
|           Metric/self_state_action_distance |         0.00603 |
|          Metric/cross_state_action_distance |           0.892 |
|             Metric/avg_self_state_asymmetry |               0 |
|            Metric/avg_cross_state_asymmetry |          0.0017 |
|                Metric/avg_self_sa_asymmetry |               0 |
|               Metric/avg_cross_sa_asymmetry |         0.00239 |
|  Metric/self_state_action_to_state_distance |           0.003 |
| Metric/cross_state_action_to_state_distance |           0.895 |
|                   Metric/h_lambda_diff_self |         0.00314 |
|                  Metric/h_lambda_diff_cross |         0.00373 |
|                                 Eval/Return |               0 |
-----------------------------------------------------------------
-----------------------------------------------------------------
|                                 Train/Steps |        2.64e+05 |
|                            Loss/Loss_critic |        3.38e-08 |
|                             Loss/Loss_actor |          -0.055 |
|                             Loss/Loss_alpha |        4.21e-05 |
|               Loss/Loss_state_action_metric |         0.00263 |
|                      Loss/Loss_state_metric |         0.00219 |
|             Loss/Loss_state_action_to_state |        0.000152 |
|                           Loss/Act_rep_loss |           0.165 |
|                                   SAC/Alpha |        8.97e-05 |
|                              SAC/LogPi_mean |          0.0347 |
|                                 SAC/Q1_mean |           0.055 |
|                                 SAC/Q2_mean |          0.0551 |
|                            Norm/actor_model |            25.8 |
|                           Norm/critic_model |            24.3 |
|              Norm/state_action_metric_model |            31.7 |
|                     Norm/state_metric_model |            32.5 |
|        Norm/state_action_state_metric_model |            32.8 |
|                  Metric/self_state_distance |          0.0034 |
|                 Metric/cross_state_distance |           0.916 |
|           Metric/self_state_action_distance |         0.00346 |
|          Metric/cross_state_action_distance |           0.899 |
|             Metric/avg_self_state_asymmetry |               0 |
|            Metric/avg_cross_state_asymmetry |         0.00206 |
|                Metric/avg_self_sa_asymmetry |               0 |
|               Metric/avg_cross_sa_asymmetry |         0.00126 |
|  Metric/self_state_action_to_state_distance |         0.00243 |
| Metric/cross_state_action_to_state_distance |             0.9 |
|                   Metric/h_lambda_diff_self |         0.00127 |
|                  Metric/h_lambda_diff_cross |         0.00265 |
|                                 Eval/Return |               0 |
-----------------------------------------------------------------
-----------------------------------------------------------------
|                                 Train/Steps |        3.92e+05 |
|                            Loss/Loss_critic |        7.37e-09 |
|                             Loss/Loss_actor |         -0.0162 |
|                             Loss/Loss_alpha |        1.67e-05 |
|               Loss/Loss_state_action_metric |         0.00339 |
|                      Loss/Loss_state_metric |         0.00125 |
|             Loss/Loss_state_action_to_state |        2.34e-06 |
|                           Loss/Act_rep_loss |           0.153 |
|                                   SAC/Alpha |        3.36e-05 |
|                              SAC/LogPi_mean |          0.0876 |
|                                 SAC/Q1_mean |          0.0162 |
|                                 SAC/Q2_mean |          0.0162 |
|                            Norm/actor_model |            32.9 |
|                           Norm/critic_model |            24.3 |
|              Norm/state_action_metric_model |              33 |
|                     Norm/state_metric_model |            33.7 |
|        Norm/state_action_state_metric_model |            36.1 |
|                  Metric/self_state_distance |         0.00222 |
|                 Metric/cross_state_distance |           0.929 |
|           Metric/self_state_action_distance |          0.0143 |
|          Metric/cross_state_action_distance |            0.92 |
|             Metric/avg_self_state_asymmetry |               0 |
|            Metric/avg_cross_state_asymmetry |        0.000841 |
|                Metric/avg_self_sa_asymmetry |               0 |
|               Metric/avg_cross_sa_asymmetry |          0.0143 |
|  Metric/self_state_action_to_state_distance |         0.00158 |
| Metric/cross_state_action_to_state_distance |           0.913 |
|                   Metric/h_lambda_diff_self |          0.0127 |
|                  Metric/h_lambda_diff_cross |           0.015 |
|                                 Eval/Return |               0 |
-----------------------------------------------------------------
-----------------------------------------------------------------
|                                 Train/Steps |         5.2e+05 |
|                            Loss/Loss_critic |        2.93e-05 |
|                             Loss/Loss_actor |        -0.00642 |
|                             Loss/Loss_alpha |       -6.45e-05 |
|               Loss/Loss_state_action_metric |         0.00194 |
|                      Loss/Loss_state_metric |        0.000686 |
|             Loss/Loss_state_action_to_state |        0.000369 |
|                           Loss/Act_rep_loss |          0.0961 |
|                                   SAC/Alpha |        4.43e-05 |
|                              SAC/LogPi_mean |            1.92 |
|                                 SAC/Q1_mean |         0.00752 |
|                                 SAC/Q2_mean |         0.00959 |
|                            Norm/actor_model |            38.9 |
|                           Norm/critic_model |            27.5 |
|              Norm/state_action_metric_model |            34.9 |
|                     Norm/state_metric_model |            35.6 |
|        Norm/state_action_state_metric_model |            39.7 |
|                  Metric/self_state_distance |         0.00296 |
|                 Metric/cross_state_distance |           0.956 |
|           Metric/self_state_action_distance |         0.00362 |
|          Metric/cross_state_action_distance |            0.94 |
|             Metric/avg_self_state_asymmetry |               0 |
|            Metric/avg_cross_state_asymmetry |         0.00281 |
|                Metric/avg_self_sa_asymmetry |               0 |
|               Metric/avg_cross_sa_asymmetry |         0.00486 |
|  Metric/self_state_action_to_state_distance |         0.00255 |
| Metric/cross_state_action_to_state_distance |           0.942 |
|                   Metric/h_lambda_diff_self |         0.00224 |
|                  Metric/h_lambda_diff_cross |         0.00426 |
|                                 Eval/Return |               0 |
-----------------------------------------------------------------
-----------------------------------------------------------------
|                                 Train/Steps |        6.48e+05 |
|                            Loss/Loss_critic |         0.00101 |
|                             Loss/Loss_actor |         0.00474 |
|                             Loss/Loss_alpha |       -1.48e-05 |
|               Loss/Loss_state_action_metric |          0.0467 |
|                      Loss/Loss_state_metric |         0.00298 |
|             Loss/Loss_state_action_to_state |          0.0014 |
|                           Loss/Act_rep_loss |           0.108 |
|                                   SAC/Alpha |        0.000432 |
|                              SAC/LogPi_mean |            0.61 |
|                                 SAC/Q1_mean |         0.00522 |
|                                 SAC/Q2_mean |        -0.00441 |
|                            Norm/actor_model |            46.3 |
|                           Norm/critic_model |            36.4 |
|              Norm/state_action_metric_model |            37.9 |
|                     Norm/state_metric_model |            39.8 |
|        Norm/state_action_state_metric_model |              42 |
|                  Metric/self_state_distance |          0.0106 |
|                 Metric/cross_state_distance |           0.953 |
|           Metric/self_state_action_distance |           0.014 |
|          Metric/cross_state_action_distance |           0.943 |
|             Metric/avg_self_state_asymmetry |               0 |
|            Metric/avg_cross_state_asymmetry |          0.0103 |
|                Metric/avg_self_sa_asymmetry |               0 |
|               Metric/avg_cross_sa_asymmetry |          0.0132 |
|  Metric/self_state_action_to_state_distance |          0.0122 |
| Metric/cross_state_action_to_state_distance |           0.942 |
|                   Metric/h_lambda_diff_self |          0.0102 |
|                  Metric/h_lambda_diff_cross |          0.0186 |
|                                 Eval/Return |               0 |
-----------------------------------------------------------------
-----------------------------------------------------------------
|                                 Train/Steps |        7.76e+05 |
|                            Loss/Loss_critic |          0.0204 |
|                             Loss/Loss_actor |         -0.0975 |
|                             Loss/Loss_alpha |        1.32e-05 |
|               Loss/Loss_state_action_metric |          0.0358 |
|                      Loss/Loss_state_metric |         0.00759 |
|             Loss/Loss_state_action_to_state |         0.00302 |
|                           Loss/Act_rep_loss |          0.0313 |
|                                   SAC/Alpha |         0.00258 |
|                              SAC/LogPi_mean |            0.53 |
|                                 SAC/Q1_mean |           0.119 |
|                                 SAC/Q2_mean |           0.104 |
|                            Norm/actor_model |            53.2 |
|                           Norm/critic_model |            51.3 |
|              Norm/state_action_metric_model |            42.6 |
|                     Norm/state_metric_model |            44.9 |
|        Norm/state_action_state_metric_model |            47.7 |
|                  Metric/self_state_distance |          0.0124 |
|                 Metric/cross_state_distance |            1.01 |
|           Metric/self_state_action_distance |          0.0139 |
|          Metric/cross_state_action_distance |               1 |
|             Metric/avg_self_state_asymmetry |               0 |
|            Metric/avg_cross_state_asymmetry |           0.014 |
|                Metric/avg_self_sa_asymmetry |               0 |
|               Metric/avg_cross_sa_asymmetry |          0.0167 |
|  Metric/self_state_action_to_state_distance |          0.0202 |
| Metric/cross_state_action_to_state_distance |           0.992 |
|                   Metric/h_lambda_diff_self |          0.0149 |
|                  Metric/h_lambda_diff_cross |           0.025 |
|                                 Eval/Return |               0 |
-----------------------------------------------------------------
-----------------------------------------------------------------
|                                 Train/Steps |        9.04e+05 |
|                            Loss/Loss_critic |          0.0491 |
|                             Loss/Loss_actor |          -0.501 |
|                             Loss/Loss_alpha |       -3.93e-05 |
|               Loss/Loss_state_action_metric |           0.116 |
|                      Loss/Loss_state_metric |          0.0305 |
|             Loss/Loss_state_action_to_state |          0.0024 |
|                           Loss/Act_rep_loss |          0.0355 |
|                                   SAC/Alpha |         0.00413 |
|                              SAC/LogPi_mean |           0.524 |
|                                 SAC/Q1_mean |           0.502 |
|                                 SAC/Q2_mean |           0.554 |
|                            Norm/actor_model |            59.8 |
|                           Norm/critic_model |            63.3 |
|              Norm/state_action_metric_model |              48 |
|                     Norm/state_metric_model |            50.4 |
|        Norm/state_action_state_metric_model |            53.5 |
|                  Metric/self_state_distance |          0.0189 |
|                 Metric/cross_state_distance |            1.04 |
|           Metric/self_state_action_distance |          0.0137 |
|          Metric/cross_state_action_distance |            1.07 |
|             Metric/avg_self_state_asymmetry |               0 |
|            Metric/avg_cross_state_asymmetry |          0.0177 |
|                Metric/avg_self_sa_asymmetry |               0 |
|               Metric/avg_cross_sa_asymmetry |          0.0179 |
|  Metric/self_state_action_to_state_distance |          0.0203 |
| Metric/cross_state_action_to_state_distance |            1.07 |
|                   Metric/h_lambda_diff_self |          0.0193 |
|                  Metric/h_lambda_diff_cross |          0.0282 |
|                                 Eval/Return |             135 |
-----------------------------------------------------------------
-----------------------------------------------------------------
|                                 Train/Steps |        1.03e+06 |
|                            Loss/Loss_critic |            0.14 |
|                             Loss/Loss_actor |           -3.37 |
|                             Loss/Loss_alpha |        -0.00048 |
|               Loss/Loss_state_action_metric |           0.377 |
|                      Loss/Loss_state_metric |           0.156 |
|             Loss/Loss_state_action_to_state |         0.00485 |
|                           Loss/Act_rep_loss |          0.0306 |
|                                   SAC/Alpha |         0.00787 |
|                              SAC/LogPi_mean |           0.551 |
|                                 SAC/Q1_mean |            3.43 |
|                                 SAC/Q2_mean |            3.35 |
|                            Norm/actor_model |            65.4 |
|                           Norm/critic_model |            72.7 |
|              Norm/state_action_metric_model |            53.2 |
|                     Norm/state_metric_model |            54.8 |
|        Norm/state_action_state_metric_model |            58.7 |
|                  Metric/self_state_distance |          0.0188 |
|                 Metric/cross_state_distance |            1.18 |
|           Metric/self_state_action_distance |          0.0249 |
|          Metric/cross_state_action_distance |            1.32 |
|             Metric/avg_self_state_asymmetry |               0 |
|            Metric/avg_cross_state_asymmetry |          0.0235 |
|                Metric/avg_self_sa_asymmetry |               0 |
|               Metric/avg_cross_sa_asymmetry |          0.0298 |
|  Metric/self_state_action_to_state_distance |          0.0147 |
| Metric/cross_state_action_to_state_distance |             1.3 |
|                   Metric/h_lambda_diff_self |           0.025 |
|                  Metric/h_lambda_diff_cross |          0.0375 |
|                                 Eval/Return |             770 |
-----------------------------------------------------------------
[32mSaving model …[0m
[32mDone.[0m
[32mSaving model …[0m
[32mDone.[0m
-----------------------------------------------------------------
|                                 Train/Steps |        1.16e+06 |
|                            Loss/Loss_critic |           0.171 |
|                             Loss/Loss_actor |           -11.3 |
|                             Loss/Loss_alpha |        -0.00238 |
|               Loss/Loss_state_action_metric |            1.08 |
|                      Loss/Loss_state_metric |            0.42 |
|             Loss/Loss_state_action_to_state |         0.00405 |
|                           Loss/Act_rep_loss |          0.0295 |
|                                   SAC/Alpha |          0.0152 |
|                              SAC/LogPi_mean |           0.678 |
|                                 SAC/Q1_mean |            11.4 |
|                                 SAC/Q2_mean |            11.3 |
|                            Norm/actor_model |            71.2 |
|                           Norm/critic_model |            81.1 |
|              Norm/state_action_metric_model |            58.5 |
|                     Norm/state_metric_model |            58.8 |
|        Norm/state_action_state_metric_model |            63.4 |
|                  Metric/self_state_distance |           0.023 |
|                 Metric/cross_state_distance |            1.55 |
|           Metric/self_state_action_distance |          0.0231 |
|          Metric/cross_state_action_distance |            1.92 |
|             Metric/avg_self_state_asymmetry |               0 |
|            Metric/avg_cross_state_asymmetry |          0.0354 |
|                Metric/avg_self_sa_asymmetry |               0 |
|               Metric/avg_cross_sa_asymmetry |          0.0368 |
|  Metric/self_state_action_to_state_distance |           0.014 |
| Metric/cross_state_action_to_state_distance |            1.91 |
|                   Metric/h_lambda_diff_self |          0.0178 |
|                  Metric/h_lambda_diff_cross |          0.0476 |
|                                 Eval/Return |             629 |
-----------------------------------------------------------------
-----------------------------------------------------------------
|                                 Train/Steps |        1.29e+06 |
|                            Loss/Loss_critic |           0.116 |
|                             Loss/Loss_actor |           -18.6 |
|                             Loss/Loss_alpha |         0.00243 |
|               Loss/Loss_state_action_metric |            1.75 |
|                      Loss/Loss_state_metric |           0.799 |
|             Loss/Loss_state_action_to_state |         0.00206 |
|                           Loss/Act_rep_loss |           0.026 |
|                                   SAC/Alpha |          0.0298 |
|                              SAC/LogPi_mean |           0.445 |
|                                 SAC/Q1_mean |            18.6 |
|                                 SAC/Q2_mean |            18.5 |
|                            Norm/actor_model |            75.3 |
|                           Norm/critic_model |            88.1 |
|              Norm/state_action_metric_model |              63 |
|                     Norm/state_metric_model |            62.5 |
|        Norm/state_action_state_metric_model |            67.3 |
|                  Metric/self_state_distance |         0.00587 |
|                 Metric/cross_state_distance |            1.89 |
|           Metric/self_state_action_distance |          0.0255 |
|          Metric/cross_state_action_distance |            2.49 |
|             Metric/avg_self_state_asymmetry |               0 |
|            Metric/avg_cross_state_asymmetry |          0.0301 |
|                Metric/avg_self_sa_asymmetry |               0 |
|               Metric/avg_cross_sa_asymmetry |          0.0341 |
|  Metric/self_state_action_to_state_distance |          0.0163 |
| Metric/cross_state_action_to_state_distance |            2.48 |
|                   Metric/h_lambda_diff_self |           0.012 |
|                  Metric/h_lambda_diff_cross |          0.0474 |
|                                 Eval/Return |             636 |
-----------------------------------------------------------------
-----------------------------------------------------------------
|                                 Train/Steps |        1.42e+06 |
|                            Loss/Loss_critic |           0.155 |
|                             Loss/Loss_actor |           -27.3 |
|                             Loss/Loss_alpha |        -0.00369 |
|               Loss/Loss_state_action_metric |            2.11 |
|                      Loss/Loss_state_metric |           0.846 |
|             Loss/Loss_state_action_to_state |         0.00365 |
|                           Loss/Act_rep_loss |          0.0307 |
|                                   SAC/Alpha |          0.0314 |
|                              SAC/LogPi_mean |           0.558 |
|                                 SAC/Q1_mean |            27.3 |
|                                 SAC/Q2_mean |            27.4 |
|                            Norm/actor_model |            79.6 |
|                           Norm/critic_model |            93.2 |
|              Norm/state_action_metric_model |            68.1 |
|                     Norm/state_metric_model |            66.4 |
|        Norm/state_action_state_metric_model |            70.9 |
|                  Metric/self_state_distance |          0.0136 |
|                 Metric/cross_state_distance |            1.97 |
|           Metric/self_state_action_distance |          0.0727 |
|          Metric/cross_state_action_distance |            2.83 |
|             Metric/avg_self_state_asymmetry |               0 |
|            Metric/avg_cross_state_asymmetry |          0.0313 |
|                Metric/avg_self_sa_asymmetry |               0 |
|               Metric/avg_cross_sa_asymmetry |          0.0426 |
|  Metric/self_state_action_to_state_distance |         0.00967 |
| Metric/cross_state_action_to_state_distance |            2.81 |
|                   Metric/h_lambda_diff_self |          0.0666 |
|                  Metric/h_lambda_diff_cross |          0.0651 |
|                                 Eval/Return |             623 |
-----------------------------------------------------------------
-----------------------------------------------------------------
|                                 Train/Steps |        1.54e+06 |
|                            Loss/Loss_critic |           0.195 |
|                             Loss/Loss_actor |           -29.6 |
|                             Loss/Loss_alpha |         0.00144 |
|               Loss/Loss_state_action_metric |            2.15 |
|                      Loss/Loss_state_metric |            0.78 |
|             Loss/Loss_state_action_to_state |         0.00237 |
|                           Loss/Act_rep_loss |          0.0388 |
|                                   SAC/Alpha |          0.0322 |
|                              SAC/LogPi_mean |           0.428 |
|                                 SAC/Q1_mean |            29.8 |
|                                 SAC/Q2_mean |            29.5 |
|                            Norm/actor_model |            84.1 |
|                           Norm/critic_model |            98.4 |
|              Norm/state_action_metric_model |              73 |
|                     Norm/state_metric_model |            70.9 |
|        Norm/state_action_state_metric_model |            74.9 |
|                  Metric/self_state_distance |          0.0121 |
|                 Metric/cross_state_distance |            1.86 |
|           Metric/self_state_action_distance |          0.0262 |
|          Metric/cross_state_action_distance |             2.8 |
|             Metric/avg_self_state_asymmetry |               0 |
|            Metric/avg_cross_state_asymmetry |          0.0361 |
|                Metric/avg_self_sa_asymmetry |               0 |
|               Metric/avg_cross_sa_asymmetry |           0.036 |
|  Metric/self_state_action_to_state_distance |          0.0169 |
| Metric/cross_state_action_to_state_distance |             2.8 |
|                   Metric/h_lambda_diff_self |          0.0133 |
|                  Metric/h_lambda_diff_cross |          0.0435 |
|                                 Eval/Return |             631 |
-----------------------------------------------------------------
-----------------------------------------------------------------
|                                 Train/Steps |        1.67e+06 |
|                            Loss/Loss_critic |           0.208 |
|                             Loss/Loss_actor |           -32.9 |
|                             Loss/Loss_alpha |        -0.00206 |
|               Loss/Loss_state_action_metric |            2.72 |
|                      Loss/Loss_state_metric |             1.1 |
|             Loss/Loss_state_action_to_state |         0.00222 |
|                           Loss/Act_rep_loss |           0.017 |
|                                   SAC/Alpha |          0.0295 |
|                              SAC/LogPi_mean |           0.575 |
|                                 SAC/Q1_mean |            32.9 |
|                                 SAC/Q2_mean |              33 |
|                            Norm/actor_model |            87.9 |
|                           Norm/critic_model |             103 |
|              Norm/state_action_metric_model |            77.3 |
|                     Norm/state_metric_model |            74.5 |
|        Norm/state_action_state_metric_model |            78.9 |
|                  Metric/self_state_distance |          0.0151 |
|                 Metric/cross_state_distance |            2.31 |
|           Metric/self_state_action_distance |          0.0519 |
|          Metric/cross_state_action_distance |            3.19 |
|             Metric/avg_self_state_asymmetry |               0 |
|            Metric/avg_cross_state_asymmetry |          0.0311 |
|                Metric/avg_self_sa_asymmetry |               0 |
|               Metric/avg_cross_sa_asymmetry |          0.0363 |
|  Metric/self_state_action_to_state_distance |         0.00812 |
| Metric/cross_state_action_to_state_distance |            3.15 |
|                   Metric/h_lambda_diff_self |          0.0467 |
|                  Metric/h_lambda_diff_cross |          0.0639 |
|                                 Eval/Return |             788 |
-----------------------------------------------------------------
-----------------------------------------------------------------
|                                 Train/Steps |         1.8e+06 |
|                            Loss/Loss_critic |           0.102 |
|                             Loss/Loss_actor |           -36.5 |
|                             Loss/Loss_alpha |         0.00256 |
|               Loss/Loss_state_action_metric |            2.52 |
|                      Loss/Loss_state_metric |           0.939 |
|             Loss/Loss_state_action_to_state |         0.00269 |
|                           Loss/Act_rep_loss |          0.0482 |
|                                   SAC/Alpha |          0.0263 |
|                              SAC/LogPi_mean |           0.483 |
|                                 SAC/Q1_mean |            36.5 |
|                                 SAC/Q2_mean |            36.4 |
|                            Norm/actor_model |            91.7 |
|                           Norm/critic_model |             106 |
|              Norm/state_action_metric_model |              81 |
|                     Norm/state_metric_model |            79.3 |
|        Norm/state_action_state_metric_model |            82.4 |
|                  Metric/self_state_distance |          0.0216 |
|                 Metric/cross_state_distance |            2.06 |
|           Metric/self_state_action_distance |          0.0203 |
|          Metric/cross_state_action_distance |             3.1 |
|             Metric/avg_self_state_asymmetry |               0 |
|            Metric/avg_cross_state_asymmetry |          0.0474 |
|                Metric/avg_self_sa_asymmetry |               0 |
|               Metric/avg_cross_sa_asymmetry |          0.0524 |
|  Metric/self_state_action_to_state_distance |         0.00552 |
| Metric/cross_state_action_to_state_distance |            3.13 |
|                   Metric/h_lambda_diff_self |          0.0154 |
|                  Metric/h_lambda_diff_cross |          0.0707 |
|                                 Eval/Return |               0 |
-----------------------------------------------------------------
-----------------------------------------------------------------
|                                 Train/Steps |        1.93e+06 |
|                            Loss/Loss_critic |           0.142 |
|                             Loss/Loss_actor |           -43.2 |
|                             Loss/Loss_alpha |         0.00336 |
|               Loss/Loss_state_action_metric |               3 |
|                      Loss/Loss_state_metric |            1.43 |
|             Loss/Loss_state_action_to_state |         0.00195 |
|                           Loss/Act_rep_loss |          0.0205 |
|                                   SAC/Alpha |          0.0243 |
|                              SAC/LogPi_mean |           0.371 |
|                                 SAC/Q1_mean |            43.2 |
|                                 SAC/Q2_mean |            43.2 |
|                            Norm/actor_model |            95.4 |
|                           Norm/critic_model |             110 |
|              Norm/state_action_metric_model |            84.5 |
|                     Norm/state_metric_model |            82.7 |
|        Norm/state_action_state_metric_model |            85.7 |
|                  Metric/self_state_distance |         0.00915 |
|                 Metric/cross_state_distance |            2.51 |
|           Metric/self_state_action_distance |          0.0346 |
|          Metric/cross_state_action_distance |            3.52 |
|             Metric/avg_self_state_asymmetry |               0 |
|            Metric/avg_cross_state_asymmetry |          0.0239 |
|                Metric/avg_self_sa_asymmetry |               0 |
|               Metric/avg_cross_sa_asymmetry |          0.0348 |
|  Metric/self_state_action_to_state_distance |          0.0125 |
| Metric/cross_state_action_to_state_distance |            3.51 |
|                   Metric/h_lambda_diff_self |          0.0229 |
|                  Metric/h_lambda_diff_cross |          0.0419 |
|                                 Eval/Return |             790 |
-----------------------------------------------------------------
-----------------------------------------------------------------
|                                 Train/Steps |        2.06e+06 |
|                            Loss/Loss_critic |           0.249 |
|                             Loss/Loss_actor |           -43.2 |
|                             Loss/Loss_alpha |        -0.00266 |
|               Loss/Loss_state_action_metric |            3.26 |
|                      Loss/Loss_state_metric |            1.38 |
|             Loss/Loss_state_action_to_state |         0.00136 |
|                           Loss/Act_rep_loss |          0.0254 |
|                                   SAC/Alpha |          0.0232 |
|                              SAC/LogPi_mean |           0.554 |
|                                 SAC/Q1_mean |            43.2 |
|                                 SAC/Q2_mean |            43.2 |
|                            Norm/actor_model |            98.8 |
|                           Norm/critic_model |             113 |
|              Norm/state_action_metric_model |            87.8 |
|                     Norm/state_metric_model |              86 |
|        Norm/state_action_state_metric_model |            89.1 |
|                  Metric/self_state_distance |         0.00697 |
|                 Metric/cross_state_distance |            2.52 |
|           Metric/self_state_action_distance |          0.0143 |
|          Metric/cross_state_action_distance |            3.59 |
|             Metric/avg_self_state_asymmetry |               0 |
|            Metric/avg_cross_state_asymmetry |          0.0315 |
|                Metric/avg_self_sa_asymmetry |               0 |
|               Metric/avg_cross_sa_asymmetry |          0.0298 |
|  Metric/self_state_action_to_state_distance |         0.00737 |
| Metric/cross_state_action_to_state_distance |            3.52 |
|                   Metric/h_lambda_diff_self |         0.00896 |
|                  Metric/h_lambda_diff_cross |           0.083 |
|                                 Eval/Return |             782 |
-----------------------------------------------------------------
[32mSaving model …[0m
[32mDone.[0m
[32mSaving model …[0m
[32mDone.[0m
-----------------------------------------------------------------
|                                 Train/Steps |        2.18e+06 |
|                            Loss/Loss_critic |           0.118 |
|                             Loss/Loss_actor |             -47 |
|                             Loss/Loss_alpha |        -0.00179 |
|               Loss/Loss_state_action_metric |            3.36 |
|                      Loss/Loss_state_metric |            1.46 |
|             Loss/Loss_state_action_to_state |         0.00144 |
|                           Loss/Act_rep_loss |          0.0296 |
|                                   SAC/Alpha |           0.021 |
|                              SAC/LogPi_mean |           0.657 |
|                                 SAC/Q1_mean |              47 |
|                                 SAC/Q2_mean |            46.9 |
|                            Norm/actor_model |             102 |
|                           Norm/critic_model |             116 |
|              Norm/state_action_metric_model |            90.9 |
|                     Norm/state_metric_model |            90.2 |
|        Norm/state_action_state_metric_model |            92.2 |
|                  Metric/self_state_distance |         0.00801 |
|                 Metric/cross_state_distance |            2.59 |
|           Metric/self_state_action_distance |          0.0151 |
|          Metric/cross_state_action_distance |             3.7 |
|             Metric/avg_self_state_asymmetry |               0 |
|            Metric/avg_cross_state_asymmetry |          0.0318 |
|                Metric/avg_self_sa_asymmetry |               0 |
|               Metric/avg_cross_sa_asymmetry |          0.0342 |
|  Metric/self_state_action_to_state_distance |          0.0118 |
| Metric/cross_state_action_to_state_distance |            3.68 |
|                   Metric/h_lambda_diff_self |          0.0106 |
|                  Metric/h_lambda_diff_cross |          0.0467 |
|                                 Eval/Return |             791 |
-----------------------------------------------------------------
-----------------------------------------------------------------
|                                 Train/Steps |        2.31e+06 |
|                            Loss/Loss_critic |           0.111 |
|                             Loss/Loss_actor |           -49.1 |
|                             Loss/Loss_alpha |        -0.00259 |
|               Loss/Loss_state_action_metric |            3.38 |
|                      Loss/Loss_state_metric |             1.6 |
|             Loss/Loss_state_action_to_state |         0.00244 |
|                           Loss/Act_rep_loss |          0.0229 |
|                                   SAC/Alpha |          0.0186 |
|                              SAC/LogPi_mean |           0.542 |
|                                 SAC/Q1_mean |              49 |
|                                 SAC/Q2_mean |            49.1 |
|                            Norm/actor_model |             105 |
|                           Norm/critic_model |             119 |
|              Norm/state_action_metric_model |            94.1 |
|                     Norm/state_metric_model |            94.4 |
|        Norm/state_action_state_metric_model |            95.3 |
|                  Metric/self_state_distance |         0.00995 |
|                 Metric/cross_state_distance |            2.68 |
|           Metric/self_state_action_distance |           0.017 |
|          Metric/cross_state_action_distance |             3.8 |
|             Metric/avg_self_state_asymmetry |               0 |
|            Metric/avg_cross_state_asymmetry |          0.0278 |
|                Metric/avg_self_sa_asymmetry |               0 |
|               Metric/avg_cross_sa_asymmetry |          0.0302 |
|  Metric/self_state_action_to_state_distance |         0.00306 |
| Metric/cross_state_action_to_state_distance |            3.79 |
|                   Metric/h_lambda_diff_self |          0.0141 |
|                  Metric/h_lambda_diff_cross |          0.0386 |
|                                 Eval/Return |             788 |
-----------------------------------------------------------------
-----------------------------------------------------------------
|                                 Train/Steps |        2.44e+06 |
|                            Loss/Loss_critic |           0.107 |
|                             Loss/Loss_actor |             -53 |
|                             Loss/Loss_alpha |         0.00124 |
|               Loss/Loss_state_action_metric |            3.39 |
|                      Loss/Loss_state_metric |            1.34 |
|             Loss/Loss_state_action_to_state |         0.00103 |
|                           Loss/Act_rep_loss |          0.0249 |
|                                   SAC/Alpha |           0.017 |
|                              SAC/LogPi_mean |            0.52 |
|                                 SAC/Q1_mean |              53 |
|                                 SAC/Q2_mean |              53 |
|                            Norm/actor_model |             108 |
|                           Norm/critic_model |             123 |
|              Norm/state_action_metric_model |            97.4 |
|                     Norm/state_metric_model |            98.4 |
|        Norm/state_action_state_metric_model |            98.6 |
|                  Metric/self_state_distance |            0.21 |
|                 Metric/cross_state_distance |             2.5 |
|           Metric/self_state_action_distance |          0.0166 |
|          Metric/cross_state_action_distance |            3.63 |
|             Metric/avg_self_state_asymmetry |               0 |
|            Metric/avg_cross_state_asymmetry |          0.0276 |
|                Metric/avg_self_sa_asymmetry |               0 |
|               Metric/avg_cross_sa_asymmetry |           0.033 |
|  Metric/self_state_action_to_state_distance |         0.00355 |
| Metric/cross_state_action_to_state_distance |            3.61 |
|                   Metric/h_lambda_diff_self |          0.0138 |
|                  Metric/h_lambda_diff_cross |          0.0409 |
|                                 Eval/Return |             759 |
-----------------------------------------------------------------
-----------------------------------------------------------------
|                                 Train/Steps |        2.57e+06 |
|                            Loss/Loss_critic |          0.0843 |
|                             Loss/Loss_actor |           -55.7 |
|                             Loss/Loss_alpha |         0.00024 |
|               Loss/Loss_state_action_metric |            3.43 |
|                      Loss/Loss_state_metric |            1.49 |
|             Loss/Loss_state_action_to_state |         0.00122 |
|                           Loss/Act_rep_loss |          0.0196 |
|                                   SAC/Alpha |          0.0171 |
|                              SAC/LogPi_mean |           0.395 |
|                                 SAC/Q1_mean |            55.7 |
|                                 SAC/Q2_mean |            55.8 |
|                            Norm/actor_model |             111 |
|                           Norm/critic_model |             125 |
|              Norm/state_action_metric_model |             100 |
|                     Norm/state_metric_model |             102 |
|        Norm/state_action_state_metric_model |             102 |
|                  Metric/self_state_distance |          0.0141 |
|                 Metric/cross_state_distance |            2.62 |
|           Metric/self_state_action_distance |         0.00998 |
|          Metric/cross_state_action_distance |            3.82 |
|             Metric/avg_self_state_asymmetry |               0 |
|            Metric/avg_cross_state_asymmetry |          0.0255 |
|                Metric/avg_self_sa_asymmetry |               0 |
|               Metric/avg_cross_sa_asymmetry |          0.0293 |
|  Metric/self_state_action_to_state_distance |         0.00276 |
| Metric/cross_state_action_to_state_distance |            3.83 |
|                   Metric/h_lambda_diff_self |         0.00798 |
|                  Metric/h_lambda_diff_cross |           0.043 |
|                                 Eval/Return |             738 |
-----------------------------------------------------------------
-----------------------------------------------------------------
|                                 Train/Steps |         2.7e+06 |
|                            Loss/Loss_critic |           0.129 |
|                             Loss/Loss_actor |           -57.4 |
|                             Loss/Loss_alpha |         0.00145 |
|               Loss/Loss_state_action_metric |            3.14 |
|                      Loss/Loss_state_metric |            1.41 |
|             Loss/Loss_state_action_to_state |         0.00327 |
|                           Loss/Act_rep_loss |          0.0164 |
|                                   SAC/Alpha |           0.016 |
|                              SAC/LogPi_mean |           0.429 |
|                                 SAC/Q1_mean |            57.5 |
|                                 SAC/Q2_mean |            57.4 |
|                            Norm/actor_model |             114 |
|                           Norm/critic_model |             128 |
|              Norm/state_action_metric_model |             103 |
|                     Norm/state_metric_model |             106 |
|        Norm/state_action_state_metric_model |             105 |
|                  Metric/self_state_distance |          0.0106 |
|                 Metric/cross_state_distance |             2.5 |
|           Metric/self_state_action_distance |         0.00922 |
|          Metric/cross_state_action_distance |            3.61 |
|             Metric/avg_self_state_asymmetry |               0 |
|            Metric/avg_cross_state_asymmetry |          0.0278 |
|                Metric/avg_self_sa_asymmetry |               0 |
|               Metric/avg_cross_sa_asymmetry |          0.0371 |
|  Metric/self_state_action_to_state_distance |         0.00426 |
| Metric/cross_state_action_to_state_distance |            3.59 |
|                   Metric/h_lambda_diff_self |         0.00743 |
|                  Metric/h_lambda_diff_cross |          0.0442 |
|                                 Eval/Return |             731 |
-----------------------------------------------------------------
-----------------------------------------------------------------
|                                 Train/Steps |        2.82e+06 |
|                            Loss/Loss_critic |           0.153 |
|                             Loss/Loss_actor |           -51.3 |
|                             Loss/Loss_alpha |        -0.00313 |
|               Loss/Loss_state_action_metric |            3.34 |
|                      Loss/Loss_state_metric |            1.38 |
|             Loss/Loss_state_action_to_state |         0.00286 |
|                           Loss/Act_rep_loss |          0.0117 |
|                                   SAC/Alpha |          0.0169 |
|                              SAC/LogPi_mean |           0.731 |
|                                 SAC/Q1_mean |            51.3 |
|                                 SAC/Q2_mean |            51.2 |
|                            Norm/actor_model |             117 |
|                           Norm/critic_model |             130 |
|              Norm/state_action_metric_model |             106 |
|                     Norm/state_metric_model |             110 |
|        Norm/state_action_state_metric_model |             107 |
|                  Metric/self_state_distance |         0.00789 |
|                 Metric/cross_state_distance |            2.51 |
|           Metric/self_state_action_distance |          0.0155 |
|          Metric/cross_state_action_distance |            3.64 |
|             Metric/avg_self_state_asymmetry |               0 |
|            Metric/avg_cross_state_asymmetry |          0.0251 |
|                Metric/avg_self_sa_asymmetry |               0 |
|               Metric/avg_cross_sa_asymmetry |          0.0286 |
|  Metric/self_state_action_to_state_distance |         0.00751 |
| Metric/cross_state_action_to_state_distance |            3.65 |
|                   Metric/h_lambda_diff_self |          0.0181 |
|                  Metric/h_lambda_diff_cross |          0.0413 |
|                                 Eval/Return |             795 |
-----------------------------------------------------------------
