E0831 10:28:16.677381  945417 cuda_executor.cc:1526] Could not get kernel mode driver version: (INVALID_ARGUMENT: Version does not match the format X.Y.Z)
E0831 10:28:16.685987  945308 cuda_executor.cc:1526] Could not get kernel mode driver version: (INVALID_ARGUMENT: Version does not match the format X.Y.Z)
[32mStart prefilling replay buffer[0m
[32mStart SAC training[0m
[32m{'log_freq': 1000, 'save_freq': 1000000, 'eval_episode_freq': 10, 'hidden_size': 256, 'lr': 0.001, 'max_grad_norm': 0.0, 'gamma': 0.99, 'update_tau': 0.005, 'train_per_step': 8, 'episode_length': 1000, 'warmup_samples': 8192, 'max_replay_size': 4000000, 'batch_size': 512, 'total_env_steps': 5000000, 'init_temperature': 0.1, 'nstep': 3, 'bootstrap_on_truncation': True, 'rep_lr_scale': 0.5, 'vis_feq': 100000, 'n_vis_frames': 4, 'num_envs': 128, 'grad_steps': 50, 'transfer_freq': 10, 'transfer_steps': 8, 'reward_scaling': 1.0, 'num_eval_envs': 128, 'target_entropy': -3.0}[0m
[32m[nstep] nstep=3 bootstrap_on_truncation=True (discount from the buffer already contains gamma^nstep)[0m
-----------------------------------------------------------------
|                                 Train/Steps |        1.36e+05 |
|                            Loss/Loss_critic |           0.124 |
|                             Loss/Loss_actor |             -13 |
|                             Loss/Loss_alpha |        -0.00396 |
|               Loss/Loss_state_action_metric |           0.849 |
|                      Loss/Loss_state_metric |           0.373 |
|             Loss/Loss_state_action_to_state |         0.00145 |
|                           Loss/Act_rep_loss |           -2.37 |
|                                   SAC/Alpha |          0.0152 |
|                              SAC/LogPi_mean |            3.25 |
|                                 SAC/Q1_mean |            12.9 |
|                                 SAC/Q2_mean |            12.9 |
|                            Norm/actor_model |            45.2 |
|                           Norm/critic_model |            51.7 |
|              Norm/state_action_metric_model |            34.1 |
|                     Norm/state_metric_model |            33.8 |
|        Norm/state_action_state_metric_model |            33.2 |
|                  Metric/self_state_distance |         0.00485 |
|                 Metric/cross_state_distance |            1.79 |
|           Metric/self_state_action_distance |         0.00988 |
|          Metric/cross_state_action_distance |            2.35 |
|             Metric/avg_self_state_asymmetry |               0 |
|            Metric/avg_cross_state_asymmetry |          0.0288 |
|                Metric/avg_self_sa_asymmetry |               0 |
|               Metric/avg_cross_sa_asymmetry |          0.0288 |
|  Metric/self_state_action_to_state_distance |         0.00612 |
| Metric/cross_state_action_to_state_distance |            2.34 |
|                   Metric/h_lambda_diff_self |         0.00694 |
|                  Metric/h_lambda_diff_cross |          0.0427 |
|                                 Eval/Return |             262 |
-----------------------------------------------------------------
-----------------------------------------------------------------
|                                 Train/Steps |        2.64e+05 |
|                            Loss/Loss_critic |           0.136 |
|                             Loss/Loss_actor |           -34.2 |
|                             Loss/Loss_alpha |         0.00616 |
|               Loss/Loss_state_action_metric |            1.54 |
|                      Loss/Loss_state_metric |           0.745 |
|             Loss/Loss_state_action_to_state |        0.000894 |
|                           Loss/Act_rep_loss |           -2.99 |
|                                   SAC/Alpha |          0.0268 |
|                              SAC/LogPi_mean |            2.59 |
|                                 SAC/Q1_mean |            34.1 |
|                                 SAC/Q2_mean |            34.1 |
|                            Norm/actor_model |            59.9 |
|                           Norm/critic_model |            68.8 |
|              Norm/state_action_metric_model |            37.2 |
|                     Norm/state_metric_model |            38.2 |
|        Norm/state_action_state_metric_model |            34.9 |
|                  Metric/self_state_distance |         0.00495 |
|                 Metric/cross_state_distance |            2.18 |
|           Metric/self_state_action_distance |          0.0112 |
|          Metric/cross_state_action_distance |            3.01 |
|             Metric/avg_self_state_asymmetry |               0 |
|            Metric/avg_cross_state_asymmetry |          0.0311 |
|                Metric/avg_self_sa_asymmetry |               0 |
|               Metric/avg_cross_sa_asymmetry |          0.0276 |
|  Metric/self_state_action_to_state_distance |         0.00261 |
| Metric/cross_state_action_to_state_distance |            3.03 |
|                   Metric/h_lambda_diff_self |         0.00995 |
|                  Metric/h_lambda_diff_cross |          0.0406 |
|                                 Eval/Return |             492 |
-----------------------------------------------------------------
-----------------------------------------------------------------
|                                 Train/Steps |        3.92e+05 |
|                            Loss/Loss_critic |           0.162 |
|                             Loss/Loss_actor |           -51.8 |
|                             Loss/Loss_alpha |         -0.0156 |
|               Loss/Loss_state_action_metric |             1.6 |
|                      Loss/Loss_state_metric |           0.673 |
|             Loss/Loss_state_action_to_state |        0.000947 |
|                           Loss/Act_rep_loss |           -2.86 |
|                                   SAC/Alpha |          0.0276 |
|                              SAC/LogPi_mean |            3.34 |
|                                 SAC/Q1_mean |            51.7 |
|                                 SAC/Q2_mean |            51.8 |
|                            Norm/actor_model |            68.6 |
|                           Norm/critic_model |            79.7 |
|              Norm/state_action_metric_model |            40.3 |
|                     Norm/state_metric_model |            43.9 |
|        Norm/state_action_state_metric_model |            37.1 |
|                  Metric/self_state_distance |        0.000849 |
|                 Metric/cross_state_distance |            2.06 |
|           Metric/self_state_action_distance |         0.00398 |
|          Metric/cross_state_action_distance |            2.87 |
|             Metric/avg_self_state_asymmetry |               0 |
|            Metric/avg_cross_state_asymmetry |          0.0296 |
|                Metric/avg_self_sa_asymmetry |               0 |
|               Metric/avg_cross_sa_asymmetry |           0.021 |
|  Metric/self_state_action_to_state_distance |         0.00175 |
| Metric/cross_state_action_to_state_distance |            2.87 |
|                   Metric/h_lambda_diff_self |         0.00341 |
|                  Metric/h_lambda_diff_cross |          0.0308 |
|                                 Eval/Return |             712 |
-----------------------------------------------------------------
-----------------------------------------------------------------
|                                 Train/Steps |         5.2e+05 |
|                            Loss/Loss_critic |           0.189 |
|                             Loss/Loss_actor |           -62.8 |
|                             Loss/Loss_alpha |         -0.0101 |
|               Loss/Loss_state_action_metric |            1.34 |
|                      Loss/Loss_state_metric |           0.599 |
|             Loss/Loss_state_action_to_state |        0.000721 |
|                           Loss/Act_rep_loss |           -2.79 |
|                                   SAC/Alpha |           0.026 |
|                              SAC/LogPi_mean |            3.22 |
|                                 SAC/Q1_mean |            62.8 |
|                                 SAC/Q2_mean |            62.8 |
|                            Norm/actor_model |            75.3 |
|                           Norm/critic_model |            87.9 |
|              Norm/state_action_metric_model |            43.2 |
|                     Norm/state_metric_model |            49.9 |
|        Norm/state_action_state_metric_model |            39.5 |
|                  Metric/self_state_distance |         0.00228 |
|                 Metric/cross_state_distance |            1.96 |
|           Metric/self_state_action_distance |         0.00149 |
|          Metric/cross_state_action_distance |            2.65 |
|             Metric/avg_self_state_asymmetry |               0 |
|            Metric/avg_cross_state_asymmetry |          0.0201 |
|                Metric/avg_self_sa_asymmetry |               0 |
|               Metric/avg_cross_sa_asymmetry |          0.0202 |
|  Metric/self_state_action_to_state_distance |        0.000648 |
| Metric/cross_state_action_to_state_distance |            2.67 |
|                   Metric/h_lambda_diff_self |         0.00121 |
|                  Metric/h_lambda_diff_cross |          0.0331 |
|                                 Eval/Return |             269 |
-----------------------------------------------------------------
-----------------------------------------------------------------
|                                 Train/Steps |        6.48e+05 |
|                            Loss/Loss_critic |           0.196 |
|                             Loss/Loss_actor |           -68.3 |
|                             Loss/Loss_alpha |        -0.00619 |
|               Loss/Loss_state_action_metric |            1.41 |
|                      Loss/Loss_state_metric |           0.655 |
|             Loss/Loss_state_action_to_state |        0.000645 |
|                           Loss/Act_rep_loss |           -2.72 |
|                                   SAC/Alpha |          0.0244 |
|                              SAC/LogPi_mean |            3.25 |
|                                 SAC/Q1_mean |            68.4 |
|                                 SAC/Q2_mean |            68.2 |
|                            Norm/actor_model |            80.8 |
|                           Norm/critic_model |            94.5 |
|              Norm/state_action_metric_model |            46.1 |
|                     Norm/state_metric_model |            55.4 |
|        Norm/state_action_state_metric_model |            41.8 |
|                  Metric/self_state_distance |         0.00113 |
|                 Metric/cross_state_distance |            2.01 |
|           Metric/self_state_action_distance |         0.00221 |
|          Metric/cross_state_action_distance |            2.67 |
|             Metric/avg_self_state_asymmetry |               0 |
|            Metric/avg_cross_state_asymmetry |          0.0249 |
|                Metric/avg_self_sa_asymmetry |               0 |
|               Metric/avg_cross_sa_asymmetry |          0.0169 |
|  Metric/self_state_action_to_state_distance |         0.00512 |
| Metric/cross_state_action_to_state_distance |            2.69 |
|                   Metric/h_lambda_diff_self |         0.00385 |
|                  Metric/h_lambda_diff_cross |          0.0279 |
|                                 Eval/Return |             716 |
-----------------------------------------------------------------
-----------------------------------------------------------------
|                                 Train/Steps |        7.76e+05 |
|                            Loss/Loss_critic |           0.169 |
|                             Loss/Loss_actor |           -72.5 |
|                             Loss/Loss_alpha |         0.00321 |
|               Loss/Loss_state_action_metric |            1.21 |
|                      Loss/Loss_state_metric |             0.6 |
|             Loss/Loss_state_action_to_state |        0.000555 |
|                           Loss/Act_rep_loss |            -2.5 |
|                                   SAC/Alpha |          0.0228 |
|                              SAC/LogPi_mean |            3.07 |
|                                 SAC/Q1_mean |            72.4 |
|                                 SAC/Q2_mean |            72.5 |
|                            Norm/actor_model |            85.9 |
|                           Norm/critic_model |             100 |
|              Norm/state_action_metric_model |            48.8 |
|                     Norm/state_metric_model |            60.7 |
|        Norm/state_action_state_metric_model |              44 |
|                  Metric/self_state_distance |         0.00268 |
|                 Metric/cross_state_distance |            1.91 |
|           Metric/self_state_action_distance |         0.00884 |
|          Metric/cross_state_action_distance |            2.57 |
|             Metric/avg_self_state_asymmetry |               0 |
|            Metric/avg_cross_state_asymmetry |          0.0168 |
|                Metric/avg_self_sa_asymmetry |               0 |
|               Metric/avg_cross_sa_asymmetry |          0.0177 |
|  Metric/self_state_action_to_state_distance |          0.0026 |
| Metric/cross_state_action_to_state_distance |            2.57 |
|                   Metric/h_lambda_diff_self |         0.00706 |
|                  Metric/h_lambda_diff_cross |          0.0252 |
|                                 Eval/Return |             499 |
-----------------------------------------------------------------
-----------------------------------------------------------------
|                                 Train/Steps |        9.04e+05 |
|                            Loss/Loss_critic |           0.153 |
|                             Loss/Loss_actor |           -74.1 |
|                             Loss/Loss_alpha |        -0.00554 |
|               Loss/Loss_state_action_metric |            1.11 |
|                      Loss/Loss_state_metric |           0.475 |
|             Loss/Loss_state_action_to_state |        0.000613 |
|                           Loss/Act_rep_loss |           -2.34 |
|                                   SAC/Alpha |           0.022 |
|                              SAC/LogPi_mean |            3.18 |
|                                 SAC/Q1_mean |              74 |
|                                 SAC/Q2_mean |            74.1 |
|                            Norm/actor_model |            90.5 |
|                           Norm/critic_model |             105 |
|              Norm/state_action_metric_model |            51.5 |
|                     Norm/state_metric_model |            65.6 |
|        Norm/state_action_state_metric_model |            46.2 |
|                  Metric/self_state_distance |        0.000513 |
|                 Metric/cross_state_distance |             1.8 |
|           Metric/self_state_action_distance |         0.00284 |
|          Metric/cross_state_action_distance |             2.4 |
|             Metric/avg_self_state_asymmetry |               0 |
|            Metric/avg_cross_state_asymmetry |          0.0138 |
|                Metric/avg_self_sa_asymmetry |               0 |
|               Metric/avg_cross_sa_asymmetry |          0.0156 |
|  Metric/self_state_action_to_state_distance |        1.08e-05 |
| Metric/cross_state_action_to_state_distance |            2.41 |
|                   Metric/h_lambda_diff_self |         0.00283 |
|                  Metric/h_lambda_diff_cross |          0.0279 |
|                                 Eval/Return |            9.66 |
-----------------------------------------------------------------
-----------------------------------------------------------------
|                                 Train/Steps |        1.03e+06 |
|                            Loss/Loss_critic |           0.115 |
|                             Loss/Loss_actor |             -77 |
|                             Loss/Loss_alpha |        -0.00973 |
|               Loss/Loss_state_action_metric |            1.42 |
|                      Loss/Loss_state_metric |           0.525 |
|             Loss/Loss_state_action_to_state |        0.000304 |
|                           Loss/Act_rep_loss |           -2.47 |
|                                   SAC/Alpha |          0.0217 |
|                              SAC/LogPi_mean |            3.14 |
|                                 SAC/Q1_mean |              77 |
|                                 SAC/Q2_mean |              77 |
|                            Norm/actor_model |            94.7 |
|                           Norm/critic_model |             110 |
|              Norm/state_action_metric_model |            54.1 |
|                     Norm/state_metric_model |            69.8 |
|        Norm/state_action_state_metric_model |            48.4 |
|                  Metric/self_state_distance |         9.8e-05 |
|                 Metric/cross_state_distance |            1.76 |
|           Metric/self_state_action_distance |         0.00277 |
|          Metric/cross_state_action_distance |            2.45 |
|             Metric/avg_self_state_asymmetry |               0 |
|            Metric/avg_cross_state_asymmetry |          0.0142 |
|                Metric/avg_self_sa_asymmetry |               0 |
|               Metric/avg_cross_sa_asymmetry |          0.0144 |
|  Metric/self_state_action_to_state_distance |         0.00114 |
| Metric/cross_state_action_to_state_distance |            2.43 |
|                   Metric/h_lambda_diff_self |          0.0023 |
|                  Metric/h_lambda_diff_cross |          0.0289 |
|                                 Eval/Return |              13 |
-----------------------------------------------------------------
[32mSaving model …[0m
[32mDone.[0m
[32mSaving model …[0m
[32mDone.[0m
-----------------------------------------------------------------
|                                 Train/Steps |        1.16e+06 |
|                            Loss/Loss_critic |           0.117 |
|                             Loss/Loss_actor |           -78.9 |
|                             Loss/Loss_alpha |         0.00106 |
|               Loss/Loss_state_action_metric |            1.03 |
|                      Loss/Loss_state_metric |           0.408 |
|             Loss/Loss_state_action_to_state |        0.000339 |
|                           Loss/Act_rep_loss |            -2.5 |
|                                   SAC/Alpha |           0.021 |
|                              SAC/LogPi_mean |            3.04 |
|                                 SAC/Q1_mean |            78.9 |
|                                 SAC/Q2_mean |            78.9 |
|                            Norm/actor_model |            98.6 |
|                           Norm/critic_model |             115 |
|              Norm/state_action_metric_model |            56.5 |
|                     Norm/state_metric_model |              74 |
|        Norm/state_action_state_metric_model |            50.5 |
|                  Metric/self_state_distance |         0.00127 |
|                 Metric/cross_state_distance |            1.68 |
|           Metric/self_state_action_distance |         0.00127 |
|          Metric/cross_state_action_distance |            2.35 |
|             Metric/avg_self_state_asymmetry |               0 |
|            Metric/avg_cross_state_asymmetry |          0.0134 |
|                Metric/avg_self_sa_asymmetry |               0 |
|               Metric/avg_cross_sa_asymmetry |          0.0147 |
|  Metric/self_state_action_to_state_distance |        0.000914 |
| Metric/cross_state_action_to_state_distance |            2.36 |
|                   Metric/h_lambda_diff_self |         0.00142 |
|                  Metric/h_lambda_diff_cross |          0.0203 |
|                                 Eval/Return |           0.861 |
-----------------------------------------------------------------
-----------------------------------------------------------------
|                                 Train/Steps |        1.29e+06 |
|                            Loss/Loss_critic |           0.125 |
|                             Loss/Loss_actor |           -79.3 |
|                             Loss/Loss_alpha |        -0.00549 |
|               Loss/Loss_state_action_metric |           0.971 |
|                      Loss/Loss_state_metric |           0.413 |
|             Loss/Loss_state_action_to_state |        0.000569 |
|                           Loss/Act_rep_loss |            -2.3 |
|                                   SAC/Alpha |          0.0202 |
|                              SAC/LogPi_mean |            3.33 |
|                                 SAC/Q1_mean |            79.4 |
|                                 SAC/Q2_mean |            79.2 |
|                            Norm/actor_model |             102 |
|                           Norm/critic_model |             119 |
|              Norm/state_action_metric_model |              59 |
|                     Norm/state_metric_model |            78.1 |
|        Norm/state_action_state_metric_model |            52.6 |
|                  Metric/self_state_distance |        0.000278 |
|                 Metric/cross_state_distance |            1.65 |
|           Metric/self_state_action_distance |          0.0022 |
|          Metric/cross_state_action_distance |             2.4 |
|             Metric/avg_self_state_asymmetry |               0 |
|            Metric/avg_cross_state_asymmetry |          0.0332 |
|                Metric/avg_self_sa_asymmetry |               0 |
|               Metric/avg_cross_sa_asymmetry |          0.0153 |
|  Metric/self_state_action_to_state_distance |        0.000361 |
| Metric/cross_state_action_to_state_distance |            2.38 |
|                   Metric/h_lambda_diff_self |         0.00238 |
|                  Metric/h_lambda_diff_cross |          0.0241 |
|                                 Eval/Return |            1.98 |
-----------------------------------------------------------------
-----------------------------------------------------------------
|                                 Train/Steps |        1.42e+06 |
|                            Loss/Loss_critic |          0.0953 |
|                             Loss/Loss_actor |           -81.5 |
|                             Loss/Loss_alpha |         0.00186 |
|               Loss/Loss_state_action_metric |           0.917 |
|                      Loss/Loss_state_metric |           0.441 |
|             Loss/Loss_state_action_to_state |        0.000317 |
|                           Loss/Act_rep_loss |            -2.4 |
|                                   SAC/Alpha |          0.0199 |
|                              SAC/LogPi_mean |             2.9 |
|                                 SAC/Q1_mean |            81.5 |
|                                 SAC/Q2_mean |            81.5 |
|                            Norm/actor_model |             106 |
|                           Norm/critic_model |             123 |
|              Norm/state_action_metric_model |            61.3 |
|                     Norm/state_metric_model |            81.8 |
|        Norm/state_action_state_metric_model |            54.6 |
|                  Metric/self_state_distance |        0.000441 |
|                 Metric/cross_state_distance |             1.7 |
|           Metric/self_state_action_distance |         0.00201 |
|          Metric/cross_state_action_distance |            2.29 |
|             Metric/avg_self_state_asymmetry |               0 |
|            Metric/avg_cross_state_asymmetry |          0.0105 |
|                Metric/avg_self_sa_asymmetry |               0 |
|               Metric/avg_cross_sa_asymmetry |           0.013 |
|  Metric/self_state_action_to_state_distance |        0.000404 |
| Metric/cross_state_action_to_state_distance |             2.3 |
|                   Metric/h_lambda_diff_self |         0.00207 |
|                  Metric/h_lambda_diff_cross |          0.0184 |
|                                 Eval/Return |           0.438 |
-----------------------------------------------------------------
-----------------------------------------------------------------
|                                 Train/Steps |        1.54e+06 |
|                            Loss/Loss_critic |           0.108 |
|                             Loss/Loss_actor |           -82.3 |
|                             Loss/Loss_alpha |         0.00366 |
|               Loss/Loss_state_action_metric |           0.864 |
|                      Loss/Loss_state_metric |           0.381 |
|             Loss/Loss_state_action_to_state |        0.000551 |
|                           Loss/Act_rep_loss |           -2.31 |
|                                   SAC/Alpha |          0.0194 |
|                              SAC/LogPi_mean |            2.97 |
|                                 SAC/Q1_mean |            82.3 |
|                                 SAC/Q2_mean |            82.3 |
|                            Norm/actor_model |             109 |
|                           Norm/critic_model |             127 |
|              Norm/state_action_metric_model |            63.6 |
|                     Norm/state_metric_model |            85.2 |
|        Norm/state_action_state_metric_model |            56.6 |
|                  Metric/self_state_distance |        0.000408 |
|                 Metric/cross_state_distance |            1.63 |
|           Metric/self_state_action_distance |          0.0106 |
|          Metric/cross_state_action_distance |            2.27 |
|             Metric/avg_self_state_asymmetry |               0 |
|            Metric/avg_cross_state_asymmetry |          0.0115 |
|                Metric/avg_self_sa_asymmetry |               0 |
|               Metric/avg_cross_sa_asymmetry |          0.0142 |
|  Metric/self_state_action_to_state_distance |         0.00244 |
| Metric/cross_state_action_to_state_distance |            2.24 |
|                   Metric/h_lambda_diff_self |          0.0101 |
|                  Metric/h_lambda_diff_cross |          0.0302 |
|                                 Eval/Return |            0.42 |
-----------------------------------------------------------------
E0831 10:32:06.059840  947436 cuda_executor.cc:1526] Could not get kernel mode driver version: (INVALID_ARGUMENT: Version does not match the format X.Y.Z)
E0831 10:32:06.068523  947325 cuda_executor.cc:1526] Could not get kernel mode driver version: (INVALID_ARGUMENT: Version does not match the format X.Y.Z)
[32mStart prefilling replay buffer[0m
[32mStart SAC training[0m
[32m{'log_freq': 1000, 'save_freq': 1000000, 'eval_episode_freq': 10, 'hidden_size': 256, 'lr': 0.001, 'max_grad_norm': 0.0, 'gamma': 0.99, 'update_tau': 0.005, 'train_per_step': 8, 'episode_length': 1000, 'warmup_samples': 8192, 'max_replay_size': 4000000, 'batch_size': 512, 'total_env_steps': 5000000, 'init_temperature': 0.1, 'nstep': 3, 'bootstrap_on_truncation': True, 'rep_lr_scale': 0.5, 'vis_feq': 100000, 'n_vis_frames': 4, 'num_envs': 128, 'grad_steps': 50, 'transfer_freq': 10, 'transfer_steps': 8, 'reward_scaling': 1.0, 'num_eval_envs': 128, 'target_entropy': -3.0}[0m
[32m[nstep] nstep=3 bootstrap_on_truncation=True (discount from the buffer already contains gamma^nstep)[0m
-----------------------------------------------------------------
|                                 Train/Steps |        1.36e+05 |
|                            Loss/Loss_critic |           0.124 |
|                             Loss/Loss_actor |             -13 |
|                             Loss/Loss_alpha |        -0.00396 |
|               Loss/Loss_state_action_metric |           0.849 |
|                      Loss/Loss_state_metric |           0.373 |
|             Loss/Loss_state_action_to_state |         0.00145 |
|                           Loss/Act_rep_loss |           -2.37 |
|                                   SAC/Alpha |          0.0152 |
|                              SAC/LogPi_mean |            3.25 |
|                                 SAC/Q1_mean |            12.9 |
|                                 SAC/Q2_mean |            12.9 |
|                            Norm/actor_model |            45.2 |
|                           Norm/critic_model |            51.7 |
|              Norm/state_action_metric_model |            34.1 |
|                     Norm/state_metric_model |            33.8 |
|        Norm/state_action_state_metric_model |            33.2 |
|                  Metric/self_state_distance |         0.00485 |
|                 Metric/cross_state_distance |            1.79 |
|           Metric/self_state_action_distance |         0.00988 |
|          Metric/cross_state_action_distance |            2.35 |
|             Metric/avg_self_state_asymmetry |               0 |
|            Metric/avg_cross_state_asymmetry |          0.0288 |
|                Metric/avg_self_sa_asymmetry |               0 |
|               Metric/avg_cross_sa_asymmetry |          0.0288 |
|  Metric/self_state_action_to_state_distance |         0.00612 |
| Metric/cross_state_action_to_state_distance |            2.34 |
|                   Metric/h_lambda_diff_self |         0.00694 |
|                  Metric/h_lambda_diff_cross |          0.0427 |
|                                 Eval/Return |             262 |
-----------------------------------------------------------------
-----------------------------------------------------------------
|                                 Train/Steps |        2.64e+05 |
|                            Loss/Loss_critic |           0.136 |
|                             Loss/Loss_actor |           -34.2 |
|                             Loss/Loss_alpha |         0.00616 |
|               Loss/Loss_state_action_metric |            1.54 |
|                      Loss/Loss_state_metric |           0.745 |
|             Loss/Loss_state_action_to_state |        0.000894 |
|                           Loss/Act_rep_loss |           -2.99 |
|                                   SAC/Alpha |          0.0268 |
|                              SAC/LogPi_mean |            2.59 |
|                                 SAC/Q1_mean |            34.1 |
|                                 SAC/Q2_mean |            34.1 |
|                            Norm/actor_model |            59.9 |
|                           Norm/critic_model |            68.8 |
|              Norm/state_action_metric_model |            37.2 |
|                     Norm/state_metric_model |            38.2 |
|        Norm/state_action_state_metric_model |            34.9 |
|                  Metric/self_state_distance |         0.00495 |
|                 Metric/cross_state_distance |            2.18 |
|           Metric/self_state_action_distance |          0.0112 |
|          Metric/cross_state_action_distance |            3.01 |
|             Metric/avg_self_state_asymmetry |               0 |
|            Metric/avg_cross_state_asymmetry |          0.0311 |
|                Metric/avg_self_sa_asymmetry |               0 |
|               Metric/avg_cross_sa_asymmetry |          0.0276 |
|  Metric/self_state_action_to_state_distance |         0.00261 |
| Metric/cross_state_action_to_state_distance |            3.03 |
|                   Metric/h_lambda_diff_self |         0.00995 |
|                  Metric/h_lambda_diff_cross |          0.0406 |
|                                 Eval/Return |             492 |
-----------------------------------------------------------------
-----------------------------------------------------------------
|                                 Train/Steps |        3.92e+05 |
|                            Loss/Loss_critic |           0.162 |
|                             Loss/Loss_actor |           -51.8 |
|                             Loss/Loss_alpha |         -0.0156 |
|               Loss/Loss_state_action_metric |             1.6 |
|                      Loss/Loss_state_metric |           0.673 |
|             Loss/Loss_state_action_to_state |        0.000947 |
|                           Loss/Act_rep_loss |           -2.86 |
|                                   SAC/Alpha |          0.0276 |
|                              SAC/LogPi_mean |            3.34 |
|                                 SAC/Q1_mean |            51.7 |
|                                 SAC/Q2_mean |            51.8 |
|                            Norm/actor_model |            68.6 |
|                           Norm/critic_model |            79.7 |
|              Norm/state_action_metric_model |            40.3 |
|                     Norm/state_metric_model |            43.9 |
|        Norm/state_action_state_metric_model |            37.1 |
|                  Metric/self_state_distance |        0.000849 |
|                 Metric/cross_state_distance |            2.06 |
|           Metric/self_state_action_distance |         0.00398 |
|          Metric/cross_state_action_distance |            2.87 |
|             Metric/avg_self_state_asymmetry |               0 |
|            Metric/avg_cross_state_asymmetry |          0.0296 |
|                Metric/avg_self_sa_asymmetry |               0 |
|               Metric/avg_cross_sa_asymmetry |           0.021 |
|  Metric/self_state_action_to_state_distance |         0.00175 |
| Metric/cross_state_action_to_state_distance |            2.87 |
|                   Metric/h_lambda_diff_self |         0.00341 |
|                  Metric/h_lambda_diff_cross |          0.0308 |
|                                 Eval/Return |             712 |
-----------------------------------------------------------------
-----------------------------------------------------------------
|                                 Train/Steps |         5.2e+05 |
|                            Loss/Loss_critic |           0.189 |
|                             Loss/Loss_actor |           -62.8 |
|                             Loss/Loss_alpha |         -0.0101 |
|               Loss/Loss_state_action_metric |            1.34 |
|                      Loss/Loss_state_metric |           0.599 |
|             Loss/Loss_state_action_to_state |        0.000721 |
|                           Loss/Act_rep_loss |           -2.79 |
|                                   SAC/Alpha |           0.026 |
|                              SAC/LogPi_mean |            3.22 |
|                                 SAC/Q1_mean |            62.8 |
|                                 SAC/Q2_mean |            62.8 |
|                            Norm/actor_model |            75.3 |
|                           Norm/critic_model |            87.9 |
|              Norm/state_action_metric_model |            43.2 |
|                     Norm/state_metric_model |            49.9 |
|        Norm/state_action_state_metric_model |            39.5 |
|                  Metric/self_state_distance |         0.00228 |
|                 Metric/cross_state_distance |            1.96 |
|           Metric/self_state_action_distance |         0.00149 |
|          Metric/cross_state_action_distance |            2.65 |
|             Metric/avg_self_state_asymmetry |               0 |
|            Metric/avg_cross_state_asymmetry |          0.0201 |
|                Metric/avg_self_sa_asymmetry |               0 |
|               Metric/avg_cross_sa_asymmetry |          0.0202 |
|  Metric/self_state_action_to_state_distance |        0.000648 |
| Metric/cross_state_action_to_state_distance |            2.67 |
|                   Metric/h_lambda_diff_self |         0.00121 |
|                  Metric/h_lambda_diff_cross |          0.0331 |
|                                 Eval/Return |             269 |
-----------------------------------------------------------------
-----------------------------------------------------------------
|                                 Train/Steps |        6.48e+05 |
|                            Loss/Loss_critic |           0.196 |
|                             Loss/Loss_actor |           -68.3 |
|                             Loss/Loss_alpha |        -0.00619 |
|               Loss/Loss_state_action_metric |            1.41 |
|                      Loss/Loss_state_metric |           0.655 |
|             Loss/Loss_state_action_to_state |        0.000645 |
|                           Loss/Act_rep_loss |           -2.72 |
|                                   SAC/Alpha |          0.0244 |
|                              SAC/LogPi_mean |            3.25 |
|                                 SAC/Q1_mean |            68.4 |
|                                 SAC/Q2_mean |            68.2 |
|                            Norm/actor_model |            80.8 |
|                           Norm/critic_model |            94.5 |
|              Norm/state_action_metric_model |            46.1 |
|                     Norm/state_metric_model |            55.4 |
|        Norm/state_action_state_metric_model |            41.8 |
|                  Metric/self_state_distance |         0.00113 |
|                 Metric/cross_state_distance |            2.01 |
|           Metric/self_state_action_distance |         0.00221 |
|          Metric/cross_state_action_distance |            2.67 |
|             Metric/avg_self_state_asymmetry |               0 |
|            Metric/avg_cross_state_asymmetry |          0.0249 |
|                Metric/avg_self_sa_asymmetry |               0 |
|               Metric/avg_cross_sa_asymmetry |          0.0169 |
|  Metric/self_state_action_to_state_distance |         0.00512 |
| Metric/cross_state_action_to_state_distance |            2.69 |
|                   Metric/h_lambda_diff_self |         0.00385 |
|                  Metric/h_lambda_diff_cross |          0.0279 |
|                                 Eval/Return |             716 |
-----------------------------------------------------------------
-----------------------------------------------------------------
|                                 Train/Steps |        7.76e+05 |
|                            Loss/Loss_critic |           0.169 |
|                             Loss/Loss_actor |           -72.5 |
|                             Loss/Loss_alpha |         0.00321 |
|               Loss/Loss_state_action_metric |            1.21 |
|                      Loss/Loss_state_metric |             0.6 |
|             Loss/Loss_state_action_to_state |        0.000555 |
|                           Loss/Act_rep_loss |            -2.5 |
|                                   SAC/Alpha |          0.0228 |
|                              SAC/LogPi_mean |            3.07 |
|                                 SAC/Q1_mean |            72.4 |
|                                 SAC/Q2_mean |            72.5 |
|                            Norm/actor_model |            85.9 |
|                           Norm/critic_model |             100 |
|              Norm/state_action_metric_model |            48.8 |
|                     Norm/state_metric_model |            60.7 |
|        Norm/state_action_state_metric_model |              44 |
|                  Metric/self_state_distance |         0.00268 |
|                 Metric/cross_state_distance |            1.91 |
|           Metric/self_state_action_distance |         0.00884 |
|          Metric/cross_state_action_distance |            2.57 |
|             Metric/avg_self_state_asymmetry |               0 |
|            Metric/avg_cross_state_asymmetry |          0.0168 |
|                Metric/avg_self_sa_asymmetry |               0 |
|               Metric/avg_cross_sa_asymmetry |          0.0177 |
|  Metric/self_state_action_to_state_distance |          0.0026 |
| Metric/cross_state_action_to_state_distance |            2.57 |
|                   Metric/h_lambda_diff_self |         0.00706 |
|                  Metric/h_lambda_diff_cross |          0.0252 |
|                                 Eval/Return |             499 |
-----------------------------------------------------------------
-----------------------------------------------------------------
|                                 Train/Steps |        9.04e+05 |
|                            Loss/Loss_critic |           0.153 |
|                             Loss/Loss_actor |           -74.1 |
|                             Loss/Loss_alpha |        -0.00554 |
|               Loss/Loss_state_action_metric |            1.11 |
|                      Loss/Loss_state_metric |           0.475 |
|             Loss/Loss_state_action_to_state |        0.000613 |
|                           Loss/Act_rep_loss |           -2.34 |
|                                   SAC/Alpha |           0.022 |
|                              SAC/LogPi_mean |            3.18 |
|                                 SAC/Q1_mean |              74 |
|                                 SAC/Q2_mean |            74.1 |
|                            Norm/actor_model |            90.5 |
|                           Norm/critic_model |             105 |
|              Norm/state_action_metric_model |            51.5 |
|                     Norm/state_metric_model |            65.6 |
|        Norm/state_action_state_metric_model |            46.2 |
|                  Metric/self_state_distance |        0.000513 |
|                 Metric/cross_state_distance |             1.8 |
|           Metric/self_state_action_distance |         0.00284 |
|          Metric/cross_state_action_distance |             2.4 |
|             Metric/avg_self_state_asymmetry |               0 |
|            Metric/avg_cross_state_asymmetry |          0.0138 |
|                Metric/avg_self_sa_asymmetry |               0 |
|               Metric/avg_cross_sa_asymmetry |          0.0156 |
|  Metric/self_state_action_to_state_distance |        1.08e-05 |
| Metric/cross_state_action_to_state_distance |            2.41 |
|                   Metric/h_lambda_diff_self |         0.00283 |
|                  Metric/h_lambda_diff_cross |          0.0279 |
|                                 Eval/Return |            9.66 |
-----------------------------------------------------------------
-----------------------------------------------------------------
|                                 Train/Steps |        1.03e+06 |
|                            Loss/Loss_critic |           0.115 |
|                             Loss/Loss_actor |             -77 |
|                             Loss/Loss_alpha |        -0.00973 |
|               Loss/Loss_state_action_metric |            1.42 |
|                      Loss/Loss_state_metric |           0.525 |
|             Loss/Loss_state_action_to_state |        0.000304 |
|                           Loss/Act_rep_loss |           -2.47 |
|                                   SAC/Alpha |          0.0217 |
|                              SAC/LogPi_mean |            3.14 |
|                                 SAC/Q1_mean |              77 |
|                                 SAC/Q2_mean |              77 |
|                            Norm/actor_model |            94.7 |
|                           Norm/critic_model |             110 |
|              Norm/state_action_metric_model |            54.1 |
|                     Norm/state_metric_model |            69.8 |
|        Norm/state_action_state_metric_model |            48.4 |
|                  Metric/self_state_distance |         9.8e-05 |
|                 Metric/cross_state_distance |            1.76 |
|           Metric/self_state_action_distance |         0.00277 |
|          Metric/cross_state_action_distance |            2.45 |
|             Metric/avg_self_state_asymmetry |               0 |
|            Metric/avg_cross_state_asymmetry |          0.0142 |
|                Metric/avg_self_sa_asymmetry |               0 |
|               Metric/avg_cross_sa_asymmetry |          0.0144 |
|  Metric/self_state_action_to_state_distance |         0.00114 |
| Metric/cross_state_action_to_state_distance |            2.43 |
|                   Metric/h_lambda_diff_self |          0.0023 |
|                  Metric/h_lambda_diff_cross |          0.0289 |
|                                 Eval/Return |              13 |
-----------------------------------------------------------------
[32mSaving model …[0m
[32mDone.[0m
[32mSaving model …[0m
[32mDone.[0m
-----------------------------------------------------------------
|                                 Train/Steps |        1.16e+06 |
|                            Loss/Loss_critic |           0.117 |
|                             Loss/Loss_actor |           -78.9 |
|                             Loss/Loss_alpha |         0.00106 |
|               Loss/Loss_state_action_metric |            1.03 |
|                      Loss/Loss_state_metric |           0.408 |
|             Loss/Loss_state_action_to_state |        0.000339 |
|                           Loss/Act_rep_loss |            -2.5 |
|                                   SAC/Alpha |           0.021 |
|                              SAC/LogPi_mean |            3.04 |
|                                 SAC/Q1_mean |            78.9 |
|                                 SAC/Q2_mean |            78.9 |
|                            Norm/actor_model |            98.6 |
|                           Norm/critic_model |             115 |
|              Norm/state_action_metric_model |            56.5 |
|                     Norm/state_metric_model |              74 |
|        Norm/state_action_state_metric_model |            50.5 |
|                  Metric/self_state_distance |         0.00127 |
|                 Metric/cross_state_distance |            1.68 |
|           Metric/self_state_action_distance |         0.00127 |
|          Metric/cross_state_action_distance |            2.35 |
|             Metric/avg_self_state_asymmetry |               0 |
|            Metric/avg_cross_state_asymmetry |          0.0134 |
|                Metric/avg_self_sa_asymmetry |               0 |
|               Metric/avg_cross_sa_asymmetry |          0.0147 |
|  Metric/self_state_action_to_state_distance |        0.000914 |
| Metric/cross_state_action_to_state_distance |            2.36 |
|                   Metric/h_lambda_diff_self |         0.00142 |
|                  Metric/h_lambda_diff_cross |          0.0203 |
|                                 Eval/Return |           0.861 |
-----------------------------------------------------------------
-----------------------------------------------------------------
|                                 Train/Steps |        1.29e+06 |
|                            Loss/Loss_critic |           0.125 |
|                             Loss/Loss_actor |           -79.3 |
|                             Loss/Loss_alpha |        -0.00549 |
|               Loss/Loss_state_action_metric |           0.971 |
|                      Loss/Loss_state_metric |           0.413 |
|             Loss/Loss_state_action_to_state |        0.000569 |
|                           Loss/Act_rep_loss |            -2.3 |
|                                   SAC/Alpha |          0.0202 |
|                              SAC/LogPi_mean |            3.33 |
|                                 SAC/Q1_mean |            79.4 |
|                                 SAC/Q2_mean |            79.2 |
|                            Norm/actor_model |             102 |
|                           Norm/critic_model |             119 |
|              Norm/state_action_metric_model |              59 |
|                     Norm/state_metric_model |            78.1 |
|        Norm/state_action_state_metric_model |            52.6 |
|                  Metric/self_state_distance |        0.000278 |
|                 Metric/cross_state_distance |            1.65 |
|           Metric/self_state_action_distance |          0.0022 |
|          Metric/cross_state_action_distance |             2.4 |
|             Metric/avg_self_state_asymmetry |               0 |
|            Metric/avg_cross_state_asymmetry |          0.0332 |
|                Metric/avg_self_sa_asymmetry |               0 |
|               Metric/avg_cross_sa_asymmetry |          0.0153 |
|  Metric/self_state_action_to_state_distance |        0.000361 |
| Metric/cross_state_action_to_state_distance |            2.38 |
|                   Metric/h_lambda_diff_self |         0.00238 |
|                  Metric/h_lambda_diff_cross |          0.0241 |
|                                 Eval/Return |            1.98 |
-----------------------------------------------------------------
-----------------------------------------------------------------
|                                 Train/Steps |        1.42e+06 |
|                            Loss/Loss_critic |          0.0953 |
|                             Loss/Loss_actor |           -81.5 |
|                             Loss/Loss_alpha |         0.00186 |
|               Loss/Loss_state_action_metric |           0.917 |
|                      Loss/Loss_state_metric |           0.441 |
|             Loss/Loss_state_action_to_state |        0.000317 |
|                           Loss/Act_rep_loss |            -2.4 |
|                                   SAC/Alpha |          0.0199 |
|                              SAC/LogPi_mean |             2.9 |
|                                 SAC/Q1_mean |            81.5 |
|                                 SAC/Q2_mean |            81.5 |
|                            Norm/actor_model |             106 |
|                           Norm/critic_model |             123 |
|              Norm/state_action_metric_model |            61.3 |
|                     Norm/state_metric_model |            81.8 |
|        Norm/state_action_state_metric_model |            54.6 |
|                  Metric/self_state_distance |        0.000441 |
|                 Metric/cross_state_distance |             1.7 |
|           Metric/self_state_action_distance |         0.00201 |
|          Metric/cross_state_action_distance |            2.29 |
|             Metric/avg_self_state_asymmetry |               0 |
|            Metric/avg_cross_state_asymmetry |          0.0105 |
|                Metric/avg_self_sa_asymmetry |               0 |
|               Metric/avg_cross_sa_asymmetry |           0.013 |
|  Metric/self_state_action_to_state_distance |        0.000404 |
| Metric/cross_state_action_to_state_distance |             2.3 |
|                   Metric/h_lambda_diff_self |         0.00207 |
|                  Metric/h_lambda_diff_cross |          0.0184 |
|                                 Eval/Return |           0.438 |
-----------------------------------------------------------------
-----------------------------------------------------------------
|                                 Train/Steps |        1.54e+06 |
|                            Loss/Loss_critic |           0.108 |
|                             Loss/Loss_actor |           -82.3 |
|                             Loss/Loss_alpha |         0.00366 |
|               Loss/Loss_state_action_metric |           0.864 |
|                      Loss/Loss_state_metric |           0.381 |
|             Loss/Loss_state_action_to_state |        0.000551 |
|                           Loss/Act_rep_loss |           -2.31 |
|                                   SAC/Alpha |          0.0194 |
|                              SAC/LogPi_mean |            2.97 |
|                                 SAC/Q1_mean |            82.3 |
|                                 SAC/Q2_mean |            82.3 |
|                            Norm/actor_model |             109 |
|                           Norm/critic_model |             127 |
|              Norm/state_action_metric_model |            63.6 |
|                     Norm/state_metric_model |            85.2 |
|        Norm/state_action_state_metric_model |            56.6 |
|                  Metric/self_state_distance |        0.000408 |
|                 Metric/cross_state_distance |            1.63 |
|           Metric/self_state_action_distance |          0.0106 |
|          Metric/cross_state_action_distance |            2.27 |
|             Metric/avg_self_state_asymmetry |               0 |
|            Metric/avg_cross_state_asymmetry |          0.0115 |
|                Metric/avg_self_sa_asymmetry |               0 |
|               Metric/avg_cross_sa_asymmetry |          0.0142 |
|  Metric/self_state_action_to_state_distance |         0.00244 |
| Metric/cross_state_action_to_state_distance |            2.24 |
|                   Metric/h_lambda_diff_self |          0.0101 |
|                  Metric/h_lambda_diff_cross |          0.0302 |
|                                 Eval/Return |            0.42 |
-----------------------------------------------------------------
-----------------------------------------------------------------
|                                 Train/Steps |        1.67e+06 |
|                            Loss/Loss_critic |          0.0972 |
|                             Loss/Loss_actor |           -83.4 |
|                             Loss/Loss_alpha |        -0.00444 |
|               Loss/Loss_state_action_metric |           0.903 |
|                      Loss/Loss_state_metric |           0.411 |
|             Loss/Loss_state_action_to_state |        0.000286 |
|                           Loss/Act_rep_loss |           -2.26 |
|                                   SAC/Alpha |          0.0189 |
|                              SAC/LogPi_mean |            3.23 |
|                                 SAC/Q1_mean |            83.4 |
|                                 SAC/Q2_mean |            83.4 |
|                            Norm/actor_model |             112 |
|                           Norm/critic_model |             131 |
|              Norm/state_action_metric_model |            65.8 |
|                     Norm/state_metric_model |            88.3 |
|        Norm/state_action_state_metric_model |            58.7 |
|                  Metric/self_state_distance |         0.00123 |
|                 Metric/cross_state_distance |            1.68 |
|           Metric/self_state_action_distance |         0.00288 |
|          Metric/cross_state_action_distance |            2.22 |
|             Metric/avg_self_state_asymmetry |               0 |
|            Metric/avg_cross_state_asymmetry |          0.0114 |
|                Metric/avg_self_sa_asymmetry |               0 |
|               Metric/avg_cross_sa_asymmetry |          0.0139 |
|  Metric/self_state_action_to_state_distance |        0.000684 |
| Metric/cross_state_action_to_state_distance |            2.23 |
|                   Metric/h_lambda_diff_self |         0.00268 |
|                  Metric/h_lambda_diff_cross |            0.02 |
|                                 Eval/Return |             791 |
-----------------------------------------------------------------
-----------------------------------------------------------------
|                                 Train/Steps |         1.8e+06 |
|                            Loss/Loss_critic |          0.0992 |
|                             Loss/Loss_actor |           -82.5 |
|                             Loss/Loss_alpha |       -0.000748 |
|               Loss/Loss_state_action_metric |             1.2 |
|                      Loss/Loss_state_metric |           0.414 |
|             Loss/Loss_state_action_to_state |        0.000504 |
|                           Loss/Act_rep_loss |           -2.28 |
|                                   SAC/Alpha |          0.0192 |
|                              SAC/LogPi_mean |            2.96 |
|                                 SAC/Q1_mean |            82.6 |
|                                 SAC/Q2_mean |            82.5 |
|                            Norm/actor_model |             115 |
|                           Norm/critic_model |             135 |
|              Norm/state_action_metric_model |            67.9 |
|                     Norm/state_metric_model |            91.2 |
|        Norm/state_action_state_metric_model |            60.6 |
|                  Metric/self_state_distance |        0.000435 |
|                 Metric/cross_state_distance |            1.64 |
|           Metric/self_state_action_distance |         0.00105 |
|          Metric/cross_state_action_distance |             2.4 |
|             Metric/avg_self_state_asymmetry |               0 |
|            Metric/avg_cross_state_asymmetry |          0.0178 |
|                Metric/avg_self_sa_asymmetry |               0 |
|               Metric/avg_cross_sa_asymmetry |          0.0138 |
|  Metric/self_state_action_to_state_distance |        3.95e-05 |
| Metric/cross_state_action_to_state_distance |             2.4 |
|                   Metric/h_lambda_diff_self |         0.00105 |
|                  Metric/h_lambda_diff_cross |          0.0174 |
|                                 Eval/Return |           0.522 |
-----------------------------------------------------------------
-----------------------------------------------------------------
|                                 Train/Steps |        1.93e+06 |
|                            Loss/Loss_critic |          0.0814 |
|                             Loss/Loss_actor |           -85.6 |
|                             Loss/Loss_alpha |       -0.000619 |
|               Loss/Loss_state_action_metric |           0.823 |
|                      Loss/Loss_state_metric |           0.354 |
|             Loss/Loss_state_action_to_state |        0.000199 |
|                           Loss/Act_rep_loss |           -2.09 |
|                                   SAC/Alpha |          0.0186 |
|                              SAC/LogPi_mean |            2.99 |
|                                 SAC/Q1_mean |            85.6 |
|                                 SAC/Q2_mean |            85.6 |
|                            Norm/actor_model |             118 |
|                           Norm/critic_model |             139 |
|              Norm/state_action_metric_model |            70.1 |
|                     Norm/state_metric_model |            94.3 |
|        Norm/state_action_state_metric_model |            62.6 |
|                  Metric/self_state_distance |        8.57e-05 |
|                 Metric/cross_state_distance |             1.6 |
|           Metric/self_state_action_distance |         0.00477 |
|          Metric/cross_state_action_distance |            2.11 |
|             Metric/avg_self_state_asymmetry |               0 |
|            Metric/avg_cross_state_asymmetry |          0.0109 |
|                Metric/avg_self_sa_asymmetry |               0 |
|               Metric/avg_cross_sa_asymmetry |          0.0132 |
|  Metric/self_state_action_to_state_distance |        0.000274 |
| Metric/cross_state_action_to_state_distance |            2.12 |
|                   Metric/h_lambda_diff_self |         0.00452 |
|                  Metric/h_lambda_diff_cross |          0.0216 |
|                                 Eval/Return |             812 |
-----------------------------------------------------------------
-----------------------------------------------------------------
|                                 Train/Steps |        2.06e+06 |
|                            Loss/Loss_critic |          0.0648 |
|                             Loss/Loss_actor |           -84.9 |
|                             Loss/Loss_alpha |         -0.0056 |
|               Loss/Loss_state_action_metric |            1.16 |
|                      Loss/Loss_state_metric |           0.357 |
|             Loss/Loss_state_action_to_state |        0.000332 |
|                           Loss/Act_rep_loss |           -2.16 |
|                                   SAC/Alpha |          0.0182 |
|                              SAC/LogPi_mean |            3.02 |
|                                 SAC/Q1_mean |              85 |
|                                 SAC/Q2_mean |              85 |
|                            Norm/actor_model |             120 |
|                           Norm/critic_model |             142 |
|              Norm/state_action_metric_model |            72.1 |
|                     Norm/state_metric_model |            96.9 |
|        Norm/state_action_state_metric_model |            64.5 |
|                  Metric/self_state_distance |         0.00112 |
|                 Metric/cross_state_distance |             1.6 |
|           Metric/self_state_action_distance |         0.00198 |
|          Metric/cross_state_action_distance |            2.21 |
|             Metric/avg_self_state_asymmetry |               0 |
|            Metric/avg_cross_state_asymmetry |           0.016 |
|                Metric/avg_self_sa_asymmetry |               0 |
|               Metric/avg_cross_sa_asymmetry |          0.0141 |
|  Metric/self_state_action_to_state_distance |        0.000961 |
| Metric/cross_state_action_to_state_distance |            2.22 |
|                   Metric/h_lambda_diff_self |         0.00149 |
|                  Metric/h_lambda_diff_cross |          0.0348 |
|                                 Eval/Return |            2.93 |
-----------------------------------------------------------------
[32mSaving model …[0m
[32mDone.[0m
[32mSaving model …[0m
[32mDone.[0m
-----------------------------------------------------------------
|                                 Train/Steps |        2.18e+06 |
|                            Loss/Loss_critic |           0.116 |
|                             Loss/Loss_actor |           -85.6 |
|                             Loss/Loss_alpha |         0.00504 |
|               Loss/Loss_state_action_metric |             1.1 |
|                      Loss/Loss_state_metric |           0.396 |
|             Loss/Loss_state_action_to_state |        0.000578 |
|                           Loss/Act_rep_loss |            -2.1 |
|                                   SAC/Alpha |          0.0176 |
|                              SAC/LogPi_mean |            2.69 |
|                                 SAC/Q1_mean |            85.6 |
|                                 SAC/Q2_mean |            85.5 |
|                            Norm/actor_model |             123 |
|                           Norm/critic_model |             146 |
|              Norm/state_action_metric_model |            74.1 |
|                     Norm/state_metric_model |            99.7 |
|        Norm/state_action_state_metric_model |            66.3 |
|                  Metric/self_state_distance |         0.00036 |
|                 Metric/cross_state_distance |            1.63 |
|           Metric/self_state_action_distance |         0.00197 |
|          Metric/cross_state_action_distance |            2.18 |
|             Metric/avg_self_state_asymmetry |               0 |
|            Metric/avg_cross_state_asymmetry |          0.0117 |
|                Metric/avg_self_sa_asymmetry |               0 |
|               Metric/avg_cross_sa_asymmetry |           0.013 |
|  Metric/self_state_action_to_state_distance |        0.000476 |
| Metric/cross_state_action_to_state_distance |            2.19 |
|                   Metric/h_lambda_diff_self |          0.0018 |
|                  Metric/h_lambda_diff_cross |           0.023 |
|                                 Eval/Return |            0.54 |
-----------------------------------------------------------------
-----------------------------------------------------------------
|                                 Train/Steps |        2.31e+06 |
|                            Loss/Loss_critic |           0.107 |
|                             Loss/Loss_actor |           -86.3 |
|                             Loss/Loss_alpha |         0.00493 |
|               Loss/Loss_state_action_metric |           0.904 |
|                      Loss/Loss_state_metric |           0.309 |
|             Loss/Loss_state_action_to_state |        0.000904 |
|                           Loss/Act_rep_loss |           -2.23 |
|                                   SAC/Alpha |          0.0174 |
|                              SAC/LogPi_mean |            2.75 |
|                                 SAC/Q1_mean |            86.2 |
|                                 SAC/Q2_mean |            86.2 |
|                            Norm/actor_model |             125 |
|                           Norm/critic_model |             149 |
|              Norm/state_action_metric_model |            75.9 |
|                     Norm/state_metric_model |             102 |
|        Norm/state_action_state_metric_model |            68.1 |
|                  Metric/self_state_distance |        0.000549 |
|                 Metric/cross_state_distance |            1.56 |
|           Metric/self_state_action_distance |         0.00147 |
|          Metric/cross_state_action_distance |            2.18 |
|             Metric/avg_self_state_asymmetry |               0 |
|            Metric/avg_cross_state_asymmetry |          0.0125 |
|                Metric/avg_self_sa_asymmetry |               0 |
|               Metric/avg_cross_sa_asymmetry |          0.0137 |
|  Metric/self_state_action_to_state_distance |        0.000221 |
| Metric/cross_state_action_to_state_distance |            2.17 |
|                   Metric/h_lambda_diff_self |         0.00129 |
|                  Metric/h_lambda_diff_cross |          0.0202 |
|                                 Eval/Return |            3.89 |
-----------------------------------------------------------------
-----------------------------------------------------------------
|                                 Train/Steps |        2.44e+06 |
|                            Loss/Loss_critic |          0.0697 |
|                             Loss/Loss_actor |             -86 |
|                             Loss/Loss_alpha |       -0.000799 |
|               Loss/Loss_state_action_metric |           0.949 |
|                      Loss/Loss_state_metric |           0.382 |
|             Loss/Loss_state_action_to_state |        0.000429 |
|                           Loss/Act_rep_loss |           -2.31 |
|                                   SAC/Alpha |          0.0177 |
|                              SAC/LogPi_mean |            2.91 |
|                                 SAC/Q1_mean |              86 |
|                                 SAC/Q2_mean |              86 |
|                            Norm/actor_model |             128 |
|                           Norm/critic_model |             153 |
|              Norm/state_action_metric_model |            77.6 |
|                     Norm/state_metric_model |             105 |
|        Norm/state_action_state_metric_model |            69.8 |
|                  Metric/self_state_distance |         0.00086 |
|                 Metric/cross_state_distance |            1.64 |
|           Metric/self_state_action_distance |         0.00241 |
|          Metric/cross_state_action_distance |            2.21 |
|             Metric/avg_self_state_asymmetry |               0 |
|            Metric/avg_cross_state_asymmetry |          0.0107 |
|                Metric/avg_self_sa_asymmetry |               0 |
|               Metric/avg_cross_sa_asymmetry |          0.0122 |
|  Metric/self_state_action_to_state_distance |        0.000472 |
| Metric/cross_state_action_to_state_distance |            2.21 |
|                   Metric/h_lambda_diff_self |         0.00236 |
|                  Metric/h_lambda_diff_cross |          0.0187 |
|                                 Eval/Return |            6.63 |
-----------------------------------------------------------------
-----------------------------------------------------------------
|                                 Train/Steps |        2.57e+06 |
|                            Loss/Loss_critic |          0.0761 |
|                             Loss/Loss_actor |             -87 |
|                             Loss/Loss_alpha |         0.00372 |
|               Loss/Loss_state_action_metric |           0.899 |
|                      Loss/Loss_state_metric |           0.388 |
|             Loss/Loss_state_action_to_state |        0.000225 |
|                           Loss/Act_rep_loss |           -2.12 |
|                                   SAC/Alpha |          0.0173 |
|                              SAC/LogPi_mean |             2.9 |
|                                 SAC/Q1_mean |              87 |
|                                 SAC/Q2_mean |            86.9 |
|                            Norm/actor_model |             130 |
|                           Norm/critic_model |             156 |
|              Norm/state_action_metric_model |            79.3 |
|                     Norm/state_metric_model |             107 |
|        Norm/state_action_state_metric_model |            71.5 |
|                  Metric/self_state_distance |        0.000175 |
|                 Metric/cross_state_distance |            1.64 |
|           Metric/self_state_action_distance |          0.0006 |
|          Metric/cross_state_action_distance |            2.17 |
|             Metric/avg_self_state_asymmetry |               0 |
|            Metric/avg_cross_state_asymmetry |          0.0106 |
|                Metric/avg_self_sa_asymmetry |               0 |
|               Metric/avg_cross_sa_asymmetry |          0.0121 |
|  Metric/self_state_action_to_state_distance |        7.81e-05 |
| Metric/cross_state_action_to_state_distance |            2.19 |
|                   Metric/h_lambda_diff_self |        0.000614 |
|                  Metric/h_lambda_diff_cross |          0.0271 |
|                                 Eval/Return |             716 |
-----------------------------------------------------------------
-----------------------------------------------------------------
|                                 Train/Steps |         2.7e+06 |
|                            Loss/Loss_critic |          0.0645 |
|                             Loss/Loss_actor |           -87.2 |
|                             Loss/Loss_alpha |         0.00285 |
|               Loss/Loss_state_action_metric |           0.802 |
|                      Loss/Loss_state_metric |           0.386 |
|             Loss/Loss_state_action_to_state |         0.00025 |
|                           Loss/Act_rep_loss |           -2.11 |
|                                   SAC/Alpha |          0.0165 |
|                              SAC/LogPi_mean |            3.02 |
|                                 SAC/Q1_mean |            87.2 |
|                                 SAC/Q2_mean |            87.2 |
|                            Norm/actor_model |             133 |
|                           Norm/critic_model |             159 |
|              Norm/state_action_metric_model |              81 |
|                     Norm/state_metric_model |             109 |
|        Norm/state_action_state_metric_model |            73.3 |
|                  Metric/self_state_distance |        0.000103 |
|                 Metric/cross_state_distance |            1.63 |
|           Metric/self_state_action_distance |         0.00167 |
|          Metric/cross_state_action_distance |            2.17 |
|             Metric/avg_self_state_asymmetry |               0 |
|            Metric/avg_cross_state_asymmetry |          0.0108 |
|                Metric/avg_self_sa_asymmetry |               0 |
|               Metric/avg_cross_sa_asymmetry |          0.0115 |
|  Metric/self_state_action_to_state_distance |        0.000362 |
| Metric/cross_state_action_to_state_distance |            2.18 |
|                   Metric/h_lambda_diff_self |         0.00147 |
|                  Metric/h_lambda_diff_cross |          0.0179 |
|                                 Eval/Return |            6.29 |
-----------------------------------------------------------------
-----------------------------------------------------------------
|                                 Train/Steps |        2.82e+06 |
|                            Loss/Loss_critic |          0.0677 |
|                             Loss/Loss_actor |           -87.6 |
|                             Loss/Loss_alpha |         0.00605 |
|               Loss/Loss_state_action_metric |           0.792 |
|                      Loss/Loss_state_metric |            0.33 |
|             Loss/Loss_state_action_to_state |        0.000287 |
|                           Loss/Act_rep_loss |           -2.04 |
|                                   SAC/Alpha |           0.016 |
|                              SAC/LogPi_mean |            2.69 |
|                                 SAC/Q1_mean |            87.6 |
|                                 SAC/Q2_mean |            87.6 |
|                            Norm/actor_model |             135 |
|                           Norm/critic_model |             162 |
|              Norm/state_action_metric_model |            82.7 |
|                     Norm/state_metric_model |             112 |
|        Norm/state_action_state_metric_model |            74.9 |
|                  Metric/self_state_distance |        0.000353 |
|                 Metric/cross_state_distance |            1.56 |
|           Metric/self_state_action_distance |         0.00123 |
|          Metric/cross_state_action_distance |            2.06 |
|             Metric/avg_self_state_asymmetry |               0 |
|            Metric/avg_cross_state_asymmetry |         0.00987 |
|                Metric/avg_self_sa_asymmetry |               0 |
|               Metric/avg_cross_sa_asymmetry |           0.014 |
|  Metric/self_state_action_to_state_distance |         0.00111 |
| Metric/cross_state_action_to_state_distance |            2.05 |
|                   Metric/h_lambda_diff_self |         0.00119 |
|                  Metric/h_lambda_diff_cross |          0.0222 |
|                                 Eval/Return |            17.9 |
-----------------------------------------------------------------
-----------------------------------------------------------------
|                                 Train/Steps |        2.95e+06 |
|                            Loss/Loss_critic |          0.0815 |
|                             Loss/Loss_actor |           -88.2 |
|                             Loss/Loss_alpha |         0.00225 |
|               Loss/Loss_state_action_metric |           0.946 |
|                      Loss/Loss_state_metric |           0.358 |
|             Loss/Loss_state_action_to_state |        0.000675 |
|                           Loss/Act_rep_loss |           -2.09 |
|                                   SAC/Alpha |          0.0156 |
|                              SAC/LogPi_mean |            2.79 |
|                                 SAC/Q1_mean |            88.2 |
|                                 SAC/Q2_mean |            88.2 |
|                            Norm/actor_model |             137 |
|                           Norm/critic_model |             166 |
|              Norm/state_action_metric_model |            84.3 |
|                     Norm/state_metric_model |             114 |
|        Norm/state_action_state_metric_model |            76.6 |
|                  Metric/self_state_distance |        0.000837 |
|                 Metric/cross_state_distance |             1.6 |
|           Metric/self_state_action_distance |        0.000699 |
|          Metric/cross_state_action_distance |             2.1 |
|             Metric/avg_self_state_asymmetry |               0 |
|            Metric/avg_cross_state_asymmetry |         0.00945 |
|                Metric/avg_self_sa_asymmetry |               0 |
|               Metric/avg_cross_sa_asymmetry |          0.0126 |
|  Metric/self_state_action_to_state_distance |        0.000106 |
| Metric/cross_state_action_to_state_distance |            2.12 |
|                   Metric/h_lambda_diff_self |        0.000634 |
|                  Metric/h_lambda_diff_cross |          0.0242 |
|                                 Eval/Return |            1.72 |
-----------------------------------------------------------------
-----------------------------------------------------------------
|                                 Train/Steps |        3.08e+06 |
|                            Loss/Loss_critic |          0.0717 |
|                             Loss/Loss_actor |           -87.5 |
|                             Loss/Loss_alpha |        -0.00242 |
|               Loss/Loss_state_action_metric |           0.972 |
|                      Loss/Loss_state_metric |           0.444 |
|             Loss/Loss_state_action_to_state |        0.000296 |
|                           Loss/Act_rep_loss |           -2.12 |
|                                   SAC/Alpha |          0.0143 |
|                              SAC/LogPi_mean |             3.1 |
|                                 SAC/Q1_mean |            87.5 |
|                                 SAC/Q2_mean |            87.6 |
|                            Norm/actor_model |             139 |
|                           Norm/critic_model |             169 |
|              Norm/state_action_metric_model |            86.1 |
|                     Norm/state_metric_model |             116 |
|        Norm/state_action_state_metric_model |            78.2 |
|                  Metric/self_state_distance |        0.000584 |
|                 Metric/cross_state_distance |            1.69 |
|           Metric/self_state_action_distance |         0.00309 |
|          Metric/cross_state_action_distance |            2.23 |
|             Metric/avg_self_state_asymmetry |               0 |
|            Metric/avg_cross_state_asymmetry |         0.00942 |
|                Metric/avg_self_sa_asymmetry |               0 |
|               Metric/avg_cross_sa_asymmetry |          0.0117 |
|  Metric/self_state_action_to_state_distance |         0.00132 |
| Metric/cross_state_action_to_state_distance |            2.22 |
|                   Metric/h_lambda_diff_self |         0.00376 |
|                  Metric/h_lambda_diff_cross |          0.0201 |
|                                 Eval/Return |            5.68 |
-----------------------------------------------------------------
[32mSaving model …[0m
[32mDone.[0m
[32mSaving model …[0m
[32mDone.[0m
-----------------------------------------------------------------
|                                 Train/Steps |        3.21e+06 |
|                            Loss/Loss_critic |           0.122 |
|                             Loss/Loss_actor |           -87.5 |
|                             Loss/Loss_alpha |        -0.00345 |
|               Loss/Loss_state_action_metric |           0.949 |
|                      Loss/Loss_state_metric |           0.357 |
|             Loss/Loss_state_action_to_state |        0.000621 |
|                           Loss/Act_rep_loss |           -2.04 |
|                                   SAC/Alpha |          0.0137 |
|                              SAC/LogPi_mean |            3.07 |
|                                 SAC/Q1_mean |            87.5 |
|                                 SAC/Q2_mean |            87.5 |
|                            Norm/actor_model |             142 |
|                           Norm/critic_model |             172 |
|              Norm/state_action_metric_model |            87.6 |
|                     Norm/state_metric_model |             118 |
|        Norm/state_action_state_metric_model |            79.8 |
|                  Metric/self_state_distance |        0.000486 |
|                 Metric/cross_state_distance |            1.61 |
|           Metric/self_state_action_distance |        0.000563 |
|          Metric/cross_state_action_distance |            2.19 |
|             Metric/avg_self_state_asymmetry |               0 |
|            Metric/avg_cross_state_asymmetry |          0.0105 |
|                Metric/avg_self_sa_asymmetry |               0 |
|               Metric/avg_cross_sa_asymmetry |          0.0125 |
|  Metric/self_state_action_to_state_distance |         0.00042 |
| Metric/cross_state_action_to_state_distance |            2.19 |
|                   Metric/h_lambda_diff_self |        0.000427 |
|                  Metric/h_lambda_diff_cross |          0.0205 |
|                                 Eval/Return |            23.8 |
-----------------------------------------------------------------
-----------------------------------------------------------------
|                                 Train/Steps |        3.34e+06 |
|                            Loss/Loss_critic |          0.0429 |
|                             Loss/Loss_actor |             -89 |
|                             Loss/Loss_alpha |         0.00238 |
|               Loss/Loss_state_action_metric |            0.86 |
|                      Loss/Loss_state_metric |           0.355 |
|             Loss/Loss_state_action_to_state |        0.000181 |
|                           Loss/Act_rep_loss |           -2.07 |
|                                   SAC/Alpha |          0.0135 |
|                              SAC/LogPi_mean |            2.98 |
|                                 SAC/Q1_mean |              89 |
|                                 SAC/Q2_mean |              89 |
|                            Norm/actor_model |             144 |
|                           Norm/critic_model |             175 |
|              Norm/state_action_metric_model |            89.3 |
|                     Norm/state_metric_model |             120 |
|        Norm/state_action_state_metric_model |            81.5 |
|                  Metric/self_state_distance |        0.000503 |
|                 Metric/cross_state_distance |            1.59 |
|           Metric/self_state_action_distance |        0.000456 |
|          Metric/cross_state_action_distance |            2.07 |
|             Metric/avg_self_state_asymmetry |               0 |
|            Metric/avg_cross_state_asymmetry |         0.00896 |
|                Metric/avg_self_sa_asymmetry |               0 |
|               Metric/avg_cross_sa_asymmetry |          0.0111 |
|  Metric/self_state_action_to_state_distance |         0.00063 |
| Metric/cross_state_action_to_state_distance |            2.07 |
|                   Metric/h_lambda_diff_self |        0.000676 |
|                  Metric/h_lambda_diff_cross |          0.0152 |
|                                 Eval/Return |            5.01 |
-----------------------------------------------------------------
-----------------------------------------------------------------
|                                 Train/Steps |        3.46e+06 |
|                            Loss/Loss_critic |          0.0684 |
|                             Loss/Loss_actor |           -89.6 |
|                             Loss/Loss_alpha |          0.0021 |
|               Loss/Loss_state_action_metric |           0.876 |
|                      Loss/Loss_state_metric |            0.35 |
|             Loss/Loss_state_action_to_state |        0.000169 |
|                           Loss/Act_rep_loss |           -1.95 |
|                                   SAC/Alpha |          0.0137 |
|                              SAC/LogPi_mean |            2.73 |
|                                 SAC/Q1_mean |            89.6 |
|                                 SAC/Q2_mean |            89.6 |
|                            Norm/actor_model |             146 |
|                           Norm/critic_model |             178 |
|              Norm/state_action_metric_model |            90.9 |
|                     Norm/state_metric_model |             122 |
|        Norm/state_action_state_metric_model |            82.9 |
|                  Metric/self_state_distance |         0.00021 |
|                 Metric/cross_state_distance |            1.56 |
|           Metric/self_state_action_distance |         0.00126 |
|          Metric/cross_state_action_distance |            2.04 |
|             Metric/avg_self_state_asymmetry |               0 |
|            Metric/avg_cross_state_asymmetry |         0.00795 |
|                Metric/avg_self_sa_asymmetry |               0 |
|               Metric/avg_cross_sa_asymmetry |          0.0112 |
|  Metric/self_state_action_to_state_distance |        0.000117 |
| Metric/cross_state_action_to_state_distance |            2.04 |
|                   Metric/h_lambda_diff_self |         0.00118 |
|                  Metric/h_lambda_diff_cross |          0.0182 |
|                                 Eval/Return |            6.59 |
-----------------------------------------------------------------
-----------------------------------------------------------------
|                                 Train/Steps |        3.59e+06 |
|                            Loss/Loss_critic |          0.0911 |
|                             Loss/Loss_actor |           -89.1 |
|                             Loss/Loss_alpha |         0.00242 |
|               Loss/Loss_state_action_metric |            1.14 |
|                      Loss/Loss_state_metric |            0.39 |
|             Loss/Loss_state_action_to_state |         0.00027 |
|                           Loss/Act_rep_loss |           -2.06 |
|                                   SAC/Alpha |          0.0132 |
|                              SAC/LogPi_mean |            2.82 |
|                                 SAC/Q1_mean |            89.1 |
|                                 SAC/Q2_mean |            89.1 |
|                            Norm/actor_model |             148 |
|                           Norm/critic_model |             181 |
|              Norm/state_action_metric_model |            92.5 |
|                     Norm/state_metric_model |             125 |
|        Norm/state_action_state_metric_model |            84.5 |
|                  Metric/self_state_distance |        0.000568 |
|                 Metric/cross_state_distance |            1.58 |
|           Metric/self_state_action_distance |        0.000883 |
|          Metric/cross_state_action_distance |            2.07 |
|             Metric/avg_self_state_asymmetry |               0 |
|            Metric/avg_cross_state_asymmetry |          0.0111 |
|                Metric/avg_self_sa_asymmetry |               0 |
|               Metric/avg_cross_sa_asymmetry |          0.0116 |
|  Metric/self_state_action_to_state_distance |        0.000174 |
| Metric/cross_state_action_to_state_distance |            2.06 |
|                   Metric/h_lambda_diff_self |        0.000801 |
|                  Metric/h_lambda_diff_cross |          0.0154 |
|                                 Eval/Return |            53.4 |
-----------------------------------------------------------------
-----------------------------------------------------------------
|                                 Train/Steps |        3.72e+06 |
|                            Loss/Loss_critic |           0.128 |
|                             Loss/Loss_actor |           -89.6 |
|                             Loss/Loss_alpha |         0.00155 |
|               Loss/Loss_state_action_metric |            1.09 |
|                      Loss/Loss_state_metric |           0.319 |
|             Loss/Loss_state_action_to_state |        0.000165 |
|                           Loss/Act_rep_loss |           -2.04 |
|                                   SAC/Alpha |          0.0134 |
|                              SAC/LogPi_mean |            2.86 |
|                                 SAC/Q1_mean |            89.6 |
|                                 SAC/Q2_mean |            89.7 |
|                            Norm/actor_model |             150 |
|                           Norm/critic_model |             184 |
|              Norm/state_action_metric_model |            93.9 |
|                     Norm/state_metric_model |             127 |
|        Norm/state_action_state_metric_model |            85.9 |
|                  Metric/self_state_distance |        0.000235 |
|                 Metric/cross_state_distance |            1.57 |
|           Metric/self_state_action_distance |         0.00186 |
|          Metric/cross_state_action_distance |            2.08 |
|             Metric/avg_self_state_asymmetry |               0 |
|            Metric/avg_cross_state_asymmetry |         0.00823 |
|                Metric/avg_self_sa_asymmetry |               0 |
|               Metric/avg_cross_sa_asymmetry |          0.0109 |
|  Metric/self_state_action_to_state_distance |        0.000232 |
| Metric/cross_state_action_to_state_distance |            2.07 |
|                   Metric/h_lambda_diff_self |          0.0017 |
|                  Metric/h_lambda_diff_cross |          0.0175 |
|                                 Eval/Return |            14.1 |
-----------------------------------------------------------------
-----------------------------------------------------------------
|                                 Train/Steps |        3.85e+06 |
|                            Loss/Loss_critic |          0.0816 |
|                             Loss/Loss_actor |             -90 |
|                             Loss/Loss_alpha |         -0.0027 |
|               Loss/Loss_state_action_metric |           0.815 |
|                      Loss/Loss_state_metric |           0.309 |
|             Loss/Loss_state_action_to_state |        0.000208 |
|                           Loss/Act_rep_loss |           -2.04 |
|                                   SAC/Alpha |          0.0125 |
|                              SAC/LogPi_mean |            3.19 |
|                                 SAC/Q1_mean |              90 |
|                                 SAC/Q2_mean |            90.1 |
|                            Norm/actor_model |             152 |
|                           Norm/critic_model |             187 |
|              Norm/state_action_metric_model |            95.5 |
|                     Norm/state_metric_model |             129 |
|        Norm/state_action_state_metric_model |            87.3 |
|                  Metric/self_state_distance |        5.88e-05 |
|                 Metric/cross_state_distance |            1.52 |
|           Metric/self_state_action_distance |          0.0016 |
|          Metric/cross_state_action_distance |            2.02 |
|             Metric/avg_self_state_asymmetry |               0 |
|            Metric/avg_cross_state_asymmetry |         0.00927 |
|                Metric/avg_self_sa_asymmetry |               0 |
|               Metric/avg_cross_sa_asymmetry |          0.0124 |
|  Metric/self_state_action_to_state_distance |        0.000108 |
| Metric/cross_state_action_to_state_distance |            2.01 |
|                   Metric/h_lambda_diff_self |         0.00149 |
|                  Metric/h_lambda_diff_cross |          0.0166 |
|                                 Eval/Return |            4.23 |
-----------------------------------------------------------------
-----------------------------------------------------------------
|                                 Train/Steps |        3.98e+06 |
|                            Loss/Loss_critic |          0.0532 |
|                             Loss/Loss_actor |           -90.1 |
|                             Loss/Loss_alpha |         0.00274 |
|               Loss/Loss_state_action_metric |           0.862 |
|                      Loss/Loss_state_metric |           0.372 |
|             Loss/Loss_state_action_to_state |        0.000159 |
|                           Loss/Act_rep_loss |           -1.95 |
|                                   SAC/Alpha |          0.0123 |
|                              SAC/LogPi_mean |            2.77 |
|                                 SAC/Q1_mean |            90.1 |
|                                 SAC/Q2_mean |            90.2 |
|                            Norm/actor_model |             154 |
|                           Norm/critic_model |             190 |
|              Norm/state_action_metric_model |            97.1 |
|                     Norm/state_metric_model |             131 |
|        Norm/state_action_state_metric_model |            88.8 |
|                  Metric/self_state_distance |        0.000126 |
|                 Metric/cross_state_distance |            1.58 |
|           Metric/self_state_action_distance |        0.000487 |
|          Metric/cross_state_action_distance |            2.06 |
|             Metric/avg_self_state_asymmetry |               0 |
|            Metric/avg_cross_state_asymmetry |         0.00821 |
|                Metric/avg_self_sa_asymmetry |               0 |
|               Metric/avg_cross_sa_asymmetry |          0.0106 |
|  Metric/self_state_action_to_state_distance |        5.24e-05 |
| Metric/cross_state_action_to_state_distance |            2.06 |
|                   Metric/h_lambda_diff_self |         0.00046 |
|                  Metric/h_lambda_diff_cross |          0.0138 |
|                                 Eval/Return |            62.7 |
-----------------------------------------------------------------
-----------------------------------------------------------------
|                                 Train/Steps |         4.1e+06 |
|                            Loss/Loss_critic |          0.0423 |
|                             Loss/Loss_actor |           -90.1 |
|                             Loss/Loss_alpha |         0.00124 |
|               Loss/Loss_state_action_metric |           0.728 |
|                      Loss/Loss_state_metric |           0.268 |
|             Loss/Loss_state_action_to_state |        0.000207 |
|                           Loss/Act_rep_loss |           -1.91 |
|                                   SAC/Alpha |          0.0114 |
|                              SAC/LogPi_mean |            2.84 |
|                                 SAC/Q1_mean |            90.1 |
|                                 SAC/Q2_mean |            90.2 |
|                            Norm/actor_model |             156 |
|                           Norm/critic_model |             192 |
|              Norm/state_action_metric_model |            98.5 |
|                     Norm/state_metric_model |             133 |
|        Norm/state_action_state_metric_model |              90 |
|                  Metric/self_state_distance |        0.000278 |
|                 Metric/cross_state_distance |            1.49 |
|           Metric/self_state_action_distance |        0.000665 |
|          Metric/cross_state_action_distance |            1.98 |
|             Metric/avg_self_state_asymmetry |               0 |
|            Metric/avg_cross_state_asymmetry |         0.00946 |
|                Metric/avg_self_sa_asymmetry |               0 |
|               Metric/avg_cross_sa_asymmetry |          0.0112 |
|  Metric/self_state_action_to_state_distance |        0.000472 |
| Metric/cross_state_action_to_state_distance |            1.98 |
|                   Metric/h_lambda_diff_self |        0.000877 |
|                  Metric/h_lambda_diff_cross |          0.0153 |
|                                 Eval/Return |             296 |
-----------------------------------------------------------------
[32mSaving model …[0m
[32mDone.[0m
[32mSaving model …[0m
[32mDone.[0m
-----------------------------------------------------------------
|                                 Train/Steps |        4.23e+06 |
|                            Loss/Loss_critic |          0.0699 |
|                             Loss/Loss_actor |           -93.3 |
|                             Loss/Loss_alpha |        -0.00052 |
|               Loss/Loss_state_action_metric |           0.627 |
|                      Loss/Loss_state_metric |            0.19 |
|             Loss/Loss_state_action_to_state |        8.47e-05 |
|                           Loss/Act_rep_loss |           -1.88 |
|                                   SAC/Alpha |          0.0102 |
|                              SAC/LogPi_mean |            3.12 |
|                                 SAC/Q1_mean |            93.3 |
|                                 SAC/Q2_mean |            93.4 |
|                            Norm/actor_model |             158 |
|                           Norm/critic_model |             193 |
|              Norm/state_action_metric_model |            99.8 |
|                     Norm/state_metric_model |             134 |
|        Norm/state_action_state_metric_model |              91 |
|                  Metric/self_state_distance |         0.00138 |
|                 Metric/cross_state_distance |            1.39 |
|           Metric/self_state_action_distance |        0.000776 |
|          Metric/cross_state_action_distance |            1.77 |
|             Metric/avg_self_state_asymmetry |               0 |
|            Metric/avg_cross_state_asymmetry |         0.00747 |
|                Metric/avg_self_sa_asymmetry |               0 |
|               Metric/avg_cross_sa_asymmetry |         0.00909 |
|  Metric/self_state_action_to_state_distance |        0.000284 |
| Metric/cross_state_action_to_state_distance |            1.76 |
|                   Metric/h_lambda_diff_self |        0.000719 |
|                  Metric/h_lambda_diff_cross |          0.0168 |
|                                 Eval/Return |            83.9 |
-----------------------------------------------------------------
-----------------------------------------------------------------
|                                 Train/Steps |        4.36e+06 |
|                            Loss/Loss_critic |          0.0188 |
|                             Loss/Loss_actor |           -93.9 |
|                             Loss/Loss_alpha |         0.00198 |
|               Loss/Loss_state_action_metric |           0.458 |
|                      Loss/Loss_state_metric |           0.228 |
|             Loss/Loss_state_action_to_state |        0.000157 |
|                           Loss/Act_rep_loss |           -1.79 |
|                                   SAC/Alpha |          0.0091 |
|                              SAC/LogPi_mean |            2.78 |
|                                 SAC/Q1_mean |            93.9 |
|                                 SAC/Q2_mean |              94 |
|                            Norm/actor_model |             159 |
|                           Norm/critic_model |             195 |
|              Norm/state_action_metric_model |             101 |
|                     Norm/state_metric_model |             136 |
|        Norm/state_action_state_metric_model |            91.8 |
|                  Metric/self_state_distance |        0.000214 |
|                 Metric/cross_state_distance |            1.41 |
|           Metric/self_state_action_distance |         0.00285 |
|          Metric/cross_state_action_distance |            1.76 |
|             Metric/avg_self_state_asymmetry |               0 |
|            Metric/avg_cross_state_asymmetry |          0.0064 |
|                Metric/avg_self_sa_asymmetry |               0 |
|               Metric/avg_cross_sa_asymmetry |         0.00898 |
|  Metric/self_state_action_to_state_distance |        0.000592 |
| Metric/cross_state_action_to_state_distance |            1.75 |
|                   Metric/h_lambda_diff_self |          0.0025 |
|                  Metric/h_lambda_diff_cross |          0.0194 |
|                                 Eval/Return |             743 |
-----------------------------------------------------------------
-----------------------------------------------------------------
|                                 Train/Steps |        4.49e+06 |
|                            Loss/Loss_critic |          0.0242 |
|                             Loss/Loss_actor |           -92.7 |
|                             Loss/Loss_alpha |        1.23e-05 |
|               Loss/Loss_state_action_metric |           0.749 |
|                      Loss/Loss_state_metric |           0.311 |
|             Loss/Loss_state_action_to_state |        7.75e-05 |
|                           Loss/Act_rep_loss |           -1.78 |
|                                   SAC/Alpha |         0.00863 |
|                              SAC/LogPi_mean |            2.85 |
|                                 SAC/Q1_mean |            92.7 |
|                                 SAC/Q2_mean |            92.7 |
|                            Norm/actor_model |             161 |
|                           Norm/critic_model |             197 |
|              Norm/state_action_metric_model |             103 |
|                     Norm/state_metric_model |             138 |
|        Norm/state_action_state_metric_model |            92.8 |
|                  Metric/self_state_distance |        0.000464 |
|                 Metric/cross_state_distance |            1.52 |
|           Metric/self_state_action_distance |         0.00104 |
|          Metric/cross_state_action_distance |            1.94 |
|             Metric/avg_self_state_asymmetry |               0 |
|            Metric/avg_cross_state_asymmetry |         0.00687 |
|                Metric/avg_self_sa_asymmetry |               0 |
|               Metric/avg_cross_sa_asymmetry |         0.00773 |
|  Metric/self_state_action_to_state_distance |        5.27e-05 |
| Metric/cross_state_action_to_state_distance |            1.94 |
|                   Metric/h_lambda_diff_self |         0.00102 |
|                  Metric/h_lambda_diff_cross |          0.0165 |
|                                 Eval/Return |             730 |
-----------------------------------------------------------------
-----------------------------------------------------------------
|                                 Train/Steps |        4.62e+06 |
|                            Loss/Loss_critic |          0.0193 |
|                             Loss/Loss_actor |           -93.5 |
|                             Loss/Loss_alpha |       -0.000723 |
|               Loss/Loss_state_action_metric |           0.794 |
|                      Loss/Loss_state_metric |           0.286 |
|             Loss/Loss_state_action_to_state |        7.05e-05 |
|                           Loss/Act_rep_loss |           -1.92 |
|                                   SAC/Alpha |         0.00799 |
|                              SAC/LogPi_mean |            2.99 |
|                                 SAC/Q1_mean |            93.5 |
|                                 SAC/Q2_mean |            93.6 |
|                            Norm/actor_model |             163 |
|                           Norm/critic_model |             199 |
|              Norm/state_action_metric_model |             104 |
|                     Norm/state_metric_model |             139 |
|        Norm/state_action_state_metric_model |            93.8 |
|                  Metric/self_state_distance |        9.29e-05 |
|                 Metric/cross_state_distance |            1.48 |
|           Metric/self_state_action_distance |        0.000676 |
|          Metric/cross_state_action_distance |            1.81 |
|             Metric/avg_self_state_asymmetry |               0 |
|            Metric/avg_cross_state_asymmetry |         0.00731 |
|                Metric/avg_self_sa_asymmetry |               0 |
|               Metric/avg_cross_sa_asymmetry |         0.00831 |
|  Metric/self_state_action_to_state_distance |        0.000289 |
| Metric/cross_state_action_to_state_distance |             1.8 |
|                   Metric/h_lambda_diff_self |        0.000538 |
|                  Metric/h_lambda_diff_cross |          0.0122 |
|                                 Eval/Return |             886 |
-----------------------------------------------------------------
-----------------------------------------------------------------
|                                 Train/Steps |        4.74e+06 |
|                            Loss/Loss_critic |          0.0261 |
|                             Loss/Loss_actor |           -94.3 |
|                             Loss/Loss_alpha |         0.00295 |
|               Loss/Loss_state_action_metric |           0.494 |
|                      Loss/Loss_state_metric |           0.221 |
|             Loss/Loss_state_action_to_state |        8.76e-05 |
|                           Loss/Act_rep_loss |           -1.76 |
|                                   SAC/Alpha |         0.00739 |
|                              SAC/LogPi_mean |            2.59 |
|                                 SAC/Q1_mean |            94.3 |
|                                 SAC/Q2_mean |            94.4 |
|                            Norm/actor_model |             164 |
|                           Norm/critic_model |             201 |
|              Norm/state_action_metric_model |             106 |
|                     Norm/state_metric_model |             141 |
|        Norm/state_action_state_metric_model |            94.8 |
|                  Metric/self_state_distance |        0.000973 |
|                 Metric/cross_state_distance |            1.43 |
|           Metric/self_state_action_distance |         0.00265 |
|          Metric/cross_state_action_distance |            1.77 |
|             Metric/avg_self_state_asymmetry |               0 |
|            Metric/avg_cross_state_asymmetry |         0.00585 |
|                Metric/avg_self_sa_asymmetry |               0 |
|               Metric/avg_cross_sa_asymmetry |         0.00866 |
|  Metric/self_state_action_to_state_distance |        0.000395 |
| Metric/cross_state_action_to_state_distance |            1.76 |
|                   Metric/h_lambda_diff_self |         0.00234 |
|                  Metric/h_lambda_diff_cross |          0.0176 |
|                                 Eval/Return |             882 |
-----------------------------------------------------------------
-----------------------------------------------------------------
|                                 Train/Steps |        4.87e+06 |
|                            Loss/Loss_critic |          0.0152 |
|                             Loss/Loss_actor |           -94.2 |
|                             Loss/Loss_alpha |         0.00194 |
|               Loss/Loss_state_action_metric |            1.01 |
|                      Loss/Loss_state_metric |           0.229 |
|             Loss/Loss_state_action_to_state |        9.66e-05 |
|                           Loss/Act_rep_loss |           -1.74 |
|                                   SAC/Alpha |         0.00661 |
|                              SAC/LogPi_mean |            2.63 |
|                                 SAC/Q1_mean |            94.2 |
|                                 SAC/Q2_mean |            94.3 |
|                            Norm/actor_model |             166 |
|                           Norm/critic_model |             204 |
|              Norm/state_action_metric_model |             107 |
|                     Norm/state_metric_model |             142 |
|        Norm/state_action_state_metric_model |            95.9 |
|                  Metric/self_state_distance |        0.000115 |
|                 Metric/cross_state_distance |            1.42 |
|           Metric/self_state_action_distance |        0.000794 |
|          Metric/cross_state_action_distance |            1.81 |
|             Metric/avg_self_state_asymmetry |               0 |
|            Metric/avg_cross_state_asymmetry |         0.00588 |
|                Metric/avg_self_sa_asymmetry |               0 |
|               Metric/avg_cross_sa_asymmetry |         0.00874 |
|  Metric/self_state_action_to_state_distance |        0.000192 |
| Metric/cross_state_action_to_state_distance |             1.8 |
|                   Metric/h_lambda_diff_self |        0.000699 |
|                  Metric/h_lambda_diff_cross |          0.0145 |
|                                 Eval/Return |             886 |
-----------------------------------------------------------------
-----------------------------------------------------------------
|                                 Train/Steps |           5e+06 |
|                            Loss/Loss_critic |          0.0243 |
|                             Loss/Loss_actor |           -94.8 |
|                             Loss/Loss_alpha |        0.000556 |
|               Loss/Loss_state_action_metric |            1.04 |
|                      Loss/Loss_state_metric |           0.231 |
|             Loss/Loss_state_action_to_state |        0.000129 |
|                           Loss/Act_rep_loss |           -1.85 |
|                                   SAC/Alpha |         0.00613 |
|                              SAC/LogPi_mean |            2.75 |
|                                 SAC/Q1_mean |            94.8 |
|                                 SAC/Q2_mean |            94.8 |
|                            Norm/actor_model |             168 |
|                           Norm/critic_model |             206 |
|              Norm/state_action_metric_model |             108 |
|                     Norm/state_metric_model |             144 |
|        Norm/state_action_state_metric_model |            96.9 |
|                  Metric/self_state_distance |        9.49e-05 |
|                 Metric/cross_state_distance |             1.4 |
|           Metric/self_state_action_distance |         0.00154 |
|          Metric/cross_state_action_distance |            1.72 |
|             Metric/avg_self_state_asymmetry |               0 |
|            Metric/avg_cross_state_asymmetry |         0.00527 |
|                Metric/avg_self_sa_asymmetry |               0 |
|               Metric/avg_cross_sa_asymmetry |         0.00813 |
|  Metric/self_state_action_to_state_distance |        0.000211 |
| Metric/cross_state_action_to_state_distance |             1.7 |
|                   Metric/h_lambda_diff_self |         0.00138 |
|                  Metric/h_lambda_diff_cross |          0.0167 |
|                                 Eval/Return |             848 |
-----------------------------------------------------------------
[32mSaving model …[0m
[32mDone.[0m
[32mSaving model …[0m
[32mDone.[0m
