/home/rudra/miniconda3/envs/jax_env/bin/python: No module named algo_2
E0830 19:03:50.821354  864372 cuda_executor.cc:1526] Could not get kernel mode driver version: (INVALID_ARGUMENT: Version does not match the format X.Y.Z)
E0830 19:03:50.829870  864263 cuda_executor.cc:1526] Could not get kernel mode driver version: (INVALID_ARGUMENT: Version does not match the format X.Y.Z)
[32mStart prefilling replay buffer[0m
[32mStart SAC training[0m
[32m{'log_freq': 1000, 'save_freq': 1000000, 'eval_episode_freq': 10, 'hidden_size': 256, 'lr': 0.001, 'max_grad_norm': 0.0, 'gamma': 0.99, 'update_tau': 0.005, 'train_per_step': 8, 'episode_length': 1000, 'warmup_samples': 8192, 'max_replay_size': 4000000, 'batch_size': 512, 'total_env_steps': 5000000, 'init_temperature': 0.1, 'nstep': 3, 'bootstrap_on_truncation': True, 'vis_feq': 100000, 'n_vis_frames': 4, 'num_envs': 128, 'grad_steps': 50, 'transfer_freq': 10, 'transfer_steps': 8, 'reward_scaling': 1.0, 'num_eval_envs': 128, 'target_entropy': -1.0}[0m
[32m[nstep] nstep=3 bootstrap_on_truncation=True (discount from the buffer already contains gamma^nstep)[0m
-----------------------------------------------------------------
|                                 Train/Steps |        1.36e+05 |
|                            Loss/Loss_critic |           0.284 |
|                             Loss/Loss_actor |           -8.37 |
|                             Loss/Loss_alpha |         -0.0157 |
|               Loss/Loss_state_action_metric |            8.76 |
|                      Loss/Loss_state_metric |           0.645 |
|             Loss/Loss_state_action_to_state |           0.213 |
|                           Loss/Act_rep_loss |         -0.0847 |
|                                   SAC/Alpha |           0.104 |
|                              SAC/LogPi_mean |            1.01 |
|                                 SAC/Q1_mean |            8.14 |
|                                 SAC/Q2_mean |            8.16 |
|                            Norm/actor_model |            40.8 |
|                           Norm/critic_model |            57.9 |
|              Norm/state_action_metric_model |              32 |
|                     Norm/state_metric_model |            32.1 |
|        Norm/state_action_state_metric_model |              32 |
|                  Metric/self_state_distance |            1.24 |
|                 Metric/cross_state_distance |            1.74 |
|           Metric/self_state_action_distance |           0.618 |
|          Metric/cross_state_action_distance |            0.91 |
|             Metric/avg_self_state_asymmetry |               0 |
|            Metric/avg_cross_state_asymmetry |           0.847 |
|                Metric/avg_self_sa_asymmetry |               0 |
|               Metric/avg_cross_sa_asymmetry |           0.392 |
|  Metric/self_state_action_to_state_distance |           0.868 |
| Metric/cross_state_action_to_state_distance |           0.987 |
|                   Metric/h_lambda_diff_self |            0.41 |
|                  Metric/h_lambda_diff_cross |           0.463 |
|                                 Eval/Return |             443 |
-----------------------------------------------------------------
-----------------------------------------------------------------
|                                 Train/Steps |        2.64e+05 |
|                            Loss/Loss_critic |           0.313 |
|                             Loss/Loss_actor |           -28.5 |
|                             Loss/Loss_alpha |         -0.0195 |
|               Loss/Loss_state_action_metric |            12.6 |
|                      Loss/Loss_state_metric |           0.819 |
|             Loss/Loss_state_action_to_state |           0.212 |
|                           Loss/Act_rep_loss |          -0.084 |
|                                   SAC/Alpha |           0.136 |
|                              SAC/LogPi_mean |            1.03 |
|                                 SAC/Q1_mean |            28.3 |
|                                 SAC/Q2_mean |            28.3 |
|                            Norm/actor_model |            54.8 |
|                           Norm/critic_model |            68.2 |
|              Norm/state_action_metric_model |              32 |
|                     Norm/state_metric_model |            32.1 |
|        Norm/state_action_state_metric_model |              32 |
|                  Metric/self_state_distance |            1.32 |
|                 Metric/cross_state_distance |            1.75 |
|           Metric/self_state_action_distance |           0.634 |
|          Metric/cross_state_action_distance |           0.961 |
|             Metric/avg_self_state_asymmetry |               0 |
|            Metric/avg_cross_state_asymmetry |           0.881 |
|                Metric/avg_self_sa_asymmetry |               0 |
|               Metric/avg_cross_sa_asymmetry |           0.449 |
|  Metric/self_state_action_to_state_distance |           0.849 |
| Metric/cross_state_action_to_state_distance |           0.997 |
|                   Metric/h_lambda_diff_self |           0.377 |
|                  Metric/h_lambda_diff_cross |           0.459 |
|                                 Eval/Return |             396 |
-----------------------------------------------------------------
-----------------------------------------------------------------
|                                 Train/Steps |        3.92e+05 |
|                            Loss/Loss_critic |           0.344 |
|                             Loss/Loss_actor |           -37.8 |
|                             Loss/Loss_alpha |          0.0101 |
|               Loss/Loss_state_action_metric |              14 |
|                      Loss/Loss_state_metric |            0.81 |
|             Loss/Loss_state_action_to_state |           0.206 |
|                           Loss/Act_rep_loss |         -0.0884 |
|                                   SAC/Alpha |           0.121 |
|                              SAC/LogPi_mean |            1.02 |
|                                 SAC/Q1_mean |            37.6 |
|                                 SAC/Q2_mean |            37.6 |
|                            Norm/actor_model |            64.7 |
|                           Norm/critic_model |              76 |
|              Norm/state_action_metric_model |              32 |
|                     Norm/state_metric_model |            32.1 |
|        Norm/state_action_state_metric_model |              32 |
|                  Metric/self_state_distance |            1.36 |
|                 Metric/cross_state_distance |             1.8 |
|           Metric/self_state_action_distance |           0.631 |
|          Metric/cross_state_action_distance |           0.905 |
|             Metric/avg_self_state_asymmetry |               0 |
|            Metric/avg_cross_state_asymmetry |           0.886 |
|                Metric/avg_self_sa_asymmetry |               0 |
|               Metric/avg_cross_sa_asymmetry |           0.369 |
|  Metric/self_state_action_to_state_distance |            0.84 |
| Metric/cross_state_action_to_state_distance |           0.998 |
|                   Metric/h_lambda_diff_self |            0.36 |
|                  Metric/h_lambda_diff_cross |           0.441 |
|                                 Eval/Return |             312 |
-----------------------------------------------------------------
-----------------------------------------------------------------
|                                 Train/Steps |         5.2e+05 |
|                            Loss/Loss_critic |           0.514 |
|                             Loss/Loss_actor |           -44.1 |
|                             Loss/Loss_alpha |        -0.00218 |
|               Loss/Loss_state_action_metric |            12.8 |
|                      Loss/Loss_state_metric |           0.862 |
|             Loss/Loss_state_action_to_state |           0.186 |
|                           Loss/Act_rep_loss |         -0.0832 |
|                                   SAC/Alpha |           0.138 |
|                              SAC/LogPi_mean |           0.918 |
|                                 SAC/Q1_mean |            43.8 |
|                                 SAC/Q2_mean |            43.8 |
|                            Norm/actor_model |            74.3 |
|                           Norm/critic_model |            84.6 |
|              Norm/state_action_metric_model |              32 |
|                     Norm/state_metric_model |            32.1 |
|        Norm/state_action_state_metric_model |              32 |
|                  Metric/self_state_distance |            1.44 |
|                 Metric/cross_state_distance |            1.84 |
|           Metric/self_state_action_distance |           0.636 |
|          Metric/cross_state_action_distance |           0.956 |
|             Metric/avg_self_state_asymmetry |               0 |
|            Metric/avg_cross_state_asymmetry |           0.811 |
|                Metric/avg_self_sa_asymmetry |               0 |
|               Metric/avg_cross_sa_asymmetry |           0.428 |
|  Metric/self_state_action_to_state_distance |           0.861 |
| Metric/cross_state_action_to_state_distance |            1.01 |
|                   Metric/h_lambda_diff_self |           0.369 |
|                  Metric/h_lambda_diff_cross |           0.438 |
|                                 Eval/Return |             638 |
-----------------------------------------------------------------
-----------------------------------------------------------------
|                                 Train/Steps |        6.48e+05 |
|                            Loss/Loss_critic |            0.67 |
|                             Loss/Loss_actor |           -50.7 |
|                             Loss/Loss_alpha |          0.0154 |
|               Loss/Loss_state_action_metric |            14.5 |
|                      Loss/Loss_state_metric |           0.907 |
|             Loss/Loss_state_action_to_state |           0.197 |
|                           Loss/Act_rep_loss |         -0.0817 |
|                                   SAC/Alpha |           0.169 |
|                              SAC/LogPi_mean |           0.972 |
|                                 SAC/Q1_mean |            50.5 |
|                                 SAC/Q2_mean |            50.5 |
|                            Norm/actor_model |            83.4 |
|                           Norm/critic_model |            93.9 |
|              Norm/state_action_metric_model |              32 |
|                     Norm/state_metric_model |            32.1 |
|        Norm/state_action_state_metric_model |              32 |
|                  Metric/self_state_distance |            1.39 |
|                 Metric/cross_state_distance |             1.8 |
|           Metric/self_state_action_distance |           0.628 |
|          Metric/cross_state_action_distance |           0.922 |
|             Metric/avg_self_state_asymmetry |               0 |
|            Metric/avg_cross_state_asymmetry |           0.812 |
|                Metric/avg_self_sa_asymmetry |               0 |
|               Metric/avg_cross_sa_asymmetry |           0.399 |
|  Metric/self_state_action_to_state_distance |           0.857 |
| Metric/cross_state_action_to_state_distance |           0.983 |
|                   Metric/h_lambda_diff_self |           0.362 |
|                  Metric/h_lambda_diff_cross |            0.42 |
|                                 Eval/Return |             667 |
-----------------------------------------------------------------
-----------------------------------------------------------------
|                                 Train/Steps |        7.76e+05 |
|                            Loss/Loss_critic |            0.94 |
|                             Loss/Loss_actor |           -57.1 |
|                             Loss/Loss_alpha |         0.00408 |
|               Loss/Loss_state_action_metric |            14.7 |
|                      Loss/Loss_state_metric |           0.881 |
|             Loss/Loss_state_action_to_state |           0.208 |
|                           Loss/Act_rep_loss |         -0.0865 |
|                                   SAC/Alpha |           0.174 |
|                              SAC/LogPi_mean |           0.971 |
|                                 SAC/Q1_mean |              57 |
|                                 SAC/Q2_mean |              57 |
|                            Norm/actor_model |            91.2 |
|                           Norm/critic_model |             102 |
|              Norm/state_action_metric_model |              32 |
|                     Norm/state_metric_model |            32.1 |
|        Norm/state_action_state_metric_model |              32 |
|                  Metric/self_state_distance |            1.37 |
|                 Metric/cross_state_distance |             1.8 |
|           Metric/self_state_action_distance |           0.618 |
|          Metric/cross_state_action_distance |           0.911 |
|             Metric/avg_self_state_asymmetry |               0 |
|            Metric/avg_cross_state_asymmetry |           0.826 |
|                Metric/avg_self_sa_asymmetry |               0 |
|               Metric/avg_cross_sa_asymmetry |           0.407 |
|  Metric/self_state_action_to_state_distance |           0.885 |
| Metric/cross_state_action_to_state_distance |            1.02 |
|                   Metric/h_lambda_diff_self |            0.41 |
|                  Metric/h_lambda_diff_cross |            0.47 |
|                                 Eval/Return |             454 |
-----------------------------------------------------------------
-----------------------------------------------------------------
|                                 Train/Steps |        9.04e+05 |
|                            Loss/Loss_critic |            1.11 |
|                             Loss/Loss_actor |           -61.7 |
|                             Loss/Loss_alpha |         -0.0113 |
|               Loss/Loss_state_action_metric |            14.6 |
|                      Loss/Loss_state_metric |           0.906 |
|             Loss/Loss_state_action_to_state |           0.227 |
|                           Loss/Act_rep_loss |         -0.0873 |
|                                   SAC/Alpha |           0.183 |
|                              SAC/LogPi_mean |            1.07 |
|                                 SAC/Q1_mean |            61.4 |
|                                 SAC/Q2_mean |            61.4 |
|                            Norm/actor_model |            98.3 |
|                           Norm/critic_model |             110 |
|              Norm/state_action_metric_model |              32 |
|                     Norm/state_metric_model |            32.1 |
|        Norm/state_action_state_metric_model |              32 |
|                  Metric/self_state_distance |            1.43 |
|                 Metric/cross_state_distance |            1.84 |
|           Metric/self_state_action_distance |            0.61 |
|          Metric/cross_state_action_distance |           0.857 |
|             Metric/avg_self_state_asymmetry |               0 |
|            Metric/avg_cross_state_asymmetry |           0.864 |
|                Metric/avg_self_sa_asymmetry |               0 |
|               Metric/avg_cross_sa_asymmetry |           0.361 |
|  Metric/self_state_action_to_state_distance |           0.919 |
| Metric/cross_state_action_to_state_distance |            1.03 |
|                   Metric/h_lambda_diff_self |           0.441 |
|                  Metric/h_lambda_diff_cross |           0.439 |
|                                 Eval/Return |             863 |
-----------------------------------------------------------------
-----------------------------------------------------------------
|                                 Train/Steps |        1.03e+06 |
|                            Loss/Loss_critic |           0.941 |
|                             Loss/Loss_actor |             -66 |
|                             Loss/Loss_alpha |          -0.011 |
|               Loss/Loss_state_action_metric |            13.9 |
|                      Loss/Loss_state_metric |           0.948 |
|             Loss/Loss_state_action_to_state |           0.228 |
|                           Loss/Act_rep_loss |         -0.0874 |
|                                   SAC/Alpha |           0.185 |
|                              SAC/LogPi_mean |             1.1 |
|                                 SAC/Q1_mean |            65.8 |
|                                 SAC/Q2_mean |            65.8 |
|                            Norm/actor_model |             105 |
|                           Norm/critic_model |             118 |
|              Norm/state_action_metric_model |              32 |
|                     Norm/state_metric_model |            32.1 |
|        Norm/state_action_state_metric_model |              32 |
|                  Metric/self_state_distance |            1.45 |
|                 Metric/cross_state_distance |             1.9 |
|           Metric/self_state_action_distance |           0.617 |
|          Metric/cross_state_action_distance |            0.86 |
|             Metric/avg_self_state_asymmetry |               0 |
|            Metric/avg_cross_state_asymmetry |           0.873 |
|                Metric/avg_self_sa_asymmetry |               0 |
|               Metric/avg_cross_sa_asymmetry |           0.361 |
|  Metric/self_state_action_to_state_distance |           0.914 |
| Metric/cross_state_action_to_state_distance |            1.01 |
|                   Metric/h_lambda_diff_self |           0.432 |
|                  Metric/h_lambda_diff_cross |           0.452 |
|                                 Eval/Return |             863 |
-----------------------------------------------------------------
[32mSaving model …[0m
[32mDone.[0m
[32mSaving model …[0m
[32mDone.[0m
-----------------------------------------------------------------
|                                 Train/Steps |        1.16e+06 |
|                            Loss/Loss_critic |            1.04 |
|                             Loss/Loss_actor |           -69.6 |
|                             Loss/Loss_alpha |          0.0279 |
|               Loss/Loss_state_action_metric |            12.8 |
|                      Loss/Loss_state_metric |           0.871 |
|             Loss/Loss_state_action_to_state |           0.245 |
|                           Loss/Act_rep_loss |         -0.0813 |
|                                   SAC/Alpha |            0.18 |
|                              SAC/LogPi_mean |           0.903 |
|                                 SAC/Q1_mean |            69.3 |
|                                 SAC/Q2_mean |            69.4 |
|                            Norm/actor_model |             111 |
|                           Norm/critic_model |             126 |
|              Norm/state_action_metric_model |              32 |
|                     Norm/state_metric_model |            32.1 |
|        Norm/state_action_state_metric_model |              32 |
|                  Metric/self_state_distance |            1.47 |
|                 Metric/cross_state_distance |            1.86 |
|           Metric/self_state_action_distance |           0.622 |
|          Metric/cross_state_action_distance |           0.876 |
|             Metric/avg_self_state_asymmetry |               0 |
|            Metric/avg_cross_state_asymmetry |           0.838 |
|                Metric/avg_self_sa_asymmetry |               0 |
|               Metric/avg_cross_sa_asymmetry |           0.379 |
|  Metric/self_state_action_to_state_distance |           0.938 |
| Metric/cross_state_action_to_state_distance |            1.02 |
|                   Metric/h_lambda_diff_self |           0.446 |
|                  Metric/h_lambda_diff_cross |           0.458 |
|                                 Eval/Return |             779 |
-----------------------------------------------------------------
-----------------------------------------------------------------
|                                 Train/Steps |        1.29e+06 |
|                            Loss/Loss_critic |            1.03 |
|                             Loss/Loss_actor |           -72.2 |
|                             Loss/Loss_alpha |        -0.00159 |
|               Loss/Loss_state_action_metric |            12.5 |
|                      Loss/Loss_state_metric |           0.825 |
|             Loss/Loss_state_action_to_state |           0.234 |
|                           Loss/Act_rep_loss |         -0.0821 |
|                                   SAC/Alpha |           0.179 |
|                              SAC/LogPi_mean |           0.971 |
|                                 SAC/Q1_mean |              72 |
|                                 SAC/Q2_mean |              72 |
|                            Norm/actor_model |             117 |
|                           Norm/critic_model |             132 |
|              Norm/state_action_metric_model |              32 |
|                     Norm/state_metric_model |            32.1 |
|        Norm/state_action_state_metric_model |              32 |
|                  Metric/self_state_distance |            1.39 |
|                 Metric/cross_state_distance |            1.76 |
|           Metric/self_state_action_distance |           0.624 |
|          Metric/cross_state_action_distance |           0.872 |
|             Metric/avg_self_state_asymmetry |               0 |
|            Metric/avg_cross_state_asymmetry |           0.777 |
|                Metric/avg_self_sa_asymmetry |               0 |
|               Metric/avg_cross_sa_asymmetry |           0.367 |
|  Metric/self_state_action_to_state_distance |           0.923 |
| Metric/cross_state_action_to_state_distance |            1.01 |
|                   Metric/h_lambda_diff_self |            0.44 |
|                  Metric/h_lambda_diff_cross |           0.437 |
|                                 Eval/Return |             477 |
-----------------------------------------------------------------
-----------------------------------------------------------------
|                                 Train/Steps |        1.42e+06 |
|                            Loss/Loss_critic |            1.52 |
|                             Loss/Loss_actor |           -74.4 |
|                             Loss/Loss_alpha |          0.0124 |
|               Loss/Loss_state_action_metric |            12.1 |
|                      Loss/Loss_state_metric |           0.908 |
|             Loss/Loss_state_action_to_state |           0.253 |
|                           Loss/Act_rep_loss |         -0.0828 |
|                                   SAC/Alpha |           0.173 |
|                              SAC/LogPi_mean |            0.87 |
|                                 SAC/Q1_mean |            74.3 |
|                                 SAC/Q2_mean |            74.2 |
|                            Norm/actor_model |             122 |
|                           Norm/critic_model |             139 |
|              Norm/state_action_metric_model |              32 |
|                     Norm/state_metric_model |            32.1 |
|        Norm/state_action_state_metric_model |              32 |
|                  Metric/self_state_distance |            1.44 |
|                 Metric/cross_state_distance |            1.85 |
|           Metric/self_state_action_distance |           0.626 |
|          Metric/cross_state_action_distance |            0.87 |
|             Metric/avg_self_state_asymmetry |               0 |
|            Metric/avg_cross_state_asymmetry |            0.82 |
|                Metric/avg_self_sa_asymmetry |               0 |
|               Metric/avg_cross_sa_asymmetry |           0.352 |
|  Metric/self_state_action_to_state_distance |           0.938 |
| Metric/cross_state_action_to_state_distance |           0.982 |
|                   Metric/h_lambda_diff_self |           0.447 |
|                  Metric/h_lambda_diff_cross |           0.426 |
|                                 Eval/Return |             797 |
-----------------------------------------------------------------
E0830 19:07:47.683500  866417 cuda_executor.cc:1526] Could not get kernel mode driver version: (INVALID_ARGUMENT: Version does not match the format X.Y.Z)
E0830 19:07:47.692228  866308 cuda_executor.cc:1526] Could not get kernel mode driver version: (INVALID_ARGUMENT: Version does not match the format X.Y.Z)
[32mStart prefilling replay buffer[0m
[32mStart SAC training[0m
[32m{'log_freq': 1000, 'save_freq': 1000000, 'eval_episode_freq': 10, 'hidden_size': 256, 'lr': 0.001, 'max_grad_norm': 0.0, 'gamma': 0.99, 'update_tau': 0.005, 'train_per_step': 8, 'episode_length': 1000, 'warmup_samples': 8192, 'max_replay_size': 4000000, 'batch_size': 512, 'total_env_steps': 5000000, 'init_temperature': 0.1, 'nstep': 3, 'bootstrap_on_truncation': True, 'vis_feq': 100000, 'n_vis_frames': 4, 'num_envs': 128, 'grad_steps': 50, 'transfer_freq': 10, 'transfer_steps': 8, 'reward_scaling': 1.0, 'num_eval_envs': 128, 'target_entropy': -1.0}[0m
[32m[nstep] nstep=3 bootstrap_on_truncation=True (discount from the buffer already contains gamma^nstep)[0m
-----------------------------------------------------------------
|                                 Train/Steps |        1.36e+05 |
|                            Loss/Loss_critic |           0.284 |
|                             Loss/Loss_actor |           -8.37 |
|                             Loss/Loss_alpha |         -0.0157 |
|               Loss/Loss_state_action_metric |            3.95 |
|                      Loss/Loss_state_metric |             0.2 |
|             Loss/Loss_state_action_to_state |             0.2 |
|                           Loss/Act_rep_loss |            -0.1 |
|                                   SAC/Alpha |           0.104 |
|                              SAC/LogPi_mean |            1.01 |
|                                 SAC/Q1_mean |            8.14 |
|                                 SAC/Q2_mean |            8.16 |
|                            Norm/actor_model |            40.9 |
|                           Norm/critic_model |            57.9 |
|              Norm/state_action_metric_model |              32 |
|                     Norm/state_metric_model |            32.1 |
|        Norm/state_action_state_metric_model |              32 |
|                  Metric/self_state_distance |               1 |
|                 Metric/cross_state_distance |               1 |
|           Metric/self_state_action_distance |               1 |
|          Metric/cross_state_action_distance |               1 |
|             Metric/avg_self_state_asymmetry |               0 |
|            Metric/avg_cross_state_asymmetry |               0 |
|                Metric/avg_self_sa_asymmetry |               0 |
|               Metric/avg_cross_sa_asymmetry |               0 |
|  Metric/self_state_action_to_state_distance |               1 |
| Metric/cross_state_action_to_state_distance |               1 |
|                   Metric/h_lambda_diff_self |               0 |
|                  Metric/h_lambda_diff_cross |               0 |
|                                 Eval/Return |             322 |
-----------------------------------------------------------------
-----------------------------------------------------------------
|                                 Train/Steps |        2.64e+05 |
|                            Loss/Loss_critic |           0.328 |
|                             Loss/Loss_actor |           -28.6 |
|                             Loss/Loss_alpha |         -0.0203 |
|               Loss/Loss_state_action_metric |            6.63 |
|                      Loss/Loss_state_metric |             0.2 |
|             Loss/Loss_state_action_to_state |             0.2 |
|                           Loss/Act_rep_loss |            -0.1 |
|                                   SAC/Alpha |           0.136 |
|                              SAC/LogPi_mean |            1.06 |
|                                 SAC/Q1_mean |            28.4 |
|                                 SAC/Q2_mean |            28.4 |
|                            Norm/actor_model |            54.7 |
|                           Norm/critic_model |            68.1 |
|              Norm/state_action_metric_model |              32 |
|                     Norm/state_metric_model |            32.1 |
|        Norm/state_action_state_metric_model |              32 |
|                  Metric/self_state_distance |               1 |
|                 Metric/cross_state_distance |               1 |
|           Metric/self_state_action_distance |               1 |
|          Metric/cross_state_action_distance |               1 |
|             Metric/avg_self_state_asymmetry |               0 |
|            Metric/avg_cross_state_asymmetry |               0 |
|                Metric/avg_self_sa_asymmetry |               0 |
|               Metric/avg_cross_sa_asymmetry |               0 |
|  Metric/self_state_action_to_state_distance |               1 |
| Metric/cross_state_action_to_state_distance |               1 |
|                   Metric/h_lambda_diff_self |               0 |
|                  Metric/h_lambda_diff_cross |               0 |
|                                 Eval/Return |             492 |
-----------------------------------------------------------------
-----------------------------------------------------------------
|                                 Train/Steps |        3.92e+05 |
|                            Loss/Loss_critic |           0.289 |
|                             Loss/Loss_actor |             -38 |
|                             Loss/Loss_alpha |          0.0124 |
|               Loss/Loss_state_action_metric |             7.9 |
|                      Loss/Loss_state_metric |             0.2 |
|             Loss/Loss_state_action_to_state |             0.2 |
|                           Loss/Act_rep_loss |            -0.1 |
|                                   SAC/Alpha |           0.119 |
|                              SAC/LogPi_mean |            0.98 |
|                                 SAC/Q1_mean |            37.8 |
|                                 SAC/Q2_mean |            37.8 |
|                            Norm/actor_model |            64.9 |
|                           Norm/critic_model |            75.7 |
|              Norm/state_action_metric_model |              32 |
|                     Norm/state_metric_model |            32.1 |
|        Norm/state_action_state_metric_model |              32 |
|                  Metric/self_state_distance |               1 |
|                 Metric/cross_state_distance |               1 |
|           Metric/self_state_action_distance |               1 |
|          Metric/cross_state_action_distance |               1 |
|             Metric/avg_self_state_asymmetry |               0 |
|            Metric/avg_cross_state_asymmetry |               0 |
|                Metric/avg_self_sa_asymmetry |               0 |
|               Metric/avg_cross_sa_asymmetry |               0 |
|  Metric/self_state_action_to_state_distance |               1 |
| Metric/cross_state_action_to_state_distance |               1 |
|                   Metric/h_lambda_diff_self |               0 |
|                  Metric/h_lambda_diff_cross |               0 |
|                                 Eval/Return |             537 |
-----------------------------------------------------------------
-----------------------------------------------------------------
|                                 Train/Steps |         5.2e+05 |
|                            Loss/Loss_critic |           0.287 |
|                             Loss/Loss_actor |           -42.7 |
|                             Loss/Loss_alpha |       -0.000966 |
|               Loss/Loss_state_action_metric |             6.8 |
|                      Loss/Loss_state_metric |             0.2 |
|             Loss/Loss_state_action_to_state |             0.2 |
|                           Loss/Act_rep_loss |            -0.1 |
|                                   SAC/Alpha |           0.109 |
|                              SAC/LogPi_mean |            0.96 |
|                                 SAC/Q1_mean |            42.6 |
|                                 SAC/Q2_mean |            42.6 |
|                            Norm/actor_model |            73.7 |
|                           Norm/critic_model |              83 |
|              Norm/state_action_metric_model |              32 |
|                     Norm/state_metric_model |            32.1 |
|        Norm/state_action_state_metric_model |              32 |
|                  Metric/self_state_distance |               1 |
|                 Metric/cross_state_distance |               1 |
|           Metric/self_state_action_distance |               1 |
|          Metric/cross_state_action_distance |               1 |
|             Metric/avg_self_state_asymmetry |               0 |
|            Metric/avg_cross_state_asymmetry |               0 |
|                Metric/avg_self_sa_asymmetry |               0 |
|               Metric/avg_cross_sa_asymmetry |               0 |
|  Metric/self_state_action_to_state_distance |               1 |
| Metric/cross_state_action_to_state_distance |               1 |
|                   Metric/h_lambda_diff_self |               0 |
|                  Metric/h_lambda_diff_cross |               0 |
|                                 Eval/Return |             540 |
-----------------------------------------------------------------
-----------------------------------------------------------------
|                                 Train/Steps |        6.48e+05 |
|                            Loss/Loss_critic |           0.285 |
|                             Loss/Loss_actor |           -45.8 |
|                             Loss/Loss_alpha |         0.00183 |
|               Loss/Loss_state_action_metric |            7.93 |
|                      Loss/Loss_state_metric |             0.2 |
|             Loss/Loss_state_action_to_state |             0.2 |
|                           Loss/Act_rep_loss |            -0.1 |
|                                   SAC/Alpha |            0.12 |
|                              SAC/LogPi_mean |           0.893 |
|                                 SAC/Q1_mean |            45.7 |
|                                 SAC/Q2_mean |            45.7 |
|                            Norm/actor_model |            82.6 |
|                           Norm/critic_model |            90.6 |
|              Norm/state_action_metric_model |              32 |
|                     Norm/state_metric_model |            32.1 |
|        Norm/state_action_state_metric_model |              32 |
|                  Metric/self_state_distance |               1 |
|                 Metric/cross_state_distance |               1 |
|           Metric/self_state_action_distance |               1 |
|          Metric/cross_state_action_distance |               1 |
|             Metric/avg_self_state_asymmetry |               0 |
|            Metric/avg_cross_state_asymmetry |               0 |
|                Metric/avg_self_sa_asymmetry |               0 |
|               Metric/avg_cross_sa_asymmetry |               0 |
|  Metric/self_state_action_to_state_distance |               1 |
| Metric/cross_state_action_to_state_distance |               1 |
|                   Metric/h_lambda_diff_self |               0 |
|                  Metric/h_lambda_diff_cross |               0 |
|                                 Eval/Return |             672 |
-----------------------------------------------------------------
-----------------------------------------------------------------
|                                 Train/Steps |        7.76e+05 |
|                            Loss/Loss_critic |           0.661 |
|                             Loss/Loss_actor |           -52.3 |
|                             Loss/Loss_alpha |           0.015 |
|               Loss/Loss_state_action_metric |             7.4 |
|                      Loss/Loss_state_metric |             0.2 |
|             Loss/Loss_state_action_to_state |             0.2 |
|                           Loss/Act_rep_loss |            -0.1 |
|                                   SAC/Alpha |            0.16 |
|                              SAC/LogPi_mean |            1.02 |
|                                 SAC/Q1_mean |            52.2 |
|                                 SAC/Q2_mean |            52.1 |
|                            Norm/actor_model |            90.8 |
|                           Norm/critic_model |            99.4 |
|              Norm/state_action_metric_model |              32 |
|                     Norm/state_metric_model |            32.1 |
|        Norm/state_action_state_metric_model |              32 |
|                  Metric/self_state_distance |               1 |
|                 Metric/cross_state_distance |               1 |
|           Metric/self_state_action_distance |               1 |
|          Metric/cross_state_action_distance |               1 |
|             Metric/avg_self_state_asymmetry |               0 |
|            Metric/avg_cross_state_asymmetry |               0 |
|                Metric/avg_self_sa_asymmetry |               0 |
|               Metric/avg_cross_sa_asymmetry |               0 |
|  Metric/self_state_action_to_state_distance |               1 |
| Metric/cross_state_action_to_state_distance |               1 |
|                   Metric/h_lambda_diff_self |               0 |
|                  Metric/h_lambda_diff_cross |               0 |
|                                 Eval/Return |             623 |
-----------------------------------------------------------------
-----------------------------------------------------------------
|                                 Train/Steps |        9.04e+05 |
|                            Loss/Loss_critic |           0.729 |
|                             Loss/Loss_actor |           -58.4 |
|                             Loss/Loss_alpha |         -0.0138 |
|               Loss/Loss_state_action_metric |            7.79 |
|                      Loss/Loss_state_metric |             0.2 |
|             Loss/Loss_state_action_to_state |             0.2 |
|                           Loss/Act_rep_loss |            -0.1 |
|                                   SAC/Alpha |           0.177 |
|                              SAC/LogPi_mean |            1.09 |
|                                 SAC/Q1_mean |            58.2 |
|                                 SAC/Q2_mean |            58.1 |
|                            Norm/actor_model |            98.4 |
|                           Norm/critic_model |             108 |
|              Norm/state_action_metric_model |              32 |
|                     Norm/state_metric_model |            32.1 |
|        Norm/state_action_state_metric_model |              32 |
|                  Metric/self_state_distance |               1 |
|                 Metric/cross_state_distance |               1 |
|           Metric/self_state_action_distance |               1 |
|          Metric/cross_state_action_distance |               1 |
|             Metric/avg_self_state_asymmetry |               0 |
|            Metric/avg_cross_state_asymmetry |               0 |
|                Metric/avg_self_sa_asymmetry |               0 |
|               Metric/avg_cross_sa_asymmetry |               0 |
|  Metric/self_state_action_to_state_distance |               1 |
| Metric/cross_state_action_to_state_distance |               1 |
|                   Metric/h_lambda_diff_self |               0 |
|                  Metric/h_lambda_diff_cross |               0 |
|                                 Eval/Return |             783 |
-----------------------------------------------------------------
-----------------------------------------------------------------
|                                 Train/Steps |        1.03e+06 |
|                            Loss/Loss_critic |            1.06 |
|                             Loss/Loss_actor |           -63.1 |
|                             Loss/Loss_alpha |         -0.0312 |
|               Loss/Loss_state_action_metric |            7.96 |
|                      Loss/Loss_state_metric |             0.2 |
|             Loss/Loss_state_action_to_state |             0.2 |
|                           Loss/Act_rep_loss |            -0.1 |
|                                   SAC/Alpha |           0.184 |
|                              SAC/LogPi_mean |            1.19 |
|                                 SAC/Q1_mean |            62.9 |
|                                 SAC/Q2_mean |            62.9 |
|                            Norm/actor_model |             105 |
|                           Norm/critic_model |             115 |
|              Norm/state_action_metric_model |              32 |
|                     Norm/state_metric_model |            32.1 |
|        Norm/state_action_state_metric_model |              32 |
|                  Metric/self_state_distance |               1 |
|                 Metric/cross_state_distance |               1 |
|           Metric/self_state_action_distance |               1 |
|          Metric/cross_state_action_distance |               1 |
|             Metric/avg_self_state_asymmetry |               0 |
|            Metric/avg_cross_state_asymmetry |               0 |
|                Metric/avg_self_sa_asymmetry |               0 |
|               Metric/avg_cross_sa_asymmetry |               0 |
|  Metric/self_state_action_to_state_distance |               1 |
| Metric/cross_state_action_to_state_distance |               1 |
|                   Metric/h_lambda_diff_self |               0 |
|                  Metric/h_lambda_diff_cross |               0 |
|                                 Eval/Return |             873 |
-----------------------------------------------------------------
[32mSaving model …[0m
[32mDone.[0m
[32mSaving model …[0m
[32mDone.[0m
-----------------------------------------------------------------
|                                 Train/Steps |        1.16e+06 |
|                            Loss/Loss_critic |           0.761 |
|                             Loss/Loss_actor |           -67.5 |
|                             Loss/Loss_alpha |        -0.00864 |
|               Loss/Loss_state_action_metric |            7.24 |
|                      Loss/Loss_state_metric |             0.2 |
|             Loss/Loss_state_action_to_state |             0.2 |
|                           Loss/Act_rep_loss |            -0.1 |
|                                   SAC/Alpha |           0.187 |
|                              SAC/LogPi_mean |            1.02 |
|                                 SAC/Q1_mean |            67.2 |
|                                 SAC/Q2_mean |            67.3 |
|                            Norm/actor_model |             112 |
|                           Norm/critic_model |             122 |
|              Norm/state_action_metric_model |              32 |
|                     Norm/state_metric_model |            32.1 |
|        Norm/state_action_state_metric_model |              32 |
|                  Metric/self_state_distance |               1 |
|                 Metric/cross_state_distance |               1 |
|           Metric/self_state_action_distance |               1 |
|          Metric/cross_state_action_distance |               1 |
|             Metric/avg_self_state_asymmetry |               0 |
|            Metric/avg_cross_state_asymmetry |               0 |
|                Metric/avg_self_sa_asymmetry |               0 |
|               Metric/avg_cross_sa_asymmetry |               0 |
|  Metric/self_state_action_to_state_distance |               1 |
| Metric/cross_state_action_to_state_distance |               1 |
|                   Metric/h_lambda_diff_self |               0 |
|                  Metric/h_lambda_diff_cross |               0 |
|                                 Eval/Return |             880 |
-----------------------------------------------------------------
-----------------------------------------------------------------
|                                 Train/Steps |        1.29e+06 |
|                            Loss/Loss_critic |            1.02 |
|                             Loss/Loss_actor |           -70.5 |
|                             Loss/Loss_alpha |          -0.018 |
|               Loss/Loss_state_action_metric |            6.73 |
|                      Loss/Loss_state_metric |             0.2 |
|             Loss/Loss_state_action_to_state |             0.2 |
|                           Loss/Act_rep_loss |            -0.1 |
|                                   SAC/Alpha |           0.187 |
|                              SAC/LogPi_mean |            1.01 |
|                                 SAC/Q1_mean |            70.2 |
|                                 SAC/Q2_mean |            70.2 |
|                            Norm/actor_model |             118 |
|                           Norm/critic_model |             129 |
|              Norm/state_action_metric_model |              32 |
|                     Norm/state_metric_model |            32.1 |
|        Norm/state_action_state_metric_model |              32 |
|                  Metric/self_state_distance |               1 |
|                 Metric/cross_state_distance |               1 |
|           Metric/self_state_action_distance |               1 |
|          Metric/cross_state_action_distance |               1 |
|             Metric/avg_self_state_asymmetry |               0 |
|            Metric/avg_cross_state_asymmetry |               0 |
|                Metric/avg_self_sa_asymmetry |               0 |
|               Metric/avg_cross_sa_asymmetry |               0 |
|  Metric/self_state_action_to_state_distance |               1 |
| Metric/cross_state_action_to_state_distance |               1 |
|                   Metric/h_lambda_diff_self |               0 |
|                  Metric/h_lambda_diff_cross |               0 |
|                                 Eval/Return |             775 |
-----------------------------------------------------------------
-----------------------------------------------------------------
|                                 Train/Steps |        1.42e+06 |
|                            Loss/Loss_critic |           0.827 |
|                             Loss/Loss_actor |           -73.2 |
|                             Loss/Loss_alpha |         0.00375 |
|               Loss/Loss_state_action_metric |            6.87 |
|                      Loss/Loss_state_metric |             0.2 |
|             Loss/Loss_state_action_to_state |             0.2 |
|                           Loss/Act_rep_loss |            -0.1 |
|                                   SAC/Alpha |           0.184 |
|                              SAC/LogPi_mean |           0.974 |
|                                 SAC/Q1_mean |            73.1 |
|                                 SAC/Q2_mean |            73.1 |
|                            Norm/actor_model |             124 |
|                           Norm/critic_model |             136 |
|              Norm/state_action_metric_model |              32 |
|                     Norm/state_metric_model |            32.1 |
|        Norm/state_action_state_metric_model |              32 |
|                  Metric/self_state_distance |               1 |
|                 Metric/cross_state_distance |               1 |
|           Metric/self_state_action_distance |               1 |
|          Metric/cross_state_action_distance |               1 |
|             Metric/avg_self_state_asymmetry |               0 |
|            Metric/avg_cross_state_asymmetry |               0 |
|                Metric/avg_self_sa_asymmetry |               0 |
|               Metric/avg_cross_sa_asymmetry |               0 |
|  Metric/self_state_action_to_state_distance |               1 |
| Metric/cross_state_action_to_state_distance |               1 |
|                   Metric/h_lambda_diff_self |               0 |
|                  Metric/h_lambda_diff_cross |               0 |
|                                 Eval/Return |             830 |
-----------------------------------------------------------------
-----------------------------------------------------------------
|                                 Train/Steps |        1.54e+06 |
|                            Loss/Loss_critic |           0.731 |
|                             Loss/Loss_actor |           -75.2 |
|                             Loss/Loss_alpha |         -0.0104 |
|               Loss/Loss_state_action_metric |             6.6 |
|                      Loss/Loss_state_metric |             0.2 |
|             Loss/Loss_state_action_to_state |             0.2 |
|                           Loss/Act_rep_loss |            -0.1 |
|                                   SAC/Alpha |           0.174 |
|                              SAC/LogPi_mean |            1.07 |
|                                 SAC/Q1_mean |              75 |
|                                 SAC/Q2_mean |              75 |
|                            Norm/actor_model |             129 |
|                           Norm/critic_model |             142 |
|              Norm/state_action_metric_model |              32 |
|                     Norm/state_metric_model |            32.1 |
|        Norm/state_action_state_metric_model |              32 |
|                  Metric/self_state_distance |               1 |
|                 Metric/cross_state_distance |               1 |
|           Metric/self_state_action_distance |               1 |
|          Metric/cross_state_action_distance |               1 |
|             Metric/avg_self_state_asymmetry |               0 |
|            Metric/avg_cross_state_asymmetry |               0 |
|                Metric/avg_self_sa_asymmetry |               0 |
|               Metric/avg_cross_sa_asymmetry |               0 |
|  Metric/self_state_action_to_state_distance |               1 |
| Metric/cross_state_action_to_state_distance |               1 |
|                   Metric/h_lambda_diff_self |               0 |
|                  Metric/h_lambda_diff_cross |               0 |
|                                 Eval/Return |             869 |
-----------------------------------------------------------------
-----------------------------------------------------------------
|                                 Train/Steps |        1.67e+06 |
|                            Loss/Loss_critic |            1.51 |
|                             Loss/Loss_actor |           -76.8 |
|                             Loss/Loss_alpha |         -0.0371 |
|               Loss/Loss_state_action_metric |            6.55 |
|                      Loss/Loss_state_metric |             0.2 |
|             Loss/Loss_state_action_to_state |             0.2 |
|                           Loss/Act_rep_loss |            -0.1 |
|                                   SAC/Alpha |           0.167 |
|                              SAC/LogPi_mean |            1.28 |
|                                 SAC/Q1_mean |            76.5 |
|                                 SAC/Q2_mean |            76.5 |
|                            Norm/actor_model |             135 |
|                           Norm/critic_model |             148 |
|              Norm/state_action_metric_model |              32 |
|                     Norm/state_metric_model |            32.1 |
|        Norm/state_action_state_metric_model |              32 |
|                  Metric/self_state_distance |               1 |
|                 Metric/cross_state_distance |               1 |
|           Metric/self_state_action_distance |               1 |
|          Metric/cross_state_action_distance |               1 |
|             Metric/avg_self_state_asymmetry |               0 |
|            Metric/avg_cross_state_asymmetry |               0 |
|                Metric/avg_self_sa_asymmetry |               0 |
|               Metric/avg_cross_sa_asymmetry |               0 |
|  Metric/self_state_action_to_state_distance |               1 |
| Metric/cross_state_action_to_state_distance |               1 |
|                   Metric/h_lambda_diff_self |               0 |
|                  Metric/h_lambda_diff_cross |               0 |
|                                 Eval/Return |             881 |
-----------------------------------------------------------------
-----------------------------------------------------------------
|                                 Train/Steps |         1.8e+06 |
|                            Loss/Loss_critic |            1.08 |
|                             Loss/Loss_actor |           -77.3 |
|                             Loss/Loss_alpha |         -0.0284 |
|               Loss/Loss_state_action_metric |            6.39 |
|                      Loss/Loss_state_metric |             0.2 |
|             Loss/Loss_state_action_to_state |             0.2 |
|                           Loss/Act_rep_loss |            -0.1 |
|                                   SAC/Alpha |           0.154 |
|                              SAC/LogPi_mean |             1.2 |
|                                 SAC/Q1_mean |            77.1 |
|                                 SAC/Q2_mean |            77.1 |
|                            Norm/actor_model |             140 |
|                           Norm/critic_model |             154 |
|              Norm/state_action_metric_model |              32 |
|                     Norm/state_metric_model |            32.1 |
|        Norm/state_action_state_metric_model |              32 |
|                  Metric/self_state_distance |               1 |
|                 Metric/cross_state_distance |               1 |
|           Metric/self_state_action_distance |               1 |
|          Metric/cross_state_action_distance |               1 |
|             Metric/avg_self_state_asymmetry |               0 |
|            Metric/avg_cross_state_asymmetry |               0 |
|                Metric/avg_self_sa_asymmetry |               0 |
|               Metric/avg_cross_sa_asymmetry |               0 |
|  Metric/self_state_action_to_state_distance |               1 |
| Metric/cross_state_action_to_state_distance |               1 |
|                   Metric/h_lambda_diff_self |               0 |
|                  Metric/h_lambda_diff_cross |               0 |
|                                 Eval/Return |             853 |
-----------------------------------------------------------------
-----------------------------------------------------------------
|                                 Train/Steps |        1.93e+06 |
|                            Loss/Loss_critic |           0.592 |
|                             Loss/Loss_actor |           -79.8 |
|                             Loss/Loss_alpha |          0.0111 |
|               Loss/Loss_state_action_metric |            5.45 |
|                      Loss/Loss_state_metric |             0.2 |
|             Loss/Loss_state_action_to_state |             0.2 |
|                           Loss/Act_rep_loss |            -0.1 |
|                                   SAC/Alpha |            0.15 |
|                              SAC/LogPi_mean |            1.02 |
|                                 SAC/Q1_mean |            79.7 |
|                                 SAC/Q2_mean |            79.7 |
|                            Norm/actor_model |             145 |
|                           Norm/critic_model |             160 |
|              Norm/state_action_metric_model |              32 |
|                     Norm/state_metric_model |            32.1 |
|        Norm/state_action_state_metric_model |              32 |
|                  Metric/self_state_distance |               1 |
|                 Metric/cross_state_distance |               1 |
|           Metric/self_state_action_distance |               1 |
|          Metric/cross_state_action_distance |               1 |
|             Metric/avg_self_state_asymmetry |               0 |
|            Metric/avg_cross_state_asymmetry |               0 |
|                Metric/avg_self_sa_asymmetry |               0 |
|               Metric/avg_cross_sa_asymmetry |               0 |
|  Metric/self_state_action_to_state_distance |               1 |
| Metric/cross_state_action_to_state_distance |               1 |
|                   Metric/h_lambda_diff_self |               0 |
|                  Metric/h_lambda_diff_cross |               0 |
|                                 Eval/Return |             918 |
-----------------------------------------------------------------
-----------------------------------------------------------------
|                                 Train/Steps |        2.06e+06 |
|                            Loss/Loss_critic |            0.64 |
|                             Loss/Loss_actor |             -80 |
|                             Loss/Loss_alpha |         0.00235 |
|               Loss/Loss_state_action_metric |             6.1 |
|                      Loss/Loss_state_metric |             0.2 |
|             Loss/Loss_state_action_to_state |             0.2 |
|                           Loss/Act_rep_loss |            -0.1 |
|                                   SAC/Alpha |            0.15 |
|                              SAC/LogPi_mean |           0.972 |
|                                 SAC/Q1_mean |            79.8 |
|                                 SAC/Q2_mean |            79.8 |
|                            Norm/actor_model |             150 |
|                           Norm/critic_model |             166 |
|              Norm/state_action_metric_model |              32 |
|                     Norm/state_metric_model |            32.1 |
|        Norm/state_action_state_metric_model |              32 |
|                  Metric/self_state_distance |               1 |
|                 Metric/cross_state_distance |               1 |
|           Metric/self_state_action_distance |               1 |
|          Metric/cross_state_action_distance |               1 |
|             Metric/avg_self_state_asymmetry |               0 |
|            Metric/avg_cross_state_asymmetry |               0 |
|                Metric/avg_self_sa_asymmetry |               0 |
|               Metric/avg_cross_sa_asymmetry |               0 |
|  Metric/self_state_action_to_state_distance |               1 |
| Metric/cross_state_action_to_state_distance |               1 |
|                   Metric/h_lambda_diff_self |               0 |
|                  Metric/h_lambda_diff_cross |               0 |
|                                 Eval/Return |             672 |
-----------------------------------------------------------------
[32mSaving model …[0m
[32mDone.[0m
[32mSaving model …[0m
[32mDone.[0m
-----------------------------------------------------------------
|                                 Train/Steps |        2.18e+06 |
|                            Loss/Loss_critic |           0.615 |
|                             Loss/Loss_actor |           -80.3 |
|                             Loss/Loss_alpha |         -0.0155 |
|               Loss/Loss_state_action_metric |             5.4 |
|                      Loss/Loss_state_metric |             0.2 |
|             Loss/Loss_state_action_to_state |             0.2 |
|                           Loss/Act_rep_loss |            -0.1 |
|                                   SAC/Alpha |            0.14 |
|                              SAC/LogPi_mean |            1.11 |
|                                 SAC/Q1_mean |            80.1 |
|                                 SAC/Q2_mean |            80.1 |
|                            Norm/actor_model |             154 |
|                           Norm/critic_model |             171 |
|              Norm/state_action_metric_model |              32 |
|                     Norm/state_metric_model |            32.1 |
|        Norm/state_action_state_metric_model |              32 |
|                  Metric/self_state_distance |               1 |
|                 Metric/cross_state_distance |               1 |
|           Metric/self_state_action_distance |               1 |
|          Metric/cross_state_action_distance |               1 |
|             Metric/avg_self_state_asymmetry |               0 |
|            Metric/avg_cross_state_asymmetry |               0 |
|                Metric/avg_self_sa_asymmetry |               0 |
|               Metric/avg_cross_sa_asymmetry |               0 |
|  Metric/self_state_action_to_state_distance |               1 |
| Metric/cross_state_action_to_state_distance |               1 |
|                   Metric/h_lambda_diff_self |               0 |
|                  Metric/h_lambda_diff_cross |               0 |
|                                 Eval/Return |             840 |
-----------------------------------------------------------------
-----------------------------------------------------------------
|                                 Train/Steps |        2.31e+06 |
|                            Loss/Loss_critic |            1.08 |
|                             Loss/Loss_actor |           -81.5 |
|                             Loss/Loss_alpha |         -0.0115 |
|               Loss/Loss_state_action_metric |            5.74 |
|                      Loss/Loss_state_metric |             0.2 |
|             Loss/Loss_state_action_to_state |             0.2 |
|                           Loss/Act_rep_loss |            -0.1 |
|                                   SAC/Alpha |           0.137 |
|                              SAC/LogPi_mean |            1.03 |
|                                 SAC/Q1_mean |            81.3 |
|                                 SAC/Q2_mean |            81.3 |
|                            Norm/actor_model |             159 |
|                           Norm/critic_model |             177 |
|              Norm/state_action_metric_model |              32 |
|                     Norm/state_metric_model |            32.1 |
|        Norm/state_action_state_metric_model |              32 |
|                  Metric/self_state_distance |               1 |
|                 Metric/cross_state_distance |               1 |
|           Metric/self_state_action_distance |               1 |
|          Metric/cross_state_action_distance |               1 |
|             Metric/avg_self_state_asymmetry |               0 |
|            Metric/avg_cross_state_asymmetry |               0 |
|                Metric/avg_self_sa_asymmetry |               0 |
|               Metric/avg_cross_sa_asymmetry |               0 |
|  Metric/self_state_action_to_state_distance |               1 |
| Metric/cross_state_action_to_state_distance |               1 |
|                   Metric/h_lambda_diff_self |               0 |
|                  Metric/h_lambda_diff_cross |               0 |
|                                 Eval/Return |             591 |
-----------------------------------------------------------------
-----------------------------------------------------------------
|                                 Train/Steps |        2.44e+06 |
|                            Loss/Loss_critic |           0.589 |
|                             Loss/Loss_actor |           -82.1 |
|                             Loss/Loss_alpha |          0.0142 |
|               Loss/Loss_state_action_metric |            5.82 |
|                      Loss/Loss_state_metric |             0.2 |
|             Loss/Loss_state_action_to_state |             0.2 |
|                           Loss/Act_rep_loss |            -0.1 |
|                                   SAC/Alpha |           0.132 |
|                              SAC/LogPi_mean |           0.897 |
|                                 SAC/Q1_mean |            81.9 |
|                                 SAC/Q2_mean |              82 |
|                            Norm/actor_model |             163 |
|                           Norm/critic_model |             182 |
|              Norm/state_action_metric_model |              32 |
|                     Norm/state_metric_model |            32.1 |
|        Norm/state_action_state_metric_model |              32 |
|                  Metric/self_state_distance |               1 |
|                 Metric/cross_state_distance |               1 |
|           Metric/self_state_action_distance |               1 |
|          Metric/cross_state_action_distance |               1 |
|             Metric/avg_self_state_asymmetry |               0 |
|            Metric/avg_cross_state_asymmetry |               0 |
|                Metric/avg_self_sa_asymmetry |               0 |
|               Metric/avg_cross_sa_asymmetry |               0 |
|  Metric/self_state_action_to_state_distance |               1 |
| Metric/cross_state_action_to_state_distance |               1 |
|                   Metric/h_lambda_diff_self |               0 |
|                  Metric/h_lambda_diff_cross |               0 |
|                                 Eval/Return |             893 |
-----------------------------------------------------------------
-----------------------------------------------------------------
|                                 Train/Steps |        2.57e+06 |
|                            Loss/Loss_critic |            0.55 |
|                             Loss/Loss_actor |           -82.4 |
|                             Loss/Loss_alpha |         -0.0166 |
|               Loss/Loss_state_action_metric |            6.09 |
|                      Loss/Loss_state_metric |             0.2 |
|             Loss/Loss_state_action_to_state |             0.2 |
|                           Loss/Act_rep_loss |            -0.1 |
|                                   SAC/Alpha |           0.128 |
|                              SAC/LogPi_mean |               1 |
|                                 SAC/Q1_mean |            82.2 |
|                                 SAC/Q2_mean |            82.3 |
|                            Norm/actor_model |             167 |
|                           Norm/critic_model |             187 |
|              Norm/state_action_metric_model |              32 |
|                     Norm/state_metric_model |            32.1 |
|        Norm/state_action_state_metric_model |              32 |
|                  Metric/self_state_distance |               1 |
|                 Metric/cross_state_distance |               1 |
|           Metric/self_state_action_distance |               1 |
|          Metric/cross_state_action_distance |               1 |
|             Metric/avg_self_state_asymmetry |               0 |
|            Metric/avg_cross_state_asymmetry |               0 |
|                Metric/avg_self_sa_asymmetry |               0 |
|               Metric/avg_cross_sa_asymmetry |               0 |
|  Metric/self_state_action_to_state_distance |               1 |
| Metric/cross_state_action_to_state_distance |               1 |
|                   Metric/h_lambda_diff_self |               0 |
|                  Metric/h_lambda_diff_cross |               0 |
|                                 Eval/Return |             915 |
-----------------------------------------------------------------
-----------------------------------------------------------------
|                                 Train/Steps |         2.7e+06 |
|                            Loss/Loss_critic |            0.96 |
|                             Loss/Loss_actor |           -83.3 |
|                             Loss/Loss_alpha |        -0.00588 |
|               Loss/Loss_state_action_metric |               5 |
|                      Loss/Loss_state_metric |             0.2 |
|             Loss/Loss_state_action_to_state |             0.2 |
|                           Loss/Act_rep_loss |            -0.1 |
|                                   SAC/Alpha |            0.12 |
|                              SAC/LogPi_mean |            1.05 |
|                                 SAC/Q1_mean |            83.2 |
|                                 SAC/Q2_mean |            83.2 |
|                            Norm/actor_model |             171 |
|                           Norm/critic_model |             192 |
|              Norm/state_action_metric_model |              32 |
|                     Norm/state_metric_model |            32.1 |
|        Norm/state_action_state_metric_model |              32 |
|                  Metric/self_state_distance |               1 |
|                 Metric/cross_state_distance |               1 |
|           Metric/self_state_action_distance |               1 |
|          Metric/cross_state_action_distance |               1 |
|             Metric/avg_self_state_asymmetry |               0 |
|            Metric/avg_cross_state_asymmetry |               0 |
|                Metric/avg_self_sa_asymmetry |               0 |
|               Metric/avg_cross_sa_asymmetry |               0 |
|  Metric/self_state_action_to_state_distance |               1 |
| Metric/cross_state_action_to_state_distance |               1 |
|                   Metric/h_lambda_diff_self |               0 |
|                  Metric/h_lambda_diff_cross |               0 |
|                                 Eval/Return |             902 |
-----------------------------------------------------------------
-----------------------------------------------------------------
|                                 Train/Steps |        2.82e+06 |
|                            Loss/Loss_critic |           0.338 |
|                             Loss/Loss_actor |           -83.8 |
|                             Loss/Loss_alpha |        -0.00804 |
|               Loss/Loss_state_action_metric |            4.95 |
|                      Loss/Loss_state_metric |             0.2 |
|             Loss/Loss_state_action_to_state |             0.2 |
|                           Loss/Act_rep_loss |            -0.1 |
|                                   SAC/Alpha |           0.121 |
|                              SAC/LogPi_mean |            1.06 |
|                                 SAC/Q1_mean |            83.7 |
|                                 SAC/Q2_mean |            83.7 |
|                            Norm/actor_model |             175 |
|                           Norm/critic_model |             197 |
|              Norm/state_action_metric_model |              32 |
|                     Norm/state_metric_model |            32.1 |
|        Norm/state_action_state_metric_model |              32 |
|                  Metric/self_state_distance |               1 |
|                 Metric/cross_state_distance |               1 |
|           Metric/self_state_action_distance |               1 |
|          Metric/cross_state_action_distance |               1 |
|             Metric/avg_self_state_asymmetry |               0 |
|            Metric/avg_cross_state_asymmetry |               0 |
|                Metric/avg_self_sa_asymmetry |               0 |
|               Metric/avg_cross_sa_asymmetry |               0 |
|  Metric/self_state_action_to_state_distance |               1 |
| Metric/cross_state_action_to_state_distance |               1 |
|                   Metric/h_lambda_diff_self |               0 |
|                  Metric/h_lambda_diff_cross |               0 |
|                                 Eval/Return |             928 |
-----------------------------------------------------------------
-----------------------------------------------------------------
|                                 Train/Steps |        2.95e+06 |
|                            Loss/Loss_critic |           0.763 |
|                             Loss/Loss_actor |           -84.4 |
|                             Loss/Loss_alpha |          0.0208 |
|               Loss/Loss_state_action_metric |            4.83 |
|                      Loss/Loss_state_metric |             0.2 |
|             Loss/Loss_state_action_to_state |             0.2 |
|                           Loss/Act_rep_loss |            -0.1 |
|                                   SAC/Alpha |           0.114 |
|                              SAC/LogPi_mean |           0.723 |
|                                 SAC/Q1_mean |            84.3 |
|                                 SAC/Q2_mean |            84.2 |
|                            Norm/actor_model |             179 |
|                           Norm/critic_model |             201 |
|              Norm/state_action_metric_model |              32 |
|                     Norm/state_metric_model |            32.1 |
|        Norm/state_action_state_metric_model |              32 |
|                  Metric/self_state_distance |               1 |
|                 Metric/cross_state_distance |               1 |
|           Metric/self_state_action_distance |               1 |
|          Metric/cross_state_action_distance |               1 |
|             Metric/avg_self_state_asymmetry |               0 |
|            Metric/avg_cross_state_asymmetry |               0 |
|                Metric/avg_self_sa_asymmetry |               0 |
|               Metric/avg_cross_sa_asymmetry |               0 |
|  Metric/self_state_action_to_state_distance |               1 |
| Metric/cross_state_action_to_state_distance |               1 |
|                   Metric/h_lambda_diff_self |               0 |
|                  Metric/h_lambda_diff_cross |               0 |
|                                 Eval/Return |             925 |
-----------------------------------------------------------------
-----------------------------------------------------------------
|                                 Train/Steps |        3.08e+06 |
|                            Loss/Loss_critic |           0.568 |
|                             Loss/Loss_actor |           -85.1 |
|                             Loss/Loss_alpha |        -0.00305 |
|               Loss/Loss_state_action_metric |            4.37 |
|                      Loss/Loss_state_metric |             0.2 |
|             Loss/Loss_state_action_to_state |             0.2 |
|                           Loss/Act_rep_loss |            -0.1 |
|                                   SAC/Alpha |           0.113 |
|                              SAC/LogPi_mean |           0.976 |
|                                 SAC/Q1_mean |              85 |
|                                 SAC/Q2_mean |            84.9 |
|                            Norm/actor_model |             183 |
|                           Norm/critic_model |             206 |
|              Norm/state_action_metric_model |              32 |
|                     Norm/state_metric_model |            32.1 |
|        Norm/state_action_state_metric_model |              32 |
|                  Metric/self_state_distance |               1 |
|                 Metric/cross_state_distance |               1 |
|           Metric/self_state_action_distance |               1 |
|          Metric/cross_state_action_distance |               1 |
|             Metric/avg_self_state_asymmetry |               0 |
|            Metric/avg_cross_state_asymmetry |               0 |
|                Metric/avg_self_sa_asymmetry |               0 |
|               Metric/avg_cross_sa_asymmetry |               0 |
|  Metric/self_state_action_to_state_distance |               1 |
| Metric/cross_state_action_to_state_distance |               1 |
|                   Metric/h_lambda_diff_self |               0 |
|                  Metric/h_lambda_diff_cross |               0 |
|                                 Eval/Return |             869 |
-----------------------------------------------------------------
[32mSaving model …[0m
[32mDone.[0m
[32mSaving model …[0m
[32mDone.[0m
-----------------------------------------------------------------
|                                 Train/Steps |        3.21e+06 |
|                            Loss/Loss_critic |           0.311 |
|                             Loss/Loss_actor |             -85 |
|                             Loss/Loss_alpha |         0.00713 |
|               Loss/Loss_state_action_metric |            4.84 |
|                      Loss/Loss_state_metric |             0.2 |
|             Loss/Loss_state_action_to_state |             0.2 |
|                           Loss/Act_rep_loss |            -0.1 |
|                                   SAC/Alpha |           0.108 |
|                              SAC/LogPi_mean |           0.942 |
|                                 SAC/Q1_mean |            84.8 |
|                                 SAC/Q2_mean |            84.8 |
|                            Norm/actor_model |             186 |
|                           Norm/critic_model |             211 |
|              Norm/state_action_metric_model |              32 |
|                     Norm/state_metric_model |            32.1 |
|        Norm/state_action_state_metric_model |              32 |
|                  Metric/self_state_distance |               1 |
|                 Metric/cross_state_distance |               1 |
|           Metric/self_state_action_distance |               1 |
|          Metric/cross_state_action_distance |               1 |
|             Metric/avg_self_state_asymmetry |               0 |
|            Metric/avg_cross_state_asymmetry |               0 |
|                Metric/avg_self_sa_asymmetry |               0 |
|               Metric/avg_cross_sa_asymmetry |               0 |
|  Metric/self_state_action_to_state_distance |               1 |
| Metric/cross_state_action_to_state_distance |               1 |
|                   Metric/h_lambda_diff_self |               0 |
|                  Metric/h_lambda_diff_cross |               0 |
|                                 Eval/Return |             902 |
-----------------------------------------------------------------
-----------------------------------------------------------------
|                                 Train/Steps |        3.34e+06 |
|                            Loss/Loss_critic |           0.584 |
|                             Loss/Loss_actor |           -85.5 |
|                             Loss/Loss_alpha |         0.00392 |
|               Loss/Loss_state_action_metric |            4.73 |
|                      Loss/Loss_state_metric |             0.2 |
|             Loss/Loss_state_action_to_state |             0.2 |
|                           Loss/Act_rep_loss |            -0.1 |
|                                   SAC/Alpha |           0.104 |
|                              SAC/LogPi_mean |           0.987 |
|                                 SAC/Q1_mean |            85.4 |
|                                 SAC/Q2_mean |            85.4 |
|                            Norm/actor_model |             190 |
|                           Norm/critic_model |             215 |
|              Norm/state_action_metric_model |              32 |
|                     Norm/state_metric_model |            32.1 |
|        Norm/state_action_state_metric_model |              32 |
|                  Metric/self_state_distance |               1 |
|                 Metric/cross_state_distance |               1 |
|           Metric/self_state_action_distance |               1 |
|          Metric/cross_state_action_distance |               1 |
|             Metric/avg_self_state_asymmetry |               0 |
|            Metric/avg_cross_state_asymmetry |               0 |
|                Metric/avg_self_sa_asymmetry |               0 |
|               Metric/avg_cross_sa_asymmetry |               0 |
|  Metric/self_state_action_to_state_distance |               1 |
| Metric/cross_state_action_to_state_distance |               1 |
|                   Metric/h_lambda_diff_self |               0 |
|                  Metric/h_lambda_diff_cross |               0 |
|                                 Eval/Return |             881 |
-----------------------------------------------------------------
-----------------------------------------------------------------
|                                 Train/Steps |        3.46e+06 |
|                            Loss/Loss_critic |           0.846 |
|                             Loss/Loss_actor |           -85.7 |
|                             Loss/Loss_alpha |          0.0244 |
|               Loss/Loss_state_action_metric |            4.38 |
|                      Loss/Loss_state_metric |             0.2 |
|             Loss/Loss_state_action_to_state |             0.2 |
|                           Loss/Act_rep_loss |            -0.1 |
|                                   SAC/Alpha |           0.101 |
|                              SAC/LogPi_mean |           0.771 |
|                                 SAC/Q1_mean |            85.6 |
|                                 SAC/Q2_mean |            85.6 |
|                            Norm/actor_model |             193 |
|                           Norm/critic_model |             220 |
|              Norm/state_action_metric_model |              32 |
|                     Norm/state_metric_model |            32.1 |
|        Norm/state_action_state_metric_model |              32 |
|                  Metric/self_state_distance |               1 |
|                 Metric/cross_state_distance |               1 |
|           Metric/self_state_action_distance |               1 |
|          Metric/cross_state_action_distance |               1 |
|             Metric/avg_self_state_asymmetry |               0 |
|            Metric/avg_cross_state_asymmetry |               0 |
|                Metric/avg_self_sa_asymmetry |               0 |
|               Metric/avg_cross_sa_asymmetry |               0 |
|  Metric/self_state_action_to_state_distance |               1 |
| Metric/cross_state_action_to_state_distance |               1 |
|                   Metric/h_lambda_diff_self |               0 |
|                  Metric/h_lambda_diff_cross |               0 |
|                                 Eval/Return |             928 |
-----------------------------------------------------------------
-----------------------------------------------------------------
|                                 Train/Steps |        3.59e+06 |
|                            Loss/Loss_critic |           0.361 |
|                             Loss/Loss_actor |           -86.1 |
|                             Loss/Loss_alpha |          0.0207 |
|               Loss/Loss_state_action_metric |            4.43 |
|                      Loss/Loss_state_metric |             0.2 |
|             Loss/Loss_state_action_to_state |             0.2 |
|                           Loss/Act_rep_loss |            -0.1 |
|                                   SAC/Alpha |          0.0979 |
|                              SAC/LogPi_mean |           0.854 |
|                                 SAC/Q1_mean |              86 |
|                                 SAC/Q2_mean |              86 |
|                            Norm/actor_model |             197 |
|                           Norm/critic_model |             224 |
|              Norm/state_action_metric_model |              32 |
|                     Norm/state_metric_model |            32.1 |
|        Norm/state_action_state_metric_model |              32 |
|                  Metric/self_state_distance |               1 |
|                 Metric/cross_state_distance |               1 |
|           Metric/self_state_action_distance |               1 |
|          Metric/cross_state_action_distance |               1 |
|             Metric/avg_self_state_asymmetry |               0 |
|            Metric/avg_cross_state_asymmetry |               0 |
|                Metric/avg_self_sa_asymmetry |               0 |
|               Metric/avg_cross_sa_asymmetry |               0 |
|  Metric/self_state_action_to_state_distance |               1 |
| Metric/cross_state_action_to_state_distance |               1 |
|                   Metric/h_lambda_diff_self |               0 |
|                  Metric/h_lambda_diff_cross |               0 |
|                                 Eval/Return |             843 |
-----------------------------------------------------------------
-----------------------------------------------------------------
|                                 Train/Steps |        3.72e+06 |
|                            Loss/Loss_critic |           0.316 |
|                             Loss/Loss_actor |           -86.3 |
|                             Loss/Loss_alpha |         -0.0141 |
|               Loss/Loss_state_action_metric |             4.3 |
|                      Loss/Loss_state_metric |             0.2 |
|             Loss/Loss_state_action_to_state |             0.2 |
|                           Loss/Act_rep_loss |            -0.1 |
|                                   SAC/Alpha |          0.0904 |
|                              SAC/LogPi_mean |             1.1 |
|                                 SAC/Q1_mean |            86.2 |
|                                 SAC/Q2_mean |            86.3 |
|                            Norm/actor_model |             200 |
|                           Norm/critic_model |             228 |
|              Norm/state_action_metric_model |              32 |
|                     Norm/state_metric_model |            32.1 |
|        Norm/state_action_state_metric_model |              32 |
|                  Metric/self_state_distance |               1 |
|                 Metric/cross_state_distance |               1 |
|           Metric/self_state_action_distance |               1 |
|          Metric/cross_state_action_distance |               1 |
|             Metric/avg_self_state_asymmetry |               0 |
|            Metric/avg_cross_state_asymmetry |               0 |
|                Metric/avg_self_sa_asymmetry |               0 |
|               Metric/avg_cross_sa_asymmetry |               0 |
|  Metric/self_state_action_to_state_distance |               1 |
| Metric/cross_state_action_to_state_distance |               1 |
|                   Metric/h_lambda_diff_self |               0 |
|                  Metric/h_lambda_diff_cross |               0 |
|                                 Eval/Return |             926 |
-----------------------------------------------------------------
-----------------------------------------------------------------
|                                 Train/Steps |        3.85e+06 |
|                            Loss/Loss_critic |           0.509 |
|                             Loss/Loss_actor |             -87 |
|                             Loss/Loss_alpha |        -0.00787 |
|               Loss/Loss_state_action_metric |            3.67 |
|                      Loss/Loss_state_metric |             0.2 |
|             Loss/Loss_state_action_to_state |             0.2 |
|                           Loss/Act_rep_loss |            -0.1 |
|                                   SAC/Alpha |          0.0917 |
|                              SAC/LogPi_mean |            1.18 |
|                                 SAC/Q1_mean |            86.9 |
|                                 SAC/Q2_mean |            86.8 |
|                            Norm/actor_model |             204 |
|                           Norm/critic_model |             232 |
|              Norm/state_action_metric_model |              32 |
|                     Norm/state_metric_model |            32.1 |
|        Norm/state_action_state_metric_model |              32 |
|                  Metric/self_state_distance |               1 |
|                 Metric/cross_state_distance |               1 |
|           Metric/self_state_action_distance |               1 |
|          Metric/cross_state_action_distance |               1 |
|             Metric/avg_self_state_asymmetry |               0 |
|            Metric/avg_cross_state_asymmetry |               0 |
|                Metric/avg_self_sa_asymmetry |               0 |
|               Metric/avg_cross_sa_asymmetry |               0 |
|  Metric/self_state_action_to_state_distance |               1 |
| Metric/cross_state_action_to_state_distance |               1 |
|                   Metric/h_lambda_diff_self |               0 |
|                  Metric/h_lambda_diff_cross |               0 |
|                                 Eval/Return |             914 |
-----------------------------------------------------------------
-----------------------------------------------------------------
|                                 Train/Steps |        3.98e+06 |
|                            Loss/Loss_critic |           0.571 |
|                             Loss/Loss_actor |           -87.1 |
|                             Loss/Loss_alpha |         -0.0101 |
|               Loss/Loss_state_action_metric |            4.04 |
|                      Loss/Loss_state_metric |             0.2 |
|             Loss/Loss_state_action_to_state |             0.2 |
|                           Loss/Act_rep_loss |            -0.1 |
|                                   SAC/Alpha |          0.0899 |
|                              SAC/LogPi_mean |            1.02 |
|                                 SAC/Q1_mean |            87.1 |
|                                 SAC/Q2_mean |              87 |
|                            Norm/actor_model |             207 |
|                           Norm/critic_model |             236 |
|              Norm/state_action_metric_model |              32 |
|                     Norm/state_metric_model |            32.1 |
|        Norm/state_action_state_metric_model |              32 |
|                  Metric/self_state_distance |               1 |
|                 Metric/cross_state_distance |               1 |
|           Metric/self_state_action_distance |               1 |
|          Metric/cross_state_action_distance |               1 |
|             Metric/avg_self_state_asymmetry |               0 |
|            Metric/avg_cross_state_asymmetry |               0 |
|                Metric/avg_self_sa_asymmetry |               0 |
|               Metric/avg_cross_sa_asymmetry |               0 |
|  Metric/self_state_action_to_state_distance |               1 |
| Metric/cross_state_action_to_state_distance |               1 |
|                   Metric/h_lambda_diff_self |               0 |
|                  Metric/h_lambda_diff_cross |               0 |
|                                 Eval/Return |             929 |
-----------------------------------------------------------------
-----------------------------------------------------------------
|                                 Train/Steps |         4.1e+06 |
|                            Loss/Loss_critic |            0.37 |
|                             Loss/Loss_actor |           -87.6 |
|                             Loss/Loss_alpha |         -0.0149 |
|               Loss/Loss_state_action_metric |            4.36 |
|                      Loss/Loss_state_metric |             0.2 |
|             Loss/Loss_state_action_to_state |             0.2 |
|                           Loss/Act_rep_loss |            -0.1 |
|                                   SAC/Alpha |          0.0768 |
|                              SAC/LogPi_mean |            1.22 |
|                                 SAC/Q1_mean |            87.5 |
|                                 SAC/Q2_mean |            87.5 |
|                            Norm/actor_model |             210 |
|                           Norm/critic_model |             240 |
|              Norm/state_action_metric_model |              32 |
|                     Norm/state_metric_model |            32.1 |
|        Norm/state_action_state_metric_model |              32 |
|                  Metric/self_state_distance |               1 |
|                 Metric/cross_state_distance |               1 |
|           Metric/self_state_action_distance |               1 |
|          Metric/cross_state_action_distance |               1 |
|             Metric/avg_self_state_asymmetry |               0 |
|            Metric/avg_cross_state_asymmetry |               0 |
|                Metric/avg_self_sa_asymmetry |               0 |
|               Metric/avg_cross_sa_asymmetry |               0 |
|  Metric/self_state_action_to_state_distance |               1 |
| Metric/cross_state_action_to_state_distance |               1 |
|                   Metric/h_lambda_diff_self |               0 |
|                  Metric/h_lambda_diff_cross |               0 |
|                                 Eval/Return |             919 |
-----------------------------------------------------------------
[32mSaving model …[0m
[32mDone.[0m
[32mSaving model …[0m
[32mDone.[0m
-----------------------------------------------------------------
|                                 Train/Steps |        4.23e+06 |
|                            Loss/Loss_critic |           0.548 |
|                             Loss/Loss_actor |           -88.6 |
|                             Loss/Loss_alpha |        -0.00112 |
|               Loss/Loss_state_action_metric |            3.32 |
|                      Loss/Loss_state_metric |             0.2 |
|             Loss/Loss_state_action_to_state |             0.2 |
|                           Loss/Act_rep_loss |            -0.1 |
|                                   SAC/Alpha |          0.0677 |
|                              SAC/LogPi_mean |           0.918 |
|                                 SAC/Q1_mean |            88.6 |
|                                 SAC/Q2_mean |            88.6 |
|                            Norm/actor_model |             213 |
|                           Norm/critic_model |             243 |
|              Norm/state_action_metric_model |              32 |
|                     Norm/state_metric_model |            32.1 |
|        Norm/state_action_state_metric_model |              32 |
|                  Metric/self_state_distance |               1 |
|                 Metric/cross_state_distance |               1 |
|           Metric/self_state_action_distance |               1 |
|          Metric/cross_state_action_distance |               1 |
|             Metric/avg_self_state_asymmetry |               0 |
|            Metric/avg_cross_state_asymmetry |               0 |
|                Metric/avg_self_sa_asymmetry |               0 |
|               Metric/avg_cross_sa_asymmetry |               0 |
|  Metric/self_state_action_to_state_distance |               1 |
| Metric/cross_state_action_to_state_distance |               1 |
|                   Metric/h_lambda_diff_self |               0 |
|                  Metric/h_lambda_diff_cross |               0 |
|                                 Eval/Return |             934 |
-----------------------------------------------------------------
-----------------------------------------------------------------
|                                 Train/Steps |        4.36e+06 |
|                            Loss/Loss_critic |           0.326 |
|                             Loss/Loss_actor |             -89 |
|                             Loss/Loss_alpha |        -0.00172 |
|               Loss/Loss_state_action_metric |            3.37 |
|                      Loss/Loss_state_metric |             0.2 |
|             Loss/Loss_state_action_to_state |             0.2 |
|                           Loss/Act_rep_loss |            -0.1 |
|                                   SAC/Alpha |          0.0613 |
|                              SAC/LogPi_mean |           0.946 |
|                                 SAC/Q1_mean |              89 |
|                                 SAC/Q2_mean |              89 |
|                            Norm/actor_model |             215 |
|                           Norm/critic_model |             247 |
|              Norm/state_action_metric_model |              32 |
|                     Norm/state_metric_model |            32.1 |
|        Norm/state_action_state_metric_model |              32 |
|                  Metric/self_state_distance |               1 |
|                 Metric/cross_state_distance |               1 |
|           Metric/self_state_action_distance |               1 |
|          Metric/cross_state_action_distance |               1 |
|             Metric/avg_self_state_asymmetry |               0 |
|            Metric/avg_cross_state_asymmetry |               0 |
|                Metric/avg_self_sa_asymmetry |               0 |
|               Metric/avg_cross_sa_asymmetry |               0 |
|  Metric/self_state_action_to_state_distance |               1 |
| Metric/cross_state_action_to_state_distance |               1 |
|                   Metric/h_lambda_diff_self |               0 |
|                  Metric/h_lambda_diff_cross |               0 |
|                                 Eval/Return |             916 |
-----------------------------------------------------------------
-----------------------------------------------------------------
|                                 Train/Steps |        4.49e+06 |
|                            Loss/Loss_critic |           0.273 |
|                             Loss/Loss_actor |           -89.6 |
|                             Loss/Loss_alpha |         -0.0113 |
|               Loss/Loss_state_action_metric |            2.57 |
|                      Loss/Loss_state_metric |             0.2 |
|             Loss/Loss_state_action_to_state |             0.2 |
|                           Loss/Act_rep_loss |            -0.1 |
|                                   SAC/Alpha |           0.052 |
|                              SAC/LogPi_mean |            1.22 |
|                                 SAC/Q1_mean |            89.6 |
|                                 SAC/Q2_mean |            89.6 |
|                            Norm/actor_model |             218 |
|                           Norm/critic_model |             250 |
|              Norm/state_action_metric_model |              32 |
|                     Norm/state_metric_model |            32.1 |
|        Norm/state_action_state_metric_model |              32 |
|                  Metric/self_state_distance |               1 |
|                 Metric/cross_state_distance |               1 |
|           Metric/self_state_action_distance |               1 |
|          Metric/cross_state_action_distance |               1 |
|             Metric/avg_self_state_asymmetry |               0 |
|            Metric/avg_cross_state_asymmetry |               0 |
|                Metric/avg_self_sa_asymmetry |               0 |
|               Metric/avg_cross_sa_asymmetry |               0 |
|  Metric/self_state_action_to_state_distance |               1 |
| Metric/cross_state_action_to_state_distance |               1 |
|                   Metric/h_lambda_diff_self |               0 |
|                  Metric/h_lambda_diff_cross |               0 |
|                                 Eval/Return |             900 |
-----------------------------------------------------------------
-----------------------------------------------------------------
|                                 Train/Steps |        4.62e+06 |
|                            Loss/Loss_critic |           0.151 |
|                             Loss/Loss_actor |           -90.3 |
|                             Loss/Loss_alpha |         0.00497 |
|               Loss/Loss_state_action_metric |             2.4 |
|                      Loss/Loss_state_metric |             0.2 |
|             Loss/Loss_state_action_to_state |             0.2 |
|                           Loss/Act_rep_loss |            -0.1 |
|                                   SAC/Alpha |          0.0448 |
|                              SAC/LogPi_mean |           0.835 |
|                                 SAC/Q1_mean |            90.4 |
|                                 SAC/Q2_mean |            90.4 |
|                            Norm/actor_model |             220 |
|                           Norm/critic_model |             254 |
|              Norm/state_action_metric_model |              32 |
|                     Norm/state_metric_model |            32.1 |
|        Norm/state_action_state_metric_model |              32 |
|                  Metric/self_state_distance |               1 |
|                 Metric/cross_state_distance |               1 |
|           Metric/self_state_action_distance |               1 |
|          Metric/cross_state_action_distance |               1 |
|             Metric/avg_self_state_asymmetry |               0 |
|            Metric/avg_cross_state_asymmetry |               0 |
|                Metric/avg_self_sa_asymmetry |               0 |
|               Metric/avg_cross_sa_asymmetry |               0 |
|  Metric/self_state_action_to_state_distance |               1 |
| Metric/cross_state_action_to_state_distance |               1 |
|                   Metric/h_lambda_diff_self |               0 |
|                  Metric/h_lambda_diff_cross |               0 |
|                                 Eval/Return |             922 |
-----------------------------------------------------------------
-----------------------------------------------------------------
|                                 Train/Steps |        4.74e+06 |
|                            Loss/Loss_critic |           0.214 |
|                             Loss/Loss_actor |           -90.8 |
|                             Loss/Loss_alpha |        -0.00473 |
|               Loss/Loss_state_action_metric |            2.27 |
|                      Loss/Loss_state_metric |             0.2 |
|             Loss/Loss_state_action_to_state |             0.2 |
|                           Loss/Act_rep_loss |            -0.1 |
|                                   SAC/Alpha |          0.0376 |
|                              SAC/LogPi_mean |            1.11 |
|                                 SAC/Q1_mean |            90.9 |
|                                 SAC/Q2_mean |            90.8 |
|                            Norm/actor_model |             222 |
|                           Norm/critic_model |             257 |
|              Norm/state_action_metric_model |              32 |
|                     Norm/state_metric_model |            32.1 |
|        Norm/state_action_state_metric_model |              32 |
|                  Metric/self_state_distance |               1 |
|                 Metric/cross_state_distance |               1 |
|           Metric/self_state_action_distance |               1 |
|          Metric/cross_state_action_distance |               1 |
|             Metric/avg_self_state_asymmetry |               0 |
|            Metric/avg_cross_state_asymmetry |               0 |
|                Metric/avg_self_sa_asymmetry |               0 |
|               Metric/avg_cross_sa_asymmetry |               0 |
|  Metric/self_state_action_to_state_distance |               1 |
| Metric/cross_state_action_to_state_distance |               1 |
|                   Metric/h_lambda_diff_self |               0 |
|                  Metric/h_lambda_diff_cross |               0 |
|                                 Eval/Return |             921 |
-----------------------------------------------------------------
-----------------------------------------------------------------
|                                 Train/Steps |        4.87e+06 |
|                            Loss/Loss_critic |          0.0867 |
|                             Loss/Loss_actor |           -91.4 |
|                             Loss/Loss_alpha |       -0.000643 |
|               Loss/Loss_state_action_metric |            1.65 |
|                      Loss/Loss_state_metric |             0.2 |
|             Loss/Loss_state_action_to_state |             0.2 |
|                           Loss/Act_rep_loss |            -0.1 |
|                                   SAC/Alpha |          0.0311 |
|                              SAC/LogPi_mean |           0.992 |
|                                 SAC/Q1_mean |            91.5 |
|                                 SAC/Q2_mean |            91.5 |
|                            Norm/actor_model |             224 |
|                           Norm/critic_model |             260 |
|              Norm/state_action_metric_model |              32 |
|                     Norm/state_metric_model |            32.1 |
|        Norm/state_action_state_metric_model |              32 |
|                  Metric/self_state_distance |               1 |
|                 Metric/cross_state_distance |               1 |
|           Metric/self_state_action_distance |               1 |
|          Metric/cross_state_action_distance |               1 |
|             Metric/avg_self_state_asymmetry |               0 |
|            Metric/avg_cross_state_asymmetry |               0 |
|                Metric/avg_self_sa_asymmetry |               0 |
|               Metric/avg_cross_sa_asymmetry |               0 |
|  Metric/self_state_action_to_state_distance |               1 |
| Metric/cross_state_action_to_state_distance |               1 |
|                   Metric/h_lambda_diff_self |               0 |
|                  Metric/h_lambda_diff_cross |               0 |
|                                 Eval/Return |             933 |
-----------------------------------------------------------------
-----------------------------------------------------------------
|                                 Train/Steps |           5e+06 |
|                            Loss/Loss_critic |           0.169 |
|                             Loss/Loss_actor |           -91.7 |
|                             Loss/Loss_alpha |        -0.00179 |
|               Loss/Loss_state_action_metric |            1.93 |
|                      Loss/Loss_state_metric |             0.2 |
|             Loss/Loss_state_action_to_state |             0.2 |
|                           Loss/Act_rep_loss |            -0.1 |
|                                   SAC/Alpha |          0.0281 |
|                              SAC/LogPi_mean |            1.03 |
|                                 SAC/Q1_mean |            91.7 |
|                                 SAC/Q2_mean |            91.7 |
|                            Norm/actor_model |             226 |
|                           Norm/critic_model |             263 |
|              Norm/state_action_metric_model |              32 |
|                     Norm/state_metric_model |            32.1 |
|        Norm/state_action_state_metric_model |              32 |
|                  Metric/self_state_distance |               1 |
|                 Metric/cross_state_distance |               1 |
|           Metric/self_state_action_distance |               1 |
|          Metric/cross_state_action_distance |               1 |
|             Metric/avg_self_state_asymmetry |               0 |
|            Metric/avg_cross_state_asymmetry |               0 |
|                Metric/avg_self_sa_asymmetry |               0 |
|               Metric/avg_cross_sa_asymmetry |               0 |
|  Metric/self_state_action_to_state_distance |               1 |
| Metric/cross_state_action_to_state_distance |               1 |
|                   Metric/h_lambda_diff_self |               0 |
|                  Metric/h_lambda_diff_cross |               0 |
|                                 Eval/Return |             939 |
-----------------------------------------------------------------
[32mSaving model …[0m
[32mDone.[0m
[32mSaving model …[0m
[32mDone.[0m
