E0830 11:42:14.782141  841770 cuda_executor.cc:1526] Could not get kernel mode driver version: (INVALID_ARGUMENT: Version does not match the format X.Y.Z)
E0830 11:42:14.790796  841659 cuda_executor.cc:1526] Could not get kernel mode driver version: (INVALID_ARGUMENT: Version does not match the format X.Y.Z)
[32m[harness] num_envs=128 total_env_steps=5000000 batch=512 train_per_step=8 UTD=0.0625 seed=8192 transitions log_every=128000 transitions[0m
[32m[algorithm] base=DDPG lr=0.001 tau=0.005 nstep=3 update_every=2 stddev=linear(1.0,0.1,500000) origin=8192 stddev_clip=0.3 bootstrap_on_truncation=True (discount from the buffer already contains gamma^nstep)[0m
[32mStart prefilling replay buffer[0m
[32mStart DDPG (metric) training[0m
[32m{'log_freq': 1000, 'save_freq': 1000000, 'eval_episode_freq': 10, 'hidden_size': 256, 'lr': 0.001, 'max_grad_norm': 0.0, 'gamma': 0.99, 'update_tau': 0.005, 'train_per_step': 8, 'episode_length': 1000, 'warmup_samples': 8192, 'max_replay_size': 4000000, 'batch_size': 512, 'total_env_steps': 5000000, 'nstep': 3, 'bootstrap_on_truncation': True, 'update_every_steps': 2, 'num_expl_steps': 2000, 'stddev_clip': 0.3, 'explore_stddev_start': 1.0, 'explore_stddev_end': 0.1, 'explore_stddev_decay_steps': 500000, 'explore_stddev_decay_frac': 0.1, 'explore_schedule_from_training_start': True, 'scale_explore_to_budget': True, 'explore_origin': 8192, 'vis_feq': 100000, 'n_vis_frames': 4, 'num_envs': 128, 'grad_steps': 50, 'transfer_freq': 10, 'transfer_steps': 8, 'reward_scaling': 1.0, 'num_eval_envs': 128}[0m
-----------------------------------------------------------------
|                                 Train/Steps |        1.36e+05 |
|                            Loss/Loss_critic |            0.63 |
|                             Loss/Loss_actor |           -4.52 |
|               Loss/Loss_state_action_metric |            6.53 |
|                      Loss/Loss_state_metric |           0.683 |
|             Loss/Loss_state_action_to_state |           0.227 |
|                           Loss/Act_rep_loss |         -0.0858 |
|                                 DDPG/Q_mean |            4.15 |
|                         DDPG/Explore_stddev |            0.77 |
|                             DDPG/Grad_steps |           8e+03 |
|                            Norm/actor_model |            37.5 |
|                           Norm/critic_model |            47.8 |
|              Norm/state_action_metric_model |              32 |
|                     Norm/state_metric_model |            32.1 |
|        Norm/state_action_state_metric_model |              32 |
|                  Metric/self_state_distance |            1.29 |
|                 Metric/cross_state_distance |            1.74 |
|           Metric/self_state_action_distance |            0.67 |
|          Metric/cross_state_action_distance |           0.982 |
|             Metric/avg_self_state_asymmetry |               0 |
|            Metric/avg_cross_state_asymmetry |           0.869 |
|                Metric/avg_self_sa_asymmetry |               0 |
|               Metric/avg_cross_sa_asymmetry |            0.42 |
|  Metric/self_state_action_to_state_distance |           0.896 |
| Metric/cross_state_action_to_state_distance |            1.01 |
|                   Metric/h_lambda_diff_self |           0.401 |
|                  Metric/h_lambda_diff_cross |           0.462 |
|                                 Eval/Return |             209 |
-----------------------------------------------------------------
-----------------------------------------------------------------
|                                 Train/Steps |        2.64e+05 |
|                            Loss/Loss_critic |           0.874 |
|                             Loss/Loss_actor |           -15.9 |
|               Loss/Loss_state_action_metric |            9.67 |
|                      Loss/Loss_state_metric |           0.692 |
|             Loss/Loss_state_action_to_state |           0.245 |
|                           Loss/Act_rep_loss |         -0.0926 |
|                                 DDPG/Q_mean |            15.3 |
|                         DDPG/Explore_stddev |           0.539 |
|                             DDPG/Grad_steps |         1.6e+04 |
|                            Norm/actor_model |            49.2 |
|                           Norm/critic_model |              62 |
|              Norm/state_action_metric_model |              32 |
|                     Norm/state_metric_model |            32.1 |
|        Norm/state_action_state_metric_model |              32 |
|                  Metric/self_state_distance |             1.3 |
|                 Metric/cross_state_distance |            1.75 |
|           Metric/self_state_action_distance |           0.644 |
|          Metric/cross_state_action_distance |           0.926 |
|             Metric/avg_self_state_asymmetry |               0 |
|            Metric/avg_cross_state_asymmetry |             0.9 |
|                Metric/avg_self_sa_asymmetry |               0 |
|               Metric/avg_cross_sa_asymmetry |            0.39 |
|  Metric/self_state_action_to_state_distance |           0.919 |
| Metric/cross_state_action_to_state_distance |            1.01 |
|                   Metric/h_lambda_diff_self |           0.427 |
|                  Metric/h_lambda_diff_cross |           0.455 |
|                                 Eval/Return |             351 |
-----------------------------------------------------------------
-----------------------------------------------------------------
|                                 Train/Steps |        3.92e+05 |
|                            Loss/Loss_critic |           0.876 |
|                             Loss/Loss_actor |           -25.6 |
|               Loss/Loss_state_action_metric |            10.7 |
|                      Loss/Loss_state_metric |           0.633 |
|             Loss/Loss_state_action_to_state |           0.209 |
|                           Loss/Act_rep_loss |         -0.0935 |
|                                 DDPG/Q_mean |            25.5 |
|                         DDPG/Explore_stddev |           0.309 |
|                             DDPG/Grad_steps |         2.4e+04 |
|                            Norm/actor_model |            57.1 |
|                           Norm/critic_model |            71.6 |
|              Norm/state_action_metric_model |              32 |
|                     Norm/state_metric_model |            32.1 |
|        Norm/state_action_state_metric_model |              32 |
|                  Metric/self_state_distance |            1.25 |
|                 Metric/cross_state_distance |            1.74 |
|           Metric/self_state_action_distance |           0.689 |
|          Metric/cross_state_action_distance |           0.986 |
|             Metric/avg_self_state_asymmetry |               0 |
|            Metric/avg_cross_state_asymmetry |             0.9 |
|                Metric/avg_self_sa_asymmetry |               0 |
|               Metric/avg_cross_sa_asymmetry |           0.429 |
|  Metric/self_state_action_to_state_distance |           0.893 |
| Metric/cross_state_action_to_state_distance |           0.997 |
|                   Metric/h_lambda_diff_self |           0.399 |
|                  Metric/h_lambda_diff_cross |           0.471 |
|                                 Eval/Return |             391 |
-----------------------------------------------------------------
-----------------------------------------------------------------
|                                 Train/Steps |         5.2e+05 |
|                            Loss/Loss_critic |           0.875 |
|                             Loss/Loss_actor |           -35.1 |
|               Loss/Loss_state_action_metric |            12.8 |
|                      Loss/Loss_state_metric |           0.664 |
|             Loss/Loss_state_action_to_state |           0.231 |
|                           Loss/Act_rep_loss |         -0.0904 |
|                                 DDPG/Q_mean |            34.8 |
|                         DDPG/Explore_stddev |             0.1 |
|                             DDPG/Grad_steps |         3.2e+04 |
|                            Norm/actor_model |            63.9 |
|                           Norm/critic_model |            79.8 |
|              Norm/state_action_metric_model |              32 |
|                     Norm/state_metric_model |            32.1 |
|        Norm/state_action_state_metric_model |              32 |
|                  Metric/self_state_distance |            1.26 |
|                 Metric/cross_state_distance |            1.75 |
|           Metric/self_state_action_distance |           0.673 |
|          Metric/cross_state_action_distance |            0.94 |
|             Metric/avg_self_state_asymmetry |               0 |
|            Metric/avg_cross_state_asymmetry |           0.908 |
|                Metric/avg_self_sa_asymmetry |               0 |
|               Metric/avg_cross_sa_asymmetry |           0.403 |
|  Metric/self_state_action_to_state_distance |           0.883 |
| Metric/cross_state_action_to_state_distance |            1.01 |
|                   Metric/h_lambda_diff_self |           0.382 |
|                  Metric/h_lambda_diff_cross |           0.476 |
|                                 Eval/Return |             456 |
-----------------------------------------------------------------
-----------------------------------------------------------------
|                                 Train/Steps |        6.48e+05 |
|                            Loss/Loss_critic |           0.891 |
|                             Loss/Loss_actor |             -42 |
|               Loss/Loss_state_action_metric |            13.4 |
|                      Loss/Loss_state_metric |           0.776 |
|             Loss/Loss_state_action_to_state |           0.221 |
|                           Loss/Act_rep_loss |          -0.091 |
|                                 DDPG/Q_mean |            41.5 |
|                         DDPG/Explore_stddev |             0.1 |
|                             DDPG/Grad_steps |           4e+04 |
|                            Norm/actor_model |            70.3 |
|                           Norm/critic_model |              87 |
|              Norm/state_action_metric_model |              32 |
|                     Norm/state_metric_model |            32.1 |
|        Norm/state_action_state_metric_model |              32 |
|                  Metric/self_state_distance |            1.31 |
|                 Metric/cross_state_distance |            1.84 |
|           Metric/self_state_action_distance |           0.684 |
|          Metric/cross_state_action_distance |           0.963 |
|             Metric/avg_self_state_asymmetry |               0 |
|            Metric/avg_cross_state_asymmetry |           0.969 |
|                Metric/avg_self_sa_asymmetry |               0 |
|               Metric/avg_cross_sa_asymmetry |           0.415 |
|  Metric/self_state_action_to_state_distance |           0.874 |
| Metric/cross_state_action_to_state_distance |               1 |
|                   Metric/h_lambda_diff_self |           0.383 |
|                  Metric/h_lambda_diff_cross |           0.473 |
|                                 Eval/Return |             482 |
-----------------------------------------------------------------
-----------------------------------------------------------------
|                                 Train/Steps |        7.76e+05 |
|                            Loss/Loss_critic |           0.951 |
|                             Loss/Loss_actor |           -47.4 |
|               Loss/Loss_state_action_metric |            13.4 |
|                      Loss/Loss_state_metric |           0.634 |
|             Loss/Loss_state_action_to_state |           0.203 |
|                           Loss/Act_rep_loss |         -0.0904 |
|                                 DDPG/Q_mean |            47.2 |
|                         DDPG/Explore_stddev |             0.1 |
|                             DDPG/Grad_steps |         4.8e+04 |
|                            Norm/actor_model |            75.7 |
|                           Norm/critic_model |            93.6 |
|              Norm/state_action_metric_model |              32 |
|                     Norm/state_metric_model |            32.1 |
|        Norm/state_action_state_metric_model |              32 |
|                  Metric/self_state_distance |            1.29 |
|                 Metric/cross_state_distance |            1.81 |
|           Metric/self_state_action_distance |           0.672 |
|          Metric/cross_state_action_distance |           0.968 |
|             Metric/avg_self_state_asymmetry |               0 |
|            Metric/avg_cross_state_asymmetry |           0.919 |
|                Metric/avg_self_sa_asymmetry |               0 |
|               Metric/avg_cross_sa_asymmetry |           0.423 |
|  Metric/self_state_action_to_state_distance |           0.883 |
| Metric/cross_state_action_to_state_distance |            1.01 |
|                   Metric/h_lambda_diff_self |           0.395 |
|                  Metric/h_lambda_diff_cross |           0.469 |
|                                 Eval/Return |             459 |
-----------------------------------------------------------------
-----------------------------------------------------------------
|                                 Train/Steps |        9.04e+05 |
|                            Loss/Loss_critic |           0.896 |
|                             Loss/Loss_actor |           -51.1 |
|               Loss/Loss_state_action_metric |            13.1 |
|                      Loss/Loss_state_metric |           0.742 |
|             Loss/Loss_state_action_to_state |           0.205 |
|                           Loss/Act_rep_loss |         -0.0923 |
|                                 DDPG/Q_mean |            50.8 |
|                         DDPG/Explore_stddev |             0.1 |
|                             DDPG/Grad_steps |         5.6e+04 |
|                            Norm/actor_model |            81.1 |
|                           Norm/critic_model |            99.6 |
|              Norm/state_action_metric_model |              32 |
|                     Norm/state_metric_model |            32.1 |
|        Norm/state_action_state_metric_model |              32 |
|                  Metric/self_state_distance |            1.35 |
|                 Metric/cross_state_distance |            1.87 |
|           Metric/self_state_action_distance |           0.662 |
|          Metric/cross_state_action_distance |           0.938 |
|             Metric/avg_self_state_asymmetry |               0 |
|            Metric/avg_cross_state_asymmetry |           0.949 |
|                Metric/avg_self_sa_asymmetry |               0 |
|               Metric/avg_cross_sa_asymmetry |           0.391 |
|  Metric/self_state_action_to_state_distance |           0.879 |
| Metric/cross_state_action_to_state_distance |            1.01 |
|                   Metric/h_lambda_diff_self |           0.416 |
|                  Metric/h_lambda_diff_cross |           0.473 |
|                                 Eval/Return |             434 |
-----------------------------------------------------------------
-----------------------------------------------------------------
|                                 Train/Steps |        1.03e+06 |
|                            Loss/Loss_critic |            1.15 |
|                             Loss/Loss_actor |           -54.7 |
|               Loss/Loss_state_action_metric |            13.6 |
|                      Loss/Loss_state_metric |           0.691 |
|             Loss/Loss_state_action_to_state |           0.218 |
|                           Loss/Act_rep_loss |           -0.09 |
|                                 DDPG/Q_mean |            53.9 |
|                         DDPG/Explore_stddev |             0.1 |
|                             DDPG/Grad_steps |         6.4e+04 |
|                            Norm/actor_model |            86.2 |
|                           Norm/critic_model |             105 |
|              Norm/state_action_metric_model |              32 |
|                     Norm/state_metric_model |            32.1 |
|        Norm/state_action_state_metric_model |              32 |
|                  Metric/self_state_distance |            1.26 |
|                 Metric/cross_state_distance |            1.79 |
|           Metric/self_state_action_distance |           0.675 |
|          Metric/cross_state_action_distance |           0.958 |
|             Metric/avg_self_state_asymmetry |               0 |
|            Metric/avg_cross_state_asymmetry |           0.912 |
|                Metric/avg_self_sa_asymmetry |               0 |
|               Metric/avg_cross_sa_asymmetry |           0.392 |
|  Metric/self_state_action_to_state_distance |           0.876 |
| Metric/cross_state_action_to_state_distance |               1 |
|                   Metric/h_lambda_diff_self |           0.393 |
|                  Metric/h_lambda_diff_cross |           0.475 |
|                                 Eval/Return |             451 |
-----------------------------------------------------------------
[32mSaving model …[0m
[32mDone.[0m
[32mSaving model …[0m
[32mDone.[0m
-----------------------------------------------------------------
|                                 Train/Steps |        1.16e+06 |
|                            Loss/Loss_critic |            1.23 |
|                             Loss/Loss_actor |           -56.8 |
|               Loss/Loss_state_action_metric |            12.8 |
|                      Loss/Loss_state_metric |            0.79 |
|             Loss/Loss_state_action_to_state |            0.22 |
|                           Loss/Act_rep_loss |         -0.0869 |
|                                 DDPG/Q_mean |            56.3 |
|                         DDPG/Explore_stddev |             0.1 |
|                             DDPG/Grad_steps |         7.2e+04 |
|                            Norm/actor_model |            90.9 |
|                           Norm/critic_model |             111 |
|              Norm/state_action_metric_model |              32 |
|                     Norm/state_metric_model |            32.1 |
|        Norm/state_action_state_metric_model |              32 |
|                  Metric/self_state_distance |            1.34 |
|                 Metric/cross_state_distance |            1.82 |
|           Metric/self_state_action_distance |           0.665 |
|          Metric/cross_state_action_distance |           0.909 |
|             Metric/avg_self_state_asymmetry |               0 |
|            Metric/avg_cross_state_asymmetry |           0.943 |
|                Metric/avg_self_sa_asymmetry |               0 |
|               Metric/avg_cross_sa_asymmetry |           0.365 |
|  Metric/self_state_action_to_state_distance |           0.862 |
| Metric/cross_state_action_to_state_distance |            1.04 |
|                   Metric/h_lambda_diff_self |           0.393 |
|                  Metric/h_lambda_diff_cross |           0.469 |
|                                 Eval/Return |             509 |
-----------------------------------------------------------------
-----------------------------------------------------------------
|                                 Train/Steps |        1.29e+06 |
|                            Loss/Loss_critic |            1.19 |
|                             Loss/Loss_actor |           -58.5 |
|               Loss/Loss_state_action_metric |              13 |
|                      Loss/Loss_state_metric |             0.6 |
|             Loss/Loss_state_action_to_state |           0.192 |
|                           Loss/Act_rep_loss |          -0.092 |
|                                 DDPG/Q_mean |              58 |
|                         DDPG/Explore_stddev |             0.1 |
|                             DDPG/Grad_steps |           8e+04 |
|                            Norm/actor_model |            95.2 |
|                           Norm/critic_model |             116 |
|              Norm/state_action_metric_model |              32 |
|                     Norm/state_metric_model |            32.1 |
|        Norm/state_action_state_metric_model |              32 |
|                  Metric/self_state_distance |            1.22 |
|                 Metric/cross_state_distance |            1.77 |
|           Metric/self_state_action_distance |           0.673 |
|          Metric/cross_state_action_distance |           0.949 |
|             Metric/avg_self_state_asymmetry |               0 |
|            Metric/avg_cross_state_asymmetry |           0.903 |
|                Metric/avg_self_sa_asymmetry |               0 |
|               Metric/avg_cross_sa_asymmetry |            0.38 |
|  Metric/self_state_action_to_state_distance |           0.849 |
| Metric/cross_state_action_to_state_distance |               1 |
|                   Metric/h_lambda_diff_self |           0.381 |
|                  Metric/h_lambda_diff_cross |           0.458 |
|                                 Eval/Return |             547 |
-----------------------------------------------------------------
-----------------------------------------------------------------
|                                 Train/Steps |        1.42e+06 |
|                            Loss/Loss_critic |             1.1 |
|                             Loss/Loss_actor |             -60 |
|               Loss/Loss_state_action_metric |            13.9 |
|                      Loss/Loss_state_metric |             0.6 |
|             Loss/Loss_state_action_to_state |           0.208 |
|                           Loss/Act_rep_loss |         -0.0912 |
|                                 DDPG/Q_mean |            59.7 |
|                         DDPG/Explore_stddev |             0.1 |
|                             DDPG/Grad_steps |         8.8e+04 |
|                            Norm/actor_model |            99.1 |
|                           Norm/critic_model |             121 |
|              Norm/state_action_metric_model |              32 |
|                     Norm/state_metric_model |            32.1 |
|        Norm/state_action_state_metric_model |              32 |
|                  Metric/self_state_distance |             1.2 |
|                 Metric/cross_state_distance |            1.71 |
|           Metric/self_state_action_distance |            0.68 |
|          Metric/cross_state_action_distance |            0.93 |
|             Metric/avg_self_state_asymmetry |               0 |
|            Metric/avg_cross_state_asymmetry |           0.858 |
|                Metric/avg_self_sa_asymmetry |               0 |
|               Metric/avg_cross_sa_asymmetry |           0.378 |
|  Metric/self_state_action_to_state_distance |           0.865 |
| Metric/cross_state_action_to_state_distance |            1.03 |
|                   Metric/h_lambda_diff_self |           0.428 |
|                  Metric/h_lambda_diff_cross |           0.487 |
|                                 Eval/Return |             502 |
-----------------------------------------------------------------
-----------------------------------------------------------------
|                                 Train/Steps |        1.54e+06 |
|                            Loss/Loss_critic |            1.14 |
|                             Loss/Loss_actor |           -61.1 |
|               Loss/Loss_state_action_metric |            12.6 |
|                      Loss/Loss_state_metric |           0.677 |
|             Loss/Loss_state_action_to_state |           0.193 |
|                           Loss/Act_rep_loss |         -0.0904 |
|                                 DDPG/Q_mean |              61 |
|                         DDPG/Explore_stddev |             0.1 |
|                             DDPG/Grad_steps |         9.6e+04 |
|                            Norm/actor_model |             103 |
|                           Norm/critic_model |             126 |
|              Norm/state_action_metric_model |              32 |
|                     Norm/state_metric_model |            32.1 |
|        Norm/state_action_state_metric_model |              32 |
|                  Metric/self_state_distance |            1.27 |
|                 Metric/cross_state_distance |            1.85 |
|           Metric/self_state_action_distance |            0.66 |
|          Metric/cross_state_action_distance |           0.923 |
|             Metric/avg_self_state_asymmetry |               0 |
|            Metric/avg_cross_state_asymmetry |           0.947 |
|                Metric/avg_self_sa_asymmetry |               0 |
|               Metric/avg_cross_sa_asymmetry |           0.356 |
|  Metric/self_state_action_to_state_distance |            0.83 |
| Metric/cross_state_action_to_state_distance |           0.982 |
|                   Metric/h_lambda_diff_self |           0.398 |
|                  Metric/h_lambda_diff_cross |           0.478 |
|                                 Eval/Return |             568 |
-----------------------------------------------------------------
-----------------------------------------------------------------
|                                 Train/Steps |        1.67e+06 |
|                            Loss/Loss_critic |            1.15 |
|                             Loss/Loss_actor |           -62.2 |
|               Loss/Loss_state_action_metric |            12.6 |
|                      Loss/Loss_state_metric |            0.66 |
|             Loss/Loss_state_action_to_state |           0.197 |
|                           Loss/Act_rep_loss |         -0.0903 |
|                                 DDPG/Q_mean |            61.5 |
|                         DDPG/Explore_stddev |             0.1 |
|                             DDPG/Grad_steps |        1.04e+05 |
|                            Norm/actor_model |             107 |
|                           Norm/critic_model |             130 |
|              Norm/state_action_metric_model |              32 |
|                     Norm/state_metric_model |            32.1 |
|        Norm/state_action_state_metric_model |              32 |
|                  Metric/self_state_distance |            1.23 |
|                 Metric/cross_state_distance |             1.8 |
|           Metric/self_state_action_distance |           0.637 |
|          Metric/cross_state_action_distance |           0.916 |
|             Metric/avg_self_state_asymmetry |               0 |
|            Metric/avg_cross_state_asymmetry |           0.923 |
|                Metric/avg_self_sa_asymmetry |               0 |
|               Metric/avg_cross_sa_asymmetry |           0.385 |
|  Metric/self_state_action_to_state_distance |           0.849 |
| Metric/cross_state_action_to_state_distance |               1 |
|                   Metric/h_lambda_diff_self |           0.425 |
|                  Metric/h_lambda_diff_cross |           0.485 |
|                                 Eval/Return |             622 |
-----------------------------------------------------------------
-----------------------------------------------------------------
|                                 Train/Steps |         1.8e+06 |
|                            Loss/Loss_critic |            1.38 |
|                             Loss/Loss_actor |           -62.7 |
|               Loss/Loss_state_action_metric |            11.9 |
|                      Loss/Loss_state_metric |            0.66 |
|             Loss/Loss_state_action_to_state |           0.209 |
|                           Loss/Act_rep_loss |         -0.0887 |
|                                 DDPG/Q_mean |            62.2 |
|                         DDPG/Explore_stddev |             0.1 |
|                             DDPG/Grad_steps |        1.12e+05 |
|                            Norm/actor_model |             110 |
|                           Norm/critic_model |             135 |
|              Norm/state_action_metric_model |              32 |
|                     Norm/state_metric_model |            32.1 |
|        Norm/state_action_state_metric_model |              32 |
|                  Metric/self_state_distance |            1.24 |
|                 Metric/cross_state_distance |            1.74 |
|           Metric/self_state_action_distance |           0.668 |
|          Metric/cross_state_action_distance |           0.937 |
|             Metric/avg_self_state_asymmetry |               0 |
|            Metric/avg_cross_state_asymmetry |           0.865 |
|                Metric/avg_self_sa_asymmetry |               0 |
|               Metric/avg_cross_sa_asymmetry |           0.382 |
|  Metric/self_state_action_to_state_distance |           0.882 |
| Metric/cross_state_action_to_state_distance |            1.03 |
|                   Metric/h_lambda_diff_self |           0.424 |
|                  Metric/h_lambda_diff_cross |           0.479 |
|                                 Eval/Return |             628 |
-----------------------------------------------------------------
-----------------------------------------------------------------
|                                 Train/Steps |        1.93e+06 |
|                            Loss/Loss_critic |            1.43 |
|                             Loss/Loss_actor |           -63.4 |
|               Loss/Loss_state_action_metric |            12.2 |
|                      Loss/Loss_state_metric |           0.721 |
|             Loss/Loss_state_action_to_state |             0.2 |
|                           Loss/Act_rep_loss |           -0.09 |
|                                 DDPG/Q_mean |            63.5 |
|                         DDPG/Explore_stddev |             0.1 |
|                             DDPG/Grad_steps |         1.2e+05 |
|                            Norm/actor_model |             114 |
|                           Norm/critic_model |             139 |
|              Norm/state_action_metric_model |              32 |
|                     Norm/state_metric_model |            32.1 |
|        Norm/state_action_state_metric_model |              32 |
|                  Metric/self_state_distance |            1.29 |
|                 Metric/cross_state_distance |            1.87 |
|           Metric/self_state_action_distance |           0.659 |
|          Metric/cross_state_action_distance |           0.889 |
|             Metric/avg_self_state_asymmetry |               0 |
|            Metric/avg_cross_state_asymmetry |           0.947 |
|                Metric/avg_self_sa_asymmetry |               0 |
|               Metric/avg_cross_sa_asymmetry |           0.345 |
|  Metric/self_state_action_to_state_distance |           0.853 |
| Metric/cross_state_action_to_state_distance |            1.01 |
|                   Metric/h_lambda_diff_self |           0.412 |
|                  Metric/h_lambda_diff_cross |           0.479 |
|                                 Eval/Return |             644 |
-----------------------------------------------------------------
-----------------------------------------------------------------
|                                 Train/Steps |        2.06e+06 |
|                            Loss/Loss_critic |            1.03 |
|                             Loss/Loss_actor |             -64 |
|               Loss/Loss_state_action_metric |              12 |
|                      Loss/Loss_state_metric |            0.63 |
|             Loss/Loss_state_action_to_state |           0.189 |
|                           Loss/Act_rep_loss |         -0.0925 |
|                                 DDPG/Q_mean |            63.8 |
|                         DDPG/Explore_stddev |             0.1 |
|                             DDPG/Grad_steps |        1.28e+05 |
|                            Norm/actor_model |             118 |
|                           Norm/critic_model |             143 |
|              Norm/state_action_metric_model |              32 |
|                     Norm/state_metric_model |            32.1 |
|        Norm/state_action_state_metric_model |              32 |
|                  Metric/self_state_distance |            1.25 |
|                 Metric/cross_state_distance |            1.85 |
|           Metric/self_state_action_distance |           0.693 |
|          Metric/cross_state_action_distance |           0.955 |
|             Metric/avg_self_state_asymmetry |               0 |
|            Metric/avg_cross_state_asymmetry |           0.932 |
|                Metric/avg_self_sa_asymmetry |               0 |
|               Metric/avg_cross_sa_asymmetry |           0.371 |
|  Metric/self_state_action_to_state_distance |            0.86 |
| Metric/cross_state_action_to_state_distance |           0.986 |
|                   Metric/h_lambda_diff_self |           0.412 |
|                  Metric/h_lambda_diff_cross |           0.453 |
|                                 Eval/Return |             693 |
-----------------------------------------------------------------
[32mSaving model …[0m
[32mDone.[0m
[32mSaving model …[0m
[32mDone.[0m
-----------------------------------------------------------------
|                                 Train/Steps |        2.18e+06 |
|                            Loss/Loss_critic |            1.61 |
|                             Loss/Loss_actor |           -64.6 |
|               Loss/Loss_state_action_metric |            12.5 |
|                      Loss/Loss_state_metric |           0.686 |
|             Loss/Loss_state_action_to_state |           0.226 |
|                           Loss/Act_rep_loss |         -0.0907 |
|                                 DDPG/Q_mean |            64.1 |
|                         DDPG/Explore_stddev |             0.1 |
|                             DDPG/Grad_steps |        1.36e+05 |
|                            Norm/actor_model |             121 |
|                           Norm/critic_model |             147 |
|              Norm/state_action_metric_model |              32 |
|                     Norm/state_metric_model |            32.1 |
|        Norm/state_action_state_metric_model |              32 |
|                  Metric/self_state_distance |            1.29 |
|                 Metric/cross_state_distance |            1.85 |
|           Metric/self_state_action_distance |           0.638 |
|          Metric/cross_state_action_distance |           0.906 |
|             Metric/avg_self_state_asymmetry |               0 |
|            Metric/avg_cross_state_asymmetry |           0.943 |
|                Metric/avg_self_sa_asymmetry |               0 |
|               Metric/avg_cross_sa_asymmetry |            0.37 |
|  Metric/self_state_action_to_state_distance |           0.875 |
| Metric/cross_state_action_to_state_distance |            1.05 |
|                   Metric/h_lambda_diff_self |           0.425 |
|                  Metric/h_lambda_diff_cross |           0.502 |
|                                 Eval/Return |             669 |
-----------------------------------------------------------------
-----------------------------------------------------------------
|                                 Train/Steps |        2.31e+06 |
|                            Loss/Loss_critic |            1.32 |
|                             Loss/Loss_actor |           -65.1 |
|               Loss/Loss_state_action_metric |            12.2 |
|                      Loss/Loss_state_metric |           0.658 |
|             Loss/Loss_state_action_to_state |           0.217 |
|                           Loss/Act_rep_loss |         -0.0877 |
|                                 DDPG/Q_mean |            64.8 |
|                         DDPG/Explore_stddev |             0.1 |
|                             DDPG/Grad_steps |        1.44e+05 |
|                            Norm/actor_model |             124 |
|                           Norm/critic_model |             151 |
|              Norm/state_action_metric_model |              32 |
|                     Norm/state_metric_model |            32.1 |
|        Norm/state_action_state_metric_model |              32 |
|                  Metric/self_state_distance |            1.28 |
|                 Metric/cross_state_distance |            1.79 |
|           Metric/self_state_action_distance |           0.684 |
|          Metric/cross_state_action_distance |            0.94 |
|             Metric/avg_self_state_asymmetry |               0 |
|            Metric/avg_cross_state_asymmetry |           0.851 |
|                Metric/avg_self_sa_asymmetry |               0 |
|               Metric/avg_cross_sa_asymmetry |           0.367 |
|  Metric/self_state_action_to_state_distance |           0.837 |
| Metric/cross_state_action_to_state_distance |               1 |
|                   Metric/h_lambda_diff_self |           0.402 |
|                  Metric/h_lambda_diff_cross |           0.486 |
|                                 Eval/Return |             632 |
-----------------------------------------------------------------
-----------------------------------------------------------------
|                                 Train/Steps |        2.44e+06 |
|                            Loss/Loss_critic |            1.32 |
|                             Loss/Loss_actor |           -65.5 |
|               Loss/Loss_state_action_metric |            13.1 |
|                      Loss/Loss_state_metric |           0.621 |
|             Loss/Loss_state_action_to_state |           0.227 |
|                           Loss/Act_rep_loss |         -0.0896 |
|                                 DDPG/Q_mean |            65.2 |
|                         DDPG/Explore_stddev |             0.1 |
|                             DDPG/Grad_steps |        1.52e+05 |
|                            Norm/actor_model |             128 |
|                           Norm/critic_model |             156 |
|              Norm/state_action_metric_model |              32 |
|                     Norm/state_metric_model |            32.1 |
|        Norm/state_action_state_metric_model |              32 |
|                  Metric/self_state_distance |            1.23 |
|                 Metric/cross_state_distance |             1.8 |
|           Metric/self_state_action_distance |           0.661 |
|          Metric/cross_state_action_distance |           0.939 |
|             Metric/avg_self_state_asymmetry |               0 |
|            Metric/avg_cross_state_asymmetry |           0.898 |
|                Metric/avg_self_sa_asymmetry |               0 |
|               Metric/avg_cross_sa_asymmetry |           0.388 |
|  Metric/self_state_action_to_state_distance |           0.853 |
| Metric/cross_state_action_to_state_distance |            1.05 |
|                   Metric/h_lambda_diff_self |           0.428 |
|                  Metric/h_lambda_diff_cross |           0.492 |
|                                 Eval/Return |             674 |
-----------------------------------------------------------------
-----------------------------------------------------------------
|                                 Train/Steps |        2.57e+06 |
|                            Loss/Loss_critic |             1.3 |
|                             Loss/Loss_actor |           -66.2 |
|               Loss/Loss_state_action_metric |            12.7 |
|                      Loss/Loss_state_metric |            0.62 |
|             Loss/Loss_state_action_to_state |           0.201 |
|                           Loss/Act_rep_loss |         -0.0905 |
|                                 DDPG/Q_mean |            65.9 |
|                         DDPG/Explore_stddev |             0.1 |
|                             DDPG/Grad_steps |         1.6e+05 |
|                            Norm/actor_model |             131 |
|                           Norm/critic_model |             160 |
|              Norm/state_action_metric_model |              32 |
|                     Norm/state_metric_model |            32.1 |
|        Norm/state_action_state_metric_model |              32 |
|                  Metric/self_state_distance |            1.23 |
|                 Metric/cross_state_distance |            1.74 |
|           Metric/self_state_action_distance |           0.667 |
|          Metric/cross_state_action_distance |           0.941 |
|             Metric/avg_self_state_asymmetry |               0 |
|            Metric/avg_cross_state_asymmetry |           0.869 |
|                Metric/avg_self_sa_asymmetry |               0 |
|               Metric/avg_cross_sa_asymmetry |           0.381 |
|  Metric/self_state_action_to_state_distance |           0.861 |
| Metric/cross_state_action_to_state_distance |            1.05 |
|                   Metric/h_lambda_diff_self |           0.432 |
|                  Metric/h_lambda_diff_cross |           0.506 |
|                                 Eval/Return |             674 |
-----------------------------------------------------------------
-----------------------------------------------------------------
|                                 Train/Steps |         2.7e+06 |
|                            Loss/Loss_critic |            1.39 |
|                             Loss/Loss_actor |           -66.6 |
|               Loss/Loss_state_action_metric |            11.4 |
|                      Loss/Loss_state_metric |           0.625 |
|             Loss/Loss_state_action_to_state |            0.19 |
|                           Loss/Act_rep_loss |         -0.0917 |
|                                 DDPG/Q_mean |            66.3 |
|                         DDPG/Explore_stddev |             0.1 |
|                             DDPG/Grad_steps |        1.68e+05 |
|                            Norm/actor_model |             134 |
|                           Norm/critic_model |             163 |
|              Norm/state_action_metric_model |              32 |
|                     Norm/state_metric_model |            32.1 |
|        Norm/state_action_state_metric_model |              32 |
|                  Metric/self_state_distance |            1.28 |
|                 Metric/cross_state_distance |            1.82 |
|           Metric/self_state_action_distance |           0.673 |
|          Metric/cross_state_action_distance |           0.924 |
|             Metric/avg_self_state_asymmetry |               0 |
|            Metric/avg_cross_state_asymmetry |           0.889 |
|                Metric/avg_self_sa_asymmetry |               0 |
|               Metric/avg_cross_sa_asymmetry |            0.35 |
|  Metric/self_state_action_to_state_distance |           0.852 |
| Metric/cross_state_action_to_state_distance |            1.02 |
|                   Metric/h_lambda_diff_self |           0.395 |
|                  Metric/h_lambda_diff_cross |           0.484 |
|                                 Eval/Return |             674 |
-----------------------------------------------------------------
-----------------------------------------------------------------
|                                 Train/Steps |        2.82e+06 |
|                            Loss/Loss_critic |            1.87 |
|                             Loss/Loss_actor |           -67.3 |
|               Loss/Loss_state_action_metric |            11.9 |
|                      Loss/Loss_state_metric |           0.669 |
|             Loss/Loss_state_action_to_state |           0.197 |
|                           Loss/Act_rep_loss |         -0.0922 |
|                                 DDPG/Q_mean |            66.9 |
|                         DDPG/Explore_stddev |             0.1 |
|                             DDPG/Grad_steps |        1.76e+05 |
|                            Norm/actor_model |             137 |
|                           Norm/critic_model |             167 |
|              Norm/state_action_metric_model |              32 |
|                     Norm/state_metric_model |            32.1 |
|        Norm/state_action_state_metric_model |              32 |
|                  Metric/self_state_distance |            1.28 |
|                 Metric/cross_state_distance |            1.78 |
|           Metric/self_state_action_distance |           0.674 |
|          Metric/cross_state_action_distance |           0.939 |
|             Metric/avg_self_state_asymmetry |               0 |
|            Metric/avg_cross_state_asymmetry |           0.862 |
|                Metric/avg_self_sa_asymmetry |               0 |
|               Metric/avg_cross_sa_asymmetry |           0.369 |
|  Metric/self_state_action_to_state_distance |           0.829 |
| Metric/cross_state_action_to_state_distance |           0.993 |
|                   Metric/h_lambda_diff_self |           0.382 |
|                  Metric/h_lambda_diff_cross |           0.452 |
|                                 Eval/Return |             724 |
-----------------------------------------------------------------
-----------------------------------------------------------------
|                                 Train/Steps |        2.95e+06 |
|                            Loss/Loss_critic |            1.34 |
|                             Loss/Loss_actor |           -67.6 |
|               Loss/Loss_state_action_metric |            12.7 |
|                      Loss/Loss_state_metric |           0.711 |
|             Loss/Loss_state_action_to_state |           0.201 |
|                           Loss/Act_rep_loss |         -0.0918 |
|                                 DDPG/Q_mean |            67.3 |
|                         DDPG/Explore_stddev |             0.1 |
|                             DDPG/Grad_steps |        1.84e+05 |
|                            Norm/actor_model |             139 |
|                           Norm/critic_model |             171 |
|              Norm/state_action_metric_model |              32 |
|                     Norm/state_metric_model |            32.1 |
|        Norm/state_action_state_metric_model |              32 |
|                  Metric/self_state_distance |            1.31 |
|                 Metric/cross_state_distance |            1.82 |
|           Metric/self_state_action_distance |           0.665 |
|          Metric/cross_state_action_distance |           0.921 |
|             Metric/avg_self_state_asymmetry |               0 |
|            Metric/avg_cross_state_asymmetry |           0.901 |
|                Metric/avg_self_sa_asymmetry |               0 |
|               Metric/avg_cross_sa_asymmetry |           0.364 |
|  Metric/self_state_action_to_state_distance |           0.842 |
| Metric/cross_state_action_to_state_distance |            1.03 |
|                   Metric/h_lambda_diff_self |           0.408 |
|                  Metric/h_lambda_diff_cross |            0.47 |
|                                 Eval/Return |             750 |
-----------------------------------------------------------------
-----------------------------------------------------------------
|                                 Train/Steps |        3.08e+06 |
|                            Loss/Loss_critic |            1.28 |
|                             Loss/Loss_actor |           -67.9 |
|               Loss/Loss_state_action_metric |            12.3 |
|                      Loss/Loss_state_metric |           0.567 |
|             Loss/Loss_state_action_to_state |           0.194 |
|                           Loss/Act_rep_loss |         -0.0931 |
|                                 DDPG/Q_mean |            67.6 |
|                         DDPG/Explore_stddev |             0.1 |
|                             DDPG/Grad_steps |        1.92e+05 |
|                            Norm/actor_model |             142 |
|                           Norm/critic_model |             175 |
|              Norm/state_action_metric_model |              32 |
|                     Norm/state_metric_model |            32.1 |
|        Norm/state_action_state_metric_model |              32 |
|                  Metric/self_state_distance |            1.21 |
|                 Metric/cross_state_distance |            1.74 |
|           Metric/self_state_action_distance |           0.675 |
|          Metric/cross_state_action_distance |           0.953 |
|             Metric/avg_self_state_asymmetry |               0 |
|            Metric/avg_cross_state_asymmetry |           0.832 |
|                Metric/avg_self_sa_asymmetry |               0 |
|               Metric/avg_cross_sa_asymmetry |           0.364 |
|  Metric/self_state_action_to_state_distance |            0.82 |
| Metric/cross_state_action_to_state_distance |           0.995 |
|                   Metric/h_lambda_diff_self |           0.394 |
|                  Metric/h_lambda_diff_cross |           0.474 |
|                                 Eval/Return |             687 |
-----------------------------------------------------------------
[32mSaving model …[0m
[32mDone.[0m
[32mSaving model …[0m
[32mDone.[0m
-----------------------------------------------------------------
|                                 Train/Steps |        3.21e+06 |
|                            Loss/Loss_critic |             1.5 |
|                             Loss/Loss_actor |           -68.5 |
|               Loss/Loss_state_action_metric |            12.6 |
|                      Loss/Loss_state_metric |           0.568 |
|             Loss/Loss_state_action_to_state |           0.199 |
|                           Loss/Act_rep_loss |         -0.0905 |
|                                 DDPG/Q_mean |            67.9 |
|                         DDPG/Explore_stddev |             0.1 |
|                             DDPG/Grad_steps |           2e+05 |
|                            Norm/actor_model |             145 |
|                           Norm/critic_model |             178 |
|              Norm/state_action_metric_model |              32 |
|                     Norm/state_metric_model |            32.1 |
|        Norm/state_action_state_metric_model |              32 |
|                  Metric/self_state_distance |             1.2 |
|                 Metric/cross_state_distance |            1.77 |
|           Metric/self_state_action_distance |            0.65 |
|          Metric/cross_state_action_distance |           0.906 |
|             Metric/avg_self_state_asymmetry |               0 |
|            Metric/avg_cross_state_asymmetry |           0.901 |
|                Metric/avg_self_sa_asymmetry |               0 |
|               Metric/avg_cross_sa_asymmetry |           0.354 |
|  Metric/self_state_action_to_state_distance |           0.863 |
| Metric/cross_state_action_to_state_distance |               1 |
|                   Metric/h_lambda_diff_self |           0.417 |
|                  Metric/h_lambda_diff_cross |           0.467 |
|                                 Eval/Return |             708 |
-----------------------------------------------------------------
-----------------------------------------------------------------
|                                 Train/Steps |        3.34e+06 |
|                            Loss/Loss_critic |            1.45 |
|                             Loss/Loss_actor |           -68.9 |
|               Loss/Loss_state_action_metric |            11.5 |
|                      Loss/Loss_state_metric |           0.567 |
|             Loss/Loss_state_action_to_state |           0.164 |
|                           Loss/Act_rep_loss |         -0.0931 |
|                                 DDPG/Q_mean |            68.4 |
|                         DDPG/Explore_stddev |             0.1 |
|                             DDPG/Grad_steps |        2.08e+05 |
|                            Norm/actor_model |             147 |
|                           Norm/critic_model |             182 |
|              Norm/state_action_metric_model |              32 |
|                     Norm/state_metric_model |            32.1 |
|        Norm/state_action_state_metric_model |              32 |
|                  Metric/self_state_distance |            1.26 |
|                 Metric/cross_state_distance |            1.77 |
|           Metric/self_state_action_distance |           0.672 |
|          Metric/cross_state_action_distance |            0.96 |
|             Metric/avg_self_state_asymmetry |               0 |
|            Metric/avg_cross_state_asymmetry |           0.805 |
|                Metric/avg_self_sa_asymmetry |               0 |
|               Metric/avg_cross_sa_asymmetry |           0.392 |
|  Metric/self_state_action_to_state_distance |           0.816 |
| Metric/cross_state_action_to_state_distance |           0.995 |
|                   Metric/h_lambda_diff_self |           0.375 |
|                  Metric/h_lambda_diff_cross |           0.481 |
|                                 Eval/Return |             672 |
-----------------------------------------------------------------
-----------------------------------------------------------------
|                                 Train/Steps |        3.46e+06 |
|                            Loss/Loss_critic |            1.23 |
|                             Loss/Loss_actor |           -69.4 |
|               Loss/Loss_state_action_metric |            11.6 |
|                      Loss/Loss_state_metric |           0.614 |
|             Loss/Loss_state_action_to_state |           0.174 |
|                           Loss/Act_rep_loss |         -0.0938 |
|                                 DDPG/Q_mean |            69.2 |
|                         DDPG/Explore_stddev |             0.1 |
|                             DDPG/Grad_steps |        2.16e+05 |
|                            Norm/actor_model |             150 |
|                           Norm/critic_model |             185 |
|              Norm/state_action_metric_model |              32 |
|                     Norm/state_metric_model |            32.1 |
|        Norm/state_action_state_metric_model |              32 |
|                  Metric/self_state_distance |            1.29 |
|                 Metric/cross_state_distance |            1.83 |
|           Metric/self_state_action_distance |           0.666 |
|          Metric/cross_state_action_distance |           0.914 |
|             Metric/avg_self_state_asymmetry |               0 |
|            Metric/avg_cross_state_asymmetry |           0.876 |
|                Metric/avg_self_sa_asymmetry |               0 |
|               Metric/avg_cross_sa_asymmetry |           0.353 |
|  Metric/self_state_action_to_state_distance |           0.839 |
| Metric/cross_state_action_to_state_distance |               1 |
|                   Metric/h_lambda_diff_self |           0.393 |
|                  Metric/h_lambda_diff_cross |           0.445 |
|                                 Eval/Return |             744 |
-----------------------------------------------------------------
-----------------------------------------------------------------
|                                 Train/Steps |        3.59e+06 |
|                            Loss/Loss_critic |            1.07 |
|                             Loss/Loss_actor |           -69.7 |
|               Loss/Loss_state_action_metric |            10.5 |
|                      Loss/Loss_state_metric |           0.611 |
|             Loss/Loss_state_action_to_state |           0.193 |
|                           Loss/Act_rep_loss |         -0.0933 |
|                                 DDPG/Q_mean |            69.7 |
|                         DDPG/Explore_stddev |             0.1 |
|                             DDPG/Grad_steps |        2.24e+05 |
|                            Norm/actor_model |             153 |
|                           Norm/critic_model |             189 |
|              Norm/state_action_metric_model |              32 |
|                     Norm/state_metric_model |            32.1 |
|        Norm/state_action_state_metric_model |              32 |
|                  Metric/self_state_distance |            1.26 |
|                 Metric/cross_state_distance |            1.82 |
|           Metric/self_state_action_distance |           0.675 |
|          Metric/cross_state_action_distance |           0.961 |
|             Metric/avg_self_state_asymmetry |               0 |
|            Metric/avg_cross_state_asymmetry |           0.862 |
|                Metric/avg_self_sa_asymmetry |               0 |
|               Metric/avg_cross_sa_asymmetry |            0.38 |
|  Metric/self_state_action_to_state_distance |           0.835 |
| Metric/cross_state_action_to_state_distance |            1.01 |
|                   Metric/h_lambda_diff_self |           0.409 |
|                  Metric/h_lambda_diff_cross |           0.481 |
|                                 Eval/Return |             729 |
-----------------------------------------------------------------
-----------------------------------------------------------------
|                                 Train/Steps |        3.72e+06 |
|                            Loss/Loss_critic |            2.03 |
|                             Loss/Loss_actor |           -70.3 |
|               Loss/Loss_state_action_metric |            11.9 |
|                      Loss/Loss_state_metric |           0.665 |
|             Loss/Loss_state_action_to_state |           0.176 |
|                           Loss/Act_rep_loss |         -0.0923 |
|                                 DDPG/Q_mean |            69.8 |
|                         DDPG/Explore_stddev |             0.1 |
|                             DDPG/Grad_steps |        2.32e+05 |
|                            Norm/actor_model |             155 |
|                           Norm/critic_model |             192 |
|              Norm/state_action_metric_model |              32 |
|                     Norm/state_metric_model |            32.1 |
|        Norm/state_action_state_metric_model |              32 |
|                  Metric/self_state_distance |            1.31 |
|                 Metric/cross_state_distance |            1.86 |
|           Metric/self_state_action_distance |           0.659 |
|          Metric/cross_state_action_distance |           0.925 |
|             Metric/avg_self_state_asymmetry |               0 |
|            Metric/avg_cross_state_asymmetry |           0.891 |
|                Metric/avg_self_sa_asymmetry |               0 |
|               Metric/avg_cross_sa_asymmetry |           0.362 |
|  Metric/self_state_action_to_state_distance |           0.805 |
| Metric/cross_state_action_to_state_distance |           0.984 |
|                   Metric/h_lambda_diff_self |           0.372 |
|                  Metric/h_lambda_diff_cross |           0.462 |
|                                 Eval/Return |             732 |
-----------------------------------------------------------------
-----------------------------------------------------------------
|                                 Train/Steps |        3.85e+06 |
|                            Loss/Loss_critic |            1.63 |
|                             Loss/Loss_actor |           -70.5 |
|               Loss/Loss_state_action_metric |              11 |
|                      Loss/Loss_state_metric |           0.677 |
|             Loss/Loss_state_action_to_state |           0.191 |
|                           Loss/Act_rep_loss |         -0.0918 |
|                                 DDPG/Q_mean |            70.6 |
|                         DDPG/Explore_stddev |             0.1 |
|                             DDPG/Grad_steps |         2.4e+05 |
|                            Norm/actor_model |             158 |
|                           Norm/critic_model |             195 |
|              Norm/state_action_metric_model |              32 |
|                     Norm/state_metric_model |            32.1 |
|        Norm/state_action_state_metric_model |              32 |
|                  Metric/self_state_distance |            1.32 |
|                 Metric/cross_state_distance |            1.84 |
|           Metric/self_state_action_distance |           0.671 |
|          Metric/cross_state_action_distance |           0.895 |
|             Metric/avg_self_state_asymmetry |               0 |
|            Metric/avg_cross_state_asymmetry |           0.856 |
|                Metric/avg_self_sa_asymmetry |               0 |
|               Metric/avg_cross_sa_asymmetry |           0.333 |
|  Metric/self_state_action_to_state_distance |            0.84 |
| Metric/cross_state_action_to_state_distance |           0.975 |
|                   Metric/h_lambda_diff_self |           0.377 |
|                  Metric/h_lambda_diff_cross |           0.454 |
|                                 Eval/Return |             707 |
-----------------------------------------------------------------
-----------------------------------------------------------------
|                                 Train/Steps |        3.98e+06 |
|                            Loss/Loss_critic |            1.62 |
|                             Loss/Loss_actor |             -71 |
|               Loss/Loss_state_action_metric |            11.7 |
|                      Loss/Loss_state_metric |           0.596 |
|             Loss/Loss_state_action_to_state |           0.173 |
|                           Loss/Act_rep_loss |         -0.0917 |
|                                 DDPG/Q_mean |            70.5 |
|                         DDPG/Explore_stddev |             0.1 |
|                             DDPG/Grad_steps |        2.48e+05 |
|                            Norm/actor_model |             160 |
|                           Norm/critic_model |             198 |
|              Norm/state_action_metric_model |              32 |
|                     Norm/state_metric_model |            32.1 |
|        Norm/state_action_state_metric_model |              32 |
|                  Metric/self_state_distance |            1.27 |
|                 Metric/cross_state_distance |            1.79 |
|           Metric/self_state_action_distance |           0.661 |
|          Metric/cross_state_action_distance |           0.929 |
|             Metric/avg_self_state_asymmetry |               0 |
|            Metric/avg_cross_state_asymmetry |           0.863 |
|                Metric/avg_self_sa_asymmetry |               0 |
|               Metric/avg_cross_sa_asymmetry |            0.36 |
|  Metric/self_state_action_to_state_distance |           0.824 |
| Metric/cross_state_action_to_state_distance |            1.01 |
|                   Metric/h_lambda_diff_self |             0.4 |
|                  Metric/h_lambda_diff_cross |           0.472 |
|                                 Eval/Return |             766 |
-----------------------------------------------------------------
-----------------------------------------------------------------
|                                 Train/Steps |         4.1e+06 |
|                            Loss/Loss_critic |            1.41 |
|                             Loss/Loss_actor |           -71.5 |
|               Loss/Loss_state_action_metric |            11.2 |
|                      Loss/Loss_state_metric |           0.573 |
|             Loss/Loss_state_action_to_state |           0.193 |
|                           Loss/Act_rep_loss |         -0.0915 |
|                                 DDPG/Q_mean |            71.2 |
|                         DDPG/Explore_stddev |             0.1 |
|                             DDPG/Grad_steps |        2.56e+05 |
|                            Norm/actor_model |             163 |
|                           Norm/critic_model |             201 |
|              Norm/state_action_metric_model |              32 |
|                     Norm/state_metric_model |            32.1 |
|        Norm/state_action_state_metric_model |              32 |
|                  Metric/self_state_distance |            1.21 |
|                 Metric/cross_state_distance |            1.79 |
|           Metric/self_state_action_distance |           0.687 |
|          Metric/cross_state_action_distance |           0.947 |
|             Metric/avg_self_state_asymmetry |               0 |
|            Metric/avg_cross_state_asymmetry |           0.891 |
|                Metric/avg_self_sa_asymmetry |               0 |
|               Metric/avg_cross_sa_asymmetry |           0.371 |
|  Metric/self_state_action_to_state_distance |           0.831 |
| Metric/cross_state_action_to_state_distance |            1.02 |
|                   Metric/h_lambda_diff_self |           0.403 |
|                  Metric/h_lambda_diff_cross |           0.497 |
|                                 Eval/Return |             769 |
-----------------------------------------------------------------
[32mSaving model …[0m
[32mDone.[0m
[32mSaving model …[0m
[32mDone.[0m
-----------------------------------------------------------------
|                                 Train/Steps |        4.23e+06 |
|                            Loss/Loss_critic |            1.52 |
|                             Loss/Loss_actor |             -72 |
|               Loss/Loss_state_action_metric |            11.1 |
|                      Loss/Loss_state_metric |           0.646 |
|             Loss/Loss_state_action_to_state |             0.2 |
|                           Loss/Act_rep_loss |         -0.0935 |
|                                 DDPG/Q_mean |            71.7 |
|                         DDPG/Explore_stddev |             0.1 |
|                             DDPG/Grad_steps |        2.64e+05 |
|                            Norm/actor_model |             165 |
|                           Norm/critic_model |             204 |
|              Norm/state_action_metric_model |              32 |
|                     Norm/state_metric_model |            32.1 |
|        Norm/state_action_state_metric_model |              32 |
|                  Metric/self_state_distance |            1.28 |
|                 Metric/cross_state_distance |            1.79 |
|           Metric/self_state_action_distance |           0.683 |
|          Metric/cross_state_action_distance |           0.928 |
|             Metric/avg_self_state_asymmetry |               0 |
|            Metric/avg_cross_state_asymmetry |           0.866 |
|                Metric/avg_self_sa_asymmetry |               0 |
|               Metric/avg_cross_sa_asymmetry |           0.347 |
|  Metric/self_state_action_to_state_distance |           0.833 |
| Metric/cross_state_action_to_state_distance |           0.992 |
|                   Metric/h_lambda_diff_self |           0.385 |
|                  Metric/h_lambda_diff_cross |           0.472 |
|                                 Eval/Return |             727 |
-----------------------------------------------------------------
-----------------------------------------------------------------
|                                 Train/Steps |        4.36e+06 |
|                            Loss/Loss_critic |            1.31 |
|                             Loss/Loss_actor |           -72.5 |
|               Loss/Loss_state_action_metric |            9.98 |
|                      Loss/Loss_state_metric |           0.609 |
|             Loss/Loss_state_action_to_state |           0.164 |
|                           Loss/Act_rep_loss |         -0.0879 |
|                                 DDPG/Q_mean |            72.3 |
|                         DDPG/Explore_stddev |             0.1 |
|                             DDPG/Grad_steps |        2.72e+05 |
|                            Norm/actor_model |             168 |
|                           Norm/critic_model |             206 |
|              Norm/state_action_metric_model |              32 |
|                     Norm/state_metric_model |            32.1 |
|        Norm/state_action_state_metric_model |              32 |
|                  Metric/self_state_distance |             1.3 |
|                 Metric/cross_state_distance |            1.84 |
|           Metric/self_state_action_distance |           0.675 |
|          Metric/cross_state_action_distance |           0.951 |
|             Metric/avg_self_state_asymmetry |               0 |
|            Metric/avg_cross_state_asymmetry |           0.855 |
|                Metric/avg_self_sa_asymmetry |               0 |
|               Metric/avg_cross_sa_asymmetry |           0.366 |
|  Metric/self_state_action_to_state_distance |           0.809 |
| Metric/cross_state_action_to_state_distance |           0.987 |
|                   Metric/h_lambda_diff_self |           0.378 |
|                  Metric/h_lambda_diff_cross |           0.473 |
|                                 Eval/Return |             707 |
-----------------------------------------------------------------
-----------------------------------------------------------------
|                                 Train/Steps |        4.49e+06 |
|                            Loss/Loss_critic |               2 |
|                             Loss/Loss_actor |           -72.5 |
|               Loss/Loss_state_action_metric |            10.9 |
|                      Loss/Loss_state_metric |           0.638 |
|             Loss/Loss_state_action_to_state |           0.165 |
|                           Loss/Act_rep_loss |         -0.0891 |
|                                 DDPG/Q_mean |            72.4 |
|                         DDPG/Explore_stddev |             0.1 |
|                             DDPG/Grad_steps |         2.8e+05 |
|                            Norm/actor_model |             170 |
|                           Norm/critic_model |             209 |
|              Norm/state_action_metric_model |              32 |
|                     Norm/state_metric_model |            32.1 |
|        Norm/state_action_state_metric_model |              32 |
|                  Metric/self_state_distance |            1.33 |
|                 Metric/cross_state_distance |             1.9 |
|           Metric/self_state_action_distance |           0.665 |
|          Metric/cross_state_action_distance |           0.939 |
|             Metric/avg_self_state_asymmetry |               0 |
|            Metric/avg_cross_state_asymmetry |           0.877 |
|                Metric/avg_self_sa_asymmetry |               0 |
|               Metric/avg_cross_sa_asymmetry |           0.362 |
|  Metric/self_state_action_to_state_distance |           0.794 |
| Metric/cross_state_action_to_state_distance |           0.972 |
|                   Metric/h_lambda_diff_self |           0.369 |
|                  Metric/h_lambda_diff_cross |           0.481 |
|                                 Eval/Return |             784 |
-----------------------------------------------------------------
-----------------------------------------------------------------
|                                 Train/Steps |        4.62e+06 |
|                            Loss/Loss_critic |            1.25 |
|                             Loss/Loss_actor |           -73.1 |
|               Loss/Loss_state_action_metric |            9.65 |
|                      Loss/Loss_state_metric |           0.674 |
|             Loss/Loss_state_action_to_state |           0.192 |
|                           Loss/Act_rep_loss |         -0.0891 |
|                                 DDPG/Q_mean |              73 |
|                         DDPG/Explore_stddev |             0.1 |
|                             DDPG/Grad_steps |        2.88e+05 |
|                            Norm/actor_model |             172 |
|                           Norm/critic_model |             212 |
|              Norm/state_action_metric_model |              32 |
|                     Norm/state_metric_model |            32.1 |
|        Norm/state_action_state_metric_model |              32 |
|                  Metric/self_state_distance |             1.3 |
|                 Metric/cross_state_distance |            1.88 |
|           Metric/self_state_action_distance |           0.675 |
|          Metric/cross_state_action_distance |           0.961 |
|             Metric/avg_self_state_asymmetry |               0 |
|            Metric/avg_cross_state_asymmetry |           0.856 |
|                Metric/avg_self_sa_asymmetry |               0 |
|               Metric/avg_cross_sa_asymmetry |           0.381 |
|  Metric/self_state_action_to_state_distance |           0.808 |
| Metric/cross_state_action_to_state_distance |           0.982 |
|                   Metric/h_lambda_diff_self |           0.377 |
|                  Metric/h_lambda_diff_cross |           0.458 |
|                                 Eval/Return |             742 |
-----------------------------------------------------------------
-----------------------------------------------------------------
|                                 Train/Steps |        4.74e+06 |
|                            Loss/Loss_critic |            1.73 |
|                             Loss/Loss_actor |           -73.7 |
|               Loss/Loss_state_action_metric |            10.6 |
|                      Loss/Loss_state_metric |           0.716 |
|             Loss/Loss_state_action_to_state |           0.173 |
|                           Loss/Act_rep_loss |         -0.0905 |
|                                 DDPG/Q_mean |            73.6 |
|                         DDPG/Explore_stddev |             0.1 |
|                             DDPG/Grad_steps |        2.96e+05 |
|                            Norm/actor_model |             175 |
|                           Norm/critic_model |             215 |
|              Norm/state_action_metric_model |              32 |
|                     Norm/state_metric_model |            32.1 |
|        Norm/state_action_state_metric_model |              32 |
|                  Metric/self_state_distance |            1.39 |
|                 Metric/cross_state_distance |            1.92 |
|           Metric/self_state_action_distance |           0.678 |
|          Metric/cross_state_action_distance |            0.95 |
|             Metric/avg_self_state_asymmetry |               0 |
|            Metric/avg_cross_state_asymmetry |           0.836 |
|                Metric/avg_self_sa_asymmetry |               0 |
|               Metric/avg_cross_sa_asymmetry |           0.359 |
|  Metric/self_state_action_to_state_distance |           0.786 |
| Metric/cross_state_action_to_state_distance |           0.954 |
|                   Metric/h_lambda_diff_self |            0.39 |
|                  Metric/h_lambda_diff_cross |           0.477 |
|                                 Eval/Return |             787 |
-----------------------------------------------------------------
-----------------------------------------------------------------
|                                 Train/Steps |        4.87e+06 |
|                            Loss/Loss_critic |            1.66 |
|                             Loss/Loss_actor |           -73.8 |
|               Loss/Loss_state_action_metric |            10.6 |
|                      Loss/Loss_state_metric |           0.734 |
|             Loss/Loss_state_action_to_state |           0.174 |
|                           Loss/Act_rep_loss |         -0.0944 |
|                                 DDPG/Q_mean |            73.8 |
|                         DDPG/Explore_stddev |             0.1 |
|                             DDPG/Grad_steps |        3.04e+05 |
|                            Norm/actor_model |             177 |
|                           Norm/critic_model |             218 |
|              Norm/state_action_metric_model |              32 |
|                     Norm/state_metric_model |            32.1 |
|        Norm/state_action_state_metric_model |              32 |
|                  Metric/self_state_distance |             1.4 |
|                 Metric/cross_state_distance |            1.92 |
|           Metric/self_state_action_distance |            0.69 |
|          Metric/cross_state_action_distance |           0.956 |
|             Metric/avg_self_state_asymmetry |               0 |
|            Metric/avg_cross_state_asymmetry |           0.806 |
|                Metric/avg_self_sa_asymmetry |               0 |
|               Metric/avg_cross_sa_asymmetry |           0.356 |
|  Metric/self_state_action_to_state_distance |            0.78 |
| Metric/cross_state_action_to_state_distance |           0.921 |
|                   Metric/h_lambda_diff_self |           0.368 |
|                  Metric/h_lambda_diff_cross |           0.483 |
|                                 Eval/Return |             740 |
-----------------------------------------------------------------
-----------------------------------------------------------------
|                                 Train/Steps |           5e+06 |
|                            Loss/Loss_critic |            1.54 |
|                             Loss/Loss_actor |           -74.1 |
|               Loss/Loss_state_action_metric |              10 |
|                      Loss/Loss_state_metric |           0.607 |
|             Loss/Loss_state_action_to_state |           0.154 |
|                           Loss/Act_rep_loss |         -0.0972 |
|                                 DDPG/Q_mean |            74.1 |
|                         DDPG/Explore_stddev |             0.1 |
|                             DDPG/Grad_steps |        3.12e+05 |
|                            Norm/actor_model |             180 |
|                           Norm/critic_model |             221 |
|              Norm/state_action_metric_model |              32 |
|                     Norm/state_metric_model |            32.1 |
|        Norm/state_action_state_metric_model |              32 |
|                  Metric/self_state_distance |             1.3 |
|                 Metric/cross_state_distance |            1.85 |
|           Metric/self_state_action_distance |           0.692 |
|          Metric/cross_state_action_distance |           0.969 |
|             Metric/avg_self_state_asymmetry |               0 |
|            Metric/avg_cross_state_asymmetry |           0.826 |
|                Metric/avg_self_sa_asymmetry |               0 |
|               Metric/avg_cross_sa_asymmetry |           0.371 |
|  Metric/self_state_action_to_state_distance |            0.77 |
| Metric/cross_state_action_to_state_distance |           0.947 |
|                   Metric/h_lambda_diff_self |           0.336 |
|                  Metric/h_lambda_diff_cross |           0.469 |
|                                 Eval/Return |             720 |
-----------------------------------------------------------------
[32mSaving model …[0m
[32mDone.[0m
[32mSaving model …[0m
[32mDone.[0m
E0830 11:53:21.444799  844113 cuda_executor.cc:1526] Could not get kernel mode driver version: (INVALID_ARGUMENT: Version does not match the format X.Y.Z)
E0830 11:53:21.453450  844001 cuda_executor.cc:1526] Could not get kernel mode driver version: (INVALID_ARGUMENT: Version does not match the format X.Y.Z)
[32m[harness] num_envs=128 total_env_steps=5000000 batch=512 train_per_step=8 UTD=0.0625 seed=8192 transitions log_every=128000 transitions[0m
[32m[algorithm] base=DDPG lr=0.001 tau=0.005 nstep=3 update_every=2 stddev=linear(1.0,0.1,500000) origin=8192 stddev_clip=0.3 bootstrap_on_truncation=True (discount from the buffer already contains gamma^nstep)[0m
[32m[metric] metric_coef=1.0 clip_metric_grads=True actor steps per log cycle: DPG=4000 act_match=80 (ratio=0.02; dhpg.py has no act_match phase)[0m
[32mStart prefilling replay buffer[0m
[32mStart DDPG (metric) training[0m
[32m{'log_freq': 1000, 'save_freq': 1000000, 'eval_episode_freq': 10, 'hidden_size': 256, 'lr': 0.001, 'max_grad_norm': 0.0, 'gamma': 0.99, 'update_tau': 0.005, 'train_per_step': 8, 'episode_length': 1000, 'warmup_samples': 8192, 'max_replay_size': 4000000, 'batch_size': 512, 'total_env_steps': 5000000, 'nstep': 3, 'bootstrap_on_truncation': True, 'update_every_steps': 2, 'num_expl_steps': 2000, 'stddev_clip': 0.3, 'explore_stddev_start': 1.0, 'explore_stddev_end': 0.1, 'explore_stddev_decay_steps': 500000, 'explore_stddev_decay_frac': 0.1, 'explore_schedule_from_training_start': True, 'scale_explore_to_budget': True, 'explore_origin': 8192, 'metric_coef': 1.0, 'clip_metric_grads': True, 'vis_feq': 100000, 'n_vis_frames': 4, 'num_envs': 128, 'grad_steps': 50, 'transfer_freq': 10, 'transfer_steps': 8, 'reward_scaling': 1.0, 'num_eval_envs': 128}[0m
-----------------------------------------------------------------
|                                 Train/Steps |        1.36e+05 |
|                             Loss/Loss_joint |            8.07 |
|                            Loss/Loss_critic |            0.63 |
|                             Loss/Loss_actor |           -4.52 |
|               Loss/Loss_state_action_metric |            6.53 |
|                      Loss/Loss_state_metric |           0.683 |
|             Loss/Loss_state_action_to_state |           0.227 |
|                           Loss/Act_rep_loss |         -0.0858 |
|                                 DDPG/Q_mean |            4.15 |
|                         DDPG/Explore_stddev |            0.77 |
|                             DDPG/Grad_steps |           8e+03 |
|                            Norm/actor_model |            37.5 |
|                           Norm/critic_model |            47.8 |
|              Norm/state_action_metric_model |              32 |
|                     Norm/state_metric_model |            32.1 |
|        Norm/state_action_state_metric_model |              32 |
|                  Metric/self_state_distance |            1.29 |
|                 Metric/cross_state_distance |            1.74 |
|           Metric/self_state_action_distance |            0.67 |
|          Metric/cross_state_action_distance |           0.982 |
|             Metric/avg_self_state_asymmetry |               0 |
|            Metric/avg_cross_state_asymmetry |           0.869 |
|                Metric/avg_self_sa_asymmetry |               0 |
|               Metric/avg_cross_sa_asymmetry |            0.42 |
|  Metric/self_state_action_to_state_distance |           0.896 |
| Metric/cross_state_action_to_state_distance |            1.01 |
|                   Metric/h_lambda_diff_self |           0.401 |
|                  Metric/h_lambda_diff_cross |           0.462 |
|                                 Eval/Return |             209 |
-----------------------------------------------------------------
-----------------------------------------------------------------
|                                 Train/Steps |        2.64e+05 |
|                             Loss/Loss_joint |            11.5 |
|                            Loss/Loss_critic |           0.874 |
|                             Loss/Loss_actor |           -15.9 |
|               Loss/Loss_state_action_metric |            9.67 |
|                      Loss/Loss_state_metric |           0.692 |
|             Loss/Loss_state_action_to_state |           0.245 |
|                           Loss/Act_rep_loss |         -0.0926 |
|                                 DDPG/Q_mean |            15.3 |
|                         DDPG/Explore_stddev |           0.539 |
|                             DDPG/Grad_steps |         1.6e+04 |
|                            Norm/actor_model |            49.2 |
|                           Norm/critic_model |              62 |
|              Norm/state_action_metric_model |              32 |
|                     Norm/state_metric_model |            32.1 |
|        Norm/state_action_state_metric_model |              32 |
|                  Metric/self_state_distance |             1.3 |
|                 Metric/cross_state_distance |            1.75 |
|           Metric/self_state_action_distance |           0.644 |
|          Metric/cross_state_action_distance |           0.926 |
|             Metric/avg_self_state_asymmetry |               0 |
|            Metric/avg_cross_state_asymmetry |             0.9 |
|                Metric/avg_self_sa_asymmetry |               0 |
|               Metric/avg_cross_sa_asymmetry |            0.39 |
|  Metric/self_state_action_to_state_distance |           0.919 |
| Metric/cross_state_action_to_state_distance |            1.01 |
|                   Metric/h_lambda_diff_self |           0.427 |
|                  Metric/h_lambda_diff_cross |           0.455 |
|                                 Eval/Return |             351 |
-----------------------------------------------------------------
-----------------------------------------------------------------
|                                 Train/Steps |        3.92e+05 |
|                             Loss/Loss_joint |            12.4 |
|                            Loss/Loss_critic |           0.876 |
|                             Loss/Loss_actor |           -25.6 |
|               Loss/Loss_state_action_metric |            10.7 |
|                      Loss/Loss_state_metric |           0.633 |
|             Loss/Loss_state_action_to_state |           0.209 |
|                           Loss/Act_rep_loss |         -0.0935 |
|                                 DDPG/Q_mean |            25.5 |
|                         DDPG/Explore_stddev |           0.309 |
|                             DDPG/Grad_steps |         2.4e+04 |
|                            Norm/actor_model |            57.1 |
|                           Norm/critic_model |            71.6 |
|              Norm/state_action_metric_model |              32 |
|                     Norm/state_metric_model |            32.1 |
|        Norm/state_action_state_metric_model |              32 |
|                  Metric/self_state_distance |            1.25 |
|                 Metric/cross_state_distance |            1.74 |
|           Metric/self_state_action_distance |           0.689 |
|          Metric/cross_state_action_distance |           0.986 |
|             Metric/avg_self_state_asymmetry |               0 |
|            Metric/avg_cross_state_asymmetry |             0.9 |
|                Metric/avg_self_sa_asymmetry |               0 |
|               Metric/avg_cross_sa_asymmetry |           0.429 |
|  Metric/self_state_action_to_state_distance |           0.893 |
| Metric/cross_state_action_to_state_distance |           0.997 |
|                   Metric/h_lambda_diff_self |           0.399 |
|                  Metric/h_lambda_diff_cross |           0.471 |
|                                 Eval/Return |             391 |
-----------------------------------------------------------------
-----------------------------------------------------------------
|                                 Train/Steps |         5.2e+05 |
|                             Loss/Loss_joint |            14.6 |
|                            Loss/Loss_critic |           0.875 |
|                             Loss/Loss_actor |           -35.1 |
|               Loss/Loss_state_action_metric |            12.8 |
|                      Loss/Loss_state_metric |           0.664 |
|             Loss/Loss_state_action_to_state |           0.231 |
|                           Loss/Act_rep_loss |         -0.0904 |
|                                 DDPG/Q_mean |            34.8 |
|                         DDPG/Explore_stddev |             0.1 |
|                             DDPG/Grad_steps |         3.2e+04 |
|                            Norm/actor_model |            63.9 |
|                           Norm/critic_model |            79.8 |
|              Norm/state_action_metric_model |              32 |
|                     Norm/state_metric_model |            32.1 |
|        Norm/state_action_state_metric_model |              32 |
|                  Metric/self_state_distance |            1.26 |
|                 Metric/cross_state_distance |            1.75 |
|           Metric/self_state_action_distance |           0.673 |
|          Metric/cross_state_action_distance |            0.94 |
|             Metric/avg_self_state_asymmetry |               0 |
|            Metric/avg_cross_state_asymmetry |           0.908 |
|                Metric/avg_self_sa_asymmetry |               0 |
|               Metric/avg_cross_sa_asymmetry |           0.403 |
|  Metric/self_state_action_to_state_distance |           0.883 |
| Metric/cross_state_action_to_state_distance |            1.01 |
|                   Metric/h_lambda_diff_self |           0.382 |
|                  Metric/h_lambda_diff_cross |           0.476 |
|                                 Eval/Return |             456 |
-----------------------------------------------------------------
-----------------------------------------------------------------
|                                 Train/Steps |        6.48e+05 |
|                             Loss/Loss_joint |            15.3 |
|                            Loss/Loss_critic |           0.891 |
|                             Loss/Loss_actor |             -42 |
|               Loss/Loss_state_action_metric |            13.4 |
|                      Loss/Loss_state_metric |           0.776 |
|             Loss/Loss_state_action_to_state |           0.221 |
|                           Loss/Act_rep_loss |          -0.091 |
|                                 DDPG/Q_mean |            41.5 |
|                         DDPG/Explore_stddev |             0.1 |
|                             DDPG/Grad_steps |           4e+04 |
|                            Norm/actor_model |            70.3 |
|                           Norm/critic_model |              87 |
|              Norm/state_action_metric_model |              32 |
|                     Norm/state_metric_model |            32.1 |
|        Norm/state_action_state_metric_model |              32 |
|                  Metric/self_state_distance |            1.31 |
|                 Metric/cross_state_distance |            1.84 |
|           Metric/self_state_action_distance |           0.684 |
|          Metric/cross_state_action_distance |           0.963 |
|             Metric/avg_self_state_asymmetry |               0 |
|            Metric/avg_cross_state_asymmetry |           0.969 |
|                Metric/avg_self_sa_asymmetry |               0 |
|               Metric/avg_cross_sa_asymmetry |           0.415 |
|  Metric/self_state_action_to_state_distance |           0.874 |
| Metric/cross_state_action_to_state_distance |               1 |
|                   Metric/h_lambda_diff_self |           0.383 |
|                  Metric/h_lambda_diff_cross |           0.473 |
|                                 Eval/Return |             482 |
-----------------------------------------------------------------
-----------------------------------------------------------------
|                                 Train/Steps |        7.76e+05 |
|                             Loss/Loss_joint |            15.2 |
|                            Loss/Loss_critic |           0.951 |
|                             Loss/Loss_actor |           -47.4 |
|               Loss/Loss_state_action_metric |            13.4 |
|                      Loss/Loss_state_metric |           0.634 |
|             Loss/Loss_state_action_to_state |           0.203 |
|                           Loss/Act_rep_loss |         -0.0904 |
|                                 DDPG/Q_mean |            47.2 |
|                         DDPG/Explore_stddev |             0.1 |
|                             DDPG/Grad_steps |         4.8e+04 |
|                            Norm/actor_model |            75.7 |
|                           Norm/critic_model |            93.6 |
|              Norm/state_action_metric_model |              32 |
|                     Norm/state_metric_model |            32.1 |
|        Norm/state_action_state_metric_model |              32 |
|                  Metric/self_state_distance |            1.29 |
|                 Metric/cross_state_distance |            1.81 |
|           Metric/self_state_action_distance |           0.672 |
|          Metric/cross_state_action_distance |           0.968 |
|             Metric/avg_self_state_asymmetry |               0 |
|            Metric/avg_cross_state_asymmetry |           0.919 |
|                Metric/avg_self_sa_asymmetry |               0 |
|               Metric/avg_cross_sa_asymmetry |           0.423 |
|  Metric/self_state_action_to_state_distance |           0.883 |
| Metric/cross_state_action_to_state_distance |            1.01 |
|                   Metric/h_lambda_diff_self |           0.395 |
|                  Metric/h_lambda_diff_cross |           0.469 |
|                                 Eval/Return |             459 |
-----------------------------------------------------------------
-----------------------------------------------------------------
|                                 Train/Steps |        9.04e+05 |
|                             Loss/Loss_joint |            14.9 |
|                            Loss/Loss_critic |           0.896 |
|                             Loss/Loss_actor |           -51.1 |
|               Loss/Loss_state_action_metric |            13.1 |
|                      Loss/Loss_state_metric |           0.742 |
|             Loss/Loss_state_action_to_state |           0.205 |
|                           Loss/Act_rep_loss |         -0.0923 |
|                                 DDPG/Q_mean |            50.8 |
|                         DDPG/Explore_stddev |             0.1 |
|                             DDPG/Grad_steps |         5.6e+04 |
|                            Norm/actor_model |            81.1 |
|                           Norm/critic_model |            99.6 |
|              Norm/state_action_metric_model |              32 |
|                     Norm/state_metric_model |            32.1 |
|        Norm/state_action_state_metric_model |              32 |
|                  Metric/self_state_distance |            1.35 |
|                 Metric/cross_state_distance |            1.87 |
|           Metric/self_state_action_distance |           0.662 |
|          Metric/cross_state_action_distance |           0.938 |
|             Metric/avg_self_state_asymmetry |               0 |
|            Metric/avg_cross_state_asymmetry |           0.949 |
|                Metric/avg_self_sa_asymmetry |               0 |
|               Metric/avg_cross_sa_asymmetry |           0.391 |
|  Metric/self_state_action_to_state_distance |           0.879 |
| Metric/cross_state_action_to_state_distance |            1.01 |
|                   Metric/h_lambda_diff_self |           0.416 |
|                  Metric/h_lambda_diff_cross |           0.473 |
|                                 Eval/Return |             434 |
-----------------------------------------------------------------
-----------------------------------------------------------------
|                                 Train/Steps |        1.03e+06 |
|                             Loss/Loss_joint |            15.7 |
|                            Loss/Loss_critic |            1.15 |
|                             Loss/Loss_actor |           -54.7 |
|               Loss/Loss_state_action_metric |            13.6 |
|                      Loss/Loss_state_metric |           0.691 |
|             Loss/Loss_state_action_to_state |           0.218 |
|                           Loss/Act_rep_loss |           -0.09 |
|                                 DDPG/Q_mean |            53.9 |
|                         DDPG/Explore_stddev |             0.1 |
|                             DDPG/Grad_steps |         6.4e+04 |
|                            Norm/actor_model |            86.2 |
|                           Norm/critic_model |             105 |
|              Norm/state_action_metric_model |              32 |
|                     Norm/state_metric_model |            32.1 |
|        Norm/state_action_state_metric_model |              32 |
|                  Metric/self_state_distance |            1.26 |
|                 Metric/cross_state_distance |            1.79 |
|           Metric/self_state_action_distance |           0.675 |
|          Metric/cross_state_action_distance |           0.958 |
|             Metric/avg_self_state_asymmetry |               0 |
|            Metric/avg_cross_state_asymmetry |           0.912 |
|                Metric/avg_self_sa_asymmetry |               0 |
|               Metric/avg_cross_sa_asymmetry |           0.392 |
|  Metric/self_state_action_to_state_distance |           0.876 |
| Metric/cross_state_action_to_state_distance |               1 |
|                   Metric/h_lambda_diff_self |           0.393 |
|                  Metric/h_lambda_diff_cross |           0.475 |
|                                 Eval/Return |             451 |
-----------------------------------------------------------------
[32mSaving model …[0m
[32mDone.[0m
[32mSaving model …[0m
[32mDone.[0m
-----------------------------------------------------------------
|                                 Train/Steps |        1.16e+06 |
|                             Loss/Loss_joint |              15 |
|                            Loss/Loss_critic |            1.23 |
|                             Loss/Loss_actor |           -56.8 |
|               Loss/Loss_state_action_metric |            12.8 |
|                      Loss/Loss_state_metric |            0.79 |
|             Loss/Loss_state_action_to_state |            0.22 |
|                           Loss/Act_rep_loss |         -0.0869 |
|                                 DDPG/Q_mean |            56.3 |
|                         DDPG/Explore_stddev |             0.1 |
|                             DDPG/Grad_steps |         7.2e+04 |
|                            Norm/actor_model |            90.9 |
|                           Norm/critic_model |             111 |
|              Norm/state_action_metric_model |              32 |
|                     Norm/state_metric_model |            32.1 |
|        Norm/state_action_state_metric_model |              32 |
|                  Metric/self_state_distance |            1.34 |
|                 Metric/cross_state_distance |            1.82 |
|           Metric/self_state_action_distance |           0.665 |
|          Metric/cross_state_action_distance |           0.909 |
|             Metric/avg_self_state_asymmetry |               0 |
|            Metric/avg_cross_state_asymmetry |           0.943 |
|                Metric/avg_self_sa_asymmetry |               0 |
|               Metric/avg_cross_sa_asymmetry |           0.365 |
|  Metric/self_state_action_to_state_distance |           0.862 |
| Metric/cross_state_action_to_state_distance |            1.04 |
|                   Metric/h_lambda_diff_self |           0.393 |
|                  Metric/h_lambda_diff_cross |           0.469 |
|                                 Eval/Return |             509 |
-----------------------------------------------------------------
-----------------------------------------------------------------
|                                 Train/Steps |        1.29e+06 |
|                             Loss/Loss_joint |              15 |
|                            Loss/Loss_critic |            1.19 |
|                             Loss/Loss_actor |           -58.5 |
|               Loss/Loss_state_action_metric |              13 |
|                      Loss/Loss_state_metric |             0.6 |
|             Loss/Loss_state_action_to_state |           0.192 |
|                           Loss/Act_rep_loss |          -0.092 |
|                                 DDPG/Q_mean |              58 |
|                         DDPG/Explore_stddev |             0.1 |
|                             DDPG/Grad_steps |           8e+04 |
|                            Norm/actor_model |            95.2 |
|                           Norm/critic_model |             116 |
|              Norm/state_action_metric_model |              32 |
|                     Norm/state_metric_model |            32.1 |
|        Norm/state_action_state_metric_model |              32 |
|                  Metric/self_state_distance |            1.22 |
|                 Metric/cross_state_distance |            1.77 |
|           Metric/self_state_action_distance |           0.673 |
|          Metric/cross_state_action_distance |           0.949 |
|             Metric/avg_self_state_asymmetry |               0 |
|            Metric/avg_cross_state_asymmetry |           0.903 |
|                Metric/avg_self_sa_asymmetry |               0 |
|               Metric/avg_cross_sa_asymmetry |            0.38 |
|  Metric/self_state_action_to_state_distance |           0.849 |
| Metric/cross_state_action_to_state_distance |               1 |
|                   Metric/h_lambda_diff_self |           0.381 |
|                  Metric/h_lambda_diff_cross |           0.458 |
|                                 Eval/Return |             547 |
-----------------------------------------------------------------
-----------------------------------------------------------------
|                                 Train/Steps |        1.42e+06 |
|                             Loss/Loss_joint |            15.8 |
|                            Loss/Loss_critic |             1.1 |
|                             Loss/Loss_actor |             -60 |
|               Loss/Loss_state_action_metric |            13.9 |
|                      Loss/Loss_state_metric |             0.6 |
|             Loss/Loss_state_action_to_state |           0.208 |
|                           Loss/Act_rep_loss |         -0.0912 |
|                                 DDPG/Q_mean |            59.7 |
|                         DDPG/Explore_stddev |             0.1 |
|                             DDPG/Grad_steps |         8.8e+04 |
|                            Norm/actor_model |            99.1 |
|                           Norm/critic_model |             121 |
|              Norm/state_action_metric_model |              32 |
|                     Norm/state_metric_model |            32.1 |
|        Norm/state_action_state_metric_model |              32 |
|                  Metric/self_state_distance |             1.2 |
|                 Metric/cross_state_distance |            1.71 |
|           Metric/self_state_action_distance |            0.68 |
|          Metric/cross_state_action_distance |            0.93 |
|             Metric/avg_self_state_asymmetry |               0 |
|            Metric/avg_cross_state_asymmetry |           0.858 |
|                Metric/avg_self_sa_asymmetry |               0 |
|               Metric/avg_cross_sa_asymmetry |           0.378 |
|  Metric/self_state_action_to_state_distance |           0.865 |
| Metric/cross_state_action_to_state_distance |            1.03 |
|                   Metric/h_lambda_diff_self |           0.428 |
|                  Metric/h_lambda_diff_cross |           0.487 |
|                                 Eval/Return |             502 |
-----------------------------------------------------------------
-----------------------------------------------------------------
|                                 Train/Steps |        1.54e+06 |
|                             Loss/Loss_joint |            14.6 |
|                            Loss/Loss_critic |            1.14 |
|                             Loss/Loss_actor |           -61.1 |
|               Loss/Loss_state_action_metric |            12.6 |
|                      Loss/Loss_state_metric |           0.677 |
|             Loss/Loss_state_action_to_state |           0.193 |
|                           Loss/Act_rep_loss |         -0.0904 |
|                                 DDPG/Q_mean |              61 |
|                         DDPG/Explore_stddev |             0.1 |
|                             DDPG/Grad_steps |         9.6e+04 |
|                            Norm/actor_model |             103 |
|                           Norm/critic_model |             126 |
|              Norm/state_action_metric_model |              32 |
|                     Norm/state_metric_model |            32.1 |
|        Norm/state_action_state_metric_model |              32 |
|                  Metric/self_state_distance |            1.27 |
|                 Metric/cross_state_distance |            1.85 |
|           Metric/self_state_action_distance |            0.66 |
|          Metric/cross_state_action_distance |           0.923 |
|             Metric/avg_self_state_asymmetry |               0 |
|            Metric/avg_cross_state_asymmetry |           0.947 |
|                Metric/avg_self_sa_asymmetry |               0 |
|               Metric/avg_cross_sa_asymmetry |           0.356 |
|  Metric/self_state_action_to_state_distance |            0.83 |
| Metric/cross_state_action_to_state_distance |           0.982 |
|                   Metric/h_lambda_diff_self |           0.398 |
|                  Metric/h_lambda_diff_cross |           0.478 |
|                                 Eval/Return |             568 |
-----------------------------------------------------------------
-----------------------------------------------------------------
|                                 Train/Steps |        1.67e+06 |
|                             Loss/Loss_joint |            14.6 |
|                            Loss/Loss_critic |            1.15 |
|                             Loss/Loss_actor |           -62.2 |
|               Loss/Loss_state_action_metric |            12.6 |
|                      Loss/Loss_state_metric |            0.66 |
|             Loss/Loss_state_action_to_state |           0.197 |
|                           Loss/Act_rep_loss |         -0.0903 |
|                                 DDPG/Q_mean |            61.5 |
|                         DDPG/Explore_stddev |             0.1 |
|                             DDPG/Grad_steps |        1.04e+05 |
|                            Norm/actor_model |             107 |
|                           Norm/critic_model |             130 |
|              Norm/state_action_metric_model |              32 |
|                     Norm/state_metric_model |            32.1 |
|        Norm/state_action_state_metric_model |              32 |
|                  Metric/self_state_distance |            1.23 |
|                 Metric/cross_state_distance |             1.8 |
|           Metric/self_state_action_distance |           0.637 |
|          Metric/cross_state_action_distance |           0.916 |
|             Metric/avg_self_state_asymmetry |               0 |
|            Metric/avg_cross_state_asymmetry |           0.923 |
|                Metric/avg_self_sa_asymmetry |               0 |
|               Metric/avg_cross_sa_asymmetry |           0.385 |
|  Metric/self_state_action_to_state_distance |           0.849 |
| Metric/cross_state_action_to_state_distance |               1 |
|                   Metric/h_lambda_diff_self |           0.425 |
|                  Metric/h_lambda_diff_cross |           0.485 |
|                                 Eval/Return |             622 |
-----------------------------------------------------------------
-----------------------------------------------------------------
|                                 Train/Steps |         1.8e+06 |
|                             Loss/Loss_joint |            14.2 |
|                            Loss/Loss_critic |            1.38 |
|                             Loss/Loss_actor |           -62.7 |
|               Loss/Loss_state_action_metric |            11.9 |
|                      Loss/Loss_state_metric |            0.66 |
|             Loss/Loss_state_action_to_state |           0.209 |
|                           Loss/Act_rep_loss |         -0.0887 |
|                                 DDPG/Q_mean |            62.2 |
|                         DDPG/Explore_stddev |             0.1 |
|                             DDPG/Grad_steps |        1.12e+05 |
|                            Norm/actor_model |             110 |
|                           Norm/critic_model |             135 |
|              Norm/state_action_metric_model |              32 |
|                     Norm/state_metric_model |            32.1 |
|        Norm/state_action_state_metric_model |              32 |
|                  Metric/self_state_distance |            1.24 |
|                 Metric/cross_state_distance |            1.74 |
|           Metric/self_state_action_distance |           0.668 |
|          Metric/cross_state_action_distance |           0.937 |
|             Metric/avg_self_state_asymmetry |               0 |
|            Metric/avg_cross_state_asymmetry |           0.865 |
|                Metric/avg_self_sa_asymmetry |               0 |
|               Metric/avg_cross_sa_asymmetry |           0.382 |
|  Metric/self_state_action_to_state_distance |           0.882 |
| Metric/cross_state_action_to_state_distance |            1.03 |
|                   Metric/h_lambda_diff_self |           0.424 |
|                  Metric/h_lambda_diff_cross |           0.479 |
|                                 Eval/Return |             628 |
-----------------------------------------------------------------
-----------------------------------------------------------------
|                                 Train/Steps |        1.93e+06 |
|                             Loss/Loss_joint |            14.6 |
|                            Loss/Loss_critic |            1.43 |
|                             Loss/Loss_actor |           -63.4 |
|               Loss/Loss_state_action_metric |            12.2 |
|                      Loss/Loss_state_metric |           0.721 |
|             Loss/Loss_state_action_to_state |             0.2 |
|                           Loss/Act_rep_loss |           -0.09 |
|                                 DDPG/Q_mean |            63.5 |
|                         DDPG/Explore_stddev |             0.1 |
|                             DDPG/Grad_steps |         1.2e+05 |
|                            Norm/actor_model |             114 |
|                           Norm/critic_model |             139 |
|              Norm/state_action_metric_model |              32 |
|                     Norm/state_metric_model |            32.1 |
|        Norm/state_action_state_metric_model |              32 |
|                  Metric/self_state_distance |            1.29 |
|                 Metric/cross_state_distance |            1.87 |
|           Metric/self_state_action_distance |           0.659 |
|          Metric/cross_state_action_distance |           0.889 |
|             Metric/avg_self_state_asymmetry |               0 |
|            Metric/avg_cross_state_asymmetry |           0.947 |
|                Metric/avg_self_sa_asymmetry |               0 |
|               Metric/avg_cross_sa_asymmetry |           0.345 |
|  Metric/self_state_action_to_state_distance |           0.853 |
| Metric/cross_state_action_to_state_distance |            1.01 |
|                   Metric/h_lambda_diff_self |           0.412 |
|                  Metric/h_lambda_diff_cross |           0.479 |
|                                 Eval/Return |             644 |
-----------------------------------------------------------------
-----------------------------------------------------------------
|                                 Train/Steps |        2.06e+06 |
|                             Loss/Loss_joint |            13.8 |
|                            Loss/Loss_critic |            1.03 |
|                             Loss/Loss_actor |             -64 |
|               Loss/Loss_state_action_metric |              12 |
|                      Loss/Loss_state_metric |            0.63 |
|             Loss/Loss_state_action_to_state |           0.189 |
|                           Loss/Act_rep_loss |         -0.0925 |
|                                 DDPG/Q_mean |            63.8 |
|                         DDPG/Explore_stddev |             0.1 |
|                             DDPG/Grad_steps |        1.28e+05 |
|                            Norm/actor_model |             118 |
|                           Norm/critic_model |             143 |
|              Norm/state_action_metric_model |              32 |
|                     Norm/state_metric_model |            32.1 |
|        Norm/state_action_state_metric_model |              32 |
|                  Metric/self_state_distance |            1.25 |
|                 Metric/cross_state_distance |            1.85 |
|           Metric/self_state_action_distance |           0.693 |
|          Metric/cross_state_action_distance |           0.955 |
|             Metric/avg_self_state_asymmetry |               0 |
|            Metric/avg_cross_state_asymmetry |           0.932 |
|                Metric/avg_self_sa_asymmetry |               0 |
|               Metric/avg_cross_sa_asymmetry |           0.371 |
|  Metric/self_state_action_to_state_distance |            0.86 |
| Metric/cross_state_action_to_state_distance |           0.986 |
|                   Metric/h_lambda_diff_self |           0.412 |
|                  Metric/h_lambda_diff_cross |           0.453 |
|                                 Eval/Return |             693 |
-----------------------------------------------------------------
[32mSaving model …[0m
[32mDone.[0m
[32mSaving model …[0m
[32mDone.[0m
-----------------------------------------------------------------
|                                 Train/Steps |        2.18e+06 |
|                             Loss/Loss_joint |              15 |
|                            Loss/Loss_critic |            1.61 |
|                             Loss/Loss_actor |           -64.6 |
|               Loss/Loss_state_action_metric |            12.5 |
|                      Loss/Loss_state_metric |           0.686 |
|             Loss/Loss_state_action_to_state |           0.226 |
|                           Loss/Act_rep_loss |         -0.0907 |
|                                 DDPG/Q_mean |            64.1 |
|                         DDPG/Explore_stddev |             0.1 |
|                             DDPG/Grad_steps |        1.36e+05 |
|                            Norm/actor_model |             121 |
|                           Norm/critic_model |             147 |
|              Norm/state_action_metric_model |              32 |
|                     Norm/state_metric_model |            32.1 |
|        Norm/state_action_state_metric_model |              32 |
|                  Metric/self_state_distance |            1.29 |
|                 Metric/cross_state_distance |            1.85 |
|           Metric/self_state_action_distance |           0.638 |
|          Metric/cross_state_action_distance |           0.906 |
|             Metric/avg_self_state_asymmetry |               0 |
|            Metric/avg_cross_state_asymmetry |           0.943 |
|                Metric/avg_self_sa_asymmetry |               0 |
|               Metric/avg_cross_sa_asymmetry |            0.37 |
|  Metric/self_state_action_to_state_distance |           0.875 |
| Metric/cross_state_action_to_state_distance |            1.05 |
|                   Metric/h_lambda_diff_self |           0.425 |
|                  Metric/h_lambda_diff_cross |           0.502 |
|                                 Eval/Return |             669 |
-----------------------------------------------------------------
-----------------------------------------------------------------
|                                 Train/Steps |        2.31e+06 |
|                             Loss/Loss_joint |            14.3 |
|                            Loss/Loss_critic |            1.32 |
|                             Loss/Loss_actor |           -65.1 |
|               Loss/Loss_state_action_metric |            12.2 |
|                      Loss/Loss_state_metric |           0.658 |
|             Loss/Loss_state_action_to_state |           0.217 |
|                           Loss/Act_rep_loss |         -0.0877 |
|                                 DDPG/Q_mean |            64.8 |
|                         DDPG/Explore_stddev |             0.1 |
|                             DDPG/Grad_steps |        1.44e+05 |
|                            Norm/actor_model |             124 |
|                           Norm/critic_model |             151 |
|              Norm/state_action_metric_model |              32 |
|                     Norm/state_metric_model |            32.1 |
|        Norm/state_action_state_metric_model |              32 |
|                  Metric/self_state_distance |            1.28 |
|                 Metric/cross_state_distance |            1.79 |
|           Metric/self_state_action_distance |           0.684 |
|          Metric/cross_state_action_distance |            0.94 |
|             Metric/avg_self_state_asymmetry |               0 |
|            Metric/avg_cross_state_asymmetry |           0.851 |
|                Metric/avg_self_sa_asymmetry |               0 |
|               Metric/avg_cross_sa_asymmetry |           0.367 |
|  Metric/self_state_action_to_state_distance |           0.837 |
| Metric/cross_state_action_to_state_distance |               1 |
|                   Metric/h_lambda_diff_self |           0.402 |
|                  Metric/h_lambda_diff_cross |           0.486 |
|                                 Eval/Return |             632 |
-----------------------------------------------------------------
-----------------------------------------------------------------
|                                 Train/Steps |        2.44e+06 |
|                             Loss/Loss_joint |            15.2 |
|                            Loss/Loss_critic |            1.32 |
|                             Loss/Loss_actor |           -65.5 |
|               Loss/Loss_state_action_metric |            13.1 |
|                      Loss/Loss_state_metric |           0.621 |
|             Loss/Loss_state_action_to_state |           0.227 |
|                           Loss/Act_rep_loss |         -0.0896 |
|                                 DDPG/Q_mean |            65.2 |
|                         DDPG/Explore_stddev |             0.1 |
|                             DDPG/Grad_steps |        1.52e+05 |
|                            Norm/actor_model |             128 |
|                           Norm/critic_model |             156 |
|              Norm/state_action_metric_model |              32 |
|                     Norm/state_metric_model |            32.1 |
|        Norm/state_action_state_metric_model |              32 |
|                  Metric/self_state_distance |            1.23 |
|                 Metric/cross_state_distance |             1.8 |
|           Metric/self_state_action_distance |           0.661 |
|          Metric/cross_state_action_distance |           0.939 |
|             Metric/avg_self_state_asymmetry |               0 |
|            Metric/avg_cross_state_asymmetry |           0.898 |
|                Metric/avg_self_sa_asymmetry |               0 |
|               Metric/avg_cross_sa_asymmetry |           0.388 |
|  Metric/self_state_action_to_state_distance |           0.853 |
| Metric/cross_state_action_to_state_distance |            1.05 |
|                   Metric/h_lambda_diff_self |           0.428 |
|                  Metric/h_lambda_diff_cross |           0.492 |
|                                 Eval/Return |             674 |
-----------------------------------------------------------------
-----------------------------------------------------------------
|                                 Train/Steps |        2.57e+06 |
|                             Loss/Loss_joint |            14.8 |
|                            Loss/Loss_critic |             1.3 |
|                             Loss/Loss_actor |           -66.2 |
|               Loss/Loss_state_action_metric |            12.7 |
|                      Loss/Loss_state_metric |            0.62 |
|             Loss/Loss_state_action_to_state |           0.201 |
|                           Loss/Act_rep_loss |         -0.0905 |
|                                 DDPG/Q_mean |            65.9 |
|                         DDPG/Explore_stddev |             0.1 |
|                             DDPG/Grad_steps |         1.6e+05 |
|                            Norm/actor_model |             131 |
|                           Norm/critic_model |             160 |
|              Norm/state_action_metric_model |              32 |
|                     Norm/state_metric_model |            32.1 |
|        Norm/state_action_state_metric_model |              32 |
|                  Metric/self_state_distance |            1.23 |
|                 Metric/cross_state_distance |            1.74 |
|           Metric/self_state_action_distance |           0.667 |
|          Metric/cross_state_action_distance |           0.941 |
|             Metric/avg_self_state_asymmetry |               0 |
|            Metric/avg_cross_state_asymmetry |           0.869 |
|                Metric/avg_self_sa_asymmetry |               0 |
|               Metric/avg_cross_sa_asymmetry |           0.381 |
|  Metric/self_state_action_to_state_distance |           0.861 |
| Metric/cross_state_action_to_state_distance |            1.05 |
|                   Metric/h_lambda_diff_self |           0.432 |
|                  Metric/h_lambda_diff_cross |           0.506 |
|                                 Eval/Return |             674 |
-----------------------------------------------------------------
-----------------------------------------------------------------
|                                 Train/Steps |         2.7e+06 |
|                             Loss/Loss_joint |            13.7 |
|                            Loss/Loss_critic |            1.39 |
|                             Loss/Loss_actor |           -66.6 |
|               Loss/Loss_state_action_metric |            11.4 |
|                      Loss/Loss_state_metric |           0.625 |
|             Loss/Loss_state_action_to_state |            0.19 |
|                           Loss/Act_rep_loss |         -0.0917 |
|                                 DDPG/Q_mean |            66.3 |
|                         DDPG/Explore_stddev |             0.1 |
|                             DDPG/Grad_steps |        1.68e+05 |
|                            Norm/actor_model |             134 |
|                           Norm/critic_model |             163 |
|              Norm/state_action_metric_model |              32 |
|                     Norm/state_metric_model |            32.1 |
|        Norm/state_action_state_metric_model |              32 |
|                  Metric/self_state_distance |            1.28 |
|                 Metric/cross_state_distance |            1.82 |
|           Metric/self_state_action_distance |           0.673 |
|          Metric/cross_state_action_distance |           0.924 |
|             Metric/avg_self_state_asymmetry |               0 |
|            Metric/avg_cross_state_asymmetry |           0.889 |
|                Metric/avg_self_sa_asymmetry |               0 |
|               Metric/avg_cross_sa_asymmetry |            0.35 |
|  Metric/self_state_action_to_state_distance |           0.852 |
| Metric/cross_state_action_to_state_distance |            1.02 |
|                   Metric/h_lambda_diff_self |           0.395 |
|                  Metric/h_lambda_diff_cross |           0.484 |
|                                 Eval/Return |             674 |
-----------------------------------------------------------------
-----------------------------------------------------------------
|                                 Train/Steps |        2.82e+06 |
|                             Loss/Loss_joint |            14.6 |
|                            Loss/Loss_critic |            1.87 |
|                             Loss/Loss_actor |           -67.3 |
|               Loss/Loss_state_action_metric |            11.9 |
|                      Loss/Loss_state_metric |           0.669 |
|             Loss/Loss_state_action_to_state |           0.197 |
|                           Loss/Act_rep_loss |         -0.0922 |
|                                 DDPG/Q_mean |            66.9 |
|                         DDPG/Explore_stddev |             0.1 |
|                             DDPG/Grad_steps |        1.76e+05 |
|                            Norm/actor_model |             137 |
|                           Norm/critic_model |             167 |
|              Norm/state_action_metric_model |              32 |
|                     Norm/state_metric_model |            32.1 |
|        Norm/state_action_state_metric_model |              32 |
|                  Metric/self_state_distance |            1.28 |
|                 Metric/cross_state_distance |            1.78 |
|           Metric/self_state_action_distance |           0.674 |
|          Metric/cross_state_action_distance |           0.939 |
|             Metric/avg_self_state_asymmetry |               0 |
|            Metric/avg_cross_state_asymmetry |           0.862 |
|                Metric/avg_self_sa_asymmetry |               0 |
|               Metric/avg_cross_sa_asymmetry |           0.369 |
|  Metric/self_state_action_to_state_distance |           0.829 |
| Metric/cross_state_action_to_state_distance |           0.993 |
|                   Metric/h_lambda_diff_self |           0.382 |
|                  Metric/h_lambda_diff_cross |           0.452 |
|                                 Eval/Return |             724 |
-----------------------------------------------------------------
-----------------------------------------------------------------
|                                 Train/Steps |        2.95e+06 |
|                             Loss/Loss_joint |            14.9 |
|                            Loss/Loss_critic |            1.34 |
|                             Loss/Loss_actor |           -67.6 |
|               Loss/Loss_state_action_metric |            12.7 |
|                      Loss/Loss_state_metric |           0.711 |
|             Loss/Loss_state_action_to_state |           0.201 |
|                           Loss/Act_rep_loss |         -0.0918 |
|                                 DDPG/Q_mean |            67.3 |
|                         DDPG/Explore_stddev |             0.1 |
|                             DDPG/Grad_steps |        1.84e+05 |
|                            Norm/actor_model |             139 |
|                           Norm/critic_model |             171 |
|              Norm/state_action_metric_model |              32 |
|                     Norm/state_metric_model |            32.1 |
|        Norm/state_action_state_metric_model |              32 |
|                  Metric/self_state_distance |            1.31 |
|                 Metric/cross_state_distance |            1.82 |
|           Metric/self_state_action_distance |           0.665 |
|          Metric/cross_state_action_distance |           0.921 |
|             Metric/avg_self_state_asymmetry |               0 |
|            Metric/avg_cross_state_asymmetry |           0.901 |
|                Metric/avg_self_sa_asymmetry |               0 |
|               Metric/avg_cross_sa_asymmetry |           0.364 |
|  Metric/self_state_action_to_state_distance |           0.842 |
| Metric/cross_state_action_to_state_distance |            1.03 |
|                   Metric/h_lambda_diff_self |           0.408 |
|                  Metric/h_lambda_diff_cross |            0.47 |
|                                 Eval/Return |             750 |
-----------------------------------------------------------------
-----------------------------------------------------------------
|                                 Train/Steps |        3.08e+06 |
|                             Loss/Loss_joint |            14.3 |
|                            Loss/Loss_critic |            1.28 |
|                             Loss/Loss_actor |           -67.9 |
|               Loss/Loss_state_action_metric |            12.3 |
|                      Loss/Loss_state_metric |           0.567 |
|             Loss/Loss_state_action_to_state |           0.194 |
|                           Loss/Act_rep_loss |         -0.0931 |
|                                 DDPG/Q_mean |            67.6 |
|                         DDPG/Explore_stddev |             0.1 |
|                             DDPG/Grad_steps |        1.92e+05 |
|                            Norm/actor_model |             142 |
|                           Norm/critic_model |             175 |
|              Norm/state_action_metric_model |              32 |
|                     Norm/state_metric_model |            32.1 |
|        Norm/state_action_state_metric_model |              32 |
|                  Metric/self_state_distance |            1.21 |
|                 Metric/cross_state_distance |            1.74 |
|           Metric/self_state_action_distance |           0.675 |
|          Metric/cross_state_action_distance |           0.953 |
|             Metric/avg_self_state_asymmetry |               0 |
|            Metric/avg_cross_state_asymmetry |           0.832 |
|                Metric/avg_self_sa_asymmetry |               0 |
|               Metric/avg_cross_sa_asymmetry |           0.364 |
|  Metric/self_state_action_to_state_distance |            0.82 |
| Metric/cross_state_action_to_state_distance |           0.995 |
|                   Metric/h_lambda_diff_self |           0.394 |
|                  Metric/h_lambda_diff_cross |           0.474 |
|                                 Eval/Return |             687 |
-----------------------------------------------------------------
[32mSaving model …[0m
[32mDone.[0m
[32mSaving model …[0m
[32mDone.[0m
-----------------------------------------------------------------
|                                 Train/Steps |        3.21e+06 |
|                             Loss/Loss_joint |            14.9 |
|                            Loss/Loss_critic |             1.5 |
|                             Loss/Loss_actor |           -68.5 |
|               Loss/Loss_state_action_metric |            12.6 |
|                      Loss/Loss_state_metric |           0.568 |
|             Loss/Loss_state_action_to_state |           0.199 |
|                           Loss/Act_rep_loss |         -0.0905 |
|                                 DDPG/Q_mean |            67.9 |
|                         DDPG/Explore_stddev |             0.1 |
|                             DDPG/Grad_steps |           2e+05 |
|                            Norm/actor_model |             145 |
|                           Norm/critic_model |             178 |
|              Norm/state_action_metric_model |              32 |
|                     Norm/state_metric_model |            32.1 |
|        Norm/state_action_state_metric_model |              32 |
|                  Metric/self_state_distance |             1.2 |
|                 Metric/cross_state_distance |            1.77 |
|           Metric/self_state_action_distance |            0.65 |
|          Metric/cross_state_action_distance |           0.906 |
|             Metric/avg_self_state_asymmetry |               0 |
|            Metric/avg_cross_state_asymmetry |           0.901 |
|                Metric/avg_self_sa_asymmetry |               0 |
|               Metric/avg_cross_sa_asymmetry |           0.354 |
|  Metric/self_state_action_to_state_distance |           0.863 |
| Metric/cross_state_action_to_state_distance |               1 |
|                   Metric/h_lambda_diff_self |           0.417 |
|                  Metric/h_lambda_diff_cross |           0.467 |
|                                 Eval/Return |             708 |
-----------------------------------------------------------------
-----------------------------------------------------------------
|                                 Train/Steps |        3.34e+06 |
|                             Loss/Loss_joint |            13.7 |
|                            Loss/Loss_critic |            1.45 |
|                             Loss/Loss_actor |           -68.9 |
|               Loss/Loss_state_action_metric |            11.5 |
|                      Loss/Loss_state_metric |           0.567 |
|             Loss/Loss_state_action_to_state |           0.164 |
|                           Loss/Act_rep_loss |         -0.0931 |
|                                 DDPG/Q_mean |            68.4 |
|                         DDPG/Explore_stddev |             0.1 |
|                             DDPG/Grad_steps |        2.08e+05 |
|                            Norm/actor_model |             147 |
|                           Norm/critic_model |             182 |
|              Norm/state_action_metric_model |              32 |
|                     Norm/state_metric_model |            32.1 |
|        Norm/state_action_state_metric_model |              32 |
|                  Metric/self_state_distance |            1.26 |
|                 Metric/cross_state_distance |            1.77 |
|           Metric/self_state_action_distance |           0.672 |
|          Metric/cross_state_action_distance |            0.96 |
|             Metric/avg_self_state_asymmetry |               0 |
|            Metric/avg_cross_state_asymmetry |           0.805 |
|                Metric/avg_self_sa_asymmetry |               0 |
|               Metric/avg_cross_sa_asymmetry |           0.392 |
|  Metric/self_state_action_to_state_distance |           0.816 |
| Metric/cross_state_action_to_state_distance |           0.995 |
|                   Metric/h_lambda_diff_self |           0.375 |
|                  Metric/h_lambda_diff_cross |           0.481 |
|                                 Eval/Return |             672 |
-----------------------------------------------------------------
-----------------------------------------------------------------
|                                 Train/Steps |        3.46e+06 |
|                             Loss/Loss_joint |            13.6 |
|                            Loss/Loss_critic |            1.23 |
|                             Loss/Loss_actor |           -69.4 |
|               Loss/Loss_state_action_metric |            11.6 |
|                      Loss/Loss_state_metric |           0.614 |
|             Loss/Loss_state_action_to_state |           0.174 |
|                           Loss/Act_rep_loss |         -0.0938 |
|                                 DDPG/Q_mean |            69.2 |
|                         DDPG/Explore_stddev |             0.1 |
|                             DDPG/Grad_steps |        2.16e+05 |
|                            Norm/actor_model |             150 |
|                           Norm/critic_model |             185 |
|              Norm/state_action_metric_model |              32 |
|                     Norm/state_metric_model |            32.1 |
|        Norm/state_action_state_metric_model |              32 |
|                  Metric/self_state_distance |            1.29 |
|                 Metric/cross_state_distance |            1.83 |
|           Metric/self_state_action_distance |           0.666 |
|          Metric/cross_state_action_distance |           0.914 |
|             Metric/avg_self_state_asymmetry |               0 |
|            Metric/avg_cross_state_asymmetry |           0.876 |
|                Metric/avg_self_sa_asymmetry |               0 |
|               Metric/avg_cross_sa_asymmetry |           0.353 |
|  Metric/self_state_action_to_state_distance |           0.839 |
| Metric/cross_state_action_to_state_distance |               1 |
|                   Metric/h_lambda_diff_self |           0.393 |
|                  Metric/h_lambda_diff_cross |           0.445 |
|                                 Eval/Return |             744 |
-----------------------------------------------------------------
-----------------------------------------------------------------
|                                 Train/Steps |        3.59e+06 |
|                             Loss/Loss_joint |            12.4 |
|                            Loss/Loss_critic |            1.07 |
|                             Loss/Loss_actor |           -69.7 |
|               Loss/Loss_state_action_metric |            10.5 |
|                      Loss/Loss_state_metric |           0.611 |
|             Loss/Loss_state_action_to_state |           0.193 |
|                           Loss/Act_rep_loss |         -0.0933 |
|                                 DDPG/Q_mean |            69.7 |
|                         DDPG/Explore_stddev |             0.1 |
|                             DDPG/Grad_steps |        2.24e+05 |
|                            Norm/actor_model |             153 |
|                           Norm/critic_model |             189 |
|              Norm/state_action_metric_model |              32 |
|                     Norm/state_metric_model |            32.1 |
|        Norm/state_action_state_metric_model |              32 |
|                  Metric/self_state_distance |            1.26 |
|                 Metric/cross_state_distance |            1.82 |
|           Metric/self_state_action_distance |           0.675 |
|          Metric/cross_state_action_distance |           0.961 |
|             Metric/avg_self_state_asymmetry |               0 |
|            Metric/avg_cross_state_asymmetry |           0.862 |
|                Metric/avg_self_sa_asymmetry |               0 |
|               Metric/avg_cross_sa_asymmetry |            0.38 |
|  Metric/self_state_action_to_state_distance |           0.835 |
| Metric/cross_state_action_to_state_distance |            1.01 |
|                   Metric/h_lambda_diff_self |           0.409 |
|                  Metric/h_lambda_diff_cross |           0.481 |
|                                 Eval/Return |             729 |
-----------------------------------------------------------------
-----------------------------------------------------------------
|                                 Train/Steps |        3.72e+06 |
|                             Loss/Loss_joint |            14.8 |
|                            Loss/Loss_critic |            2.03 |
|                             Loss/Loss_actor |           -70.3 |
|               Loss/Loss_state_action_metric |            11.9 |
|                      Loss/Loss_state_metric |           0.665 |
|             Loss/Loss_state_action_to_state |           0.176 |
|                           Loss/Act_rep_loss |         -0.0923 |
|                                 DDPG/Q_mean |            69.8 |
|                         DDPG/Explore_stddev |             0.1 |
|                             DDPG/Grad_steps |        2.32e+05 |
|                            Norm/actor_model |             155 |
|                           Norm/critic_model |             192 |
|              Norm/state_action_metric_model |              32 |
|                     Norm/state_metric_model |            32.1 |
|        Norm/state_action_state_metric_model |              32 |
|                  Metric/self_state_distance |            1.31 |
|                 Metric/cross_state_distance |            1.86 |
|           Metric/self_state_action_distance |           0.659 |
|          Metric/cross_state_action_distance |           0.925 |
|             Metric/avg_self_state_asymmetry |               0 |
|            Metric/avg_cross_state_asymmetry |           0.891 |
|                Metric/avg_self_sa_asymmetry |               0 |
|               Metric/avg_cross_sa_asymmetry |           0.362 |
|  Metric/self_state_action_to_state_distance |           0.805 |
| Metric/cross_state_action_to_state_distance |           0.984 |
|                   Metric/h_lambda_diff_self |           0.372 |
|                  Metric/h_lambda_diff_cross |           0.462 |
|                                 Eval/Return |             732 |
-----------------------------------------------------------------
-----------------------------------------------------------------
|                                 Train/Steps |        3.85e+06 |
|                             Loss/Loss_joint |            13.5 |
|                            Loss/Loss_critic |            1.63 |
|                             Loss/Loss_actor |           -70.5 |
|               Loss/Loss_state_action_metric |              11 |
|                      Loss/Loss_state_metric |           0.677 |
|             Loss/Loss_state_action_to_state |           0.191 |
|                           Loss/Act_rep_loss |         -0.0918 |
|                                 DDPG/Q_mean |            70.6 |
|                         DDPG/Explore_stddev |             0.1 |
|                             DDPG/Grad_steps |         2.4e+05 |
|                            Norm/actor_model |             158 |
|                           Norm/critic_model |             195 |
|              Norm/state_action_metric_model |              32 |
|                     Norm/state_metric_model |            32.1 |
|        Norm/state_action_state_metric_model |              32 |
|                  Metric/self_state_distance |            1.32 |
|                 Metric/cross_state_distance |            1.84 |
|           Metric/self_state_action_distance |           0.671 |
|          Metric/cross_state_action_distance |           0.895 |
|             Metric/avg_self_state_asymmetry |               0 |
|            Metric/avg_cross_state_asymmetry |           0.856 |
|                Metric/avg_self_sa_asymmetry |               0 |
|               Metric/avg_cross_sa_asymmetry |           0.333 |
|  Metric/self_state_action_to_state_distance |            0.84 |
| Metric/cross_state_action_to_state_distance |           0.975 |
|                   Metric/h_lambda_diff_self |           0.377 |
|                  Metric/h_lambda_diff_cross |           0.454 |
|                                 Eval/Return |             707 |
-----------------------------------------------------------------
-----------------------------------------------------------------
|                                 Train/Steps |        3.98e+06 |
|                             Loss/Loss_joint |            14.1 |
|                            Loss/Loss_critic |            1.62 |
|                             Loss/Loss_actor |             -71 |
|               Loss/Loss_state_action_metric |            11.7 |
|                      Loss/Loss_state_metric |           0.596 |
|             Loss/Loss_state_action_to_state |           0.173 |
|                           Loss/Act_rep_loss |         -0.0917 |
|                                 DDPG/Q_mean |            70.5 |
|                         DDPG/Explore_stddev |             0.1 |
|                             DDPG/Grad_steps |        2.48e+05 |
|                            Norm/actor_model |             160 |
|                           Norm/critic_model |             198 |
|              Norm/state_action_metric_model |              32 |
|                     Norm/state_metric_model |            32.1 |
|        Norm/state_action_state_metric_model |              32 |
|                  Metric/self_state_distance |            1.27 |
|                 Metric/cross_state_distance |            1.79 |
|           Metric/self_state_action_distance |           0.661 |
|          Metric/cross_state_action_distance |           0.929 |
|             Metric/avg_self_state_asymmetry |               0 |
|            Metric/avg_cross_state_asymmetry |           0.863 |
|                Metric/avg_self_sa_asymmetry |               0 |
|               Metric/avg_cross_sa_asymmetry |            0.36 |
|  Metric/self_state_action_to_state_distance |           0.824 |
| Metric/cross_state_action_to_state_distance |            1.01 |
|                   Metric/h_lambda_diff_self |             0.4 |
|                  Metric/h_lambda_diff_cross |           0.472 |
|                                 Eval/Return |             766 |
-----------------------------------------------------------------
-----------------------------------------------------------------
|                                 Train/Steps |         4.1e+06 |
|                             Loss/Loss_joint |            13.4 |
|                            Loss/Loss_critic |            1.41 |
|                             Loss/Loss_actor |           -71.5 |
|               Loss/Loss_state_action_metric |            11.2 |
|                      Loss/Loss_state_metric |           0.573 |
|             Loss/Loss_state_action_to_state |           0.193 |
|                           Loss/Act_rep_loss |         -0.0915 |
|                                 DDPG/Q_mean |            71.2 |
|                         DDPG/Explore_stddev |             0.1 |
|                             DDPG/Grad_steps |        2.56e+05 |
|                            Norm/actor_model |             163 |
|                           Norm/critic_model |             201 |
|              Norm/state_action_metric_model |              32 |
|                     Norm/state_metric_model |            32.1 |
|        Norm/state_action_state_metric_model |              32 |
|                  Metric/self_state_distance |            1.21 |
|                 Metric/cross_state_distance |            1.79 |
|           Metric/self_state_action_distance |           0.687 |
|          Metric/cross_state_action_distance |           0.947 |
|             Metric/avg_self_state_asymmetry |               0 |
|            Metric/avg_cross_state_asymmetry |           0.891 |
|                Metric/avg_self_sa_asymmetry |               0 |
|               Metric/avg_cross_sa_asymmetry |           0.371 |
|  Metric/self_state_action_to_state_distance |           0.831 |
| Metric/cross_state_action_to_state_distance |            1.02 |
|                   Metric/h_lambda_diff_self |           0.403 |
|                  Metric/h_lambda_diff_cross |           0.497 |
|                                 Eval/Return |             769 |
-----------------------------------------------------------------
[32mSaving model …[0m
[32mDone.[0m
[32mSaving model …[0m
[32mDone.[0m
-----------------------------------------------------------------
|                                 Train/Steps |        4.23e+06 |
|                             Loss/Loss_joint |            13.5 |
|                            Loss/Loss_critic |            1.52 |
|                             Loss/Loss_actor |             -72 |
|               Loss/Loss_state_action_metric |            11.1 |
|                      Loss/Loss_state_metric |           0.646 |
|             Loss/Loss_state_action_to_state |             0.2 |
|                           Loss/Act_rep_loss |         -0.0935 |
|                                 DDPG/Q_mean |            71.7 |
|                         DDPG/Explore_stddev |             0.1 |
|                             DDPG/Grad_steps |        2.64e+05 |
|                            Norm/actor_model |             165 |
|                           Norm/critic_model |             204 |
|              Norm/state_action_metric_model |              32 |
|                     Norm/state_metric_model |            32.1 |
|        Norm/state_action_state_metric_model |              32 |
|                  Metric/self_state_distance |            1.28 |
|                 Metric/cross_state_distance |            1.79 |
|           Metric/self_state_action_distance |           0.683 |
|          Metric/cross_state_action_distance |           0.928 |
|             Metric/avg_self_state_asymmetry |               0 |
|            Metric/avg_cross_state_asymmetry |           0.866 |
|                Metric/avg_self_sa_asymmetry |               0 |
|               Metric/avg_cross_sa_asymmetry |           0.347 |
|  Metric/self_state_action_to_state_distance |           0.833 |
| Metric/cross_state_action_to_state_distance |           0.992 |
|                   Metric/h_lambda_diff_self |           0.385 |
|                  Metric/h_lambda_diff_cross |           0.472 |
|                                 Eval/Return |             727 |
-----------------------------------------------------------------
-----------------------------------------------------------------
|                                 Train/Steps |        4.36e+06 |
|                             Loss/Loss_joint |            12.1 |
|                            Loss/Loss_critic |            1.31 |
|                             Loss/Loss_actor |           -72.5 |
|               Loss/Loss_state_action_metric |            9.98 |
|                      Loss/Loss_state_metric |           0.609 |
|             Loss/Loss_state_action_to_state |           0.164 |
|                           Loss/Act_rep_loss |         -0.0879 |
|                                 DDPG/Q_mean |            72.3 |
|                         DDPG/Explore_stddev |             0.1 |
|                             DDPG/Grad_steps |        2.72e+05 |
|                            Norm/actor_model |             168 |
|                           Norm/critic_model |             206 |
|              Norm/state_action_metric_model |              32 |
|                     Norm/state_metric_model |            32.1 |
|        Norm/state_action_state_metric_model |              32 |
|                  Metric/self_state_distance |             1.3 |
|                 Metric/cross_state_distance |            1.84 |
|           Metric/self_state_action_distance |           0.675 |
|          Metric/cross_state_action_distance |           0.951 |
|             Metric/avg_self_state_asymmetry |               0 |
|            Metric/avg_cross_state_asymmetry |           0.855 |
|                Metric/avg_self_sa_asymmetry |               0 |
|               Metric/avg_cross_sa_asymmetry |           0.366 |
|  Metric/self_state_action_to_state_distance |           0.809 |
| Metric/cross_state_action_to_state_distance |           0.987 |
|                   Metric/h_lambda_diff_self |           0.378 |
|                  Metric/h_lambda_diff_cross |           0.473 |
|                                 Eval/Return |             707 |
-----------------------------------------------------------------
-----------------------------------------------------------------
|                                 Train/Steps |        4.49e+06 |
|                             Loss/Loss_joint |            13.7 |
|                            Loss/Loss_critic |               2 |
|                             Loss/Loss_actor |           -72.5 |
|               Loss/Loss_state_action_metric |            10.9 |
|                      Loss/Loss_state_metric |           0.638 |
|             Loss/Loss_state_action_to_state |           0.165 |
|                           Loss/Act_rep_loss |         -0.0891 |
|                                 DDPG/Q_mean |            72.4 |
|                         DDPG/Explore_stddev |             0.1 |
|                             DDPG/Grad_steps |         2.8e+05 |
|                            Norm/actor_model |             170 |
|                           Norm/critic_model |             209 |
|              Norm/state_action_metric_model |              32 |
|                     Norm/state_metric_model |            32.1 |
|        Norm/state_action_state_metric_model |              32 |
|                  Metric/self_state_distance |            1.33 |
|                 Metric/cross_state_distance |             1.9 |
|           Metric/self_state_action_distance |           0.665 |
|          Metric/cross_state_action_distance |           0.939 |
|             Metric/avg_self_state_asymmetry |               0 |
|            Metric/avg_cross_state_asymmetry |           0.877 |
|                Metric/avg_self_sa_asymmetry |               0 |
|               Metric/avg_cross_sa_asymmetry |           0.362 |
|  Metric/self_state_action_to_state_distance |           0.794 |
| Metric/cross_state_action_to_state_distance |           0.972 |
|                   Metric/h_lambda_diff_self |           0.369 |
|                  Metric/h_lambda_diff_cross |           0.481 |
|                                 Eval/Return |             784 |
-----------------------------------------------------------------
-----------------------------------------------------------------
|                                 Train/Steps |        4.62e+06 |
|                             Loss/Loss_joint |            11.8 |
|                            Loss/Loss_critic |            1.25 |
|                             Loss/Loss_actor |           -73.1 |
|               Loss/Loss_state_action_metric |            9.65 |
|                      Loss/Loss_state_metric |           0.674 |
|             Loss/Loss_state_action_to_state |           0.192 |
|                           Loss/Act_rep_loss |         -0.0891 |
|                                 DDPG/Q_mean |              73 |
|                         DDPG/Explore_stddev |             0.1 |
|                             DDPG/Grad_steps |        2.88e+05 |
|                            Norm/actor_model |             172 |
|                           Norm/critic_model |             212 |
|              Norm/state_action_metric_model |              32 |
|                     Norm/state_metric_model |            32.1 |
|        Norm/state_action_state_metric_model |              32 |
|                  Metric/self_state_distance |             1.3 |
|                 Metric/cross_state_distance |            1.88 |
|           Metric/self_state_action_distance |           0.675 |
|          Metric/cross_state_action_distance |           0.961 |
|             Metric/avg_self_state_asymmetry |               0 |
|            Metric/avg_cross_state_asymmetry |           0.856 |
|                Metric/avg_self_sa_asymmetry |               0 |
|               Metric/avg_cross_sa_asymmetry |           0.381 |
|  Metric/self_state_action_to_state_distance |           0.808 |
| Metric/cross_state_action_to_state_distance |           0.982 |
|                   Metric/h_lambda_diff_self |           0.377 |
|                  Metric/h_lambda_diff_cross |           0.458 |
|                                 Eval/Return |             742 |
-----------------------------------------------------------------
-----------------------------------------------------------------
|                                 Train/Steps |        4.74e+06 |
|                             Loss/Loss_joint |            13.2 |
|                            Loss/Loss_critic |            1.73 |
|                             Loss/Loss_actor |           -73.7 |
|               Loss/Loss_state_action_metric |            10.6 |
|                      Loss/Loss_state_metric |           0.716 |
|             Loss/Loss_state_action_to_state |           0.173 |
|                           Loss/Act_rep_loss |         -0.0905 |
|                                 DDPG/Q_mean |            73.6 |
|                         DDPG/Explore_stddev |             0.1 |
|                             DDPG/Grad_steps |        2.96e+05 |
|                            Norm/actor_model |             175 |
|                           Norm/critic_model |             215 |
|              Norm/state_action_metric_model |              32 |
|                     Norm/state_metric_model |            32.1 |
|        Norm/state_action_state_metric_model |              32 |
|                  Metric/self_state_distance |            1.39 |
|                 Metric/cross_state_distance |            1.92 |
|           Metric/self_state_action_distance |           0.678 |
|          Metric/cross_state_action_distance |            0.95 |
|             Metric/avg_self_state_asymmetry |               0 |
|            Metric/avg_cross_state_asymmetry |           0.836 |
|                Metric/avg_self_sa_asymmetry |               0 |
|               Metric/avg_cross_sa_asymmetry |           0.359 |
|  Metric/self_state_action_to_state_distance |           0.786 |
| Metric/cross_state_action_to_state_distance |           0.954 |
|                   Metric/h_lambda_diff_self |            0.39 |
|                  Metric/h_lambda_diff_cross |           0.477 |
|                                 Eval/Return |             787 |
-----------------------------------------------------------------
-----------------------------------------------------------------
|                                 Train/Steps |        4.87e+06 |
|                             Loss/Loss_joint |            13.2 |
|                            Loss/Loss_critic |            1.66 |
|                             Loss/Loss_actor |           -73.8 |
|               Loss/Loss_state_action_metric |            10.6 |
|                      Loss/Loss_state_metric |           0.734 |
|             Loss/Loss_state_action_to_state |           0.174 |
|                           Loss/Act_rep_loss |         -0.0944 |
|                                 DDPG/Q_mean |            73.8 |
|                         DDPG/Explore_stddev |             0.1 |
|                             DDPG/Grad_steps |        3.04e+05 |
|                            Norm/actor_model |             177 |
|                           Norm/critic_model |             218 |
|              Norm/state_action_metric_model |              32 |
|                     Norm/state_metric_model |            32.1 |
|        Norm/state_action_state_metric_model |              32 |
|                  Metric/self_state_distance |             1.4 |
|                 Metric/cross_state_distance |            1.92 |
|           Metric/self_state_action_distance |            0.69 |
|          Metric/cross_state_action_distance |           0.956 |
|             Metric/avg_self_state_asymmetry |               0 |
|            Metric/avg_cross_state_asymmetry |           0.806 |
|                Metric/avg_self_sa_asymmetry |               0 |
|               Metric/avg_cross_sa_asymmetry |           0.356 |
|  Metric/self_state_action_to_state_distance |            0.78 |
| Metric/cross_state_action_to_state_distance |           0.921 |
|                   Metric/h_lambda_diff_self |           0.368 |
|                  Metric/h_lambda_diff_cross |           0.483 |
|                                 Eval/Return |             740 |
-----------------------------------------------------------------
-----------------------------------------------------------------
|                                 Train/Steps |           5e+06 |
|                             Loss/Loss_joint |            12.3 |
|                            Loss/Loss_critic |            1.54 |
|                             Loss/Loss_actor |           -74.1 |
|               Loss/Loss_state_action_metric |              10 |
|                      Loss/Loss_state_metric |           0.607 |
|             Loss/Loss_state_action_to_state |           0.154 |
|                           Loss/Act_rep_loss |         -0.0972 |
|                                 DDPG/Q_mean |            74.1 |
|                         DDPG/Explore_stddev |             0.1 |
|                             DDPG/Grad_steps |        3.12e+05 |
|                            Norm/actor_model |             180 |
|                           Norm/critic_model |             221 |
|              Norm/state_action_metric_model |              32 |
|                     Norm/state_metric_model |            32.1 |
|        Norm/state_action_state_metric_model |              32 |
|                  Metric/self_state_distance |             1.3 |
|                 Metric/cross_state_distance |            1.85 |
|           Metric/self_state_action_distance |           0.692 |
|          Metric/cross_state_action_distance |           0.969 |
|             Metric/avg_self_state_asymmetry |               0 |
|            Metric/avg_cross_state_asymmetry |           0.826 |
|                Metric/avg_self_sa_asymmetry |               0 |
|               Metric/avg_cross_sa_asymmetry |           0.371 |
|  Metric/self_state_action_to_state_distance |            0.77 |
| Metric/cross_state_action_to_state_distance |           0.947 |
|                   Metric/h_lambda_diff_self |           0.336 |
|                  Metric/h_lambda_diff_cross |           0.469 |
|                                 Eval/Return |             720 |
-----------------------------------------------------------------
[32mSaving model …[0m
[32mDone.[0m
[32mSaving model …[0m
[32mDone.[0m
