E0822 17:30:00.987389  305705 cuda_executor.cc:1526] Could not get kernel mode driver version: (INVALID_ARGUMENT: Version does not match the format X.Y.Z)
E0822 17:30:00.995967  305596 cuda_executor.cc:1526] Could not get kernel mode driver version: (INVALID_ARGUMENT: Version does not match the format X.Y.Z)
[32mStart prefilling replay buffer[0m
[32mStart SAC training[0m
-----------------------------------------------------------------
|                                 Train/Steps |        7.68e+05 |
|                            Loss/Loss_critic |        2.19e-05 |
|                             Loss/Loss_actor |          -0.659 |
|                             Loss/Loss_alpha |          0.0051 |
|               Loss/Loss_state_action_metric |        0.000461 |
|                      Loss/Loss_state_metric |         0.00042 |
|             Loss/Loss_state_action_to_state |        3.02e-05 |
|                           Loss/Act_rep_loss |              -1 |
|                                   SAC/Alpha |         0.00155 |
|                              SAC/LogPi_mean |           -1.29 |
|                                 SAC/Q1_mean |           0.661 |
|                                 SAC/Q2_mean |           0.664 |
|                            Norm/actor_model |            28.2 |
|                           Norm/critic_model |            49.2 |
|              Norm/state_action_metric_model |              34 |
|                     Norm/state_metric_model |            33.6 |
|        Norm/state_action_state_metric_model |            34.9 |
|                  Metric/self_state_distance |         0.00286 |
|                 Metric/cross_state_distance |               1 |
|           Metric/self_state_action_distance |         0.00343 |
|          Metric/cross_state_action_distance |               1 |
|             Metric/avg_self_state_asymmetry |               0 |
|            Metric/avg_cross_state_asymmetry |         0.00233 |
|                Metric/avg_self_sa_asymmetry |               0 |
|               Metric/avg_cross_sa_asymmetry |         0.00285 |
|  Metric/self_state_action_to_state_distance |         0.00459 |
| Metric/cross_state_action_to_state_distance |           0.997 |
|                   Metric/h_lambda_diff_self |         0.00163 |
|                  Metric/h_lambda_diff_cross |          0.0055 |
|                                 Eval/Return |               0 |
-----------------------------------------------------------------
-----------------------------------------------------------------
|                                 Train/Steps |        8.96e+05 |
|                            Loss/Loss_critic |        0.000496 |
|                             Loss/Loss_actor |          -0.592 |
|                             Loss/Loss_alpha |        0.000248 |
|               Loss/Loss_state_action_metric |         0.00133 |
|                      Loss/Loss_state_metric |        0.000812 |
|             Loss/Loss_state_action_to_state |        3.42e-05 |
|                           Loss/Act_rep_loss |              -1 |
|                                   SAC/Alpha |         0.00103 |
|                              SAC/LogPi_mean |            1.76 |
|                                 SAC/Q1_mean |           0.579 |
|                                 SAC/Q2_mean |            0.58 |
|                            Norm/actor_model |            35.4 |
|                           Norm/critic_model |            59.8 |
|              Norm/state_action_metric_model |            38.4 |
|                     Norm/state_metric_model |            36.3 |
|        Norm/state_action_state_metric_model |            39.2 |
|                  Metric/self_state_distance |         0.00205 |
|                 Metric/cross_state_distance |               1 |
|           Metric/self_state_action_distance |         0.00454 |
|          Metric/cross_state_action_distance |           0.997 |
|             Metric/avg_self_state_asymmetry |               0 |
|            Metric/avg_cross_state_asymmetry |         0.00173 |
|                Metric/avg_self_sa_asymmetry |               0 |
|               Metric/avg_cross_sa_asymmetry |         0.00197 |
|  Metric/self_state_action_to_state_distance |         0.00243 |
| Metric/cross_state_action_to_state_distance |           0.999 |
|                   Metric/h_lambda_diff_self |         0.00392 |
|                  Metric/h_lambda_diff_cross |         0.00375 |
|                                 Eval/Return |             6.3 |
-----------------------------------------------------------------
-----------------------------------------------------------------
|                                 Train/Steps |        1.02e+06 |
|                            Loss/Loss_critic |          0.0431 |
|                             Loss/Loss_actor |           -1.28 |
|                             Loss/Loss_alpha |        -0.00094 |
|               Loss/Loss_state_action_metric |          0.0545 |
|                      Loss/Loss_state_metric |         0.00684 |
|             Loss/Loss_state_action_to_state |         0.00132 |
|                           Loss/Act_rep_loss |           -1.09 |
|                                   SAC/Alpha |         0.00495 |
|                              SAC/LogPi_mean |            2.19 |
|                                 SAC/Q1_mean |            1.23 |
|                                 SAC/Q2_mean |            1.23 |
|                            Norm/actor_model |            47.9 |
|                           Norm/critic_model |            74.2 |
|              Norm/state_action_metric_model |            43.6 |
|                     Norm/state_metric_model |            39.5 |
|        Norm/state_action_state_metric_model |            42.2 |
|                  Metric/self_state_distance |         0.00221 |
|                 Metric/cross_state_distance |            1.04 |
|           Metric/self_state_action_distance |          0.0102 |
|          Metric/cross_state_action_distance |            1.06 |
|             Metric/avg_self_state_asymmetry |               0 |
|            Metric/avg_cross_state_asymmetry |         0.00924 |
|                Metric/avg_self_sa_asymmetry |               0 |
|               Metric/avg_cross_sa_asymmetry |          0.0116 |
|  Metric/self_state_action_to_state_distance |         0.00479 |
| Metric/cross_state_action_to_state_distance |            1.06 |
|                   Metric/h_lambda_diff_self |         0.00978 |
|                  Metric/h_lambda_diff_cross |           0.021 |
|                                 Eval/Return |             138 |
-----------------------------------------------------------------
-----------------------------------------------------------------
|                                 Train/Steps |        1.15e+06 |
|                            Loss/Loss_critic |           0.201 |
|                             Loss/Loss_actor |           -4.62 |
|                             Loss/Loss_alpha |        -0.00274 |
|               Loss/Loss_state_action_metric |           0.205 |
|                      Loss/Loss_state_metric |          0.0515 |
|             Loss/Loss_state_action_to_state |         0.00245 |
|                           Loss/Act_rep_loss |           -1.26 |
|                                   SAC/Alpha |          0.0171 |
|                              SAC/LogPi_mean |            2.16 |
|                                 SAC/Q1_mean |             4.5 |
|                                 SAC/Q2_mean |             4.5 |
|                            Norm/actor_model |            57.3 |
|                           Norm/critic_model |            87.9 |
|              Norm/state_action_metric_model |            50.5 |
|                     Norm/state_metric_model |            45.7 |
|        Norm/state_action_state_metric_model |            49.8 |
|                  Metric/self_state_distance |         0.00475 |
|                 Metric/cross_state_distance |            1.19 |
|           Metric/self_state_action_distance |          0.0256 |
|          Metric/cross_state_action_distance |            1.26 |
|             Metric/avg_self_state_asymmetry |               0 |
|            Metric/avg_cross_state_asymmetry |          0.0154 |
|                Metric/avg_self_sa_asymmetry |               0 |
|               Metric/avg_cross_sa_asymmetry |           0.025 |
|  Metric/self_state_action_to_state_distance |         0.00661 |
| Metric/cross_state_action_to_state_distance |            1.25 |
|                   Metric/h_lambda_diff_self |          0.0216 |
|                  Metric/h_lambda_diff_cross |          0.0366 |
|                                 Eval/Return |             444 |
-----------------------------------------------------------------
-----------------------------------------------------------------
|                                 Train/Steps |        1.28e+06 |
|                            Loss/Loss_critic |           0.282 |
|                             Loss/Loss_actor |           -10.9 |
|                             Loss/Loss_alpha |         0.00506 |
|               Loss/Loss_state_action_metric |           0.246 |
|                      Loss/Loss_state_metric |           0.104 |
|             Loss/Loss_state_action_to_state |         0.00392 |
|                           Loss/Act_rep_loss |           -1.52 |
|                                   SAC/Alpha |          0.0272 |
|                              SAC/LogPi_mean |            1.81 |
|                                 SAC/Q1_mean |            10.8 |
|                                 SAC/Q2_mean |            10.7 |
|                            Norm/actor_model |            65.5 |
|                           Norm/critic_model |            97.8 |
|              Norm/state_action_metric_model |            57.8 |
|                     Norm/state_metric_model |            52.5 |
|        Norm/state_action_state_metric_model |            57.4 |
|                  Metric/self_state_distance |         0.00553 |
|                 Metric/cross_state_distance |            1.32 |
|           Metric/self_state_action_distance |          0.0202 |
|          Metric/cross_state_action_distance |            1.46 |
|             Metric/avg_self_state_asymmetry |               0 |
|            Metric/avg_cross_state_asymmetry |          0.0236 |
|                Metric/avg_self_sa_asymmetry |               0 |
|               Metric/avg_cross_sa_asymmetry |          0.0432 |
|  Metric/self_state_action_to_state_distance |         0.00981 |
| Metric/cross_state_action_to_state_distance |            1.45 |
|                   Metric/h_lambda_diff_self |          0.0166 |
|                  Metric/h_lambda_diff_cross |          0.0474 |
|                                 Eval/Return |             650 |
-----------------------------------------------------------------
-----------------------------------------------------------------
|                                 Train/Steps |        1.41e+06 |
|                            Loss/Loss_critic |            1.03 |
|                             Loss/Loss_actor |           -19.3 |
|                             Loss/Loss_alpha |        -0.00171 |
|               Loss/Loss_state_action_metric |            0.43 |
|                      Loss/Loss_state_metric |           0.175 |
|             Loss/Loss_state_action_to_state |         0.00436 |
|                           Loss/Act_rep_loss |           -1.77 |
|                                   SAC/Alpha |          0.0416 |
|                              SAC/LogPi_mean |            2.04 |
|                                 SAC/Q1_mean |              19 |
|                                 SAC/Q2_mean |              19 |
|                            Norm/actor_model |            72.6 |
|                           Norm/critic_model |             106 |
|              Norm/state_action_metric_model |              63 |
|                     Norm/state_metric_model |              59 |
|        Norm/state_action_state_metric_model |            63.5 |
|                  Metric/self_state_distance |         0.00582 |
|                 Metric/cross_state_distance |            1.51 |
|           Metric/self_state_action_distance |          0.0269 |
|          Metric/cross_state_action_distance |            1.67 |
|             Metric/avg_self_state_asymmetry |               0 |
|            Metric/avg_cross_state_asymmetry |          0.0299 |
|                Metric/avg_self_sa_asymmetry |               0 |
|               Metric/avg_cross_sa_asymmetry |          0.0479 |
|  Metric/self_state_action_to_state_distance |         0.00977 |
| Metric/cross_state_action_to_state_distance |            1.68 |
|                   Metric/h_lambda_diff_self |          0.0204 |
|                  Metric/h_lambda_diff_cross |          0.0576 |
|                                 Eval/Return |             708 |
-----------------------------------------------------------------
-----------------------------------------------------------------
|                                 Train/Steps |        1.54e+06 |
|                            Loss/Loss_critic |            1.11 |
|                             Loss/Loss_actor |           -27.6 |
|                             Loss/Loss_alpha |         0.00861 |
|               Loss/Loss_state_action_metric |           0.451 |
|                      Loss/Loss_state_metric |           0.227 |
|             Loss/Loss_state_action_to_state |         0.00444 |
|                           Loss/Act_rep_loss |           -1.87 |
|                                   SAC/Alpha |          0.0475 |
|                              SAC/LogPi_mean |            1.82 |
|                                 SAC/Q1_mean |            27.3 |
|                                 SAC/Q2_mean |            27.3 |
|                            Norm/actor_model |            79.1 |
|                           Norm/critic_model |             113 |
|              Norm/state_action_metric_model |            68.2 |
|                     Norm/state_metric_model |            64.6 |
|        Norm/state_action_state_metric_model |              69 |
|                  Metric/self_state_distance |         0.00848 |
|                 Metric/cross_state_distance |            1.62 |
|           Metric/self_state_action_distance |          0.0174 |
|          Metric/cross_state_action_distance |            1.86 |
|             Metric/avg_self_state_asymmetry |               0 |
|            Metric/avg_cross_state_asymmetry |          0.0245 |
|                Metric/avg_self_sa_asymmetry |               0 |
|               Metric/avg_cross_sa_asymmetry |          0.0496 |
|  Metric/self_state_action_to_state_distance |          0.0125 |
| Metric/cross_state_action_to_state_distance |            1.84 |
|                   Metric/h_lambda_diff_self |          0.0131 |
|                  Metric/h_lambda_diff_cross |          0.0606 |
|                                 Eval/Return |             747 |
-----------------------------------------------------------------
-----------------------------------------------------------------
|                                 Train/Steps |        1.66e+06 |
|                            Loss/Loss_critic |            3.43 |
|                             Loss/Loss_actor |           -34.3 |
|                             Loss/Loss_alpha |        -0.00342 |
|               Loss/Loss_state_action_metric |           0.617 |
|                      Loss/Loss_state_metric |           0.302 |
|             Loss/Loss_state_action_to_state |         0.00355 |
|                           Loss/Act_rep_loss |           -1.93 |
|                                   SAC/Alpha |          0.0461 |
|                              SAC/LogPi_mean |            2.07 |
|                                 SAC/Q1_mean |            34.1 |
|                                 SAC/Q2_mean |            34.1 |
|                            Norm/actor_model |            85.1 |
|                           Norm/critic_model |             118 |
|              Norm/state_action_metric_model |            73.9 |
|                     Norm/state_metric_model |            70.1 |
|        Norm/state_action_state_metric_model |            74.4 |
|                  Metric/self_state_distance |         0.00664 |
|                 Metric/cross_state_distance |            1.75 |
|           Metric/self_state_action_distance |          0.0168 |
|          Metric/cross_state_action_distance |            2.02 |
|             Metric/avg_self_state_asymmetry |               0 |
|            Metric/avg_cross_state_asymmetry |           0.026 |
|                Metric/avg_self_sa_asymmetry |               0 |
|               Metric/avg_cross_sa_asymmetry |          0.0573 |
|  Metric/self_state_action_to_state_distance |           0.011 |
| Metric/cross_state_action_to_state_distance |            2.02 |
|                   Metric/h_lambda_diff_self |          0.0133 |
|                  Metric/h_lambda_diff_cross |          0.0553 |
|                                 Eval/Return |             769 |
-----------------------------------------------------------------
-----------------------------------------------------------------
|                                 Train/Steps |        1.79e+06 |
|                            Loss/Loss_critic |           0.644 |
|                             Loss/Loss_actor |           -39.1 |
|                             Loss/Loss_alpha |         0.00517 |
|               Loss/Loss_state_action_metric |           0.569 |
|                      Loss/Loss_state_metric |           0.288 |
|             Loss/Loss_state_action_to_state |         0.00529 |
|                           Loss/Act_rep_loss |           -2.06 |
|                                   SAC/Alpha |          0.0544 |
|                              SAC/LogPi_mean |             1.9 |
|                                 SAC/Q1_mean |            38.9 |
|                                 SAC/Q2_mean |            38.9 |
|                            Norm/actor_model |            90.8 |
|                           Norm/critic_model |             123 |
|              Norm/state_action_metric_model |            79.8 |
|                     Norm/state_metric_model |            75.8 |
|        Norm/state_action_state_metric_model |              80 |
|                  Metric/self_state_distance |         0.00955 |
|                 Metric/cross_state_distance |            1.71 |
|           Metric/self_state_action_distance |          0.0306 |
|          Metric/cross_state_action_distance |            2.01 |
|             Metric/avg_self_state_asymmetry |               0 |
|            Metric/avg_cross_state_asymmetry |          0.0285 |
|                Metric/avg_self_sa_asymmetry |               0 |
|               Metric/avg_cross_sa_asymmetry |          0.0574 |
|  Metric/self_state_action_to_state_distance |          0.0104 |
| Metric/cross_state_action_to_state_distance |            1.99 |
|                   Metric/h_lambda_diff_self |          0.0242 |
|                  Metric/h_lambda_diff_cross |          0.0653 |
|                                 Eval/Return |             801 |
-----------------------------------------------------------------
-----------------------------------------------------------------
|                                 Train/Steps |        1.92e+06 |
|                            Loss/Loss_critic |            7.41 |
|                             Loss/Loss_actor |           -43.5 |
|                             Loss/Loss_alpha |         0.00317 |
|               Loss/Loss_state_action_metric |           0.625 |
|                      Loss/Loss_state_metric |           0.334 |
|             Loss/Loss_state_action_to_state |         0.00377 |
|                           Loss/Act_rep_loss |           -2.17 |
|                                   SAC/Alpha |           0.056 |
|                              SAC/LogPi_mean |            1.94 |
|                                 SAC/Q1_mean |            43.2 |
|                                 SAC/Q2_mean |            43.2 |
|                            Norm/actor_model |            96.4 |
|                           Norm/critic_model |             128 |
|              Norm/state_action_metric_model |            86.1 |
|                     Norm/state_metric_model |            81.6 |
|        Norm/state_action_state_metric_model |            85.6 |
|                  Metric/self_state_distance |         0.00763 |
|                 Metric/cross_state_distance |            1.84 |
|           Metric/self_state_action_distance |          0.0219 |
|          Metric/cross_state_action_distance |            2.15 |
|             Metric/avg_self_state_asymmetry |               0 |
|            Metric/avg_cross_state_asymmetry |          0.0321 |
|                Metric/avg_self_sa_asymmetry |               0 |
|               Metric/avg_cross_sa_asymmetry |          0.0535 |
|  Metric/self_state_action_to_state_distance |         0.00693 |
| Metric/cross_state_action_to_state_distance |            2.12 |
|                   Metric/h_lambda_diff_self |          0.0176 |
|                  Metric/h_lambda_diff_cross |           0.069 |
|                                 Eval/Return |             811 |
-----------------------------------------------------------------
-----------------------------------------------------------------
|                                 Train/Steps |        2.05e+06 |
|                            Loss/Loss_critic |           0.625 |
|                             Loss/Loss_actor |           -46.9 |
|                             Loss/Loss_alpha |        -0.00435 |
|               Loss/Loss_state_action_metric |           0.636 |
|                      Loss/Loss_state_metric |           0.332 |
|             Loss/Loss_state_action_to_state |         0.00698 |
|                           Loss/Act_rep_loss |           -2.19 |
|                                   SAC/Alpha |          0.0546 |
|                              SAC/LogPi_mean |            2.08 |
|                                 SAC/Q1_mean |            46.7 |
|                                 SAC/Q2_mean |            46.7 |
|                            Norm/actor_model |             101 |
|                           Norm/critic_model |             133 |
|              Norm/state_action_metric_model |            92.7 |
|                     Norm/state_metric_model |            87.3 |
|        Norm/state_action_state_metric_model |            91.2 |
|                  Metric/self_state_distance |         0.00661 |
|                 Metric/cross_state_distance |            1.87 |
|           Metric/self_state_action_distance |          0.0239 |
|          Metric/cross_state_action_distance |             2.2 |
|             Metric/avg_self_state_asymmetry |               0 |
|            Metric/avg_cross_state_asymmetry |          0.0318 |
|                Metric/avg_self_sa_asymmetry |               0 |
|               Metric/avg_cross_sa_asymmetry |          0.0613 |
|  Metric/self_state_action_to_state_distance |         0.00505 |
| Metric/cross_state_action_to_state_distance |            2.17 |
|                   Metric/h_lambda_diff_self |          0.0201 |
|                  Metric/h_lambda_diff_cross |          0.0758 |
|                                 Eval/Return |             805 |
-----------------------------------------------------------------
-----------------------------------------------------------------
|                                 Train/Steps |        2.18e+06 |
|                            Loss/Loss_critic |            7.61 |
|                             Loss/Loss_actor |           -48.9 |
|                             Loss/Loss_alpha |         -0.0032 |
|               Loss/Loss_state_action_metric |           0.688 |
|                      Loss/Loss_state_metric |           0.358 |
|             Loss/Loss_state_action_to_state |         0.00366 |
|                           Loss/Act_rep_loss |           -2.31 |
|                                   SAC/Alpha |          0.0581 |
|                              SAC/LogPi_mean |            2.06 |
|                                 SAC/Q1_mean |            48.7 |
|                                 SAC/Q2_mean |            48.7 |
|                            Norm/actor_model |             106 |
|                           Norm/critic_model |             137 |
|              Norm/state_action_metric_model |            98.6 |
|                     Norm/state_metric_model |              93 |
|        Norm/state_action_state_metric_model |            96.7 |
|                  Metric/self_state_distance |         0.00722 |
|                 Metric/cross_state_distance |            1.92 |
|           Metric/self_state_action_distance |          0.0182 |
|          Metric/cross_state_action_distance |            2.28 |
|             Metric/avg_self_state_asymmetry |               0 |
|            Metric/avg_cross_state_asymmetry |          0.0299 |
|                Metric/avg_self_sa_asymmetry |               0 |
|               Metric/avg_cross_sa_asymmetry |          0.0562 |
|  Metric/self_state_action_to_state_distance |           0.011 |
| Metric/cross_state_action_to_state_distance |            2.25 |
|                   Metric/h_lambda_diff_self |          0.0146 |
|                  Metric/h_lambda_diff_cross |          0.0696 |
|                                 Eval/Return |             829 |
-----------------------------------------------------------------
-----------------------------------------------------------------
|                                 Train/Steps |         2.3e+06 |
|                            Loss/Loss_critic |            14.3 |
|                             Loss/Loss_actor |           -50.8 |
|                             Loss/Loss_alpha |         0.00239 |
|               Loss/Loss_state_action_metric |            0.73 |
|                      Loss/Loss_state_metric |           0.394 |
|             Loss/Loss_state_action_to_state |          0.0039 |
|                           Loss/Act_rep_loss |           -2.32 |
|                                   SAC/Alpha |          0.0561 |
|                              SAC/LogPi_mean |            1.96 |
|                                 SAC/Q1_mean |            50.7 |
|                                 SAC/Q2_mean |            50.7 |
|                            Norm/actor_model |             111 |
|                           Norm/critic_model |             141 |
|              Norm/state_action_metric_model |             104 |
|                     Norm/state_metric_model |              98 |
|        Norm/state_action_state_metric_model |             102 |
|                  Metric/self_state_distance |         0.00648 |
|                 Metric/cross_state_distance |               2 |
|           Metric/self_state_action_distance |          0.0106 |
|          Metric/cross_state_action_distance |            2.34 |
|             Metric/avg_self_state_asymmetry |               0 |
|            Metric/avg_cross_state_asymmetry |          0.0294 |
|                Metric/avg_self_sa_asymmetry |               0 |
|               Metric/avg_cross_sa_asymmetry |          0.0517 |
|  Metric/self_state_action_to_state_distance |         0.00506 |
| Metric/cross_state_action_to_state_distance |            2.32 |
|                   Metric/h_lambda_diff_self |          0.0109 |
|                  Metric/h_lambda_diff_cross |          0.0556 |
|                                 Eval/Return |             836 |
-----------------------------------------------------------------
-----------------------------------------------------------------
|                                 Train/Steps |        2.43e+06 |
|                            Loss/Loss_critic |           0.783 |
|                             Loss/Loss_actor |           -52.6 |
|                             Loss/Loss_alpha |        -0.00361 |
|               Loss/Loss_state_action_metric |           0.671 |
|                      Loss/Loss_state_metric |           0.366 |
|             Loss/Loss_state_action_to_state |         0.00581 |
|                           Loss/Act_rep_loss |           -2.28 |
|                                   SAC/Alpha |          0.0598 |
|                              SAC/LogPi_mean |            2.06 |
|                                 SAC/Q1_mean |            52.4 |
|                                 SAC/Q2_mean |            52.4 |
|                            Norm/actor_model |             116 |
|                           Norm/critic_model |             145 |
|              Norm/state_action_metric_model |             109 |
|                     Norm/state_metric_model |             103 |
|        Norm/state_action_state_metric_model |             106 |
|                  Metric/self_state_distance |         0.00657 |
|                 Metric/cross_state_distance |            1.89 |
|           Metric/self_state_action_distance |          0.0152 |
|          Metric/cross_state_action_distance |            2.24 |
|             Metric/avg_self_state_asymmetry |               0 |
|            Metric/avg_cross_state_asymmetry |          0.0302 |
|                Metric/avg_self_sa_asymmetry |               0 |
|               Metric/avg_cross_sa_asymmetry |          0.0569 |
|  Metric/self_state_action_to_state_distance |         0.00856 |
| Metric/cross_state_action_to_state_distance |            2.25 |
|                   Metric/h_lambda_diff_self |          0.0132 |
|                  Metric/h_lambda_diff_cross |          0.0656 |
|                                 Eval/Return |             840 |
-----------------------------------------------------------------
-----------------------------------------------------------------
|                                 Train/Steps |        2.56e+06 |
|                            Loss/Loss_critic |            11.2 |
|                             Loss/Loss_actor |           -54.3 |
|                             Loss/Loss_alpha |         0.00838 |
|               Loss/Loss_state_action_metric |           0.616 |
|                      Loss/Loss_state_metric |           0.358 |
|             Loss/Loss_state_action_to_state |         0.00343 |
|                           Loss/Act_rep_loss |            -2.3 |
|                                   SAC/Alpha |          0.0606 |
|                              SAC/LogPi_mean |            1.86 |
|                                 SAC/Q1_mean |            54.2 |
|                                 SAC/Q2_mean |            54.2 |
|                            Norm/actor_model |             121 |
|                           Norm/critic_model |             149 |
|              Norm/state_action_metric_model |             114 |
|                     Norm/state_metric_model |             108 |
|        Norm/state_action_state_metric_model |             110 |
|                  Metric/self_state_distance |         0.00683 |
|                 Metric/cross_state_distance |             1.9 |
|           Metric/self_state_action_distance |          0.0128 |
|          Metric/cross_state_action_distance |            2.21 |
|             Metric/avg_self_state_asymmetry |               0 |
|            Metric/avg_cross_state_asymmetry |           0.028 |
|                Metric/avg_self_sa_asymmetry |               0 |
|               Metric/avg_cross_sa_asymmetry |          0.0491 |
|  Metric/self_state_action_to_state_distance |         0.00753 |
| Metric/cross_state_action_to_state_distance |            2.21 |
|                   Metric/h_lambda_diff_self |         0.00921 |
|                  Metric/h_lambda_diff_cross |          0.0519 |
|                                 Eval/Return |             851 |
-----------------------------------------------------------------
-----------------------------------------------------------------
|                                 Train/Steps |        2.69e+06 |
|                            Loss/Loss_critic |           0.953 |
|                             Loss/Loss_actor |           -55.7 |
|                             Loss/Loss_alpha |        -0.00659 |
|               Loss/Loss_state_action_metric |           0.733 |
|                      Loss/Loss_state_metric |           0.344 |
|             Loss/Loss_state_action_to_state |         0.00372 |
|                           Loss/Act_rep_loss |            -2.4 |
|                                   SAC/Alpha |            0.06 |
|                              SAC/LogPi_mean |            2.11 |
|                                 SAC/Q1_mean |            55.6 |
|                                 SAC/Q2_mean |            55.5 |
|                            Norm/actor_model |             125 |
|                           Norm/critic_model |             153 |
|              Norm/state_action_metric_model |             119 |
|                     Norm/state_metric_model |             113 |
|        Norm/state_action_state_metric_model |             114 |
|                  Metric/self_state_distance |         0.00951 |
|                 Metric/cross_state_distance |            1.95 |
|           Metric/self_state_action_distance |          0.0119 |
|          Metric/cross_state_action_distance |             2.4 |
|             Metric/avg_self_state_asymmetry |               0 |
|            Metric/avg_cross_state_asymmetry |          0.0296 |
|                Metric/avg_self_sa_asymmetry |               0 |
|               Metric/avg_cross_sa_asymmetry |          0.0579 |
|  Metric/self_state_action_to_state_distance |         0.00875 |
| Metric/cross_state_action_to_state_distance |            2.38 |
|                   Metric/h_lambda_diff_self |           0.011 |
|                  Metric/h_lambda_diff_cross |          0.0583 |
|                                 Eval/Return |             864 |
-----------------------------------------------------------------
-----------------------------------------------------------------
|                                 Train/Steps |        2.82e+06 |
|                            Loss/Loss_critic |           0.662 |
|                             Loss/Loss_actor |           -56.1 |
|                             Loss/Loss_alpha |       -0.000323 |
|               Loss/Loss_state_action_metric |           0.682 |
|                      Loss/Loss_state_metric |           0.393 |
|             Loss/Loss_state_action_to_state |         0.00283 |
|                           Loss/Act_rep_loss |           -2.34 |
|                                   SAC/Alpha |          0.0584 |
|                              SAC/LogPi_mean |            2.01 |
|                                 SAC/Q1_mean |              56 |
|                                 SAC/Q2_mean |              56 |
|                            Norm/actor_model |             129 |
|                           Norm/critic_model |             157 |
|              Norm/state_action_metric_model |             124 |
|                     Norm/state_metric_model |             117 |
|        Norm/state_action_state_metric_model |             118 |
|                  Metric/self_state_distance |          0.0102 |
|                 Metric/cross_state_distance |            1.97 |
|           Metric/self_state_action_distance |           0.017 |
|          Metric/cross_state_action_distance |            2.29 |
|             Metric/avg_self_state_asymmetry |               0 |
|            Metric/avg_cross_state_asymmetry |          0.0298 |
|                Metric/avg_self_sa_asymmetry |               0 |
|               Metric/avg_cross_sa_asymmetry |          0.0552 |
|  Metric/self_state_action_to_state_distance |         0.00558 |
| Metric/cross_state_action_to_state_distance |             2.3 |
|                   Metric/h_lambda_diff_self |          0.0142 |
|                  Metric/h_lambda_diff_cross |          0.0547 |
|                                 Eval/Return |             862 |
-----------------------------------------------------------------
-----------------------------------------------------------------
|                                 Train/Steps |        2.94e+06 |
|                            Loss/Loss_critic |              10 |
|                             Loss/Loss_actor |           -57.5 |
|                             Loss/Loss_alpha |        0.000623 |
|               Loss/Loss_state_action_metric |           0.656 |
|                      Loss/Loss_state_metric |           0.375 |
|             Loss/Loss_state_action_to_state |         0.00396 |
|                           Loss/Act_rep_loss |           -2.35 |
|                                   SAC/Alpha |          0.0591 |
|                              SAC/LogPi_mean |            1.99 |
|                                 SAC/Q1_mean |            57.4 |
|                                 SAC/Q2_mean |            57.4 |
|                            Norm/actor_model |             134 |
|                           Norm/critic_model |             160 |
|              Norm/state_action_metric_model |             128 |
|                     Norm/state_metric_model |             122 |
|        Norm/state_action_state_metric_model |             121 |
|                  Metric/self_state_distance |          0.0111 |
|                 Metric/cross_state_distance |            1.97 |
|           Metric/self_state_action_distance |           0.017 |
|          Metric/cross_state_action_distance |            2.29 |
|             Metric/avg_self_state_asymmetry |               0 |
|            Metric/avg_cross_state_asymmetry |          0.0289 |
|                Metric/avg_self_sa_asymmetry |               0 |
|               Metric/avg_cross_sa_asymmetry |          0.0517 |
|  Metric/self_state_action_to_state_distance |           0.014 |
| Metric/cross_state_action_to_state_distance |            2.29 |
|                   Metric/h_lambda_diff_self |          0.0146 |
|                  Metric/h_lambda_diff_cross |          0.0517 |
|                                 Eval/Return |             881 |
-----------------------------------------------------------------
-----------------------------------------------------------------
|                                 Train/Steps |        3.07e+06 |
|                            Loss/Loss_critic |            0.91 |
|                             Loss/Loss_actor |           -58.5 |
|                             Loss/Loss_alpha |        -0.00622 |
|               Loss/Loss_state_action_metric |           0.668 |
|                      Loss/Loss_state_metric |           0.353 |
|             Loss/Loss_state_action_to_state |         0.00554 |
|                           Loss/Act_rep_loss |           -2.28 |
|                                   SAC/Alpha |            0.06 |
|                              SAC/LogPi_mean |             2.1 |
|                                 SAC/Q1_mean |            58.4 |
|                                 SAC/Q2_mean |            58.4 |
|                            Norm/actor_model |             138 |
|                           Norm/critic_model |             164 |
|              Norm/state_action_metric_model |             133 |
|                     Norm/state_metric_model |             126 |
|        Norm/state_action_state_metric_model |             125 |
|                  Metric/self_state_distance |         0.00683 |
|                 Metric/cross_state_distance |            1.93 |
|           Metric/self_state_action_distance |          0.0231 |
|          Metric/cross_state_action_distance |            2.31 |
|             Metric/avg_self_state_asymmetry |               0 |
|            Metric/avg_cross_state_asymmetry |          0.0273 |
|                Metric/avg_self_sa_asymmetry |               0 |
|               Metric/avg_cross_sa_asymmetry |          0.0476 |
|  Metric/self_state_action_to_state_distance |         0.00598 |
| Metric/cross_state_action_to_state_distance |             2.3 |
|                   Metric/h_lambda_diff_self |          0.0185 |
|                  Metric/h_lambda_diff_cross |          0.0572 |
|                                 Eval/Return |             895 |
-----------------------------------------------------------------
-----------------------------------------------------------------
|                                 Train/Steps |         3.2e+06 |
|                            Loss/Loss_critic |           0.542 |
|                             Loss/Loss_actor |           -59.7 |
|                             Loss/Loss_alpha |        -0.00505 |
|               Loss/Loss_state_action_metric |            0.61 |
|                      Loss/Loss_state_metric |           0.363 |
|             Loss/Loss_state_action_to_state |         0.00394 |
|                           Loss/Act_rep_loss |           -2.35 |
|                                   SAC/Alpha |          0.0614 |
|                              SAC/LogPi_mean |            2.08 |
|                                 SAC/Q1_mean |            59.6 |
|                                 SAC/Q2_mean |            59.6 |
|                            Norm/actor_model |             142 |
|                           Norm/critic_model |             167 |
|              Norm/state_action_metric_model |             137 |
|                     Norm/state_metric_model |             130 |
|        Norm/state_action_state_metric_model |             128 |
|                  Metric/self_state_distance |         0.00691 |
|                 Metric/cross_state_distance |            1.92 |
|           Metric/self_state_action_distance |          0.0142 |
|          Metric/cross_state_action_distance |            2.27 |
|             Metric/avg_self_state_asymmetry |               0 |
|            Metric/avg_cross_state_asymmetry |           0.031 |
|                Metric/avg_self_sa_asymmetry |               0 |
|               Metric/avg_cross_sa_asymmetry |          0.0518 |
|  Metric/self_state_action_to_state_distance |          0.0071 |
| Metric/cross_state_action_to_state_distance |            2.24 |
|                   Metric/h_lambda_diff_self |           0.013 |
|                  Metric/h_lambda_diff_cross |          0.0623 |
|                                 Eval/Return |             889 |
-----------------------------------------------------------------
-----------------------------------------------------------------
|                                 Train/Steps |        3.33e+06 |
|                            Loss/Loss_critic |            17.9 |
|                             Loss/Loss_actor |           -60.7 |
|                             Loss/Loss_alpha |         0.00206 |
|               Loss/Loss_state_action_metric |           0.666 |
|                      Loss/Loss_state_metric |           0.406 |
|             Loss/Loss_state_action_to_state |         0.00406 |
|                           Loss/Act_rep_loss |           -2.42 |
|                                   SAC/Alpha |          0.0628 |
|                              SAC/LogPi_mean |            1.97 |
|                                 SAC/Q1_mean |            60.8 |
|                                 SAC/Q2_mean |            60.7 |
|                            Norm/actor_model |             146 |
|                           Norm/critic_model |             171 |
|              Norm/state_action_metric_model |             142 |
|                     Norm/state_metric_model |             134 |
|        Norm/state_action_state_metric_model |             131 |
|                  Metric/self_state_distance |         0.00904 |
|                 Metric/cross_state_distance |            1.96 |
|           Metric/self_state_action_distance |         0.00635 |
|          Metric/cross_state_action_distance |            2.32 |
|             Metric/avg_self_state_asymmetry |               0 |
|            Metric/avg_cross_state_asymmetry |          0.0289 |
|                Metric/avg_self_sa_asymmetry |               0 |
|               Metric/avg_cross_sa_asymmetry |           0.045 |
|  Metric/self_state_action_to_state_distance |         0.00902 |
| Metric/cross_state_action_to_state_distance |            2.33 |
|                   Metric/h_lambda_diff_self |          0.0079 |
|                  Metric/h_lambda_diff_cross |          0.0507 |
|                                 Eval/Return |             903 |
-----------------------------------------------------------------
-----------------------------------------------------------------
|                                 Train/Steps |        3.46e+06 |
|                            Loss/Loss_critic |            18.3 |
|                             Loss/Loss_actor |           -61.2 |
|                             Loss/Loss_alpha |         0.00886 |
|               Loss/Loss_state_action_metric |           0.682 |
|                      Loss/Loss_state_metric |           0.398 |
|             Loss/Loss_state_action_to_state |         0.00316 |
|                           Loss/Act_rep_loss |           -2.35 |
|                                   SAC/Alpha |          0.0648 |
|                              SAC/LogPi_mean |            1.86 |
|                                 SAC/Q1_mean |            61.2 |
|                                 SAC/Q2_mean |            61.1 |
|                            Norm/actor_model |             150 |
|                           Norm/critic_model |             174 |
|              Norm/state_action_metric_model |             146 |
|                     Norm/state_metric_model |             139 |
|        Norm/state_action_state_metric_model |             134 |
|                  Metric/self_state_distance |         0.00663 |
|                 Metric/cross_state_distance |            1.97 |
|           Metric/self_state_action_distance |         0.00621 |
|          Metric/cross_state_action_distance |            2.32 |
|             Metric/avg_self_state_asymmetry |               0 |
|            Metric/avg_cross_state_asymmetry |          0.0295 |
|                Metric/avg_self_sa_asymmetry |               0 |
|               Metric/avg_cross_sa_asymmetry |          0.0461 |
|  Metric/self_state_action_to_state_distance |         0.00804 |
| Metric/cross_state_action_to_state_distance |            2.32 |
|                   Metric/h_lambda_diff_self |         0.00932 |
|                  Metric/h_lambda_diff_cross |          0.0463 |
|                                 Eval/Return |             916 |
-----------------------------------------------------------------
-----------------------------------------------------------------
|                                 Train/Steps |        3.58e+06 |
|                            Loss/Loss_critic |           0.756 |
|                             Loss/Loss_actor |           -62.2 |
|                             Loss/Loss_alpha |         -0.0092 |
|               Loss/Loss_state_action_metric |           0.624 |
|                      Loss/Loss_state_metric |           0.354 |
|             Loss/Loss_state_action_to_state |         0.00336 |
|                           Loss/Act_rep_loss |           -2.37 |
|                                   SAC/Alpha |          0.0661 |
|                              SAC/LogPi_mean |            2.14 |
|                                 SAC/Q1_mean |            62.2 |
|                                 SAC/Q2_mean |            62.2 |
|                            Norm/actor_model |             154 |
|                           Norm/critic_model |             178 |
|              Norm/state_action_metric_model |             151 |
|                     Norm/state_metric_model |             143 |
|        Norm/state_action_state_metric_model |             138 |
|                  Metric/self_state_distance |         0.00883 |
|                 Metric/cross_state_distance |            1.85 |
|           Metric/self_state_action_distance |          0.0061 |
|          Metric/cross_state_action_distance |            2.25 |
|             Metric/avg_self_state_asymmetry |               0 |
|            Metric/avg_cross_state_asymmetry |          0.0319 |
|                Metric/avg_self_sa_asymmetry |               0 |
|               Metric/avg_cross_sa_asymmetry |          0.0491 |
|  Metric/self_state_action_to_state_distance |         0.00958 |
| Metric/cross_state_action_to_state_distance |            2.26 |
|                   Metric/h_lambda_diff_self |         0.00986 |
|                  Metric/h_lambda_diff_cross |          0.0558 |
|                                 Eval/Return |             915 |
-----------------------------------------------------------------
-----------------------------------------------------------------
|                                 Train/Steps |        3.71e+06 |
|                            Loss/Loss_critic |           0.561 |
|                             Loss/Loss_actor |           -62.8 |
|                             Loss/Loss_alpha |          0.0109 |
|               Loss/Loss_state_action_metric |           0.632 |
|                      Loss/Loss_state_metric |           0.391 |
|             Loss/Loss_state_action_to_state |         0.00299 |
|                           Loss/Act_rep_loss |           -2.35 |
|                                   SAC/Alpha |          0.0674 |
|                              SAC/LogPi_mean |            1.84 |
|                                 SAC/Q1_mean |            62.7 |
|                                 SAC/Q2_mean |            62.7 |
|                            Norm/actor_model |             157 |
|                           Norm/critic_model |             181 |
|              Norm/state_action_metric_model |             155 |
|                     Norm/state_metric_model |             147 |
|        Norm/state_action_state_metric_model |             141 |
|                  Metric/self_state_distance |           0.007 |
|                 Metric/cross_state_distance |            1.95 |
|           Metric/self_state_action_distance |          0.0176 |
|          Metric/cross_state_action_distance |            2.28 |
|             Metric/avg_self_state_asymmetry |               0 |
|            Metric/avg_cross_state_asymmetry |           0.029 |
|                Metric/avg_self_sa_asymmetry |               0 |
|               Metric/avg_cross_sa_asymmetry |          0.0454 |
|  Metric/self_state_action_to_state_distance |         0.00435 |
| Metric/cross_state_action_to_state_distance |            2.29 |
|                   Metric/h_lambda_diff_self |          0.0152 |
|                  Metric/h_lambda_diff_cross |          0.0543 |
|                                 Eval/Return |             931 |
-----------------------------------------------------------------
-----------------------------------------------------------------
|                                 Train/Steps |        3.84e+06 |
|                            Loss/Loss_critic |            1.06 |
|                             Loss/Loss_actor |             -64 |
|                             Loss/Loss_alpha |          0.0059 |
|               Loss/Loss_state_action_metric |           0.659 |
|                      Loss/Loss_state_metric |           0.359 |
|             Loss/Loss_state_action_to_state |         0.00457 |
|                           Loss/Act_rep_loss |            -2.3 |
|                                   SAC/Alpha |          0.0646 |
|                              SAC/LogPi_mean |            1.91 |
|                                 SAC/Q1_mean |            63.9 |
|                                 SAC/Q2_mean |            63.9 |
|                            Norm/actor_model |             161 |
|                           Norm/critic_model |             184 |
|              Norm/state_action_metric_model |             160 |
|                     Norm/state_metric_model |             151 |
|        Norm/state_action_state_metric_model |             144 |
|                  Metric/self_state_distance |         0.00505 |
|                 Metric/cross_state_distance |             1.9 |
|           Metric/self_state_action_distance |          0.0081 |
|          Metric/cross_state_action_distance |            2.29 |
|             Metric/avg_self_state_asymmetry |               0 |
|            Metric/avg_cross_state_asymmetry |          0.0298 |
|                Metric/avg_self_sa_asymmetry |               0 |
|               Metric/avg_cross_sa_asymmetry |          0.0498 |
|  Metric/self_state_action_to_state_distance |         0.00446 |
| Metric/cross_state_action_to_state_distance |            2.26 |
|                   Metric/h_lambda_diff_self |          0.0076 |
|                  Metric/h_lambda_diff_cross |            0.06 |
|                                 Eval/Return |             919 |
-----------------------------------------------------------------
[32mSaving model …[0m
[32mDone.[0m
[32mSaving model …[0m
[32mDone.[0m
-----------------------------------------------------------------
|                                 Train/Steps |        3.97e+06 |
|                            Loss/Loss_critic |            19.3 |
|                             Loss/Loss_actor |           -64.3 |
|                             Loss/Loss_alpha |         0.00213 |
|               Loss/Loss_state_action_metric |           0.654 |
|                      Loss/Loss_state_metric |           0.355 |
|             Loss/Loss_state_action_to_state |         0.00397 |
|                           Loss/Act_rep_loss |           -2.36 |
|                                   SAC/Alpha |          0.0662 |
|                              SAC/LogPi_mean |            1.97 |
|                                 SAC/Q1_mean |            64.3 |
|                                 SAC/Q2_mean |            64.3 |
|                            Norm/actor_model |             165 |
|                           Norm/critic_model |             187 |
|              Norm/state_action_metric_model |             164 |
|                     Norm/state_metric_model |             155 |
|        Norm/state_action_state_metric_model |             147 |
|                  Metric/self_state_distance |         0.00595 |
|                 Metric/cross_state_distance |            1.91 |
|           Metric/self_state_action_distance |          0.0188 |
|          Metric/cross_state_action_distance |            2.27 |
|             Metric/avg_self_state_asymmetry |               0 |
|            Metric/avg_cross_state_asymmetry |          0.0312 |
|                Metric/avg_self_sa_asymmetry |               0 |
|               Metric/avg_cross_sa_asymmetry |          0.0473 |
|  Metric/self_state_action_to_state_distance |         0.00676 |
| Metric/cross_state_action_to_state_distance |            2.27 |
|                   Metric/h_lambda_diff_self |          0.0177 |
|                  Metric/h_lambda_diff_cross |          0.0536 |
|                                 Eval/Return |             927 |
-----------------------------------------------------------------
-----------------------------------------------------------------
|                                 Train/Steps |         4.1e+06 |
|                            Loss/Loss_critic |           0.646 |
|                             Loss/Loss_actor |           -64.7 |
|                             Loss/Loss_alpha |         0.00386 |
|               Loss/Loss_state_action_metric |           0.671 |
|                      Loss/Loss_state_metric |           0.407 |
|             Loss/Loss_state_action_to_state |         0.00319 |
|                           Loss/Act_rep_loss |           -2.33 |
|                                   SAC/Alpha |          0.0665 |
|                              SAC/LogPi_mean |            1.94 |
|                                 SAC/Q1_mean |            64.7 |
|                                 SAC/Q2_mean |            64.7 |
|                            Norm/actor_model |             168 |
|                           Norm/critic_model |             191 |
|              Norm/state_action_metric_model |             168 |
|                     Norm/state_metric_model |             159 |
|        Norm/state_action_state_metric_model |             151 |
|                  Metric/self_state_distance |           0.011 |
|                 Metric/cross_state_distance |            1.97 |
|           Metric/self_state_action_distance |         0.00756 |
|          Metric/cross_state_action_distance |            2.33 |
|             Metric/avg_self_state_asymmetry |               0 |
|            Metric/avg_cross_state_asymmetry |          0.0267 |
|                Metric/avg_self_sa_asymmetry |               0 |
|               Metric/avg_cross_sa_asymmetry |          0.0462 |
|  Metric/self_state_action_to_state_distance |         0.00914 |
| Metric/cross_state_action_to_state_distance |            2.32 |
|                   Metric/h_lambda_diff_self |          0.0124 |
|                  Metric/h_lambda_diff_cross |          0.0472 |
|                                 Eval/Return |             941 |
-----------------------------------------------------------------
-----------------------------------------------------------------
|                                 Train/Steps |        4.22e+06 |
|                            Loss/Loss_critic |           0.398 |
|                             Loss/Loss_actor |           -65.7 |
|                             Loss/Loss_alpha |        -0.00772 |
|               Loss/Loss_state_action_metric |           0.586 |
|                      Loss/Loss_state_metric |           0.353 |
|             Loss/Loss_state_action_to_state |         0.00393 |
|                           Loss/Act_rep_loss |           -2.21 |
|                                   SAC/Alpha |          0.0669 |
|                              SAC/LogPi_mean |            2.12 |
|                                 SAC/Q1_mean |            65.6 |
|                                 SAC/Q2_mean |            65.6 |
|                            Norm/actor_model |             172 |
|                           Norm/critic_model |             194 |
|              Norm/state_action_metric_model |             171 |
|                     Norm/state_metric_model |             163 |
|        Norm/state_action_state_metric_model |             154 |
|                  Metric/self_state_distance |         0.00543 |
|                 Metric/cross_state_distance |            1.87 |
|           Metric/self_state_action_distance |          0.0109 |
|          Metric/cross_state_action_distance |            2.27 |
|             Metric/avg_self_state_asymmetry |               0 |
|            Metric/avg_cross_state_asymmetry |          0.0387 |
|                Metric/avg_self_sa_asymmetry |               0 |
|               Metric/avg_cross_sa_asymmetry |          0.0519 |
|  Metric/self_state_action_to_state_distance |         0.00936 |
| Metric/cross_state_action_to_state_distance |            2.26 |
|                   Metric/h_lambda_diff_self |         0.00821 |
|                  Metric/h_lambda_diff_cross |          0.0564 |
|                                 Eval/Return |             945 |
-----------------------------------------------------------------
-----------------------------------------------------------------
|                                 Train/Steps |        4.35e+06 |
|                            Loss/Loss_critic |           0.695 |
|                             Loss/Loss_actor |           -66.9 |
|                             Loss/Loss_alpha |         -0.0056 |
|               Loss/Loss_state_action_metric |            0.59 |
|                      Loss/Loss_state_metric |           0.342 |
|             Loss/Loss_state_action_to_state |         0.00398 |
|                           Loss/Act_rep_loss |           -2.24 |
|                                   SAC/Alpha |          0.0677 |
|                              SAC/LogPi_mean |            2.08 |
|                                 SAC/Q1_mean |            66.8 |
|                                 SAC/Q2_mean |            66.9 |
|                            Norm/actor_model |             175 |
|                           Norm/critic_model |             197 |
|              Norm/state_action_metric_model |             175 |
|                     Norm/state_metric_model |             167 |
|        Norm/state_action_state_metric_model |             158 |
|                  Metric/self_state_distance |          0.0103 |
|                 Metric/cross_state_distance |            1.85 |
|           Metric/self_state_action_distance |          0.0148 |
|          Metric/cross_state_action_distance |            2.15 |
|             Metric/avg_self_state_asymmetry |               0 |
|            Metric/avg_cross_state_asymmetry |          0.0313 |
|                Metric/avg_self_sa_asymmetry |               0 |
|               Metric/avg_cross_sa_asymmetry |           0.049 |
|  Metric/self_state_action_to_state_distance |         0.00489 |
| Metric/cross_state_action_to_state_distance |            2.17 |
|                   Metric/h_lambda_diff_self |          0.0126 |
|                  Metric/h_lambda_diff_cross |          0.0586 |
|                                 Eval/Return |             939 |
-----------------------------------------------------------------
-----------------------------------------------------------------
|                                 Train/Steps |        4.48e+06 |
|                            Loss/Loss_critic |            11.7 |
|                             Loss/Loss_actor |             -68 |
|                             Loss/Loss_alpha |        -0.00398 |
|               Loss/Loss_state_action_metric |           0.512 |
|                      Loss/Loss_state_metric |           0.271 |
|             Loss/Loss_state_action_to_state |         0.00378 |
|                           Loss/Act_rep_loss |           -2.17 |
|                                   SAC/Alpha |          0.0714 |
|                              SAC/LogPi_mean |            2.06 |
|                                 SAC/Q1_mean |              68 |
|                                 SAC/Q2_mean |            68.1 |
|                            Norm/actor_model |             179 |
|                           Norm/critic_model |             200 |
|              Norm/state_action_metric_model |             178 |
|                     Norm/state_metric_model |             171 |
|        Norm/state_action_state_metric_model |             161 |
|                  Metric/self_state_distance |         0.00791 |
|                 Metric/cross_state_distance |            1.76 |
|           Metric/self_state_action_distance |         0.00798 |
|          Metric/cross_state_action_distance |            2.04 |
|             Metric/avg_self_state_asymmetry |               0 |
|            Metric/avg_cross_state_asymmetry |          0.0334 |
|                Metric/avg_self_sa_asymmetry |               0 |
|               Metric/avg_cross_sa_asymmetry |           0.055 |
|  Metric/self_state_action_to_state_distance |          0.0086 |
| Metric/cross_state_action_to_state_distance |            2.05 |
|                   Metric/h_lambda_diff_self |         0.00642 |
|                  Metric/h_lambda_diff_cross |          0.0568 |
|                                 Eval/Return |             945 |
-----------------------------------------------------------------
-----------------------------------------------------------------
|                                 Train/Steps |        4.61e+06 |
|                            Loss/Loss_critic |            20.1 |
|                             Loss/Loss_actor |           -68.2 |
|                             Loss/Loss_alpha |        -0.00297 |
|               Loss/Loss_state_action_metric |           0.467 |
|                      Loss/Loss_state_metric |           0.265 |
|             Loss/Loss_state_action_to_state |         0.00422 |
|                           Loss/Act_rep_loss |            -2.2 |
|                                   SAC/Alpha |          0.0713 |
|                              SAC/LogPi_mean |            2.04 |
|                                 SAC/Q1_mean |            68.3 |
|                                 SAC/Q2_mean |            68.3 |
|                            Norm/actor_model |             182 |
|                           Norm/critic_model |             203 |
|              Norm/state_action_metric_model |             181 |
|                     Norm/state_metric_model |             174 |
|        Norm/state_action_state_metric_model |             165 |
|                  Metric/self_state_distance |         0.00668 |
|                 Metric/cross_state_distance |            1.73 |
|           Metric/self_state_action_distance |         0.00707 |
|          Metric/cross_state_action_distance |            1.99 |
|             Metric/avg_self_state_asymmetry |               0 |
|            Metric/avg_cross_state_asymmetry |            0.03 |
|                Metric/avg_self_sa_asymmetry |               0 |
|               Metric/avg_cross_sa_asymmetry |          0.0522 |
|  Metric/self_state_action_to_state_distance |         0.00489 |
| Metric/cross_state_action_to_state_distance |            1.99 |
|                   Metric/h_lambda_diff_self |         0.00725 |
|                  Metric/h_lambda_diff_cross |          0.0576 |
|                                 Eval/Return |             954 |
-----------------------------------------------------------------
-----------------------------------------------------------------
|                                 Train/Steps |        4.74e+06 |
|                            Loss/Loss_critic |            14.5 |
|                             Loss/Loss_actor |           -68.1 |
|                             Loss/Loss_alpha |         0.00169 |
|               Loss/Loss_state_action_metric |           0.507 |
|                      Loss/Loss_state_metric |            0.27 |
|             Loss/Loss_state_action_to_state |         0.00369 |
|                           Loss/Act_rep_loss |           -2.28 |
|                                   SAC/Alpha |          0.0728 |
|                              SAC/LogPi_mean |            1.98 |
|                                 SAC/Q1_mean |            68.2 |
|                                 SAC/Q2_mean |            68.2 |
|                            Norm/actor_model |             186 |
|                           Norm/critic_model |             206 |
|              Norm/state_action_metric_model |             185 |
|                     Norm/state_metric_model |             178 |
|        Norm/state_action_state_metric_model |             168 |
|                  Metric/self_state_distance |         0.00767 |
|                 Metric/cross_state_distance |            1.76 |
|           Metric/self_state_action_distance |         0.00791 |
|          Metric/cross_state_action_distance |            2.02 |
|             Metric/avg_self_state_asymmetry |               0 |
|            Metric/avg_cross_state_asymmetry |          0.0331 |
|                Metric/avg_self_sa_asymmetry |               0 |
|               Metric/avg_cross_sa_asymmetry |          0.0589 |
|  Metric/self_state_action_to_state_distance |         0.00584 |
| Metric/cross_state_action_to_state_distance |            2.04 |
|                   Metric/h_lambda_diff_self |         0.00689 |
|                  Metric/h_lambda_diff_cross |          0.0657 |
|                                 Eval/Return |             951 |
-----------------------------------------------------------------
-----------------------------------------------------------------
|                                 Train/Steps |        4.86e+06 |
|                            Loss/Loss_critic |           0.739 |
|                             Loss/Loss_actor |           -69.2 |
|                             Loss/Loss_alpha |          0.0187 |
|               Loss/Loss_state_action_metric |           0.454 |
|                      Loss/Loss_state_metric |           0.224 |
|             Loss/Loss_state_action_to_state |         0.00395 |
|                           Loss/Act_rep_loss |           -2.14 |
|                                   SAC/Alpha |          0.0752 |
|                              SAC/LogPi_mean |            1.75 |
|                                 SAC/Q1_mean |            69.4 |
|                                 SAC/Q2_mean |            69.4 |
|                            Norm/actor_model |             189 |
|                           Norm/critic_model |             209 |
|              Norm/state_action_metric_model |             188 |
|                     Norm/state_metric_model |             182 |
|        Norm/state_action_state_metric_model |             171 |
|                  Metric/self_state_distance |          0.0114 |
|                 Metric/cross_state_distance |            1.63 |
|           Metric/self_state_action_distance |         0.00998 |
|          Metric/cross_state_action_distance |            1.87 |
|             Metric/avg_self_state_asymmetry |               0 |
|            Metric/avg_cross_state_asymmetry |          0.0307 |
|                Metric/avg_self_sa_asymmetry |               0 |
|               Metric/avg_cross_sa_asymmetry |          0.0508 |
|  Metric/self_state_action_to_state_distance |           0.015 |
| Metric/cross_state_action_to_state_distance |            1.86 |
|                   Metric/h_lambda_diff_self |          0.0124 |
|                  Metric/h_lambda_diff_cross |           0.054 |
|                                 Eval/Return |             954 |
-----------------------------------------------------------------
-----------------------------------------------------------------
|                                 Train/Steps |        4.99e+06 |
|                            Loss/Loss_critic |            0.53 |
|                             Loss/Loss_actor |           -70.4 |
|                             Loss/Loss_alpha |         0.00617 |
|               Loss/Loss_state_action_metric |           0.328 |
|                      Loss/Loss_state_metric |           0.142 |
|             Loss/Loss_state_action_to_state |          0.0033 |
|                           Loss/Act_rep_loss |           -2.15 |
|                                   SAC/Alpha |          0.0748 |
|                              SAC/LogPi_mean |            1.92 |
|                                 SAC/Q1_mean |            70.5 |
|                                 SAC/Q2_mean |            70.5 |
|                            Norm/actor_model |             192 |
|                           Norm/critic_model |             212 |
|              Norm/state_action_metric_model |             191 |
|                     Norm/state_metric_model |             185 |
|        Norm/state_action_state_metric_model |             175 |
|                  Metric/self_state_distance |         0.00567 |
|                 Metric/cross_state_distance |             1.5 |
|           Metric/self_state_action_distance |          0.0141 |
|          Metric/cross_state_action_distance |            1.69 |
|             Metric/avg_self_state_asymmetry |               0 |
|            Metric/avg_cross_state_asymmetry |          0.0301 |
|                Metric/avg_self_sa_asymmetry |               0 |
|               Metric/avg_cross_sa_asymmetry |          0.0444 |
|  Metric/self_state_action_to_state_distance |         0.00587 |
| Metric/cross_state_action_to_state_distance |             1.7 |
|                   Metric/h_lambda_diff_self |          0.0132 |
|                  Metric/h_lambda_diff_cross |           0.052 |
|                                 Eval/Return |             956 |
-----------------------------------------------------------------
-----------------------------------------------------------------
|                                 Train/Steps |        5.12e+06 |
|                            Loss/Loss_critic |           0.785 |
|                             Loss/Loss_actor |           -70.4 |
|                             Loss/Loss_alpha |         0.00197 |
|               Loss/Loss_state_action_metric |           0.298 |
|                      Loss/Loss_state_metric |            0.16 |
|             Loss/Loss_state_action_to_state |         0.00371 |
|                           Loss/Act_rep_loss |           -2.02 |
|                                   SAC/Alpha |          0.0703 |
|                              SAC/LogPi_mean |            1.97 |
|                                 SAC/Q1_mean |            70.4 |
|                                 SAC/Q2_mean |            70.5 |
|                            Norm/actor_model |             195 |
|                           Norm/critic_model |             215 |
|              Norm/state_action_metric_model |             195 |
|                     Norm/state_metric_model |             188 |
|        Norm/state_action_state_metric_model |             178 |
|                  Metric/self_state_distance |         0.00692 |
|                 Metric/cross_state_distance |            1.55 |
|           Metric/self_state_action_distance |          0.0178 |
|          Metric/cross_state_action_distance |            1.75 |
|             Metric/avg_self_state_asymmetry |               0 |
|            Metric/avg_cross_state_asymmetry |          0.0293 |
|                Metric/avg_self_sa_asymmetry |               0 |
|               Metric/avg_cross_sa_asymmetry |          0.0509 |
|  Metric/self_state_action_to_state_distance |         0.00532 |
| Metric/cross_state_action_to_state_distance |            1.72 |
|                   Metric/h_lambda_diff_self |          0.0147 |
|                  Metric/h_lambda_diff_cross |           0.065 |
|                                 Eval/Return |             960 |
-----------------------------------------------------------------
[32mSaving model …[0m
[32mDone.[0m
[32mSaving model …[0m
[32mDone.[0m
E0822 18:33:48.175303  310518 cuda_executor.cc:1526] Could not get kernel mode driver version: (INVALID_ARGUMENT: Version does not match the format X.Y.Z)
E0822 18:33:48.184030  310408 cuda_executor.cc:1526] Could not get kernel mode driver version: (INVALID_ARGUMENT: Version does not match the format X.Y.Z)
[32mStart prefilling replay buffer[0m
[32mStart SAC training[0m
-----------------------------------------------------------------
|                                 Train/Steps |        7.68e+05 |
|                            Loss/Loss_critic |        3.97e-05 |
|                             Loss/Loss_actor |          -0.659 |
|                             Loss/Loss_alpha |         0.00501 |
|               Loss/Loss_state_action_metric |         0.00046 |
|                      Loss/Loss_state_metric |        0.000412 |
|             Loss/Loss_state_action_to_state |        1.01e-05 |
|                           Loss/Act_rep_loss |              -1 |
|                                   SAC/Alpha |         0.00155 |
|                              SAC/LogPi_mean |           -1.22 |
|                                 SAC/Q1_mean |           0.661 |
|                                 SAC/Q2_mean |           0.664 |
|                            Norm/actor_model |            28.2 |
|                           Norm/critic_model |            49.1 |
|              Norm/state_action_metric_model |            34.1 |
|                     Norm/state_metric_model |            33.5 |
|        Norm/state_action_state_metric_model |            34.1 |
|                  Metric/self_state_distance |         0.00371 |
|                 Metric/cross_state_distance |               1 |
|           Metric/self_state_action_distance |         0.00331 |
|          Metric/cross_state_action_distance |               1 |
|             Metric/avg_self_state_asymmetry |               0 |
|            Metric/avg_cross_state_asymmetry |         0.00178 |
|                Metric/avg_self_sa_asymmetry |               0 |
|               Metric/avg_cross_sa_asymmetry |         0.00212 |
|  Metric/self_state_action_to_state_distance |         0.00302 |
| Metric/cross_state_action_to_state_distance |           0.999 |
|                   Metric/h_lambda_diff_self |         0.00165 |
|                  Metric/h_lambda_diff_cross |         0.00544 |
|                                 Eval/Return |               0 |
-----------------------------------------------------------------
-----------------------------------------------------------------
|                                 Train/Steps |        8.96e+05 |
|                            Loss/Loss_critic |         0.00528 |
|                             Loss/Loss_actor |          -0.742 |
|                             Loss/Loss_alpha |       -4.17e-05 |
|               Loss/Loss_state_action_metric |         0.00791 |
|                      Loss/Loss_state_metric |         0.00082 |
|             Loss/Loss_state_action_to_state |        2.43e-05 |
|                           Loss/Act_rep_loss |              -1 |
|                                   SAC/Alpha |         0.00173 |
|                              SAC/LogPi_mean |            2.02 |
|                                 SAC/Q1_mean |           0.719 |
|                                 SAC/Q2_mean |           0.722 |
|                            Norm/actor_model |            35.8 |
|                           Norm/critic_model |            59.4 |
|              Norm/state_action_metric_model |            38.5 |
|                     Norm/state_metric_model |            37.8 |
|        Norm/state_action_state_metric_model |            38.4 |
|                  Metric/self_state_distance |         0.00598 |
|                 Metric/cross_state_distance |           0.999 |
|           Metric/self_state_action_distance |         0.00241 |
|          Metric/cross_state_action_distance |               1 |
|             Metric/avg_self_state_asymmetry |               0 |
|            Metric/avg_cross_state_asymmetry |         0.00212 |
|                Metric/avg_self_sa_asymmetry |               0 |
|               Metric/avg_cross_sa_asymmetry |         0.00316 |
|  Metric/self_state_action_to_state_distance |         0.00307 |
| Metric/cross_state_action_to_state_distance |           0.999 |
|                   Metric/h_lambda_diff_self |         0.00245 |
|                  Metric/h_lambda_diff_cross |         0.00427 |
|                                 Eval/Return |             7.7 |
-----------------------------------------------------------------
-----------------------------------------------------------------
|                                 Train/Steps |        1.02e+06 |
|                            Loss/Loss_critic |          0.0151 |
|                             Loss/Loss_actor |           -1.27 |
|                             Loss/Loss_alpha |        -0.00124 |
|               Loss/Loss_state_action_metric |          0.0177 |
|                      Loss/Loss_state_metric |         0.00515 |
|             Loss/Loss_state_action_to_state |         0.00118 |
|                           Loss/Act_rep_loss |           -1.04 |
|                                   SAC/Alpha |         0.00452 |
|                              SAC/LogPi_mean |            2.27 |
|                                 SAC/Q1_mean |            1.21 |
|                                 SAC/Q2_mean |            1.21 |
|                            Norm/actor_model |            48.9 |
|                           Norm/critic_model |            71.9 |
|              Norm/state_action_metric_model |            43.2 |
|                     Norm/state_metric_model |            40.2 |
|        Norm/state_action_state_metric_model |            41.5 |
|                  Metric/self_state_distance |         0.00215 |
|                 Metric/cross_state_distance |            1.02 |
|           Metric/self_state_action_distance |         0.00597 |
|          Metric/cross_state_action_distance |            1.03 |
|             Metric/avg_self_state_asymmetry |               0 |
|            Metric/avg_cross_state_asymmetry |         0.00577 |
|                Metric/avg_self_sa_asymmetry |               0 |
|               Metric/avg_cross_sa_asymmetry |         0.00727 |
|  Metric/self_state_action_to_state_distance |          0.0053 |
| Metric/cross_state_action_to_state_distance |            1.03 |
|                   Metric/h_lambda_diff_self |         0.00592 |
|                  Metric/h_lambda_diff_cross |          0.0121 |
|                                 Eval/Return |            78.5 |
-----------------------------------------------------------------
-----------------------------------------------------------------
|                                 Train/Steps |        1.15e+06 |
|                            Loss/Loss_critic |            0.11 |
|                             Loss/Loss_actor |           -3.67 |
|                             Loss/Loss_alpha |        -0.00178 |
|               Loss/Loss_state_action_metric |          0.0976 |
|                      Loss/Loss_state_metric |          0.0223 |
|             Loss/Loss_state_action_to_state |         0.00193 |
|                           Loss/Act_rep_loss |           -1.17 |
|                                   SAC/Alpha |          0.0112 |
|                              SAC/LogPi_mean |            2.16 |
|                                 SAC/Q1_mean |            3.57 |
|                                 SAC/Q2_mean |            3.57 |
|                            Norm/actor_model |            59.2 |
|                           Norm/critic_model |            83.5 |
|              Norm/state_action_metric_model |            50.1 |
|                     Norm/state_metric_model |            46.5 |
|        Norm/state_action_state_metric_model |            47.8 |
|                  Metric/self_state_distance |         0.00641 |
|                 Metric/cross_state_distance |            1.08 |
|           Metric/self_state_action_distance |          0.0149 |
|          Metric/cross_state_action_distance |            1.12 |
|             Metric/avg_self_state_asymmetry |               0 |
|            Metric/avg_cross_state_asymmetry |          0.0109 |
|                Metric/avg_self_sa_asymmetry |               0 |
|               Metric/avg_cross_sa_asymmetry |          0.0173 |
|  Metric/self_state_action_to_state_distance |         0.00412 |
| Metric/cross_state_action_to_state_distance |            1.11 |
|                   Metric/h_lambda_diff_self |          0.0132 |
|                  Metric/h_lambda_diff_cross |          0.0244 |
|                                 Eval/Return |             296 |
-----------------------------------------------------------------
-----------------------------------------------------------------
|                                 Train/Steps |        1.28e+06 |
|                            Loss/Loss_critic |           0.211 |
|                             Loss/Loss_actor |           -8.06 |
|                             Loss/Loss_alpha |        0.000222 |
|               Loss/Loss_state_action_metric |           0.228 |
|                      Loss/Loss_state_metric |          0.0924 |
|             Loss/Loss_state_action_to_state |         0.00246 |
|                           Loss/Act_rep_loss |           -1.49 |
|                                   SAC/Alpha |          0.0202 |
|                              SAC/LogPi_mean |            1.99 |
|                                 SAC/Q1_mean |            7.91 |
|                                 SAC/Q2_mean |             7.9 |
|                            Norm/actor_model |            66.6 |
|                           Norm/critic_model |            92.4 |
|              Norm/state_action_metric_model |            56.7 |
|                     Norm/state_metric_model |            54.4 |
|        Norm/state_action_state_metric_model |            55.3 |
|                  Metric/self_state_distance |          0.0063 |
|                 Metric/cross_state_distance |            1.29 |
|           Metric/self_state_action_distance |          0.0194 |
|          Metric/cross_state_action_distance |            1.41 |
|             Metric/avg_self_state_asymmetry |               0 |
|            Metric/avg_cross_state_asymmetry |          0.0183 |
|                Metric/avg_self_sa_asymmetry |               0 |
|               Metric/avg_cross_sa_asymmetry |          0.0333 |
|  Metric/self_state_action_to_state_distance |         0.00783 |
| Metric/cross_state_action_to_state_distance |            1.38 |
|                   Metric/h_lambda_diff_self |          0.0155 |
|                  Metric/h_lambda_diff_cross |          0.0526 |
|                                 Eval/Return |             443 |
-----------------------------------------------------------------
-----------------------------------------------------------------
|                                 Train/Steps |        1.41e+06 |
|                            Loss/Loss_critic |           0.135 |
|                             Loss/Loss_actor |           -13.9 |
|                             Loss/Loss_alpha |        -0.00336 |
|               Loss/Loss_state_action_metric |           0.295 |
|                      Loss/Loss_state_metric |           0.111 |
|             Loss/Loss_state_action_to_state |         0.00565 |
|                           Loss/Act_rep_loss |           -1.65 |
|                                   SAC/Alpha |           0.027 |
|                              SAC/LogPi_mean |            2.12 |
|                                 SAC/Q1_mean |            13.6 |
|                                 SAC/Q2_mean |            13.6 |
|                            Norm/actor_model |            72.7 |
|                           Norm/critic_model |            99.6 |
|              Norm/state_action_metric_model |            62.3 |
|                     Norm/state_metric_model |            61.2 |
|        Norm/state_action_state_metric_model |            62.7 |
|                  Metric/self_state_distance |         0.00937 |
|                 Metric/cross_state_distance |            1.33 |
|           Metric/self_state_action_distance |          0.0187 |
|          Metric/cross_state_action_distance |            1.45 |
|             Metric/avg_self_state_asymmetry |               0 |
|            Metric/avg_cross_state_asymmetry |          0.0291 |
|                Metric/avg_self_sa_asymmetry |               0 |
|               Metric/avg_cross_sa_asymmetry |           0.044 |
|  Metric/self_state_action_to_state_distance |          0.0128 |
| Metric/cross_state_action_to_state_distance |            1.43 |
|                   Metric/h_lambda_diff_self |          0.0147 |
|                  Metric/h_lambda_diff_cross |          0.0619 |
|                                 Eval/Return |             505 |
-----------------------------------------------------------------
-----------------------------------------------------------------
|                                 Train/Steps |        1.54e+06 |
|                            Loss/Loss_critic |          0.0997 |
|                             Loss/Loss_actor |           -20.4 |
|                             Loss/Loss_alpha |         0.00142 |
|               Loss/Loss_state_action_metric |           0.325 |
|                      Loss/Loss_state_metric |           0.165 |
|             Loss/Loss_state_action_to_state |         0.00427 |
|                           Loss/Act_rep_loss |           -1.69 |
|                                   SAC/Alpha |          0.0317 |
|                              SAC/LogPi_mean |            1.96 |
|                                 SAC/Q1_mean |            20.1 |
|                                 SAC/Q2_mean |            20.1 |
|                            Norm/actor_model |            78.4 |
|                           Norm/critic_model |             106 |
|              Norm/state_action_metric_model |            67.8 |
|                     Norm/state_metric_model |            67.4 |
|        Norm/state_action_state_metric_model |            69.6 |
|                  Metric/self_state_distance |          0.0149 |
|                 Metric/cross_state_distance |            1.46 |
|           Metric/self_state_action_distance |           0.024 |
|          Metric/cross_state_action_distance |             1.6 |
|             Metric/avg_self_state_asymmetry |               0 |
|            Metric/avg_cross_state_asymmetry |          0.0321 |
|                Metric/avg_self_sa_asymmetry |               0 |
|               Metric/avg_cross_sa_asymmetry |          0.0427 |
|  Metric/self_state_action_to_state_distance |          0.0164 |
| Metric/cross_state_action_to_state_distance |             1.6 |
|                   Metric/h_lambda_diff_self |          0.0171 |
|                  Metric/h_lambda_diff_cross |          0.0578 |
|                                 Eval/Return |             537 |
-----------------------------------------------------------------
-----------------------------------------------------------------
|                                 Train/Steps |        1.66e+06 |
|                            Loss/Loss_critic |            1.65 |
|                             Loss/Loss_actor |           -25.6 |
|                             Loss/Loss_alpha |       -0.000302 |
|               Loss/Loss_state_action_metric |            0.47 |
|                      Loss/Loss_state_metric |           0.216 |
|             Loss/Loss_state_action_to_state |         0.00504 |
|                           Loss/Act_rep_loss |           -1.87 |
|                                   SAC/Alpha |          0.0314 |
|                              SAC/LogPi_mean |            2.01 |
|                                 SAC/Q1_mean |            25.4 |
|                                 SAC/Q2_mean |            25.4 |
|                            Norm/actor_model |            84.3 |
|                           Norm/critic_model |             111 |
|              Norm/state_action_metric_model |            73.5 |
|                     Norm/state_metric_model |            73.9 |
|        Norm/state_action_state_metric_model |            76.3 |
|                  Metric/self_state_distance |          0.0162 |
|                 Metric/cross_state_distance |            1.57 |
|           Metric/self_state_action_distance |          0.0146 |
|          Metric/cross_state_action_distance |            1.77 |
|             Metric/avg_self_state_asymmetry |               0 |
|            Metric/avg_cross_state_asymmetry |          0.0335 |
|                Metric/avg_self_sa_asymmetry |               0 |
|               Metric/avg_cross_sa_asymmetry |          0.0436 |
|  Metric/self_state_action_to_state_distance |          0.0125 |
| Metric/cross_state_action_to_state_distance |            1.77 |
|                   Metric/h_lambda_diff_self |          0.0131 |
|                  Metric/h_lambda_diff_cross |          0.0579 |
|                                 Eval/Return |             552 |
-----------------------------------------------------------------
-----------------------------------------------------------------
|                                 Train/Steps |        1.79e+06 |
|                            Loss/Loss_critic |           0.165 |
|                             Loss/Loss_actor |           -29.7 |
|                             Loss/Loss_alpha |         0.00224 |
|               Loss/Loss_state_action_metric |           0.391 |
|                      Loss/Loss_state_metric |           0.217 |
|             Loss/Loss_state_action_to_state |         0.00467 |
|                           Loss/Act_rep_loss |           -1.87 |
|                                   SAC/Alpha |          0.0331 |
|                              SAC/LogPi_mean |            1.93 |
|                                 SAC/Q1_mean |            29.5 |
|                                 SAC/Q2_mean |            29.5 |
|                            Norm/actor_model |            89.7 |
|                           Norm/critic_model |             116 |
|              Norm/state_action_metric_model |            78.8 |
|                     Norm/state_metric_model |            80.3 |
|        Norm/state_action_state_metric_model |            82.5 |
|                  Metric/self_state_distance |          0.0174 |
|                 Metric/cross_state_distance |            1.58 |
|           Metric/self_state_action_distance |         0.00712 |
|          Metric/cross_state_action_distance |             1.8 |
|             Metric/avg_self_state_asymmetry |               0 |
|            Metric/avg_cross_state_asymmetry |          0.0343 |
|                Metric/avg_self_sa_asymmetry |               0 |
|               Metric/avg_cross_sa_asymmetry |          0.0487 |
|  Metric/self_state_action_to_state_distance |          0.0119 |
| Metric/cross_state_action_to_state_distance |            1.79 |
|                   Metric/h_lambda_diff_self |         0.00952 |
|                  Metric/h_lambda_diff_cross |          0.0546 |
|                                 Eval/Return |             582 |
-----------------------------------------------------------------
-----------------------------------------------------------------
|                                 Train/Steps |        1.92e+06 |
|                            Loss/Loss_critic |            4.54 |
|                             Loss/Loss_actor |             -33 |
|                             Loss/Loss_alpha |       -0.000282 |
|               Loss/Loss_state_action_metric |           0.565 |
|                      Loss/Loss_state_metric |           0.269 |
|             Loss/Loss_state_action_to_state |         0.00606 |
|                           Loss/Act_rep_loss |           -1.98 |
|                                   SAC/Alpha |          0.0331 |
|                              SAC/LogPi_mean |            2.01 |
|                                 SAC/Q1_mean |            32.8 |
|                                 SAC/Q2_mean |            32.9 |
|                            Norm/actor_model |            94.7 |
|                           Norm/critic_model |             121 |
|              Norm/state_action_metric_model |            83.9 |
|                     Norm/state_metric_model |            86.8 |
|        Norm/state_action_state_metric_model |            88.4 |
|                  Metric/self_state_distance |          0.0149 |
|                 Metric/cross_state_distance |            1.65 |
|           Metric/self_state_action_distance |          0.0258 |
|          Metric/cross_state_action_distance |            1.95 |
|             Metric/avg_self_state_asymmetry |               0 |
|            Metric/avg_cross_state_asymmetry |          0.0353 |
|                Metric/avg_self_sa_asymmetry |               0 |
|               Metric/avg_cross_sa_asymmetry |          0.0526 |
|  Metric/self_state_action_to_state_distance |         0.00881 |
| Metric/cross_state_action_to_state_distance |            1.94 |
|                   Metric/h_lambda_diff_self |          0.0206 |
|                  Metric/h_lambda_diff_cross |          0.0601 |
|                                 Eval/Return |             609 |
-----------------------------------------------------------------
-----------------------------------------------------------------
|                                 Train/Steps |        2.05e+06 |
|                            Loss/Loss_critic |           0.201 |
|                             Loss/Loss_actor |           -36.7 |
|                             Loss/Loss_alpha |         0.00509 |
|               Loss/Loss_state_action_metric |           0.515 |
|                      Loss/Loss_state_metric |           0.304 |
|             Loss/Loss_state_action_to_state |         0.00448 |
|                           Loss/Act_rep_loss |            -2.1 |
|                                   SAC/Alpha |          0.0364 |
|                              SAC/LogPi_mean |            1.86 |
|                                 SAC/Q1_mean |            36.5 |
|                                 SAC/Q2_mean |            36.5 |
|                            Norm/actor_model |            99.5 |
|                           Norm/critic_model |             126 |
|              Norm/state_action_metric_model |            88.7 |
|                     Norm/state_metric_model |            92.9 |
|        Norm/state_action_state_metric_model |            93.8 |
|                  Metric/self_state_distance |           0.013 |
|                 Metric/cross_state_distance |            1.77 |
|           Metric/self_state_action_distance |           0.017 |
|          Metric/cross_state_action_distance |            2.04 |
|             Metric/avg_self_state_asymmetry |               0 |
|            Metric/avg_cross_state_asymmetry |          0.0316 |
|                Metric/avg_self_sa_asymmetry |               0 |
|               Metric/avg_cross_sa_asymmetry |           0.049 |
|  Metric/self_state_action_to_state_distance |         0.00762 |
| Metric/cross_state_action_to_state_distance |            2.02 |
|                   Metric/h_lambda_diff_self |          0.0147 |
|                  Metric/h_lambda_diff_cross |          0.0615 |
|                                 Eval/Return |             628 |
-----------------------------------------------------------------
-----------------------------------------------------------------
|                                 Train/Steps |        2.18e+06 |
|                            Loss/Loss_critic |            4.02 |
|                             Loss/Loss_actor |           -39.2 |
|                             Loss/Loss_alpha |        -0.00684 |
|               Loss/Loss_state_action_metric |           0.536 |
|                      Loss/Loss_state_metric |           0.284 |
|             Loss/Loss_state_action_to_state |         0.00434 |
|                           Loss/Act_rep_loss |           -2.06 |
|                                   SAC/Alpha |            0.04 |
|                              SAC/LogPi_mean |            2.17 |
|                                 SAC/Q1_mean |              39 |
|                                 SAC/Q2_mean |              39 |
|                            Norm/actor_model |             104 |
|                           Norm/critic_model |             131 |
|              Norm/state_action_metric_model |            93.4 |
|                     Norm/state_metric_model |              99 |
|        Norm/state_action_state_metric_model |              99 |
|                  Metric/self_state_distance |          0.0131 |
|                 Metric/cross_state_distance |            1.77 |
|           Metric/self_state_action_distance |          0.0295 |
|          Metric/cross_state_action_distance |            2.04 |
|             Metric/avg_self_state_asymmetry |               0 |
|            Metric/avg_cross_state_asymmetry |          0.0388 |
|                Metric/avg_self_sa_asymmetry |               0 |
|               Metric/avg_cross_sa_asymmetry |          0.0512 |
|  Metric/self_state_action_to_state_distance |         0.00823 |
| Metric/cross_state_action_to_state_distance |            2.04 |
|                   Metric/h_lambda_diff_self |          0.0231 |
|                  Metric/h_lambda_diff_cross |          0.0714 |
|                                 Eval/Return |             689 |
-----------------------------------------------------------------
-----------------------------------------------------------------
|                                 Train/Steps |         2.3e+06 |
|                            Loss/Loss_critic |            8.46 |
|                             Loss/Loss_actor |           -41.8 |
|                             Loss/Loss_alpha |       -8.99e-06 |
|               Loss/Loss_state_action_metric |           0.569 |
|                      Loss/Loss_state_metric |           0.286 |
|             Loss/Loss_state_action_to_state |         0.00599 |
|                           Loss/Act_rep_loss |           -2.18 |
|                                   SAC/Alpha |          0.0422 |
|                              SAC/LogPi_mean |               2 |
|                                 SAC/Q1_mean |            41.6 |
|                                 SAC/Q2_mean |            41.6 |
|                            Norm/actor_model |             109 |
|                           Norm/critic_model |             136 |
|              Norm/state_action_metric_model |            98.1 |
|                     Norm/state_metric_model |             105 |
|        Norm/state_action_state_metric_model |             104 |
|                  Metric/self_state_distance |          0.0123 |
|                 Metric/cross_state_distance |            1.79 |
|           Metric/self_state_action_distance |          0.0162 |
|          Metric/cross_state_action_distance |            2.08 |
|             Metric/avg_self_state_asymmetry |               0 |
|            Metric/avg_cross_state_asymmetry |          0.0343 |
|                Metric/avg_self_sa_asymmetry |               0 |
|               Metric/avg_cross_sa_asymmetry |          0.0546 |
|  Metric/self_state_action_to_state_distance |         0.00813 |
| Metric/cross_state_action_to_state_distance |             2.1 |
|                   Metric/h_lambda_diff_self |           0.012 |
|                  Metric/h_lambda_diff_cross |          0.0661 |
|                                 Eval/Return |             716 |
-----------------------------------------------------------------
-----------------------------------------------------------------
|                                 Train/Steps |        2.43e+06 |
|                            Loss/Loss_critic |           0.342 |
|                             Loss/Loss_actor |           -44.4 |
|                             Loss/Loss_alpha |         0.00779 |
|               Loss/Loss_state_action_metric |             0.6 |
|                      Loss/Loss_state_metric |           0.328 |
|             Loss/Loss_state_action_to_state |         0.00531 |
|                           Loss/Act_rep_loss |           -2.26 |
|                                   SAC/Alpha |          0.0451 |
|                              SAC/LogPi_mean |            1.83 |
|                                 SAC/Q1_mean |            44.2 |
|                                 SAC/Q2_mean |            44.2 |
|                            Norm/actor_model |             113 |
|                           Norm/critic_model |             141 |
|              Norm/state_action_metric_model |             103 |
|                     Norm/state_metric_model |             111 |
|        Norm/state_action_state_metric_model |             109 |
|                  Metric/self_state_distance |          0.0136 |
|                 Metric/cross_state_distance |             1.8 |
|           Metric/self_state_action_distance |          0.0286 |
|          Metric/cross_state_action_distance |            2.13 |
|             Metric/avg_self_state_asymmetry |               0 |
|            Metric/avg_cross_state_asymmetry |           0.033 |
|                Metric/avg_self_sa_asymmetry |               0 |
|               Metric/avg_cross_sa_asymmetry |          0.0521 |
|  Metric/self_state_action_to_state_distance |         0.00706 |
| Metric/cross_state_action_to_state_distance |            2.12 |
|                   Metric/h_lambda_diff_self |          0.0231 |
|                  Metric/h_lambda_diff_cross |          0.0605 |
|                                 Eval/Return |             769 |
-----------------------------------------------------------------
-----------------------------------------------------------------
|                                 Train/Steps |        2.56e+06 |
|                            Loss/Loss_critic |            8.74 |
|                             Loss/Loss_actor |           -47.6 |
|                             Loss/Loss_alpha |         0.00152 |
|               Loss/Loss_state_action_metric |           0.559 |
|                      Loss/Loss_state_metric |           0.308 |
|             Loss/Loss_state_action_to_state |          0.0043 |
|                           Loss/Act_rep_loss |            -2.2 |
|                                   SAC/Alpha |          0.0488 |
|                              SAC/LogPi_mean |            1.97 |
|                                 SAC/Q1_mean |            47.3 |
|                                 SAC/Q2_mean |            47.4 |
|                            Norm/actor_model |             117 |
|                           Norm/critic_model |             145 |
|              Norm/state_action_metric_model |             108 |
|                     Norm/state_metric_model |             117 |
|        Norm/state_action_state_metric_model |             113 |
|                  Metric/self_state_distance |          0.0104 |
|                 Metric/cross_state_distance |            1.81 |
|           Metric/self_state_action_distance |         0.00788 |
|          Metric/cross_state_action_distance |            2.12 |
|             Metric/avg_self_state_asymmetry |               0 |
|            Metric/avg_cross_state_asymmetry |          0.0364 |
|                Metric/avg_self_sa_asymmetry |               0 |
|               Metric/avg_cross_sa_asymmetry |          0.0592 |
|  Metric/self_state_action_to_state_distance |         0.00807 |
| Metric/cross_state_action_to_state_distance |            2.13 |
|                   Metric/h_lambda_diff_self |         0.00926 |
|                  Metric/h_lambda_diff_cross |          0.0704 |
|                                 Eval/Return |             792 |
-----------------------------------------------------------------
-----------------------------------------------------------------
|                                 Train/Steps |        2.69e+06 |
|                            Loss/Loss_critic |            0.57 |
|                             Loss/Loss_actor |           -50.1 |
|                             Loss/Loss_alpha |        -0.00876 |
|               Loss/Loss_state_action_metric |           0.648 |
|                      Loss/Loss_state_metric |            0.35 |
|             Loss/Loss_state_action_to_state |         0.00614 |
|                           Loss/Act_rep_loss |           -2.22 |
|                                   SAC/Alpha |          0.0509 |
|                              SAC/LogPi_mean |            2.17 |
|                                 SAC/Q1_mean |            49.8 |
|                                 SAC/Q2_mean |            49.8 |
|                            Norm/actor_model |             121 |
|                           Norm/critic_model |             149 |
|              Norm/state_action_metric_model |             112 |
|                     Norm/state_metric_model |             122 |
|        Norm/state_action_state_metric_model |             118 |
|                  Metric/self_state_distance |          0.0132 |
|                 Metric/cross_state_distance |            1.95 |
|           Metric/self_state_action_distance |          0.0197 |
|          Metric/cross_state_action_distance |            2.28 |
|             Metric/avg_self_state_asymmetry |               0 |
|            Metric/avg_cross_state_asymmetry |          0.0368 |
|                Metric/avg_self_sa_asymmetry |               0 |
|               Metric/avg_cross_sa_asymmetry |          0.0559 |
|  Metric/self_state_action_to_state_distance |          0.0106 |
| Metric/cross_state_action_to_state_distance |            2.28 |
|                   Metric/h_lambda_diff_self |           0.017 |
|                  Metric/h_lambda_diff_cross |          0.0648 |
|                                 Eval/Return |             815 |
-----------------------------------------------------------------
-----------------------------------------------------------------
|                                 Train/Steps |        2.82e+06 |
|                            Loss/Loss_critic |           0.762 |
|                             Loss/Loss_actor |           -52.2 |
|                             Loss/Loss_alpha |         0.00207 |
|               Loss/Loss_state_action_metric |            0.66 |
|                      Loss/Loss_state_metric |           0.364 |
|             Loss/Loss_state_action_to_state |         0.00464 |
|                           Loss/Act_rep_loss |           -2.27 |
|                                   SAC/Alpha |          0.0515 |
|                              SAC/LogPi_mean |            1.96 |
|                                 SAC/Q1_mean |              52 |
|                                 SAC/Q2_mean |              52 |
|                            Norm/actor_model |             125 |
|                           Norm/critic_model |             154 |
|              Norm/state_action_metric_model |             117 |
|                     Norm/state_metric_model |             127 |
|        Norm/state_action_state_metric_model |             122 |
|                  Metric/self_state_distance |          0.0151 |
|                 Metric/cross_state_distance |            1.94 |
|           Metric/self_state_action_distance |         0.00748 |
|          Metric/cross_state_action_distance |            2.25 |
|             Metric/avg_self_state_asymmetry |               0 |
|            Metric/avg_cross_state_asymmetry |          0.0367 |
|                Metric/avg_self_sa_asymmetry |               0 |
|               Metric/avg_cross_sa_asymmetry |          0.0558 |
|  Metric/self_state_action_to_state_distance |         0.00969 |
| Metric/cross_state_action_to_state_distance |            2.25 |
|                   Metric/h_lambda_diff_self |         0.00818 |
|                  Metric/h_lambda_diff_cross |          0.0695 |
|                                 Eval/Return |             844 |
-----------------------------------------------------------------
-----------------------------------------------------------------
|                                 Train/Steps |        2.94e+06 |
|                            Loss/Loss_critic |            7.01 |
|                             Loss/Loss_actor |           -54.8 |
|                             Loss/Loss_alpha |         0.00864 |
|               Loss/Loss_state_action_metric |           0.636 |
|                      Loss/Loss_state_metric |           0.365 |
|             Loss/Loss_state_action_to_state |         0.00367 |
|                           Loss/Act_rep_loss |            -2.3 |
|                                   SAC/Alpha |          0.0527 |
|                              SAC/LogPi_mean |            1.84 |
|                                 SAC/Q1_mean |            54.5 |
|                                 SAC/Q2_mean |            54.5 |
|                            Norm/actor_model |             130 |
|                           Norm/critic_model |             158 |
|              Norm/state_action_metric_model |             122 |
|                     Norm/state_metric_model |             133 |
|        Norm/state_action_state_metric_model |             126 |
|                  Metric/self_state_distance |          0.0104 |
|                 Metric/cross_state_distance |            1.95 |
|           Metric/self_state_action_distance |          0.0254 |
|          Metric/cross_state_action_distance |            2.29 |
|             Metric/avg_self_state_asymmetry |               0 |
|            Metric/avg_cross_state_asymmetry |          0.0336 |
|                Metric/avg_self_sa_asymmetry |               0 |
|               Metric/avg_cross_sa_asymmetry |          0.0507 |
|  Metric/self_state_action_to_state_distance |          0.0137 |
| Metric/cross_state_action_to_state_distance |            2.27 |
|                   Metric/h_lambda_diff_self |          0.0232 |
|                  Metric/h_lambda_diff_cross |          0.0575 |
|                                 Eval/Return |             887 |
-----------------------------------------------------------------
-----------------------------------------------------------------
|                                 Train/Steps |        3.07e+06 |
|                            Loss/Loss_critic |           0.571 |
|                             Loss/Loss_actor |           -57.2 |
|                             Loss/Loss_alpha |        -0.00837 |
|               Loss/Loss_state_action_metric |           0.625 |
|                      Loss/Loss_state_metric |           0.355 |
|             Loss/Loss_state_action_to_state |         0.00724 |
|                           Loss/Act_rep_loss |           -2.32 |
|                                   SAC/Alpha |          0.0552 |
|                              SAC/LogPi_mean |            2.15 |
|                                 SAC/Q1_mean |              57 |
|                                 SAC/Q2_mean |              57 |
|                            Norm/actor_model |             134 |
|                           Norm/critic_model |             161 |
|              Norm/state_action_metric_model |             126 |
|                     Norm/state_metric_model |             138 |
|        Norm/state_action_state_metric_model |             130 |
|                  Metric/self_state_distance |          0.0119 |
|                 Metric/cross_state_distance |            1.89 |
|           Metric/self_state_action_distance |          0.0126 |
|          Metric/cross_state_action_distance |            2.26 |
|             Metric/avg_self_state_asymmetry |               0 |
|            Metric/avg_cross_state_asymmetry |          0.0391 |
|                Metric/avg_self_sa_asymmetry |               0 |
|               Metric/avg_cross_sa_asymmetry |          0.0559 |
|  Metric/self_state_action_to_state_distance |         0.00875 |
| Metric/cross_state_action_to_state_distance |            2.24 |
|                   Metric/h_lambda_diff_self |          0.0119 |
|                  Metric/h_lambda_diff_cross |          0.0696 |
|                                 Eval/Return |             906 |
-----------------------------------------------------------------
-----------------------------------------------------------------
|                                 Train/Steps |         3.2e+06 |
|                            Loss/Loss_critic |           0.962 |
|                             Loss/Loss_actor |           -60.4 |
|                             Loss/Loss_alpha |         0.00596 |
|               Loss/Loss_state_action_metric |           0.677 |
|                      Loss/Loss_state_metric |           0.381 |
|             Loss/Loss_state_action_to_state |         0.00493 |
|                           Loss/Act_rep_loss |           -2.27 |
|                                   SAC/Alpha |          0.0567 |
|                              SAC/LogPi_mean |            1.89 |
|                                 SAC/Q1_mean |            60.3 |
|                                 SAC/Q2_mean |            60.2 |
|                            Norm/actor_model |             138 |
|                           Norm/critic_model |             165 |
|              Norm/state_action_metric_model |             130 |
|                     Norm/state_metric_model |             142 |
|        Norm/state_action_state_metric_model |             133 |
|                  Metric/self_state_distance |          0.0139 |
|                 Metric/cross_state_distance |            1.91 |
|           Metric/self_state_action_distance |          0.0171 |
|          Metric/cross_state_action_distance |            2.29 |
|             Metric/avg_self_state_asymmetry |               0 |
|            Metric/avg_cross_state_asymmetry |          0.0358 |
|                Metric/avg_self_sa_asymmetry |               0 |
|               Metric/avg_cross_sa_asymmetry |          0.0592 |
|  Metric/self_state_action_to_state_distance |         0.00807 |
| Metric/cross_state_action_to_state_distance |            2.28 |
|                   Metric/h_lambda_diff_self |          0.0123 |
|                  Metric/h_lambda_diff_cross |          0.0654 |
|                                 Eval/Return |             917 |
-----------------------------------------------------------------
-----------------------------------------------------------------
|                                 Train/Steps |        3.33e+06 |
|                            Loss/Loss_critic |            20.9 |
|                             Loss/Loss_actor |           -63.1 |
|                             Loss/Loss_alpha |        0.000891 |
|               Loss/Loss_state_action_metric |           0.688 |
|                      Loss/Loss_state_metric |           0.383 |
|             Loss/Loss_state_action_to_state |         0.00523 |
|                           Loss/Act_rep_loss |           -2.37 |
|                                   SAC/Alpha |          0.0561 |
|                              SAC/LogPi_mean |            1.98 |
|                                 SAC/Q1_mean |              63 |
|                                 SAC/Q2_mean |              63 |
|                            Norm/actor_model |             142 |
|                           Norm/critic_model |             169 |
|              Norm/state_action_metric_model |             135 |
|                     Norm/state_metric_model |             146 |
|        Norm/state_action_state_metric_model |             136 |
|                  Metric/self_state_distance |          0.0079 |
|                 Metric/cross_state_distance |            1.96 |
|           Metric/self_state_action_distance |          0.0183 |
|          Metric/cross_state_action_distance |            2.31 |
|             Metric/avg_self_state_asymmetry |               0 |
|            Metric/avg_cross_state_asymmetry |          0.0334 |
|                Metric/avg_self_sa_asymmetry |               0 |
|               Metric/avg_cross_sa_asymmetry |          0.0538 |
|  Metric/self_state_action_to_state_distance |         0.00618 |
| Metric/cross_state_action_to_state_distance |            2.29 |
|                   Metric/h_lambda_diff_self |          0.0157 |
|                  Metric/h_lambda_diff_cross |           0.058 |
|                                 Eval/Return |             931 |
-----------------------------------------------------------------
-----------------------------------------------------------------
|                                 Train/Steps |        3.46e+06 |
|                            Loss/Loss_critic |            18.2 |
|                             Loss/Loss_actor |           -64.3 |
|                             Loss/Loss_alpha |         0.00533 |
|               Loss/Loss_state_action_metric |           0.695 |
|                      Loss/Loss_state_metric |           0.415 |
|             Loss/Loss_state_action_to_state |         0.00301 |
|                           Loss/Act_rep_loss |           -2.41 |
|                                   SAC/Alpha |          0.0576 |
|                              SAC/LogPi_mean |            1.91 |
|                                 SAC/Q1_mean |              64 |
|                                 SAC/Q2_mean |              64 |
|                            Norm/actor_model |             147 |
|                           Norm/critic_model |             173 |
|              Norm/state_action_metric_model |             139 |
|                     Norm/state_metric_model |             150 |
|        Norm/state_action_state_metric_model |             140 |
|                  Metric/self_state_distance |           0.011 |
|                 Metric/cross_state_distance |            1.97 |
|           Metric/self_state_action_distance |          0.0215 |
|          Metric/cross_state_action_distance |            2.33 |
|             Metric/avg_self_state_asymmetry |               0 |
|            Metric/avg_cross_state_asymmetry |          0.0351 |
|                Metric/avg_self_sa_asymmetry |               0 |
|               Metric/avg_cross_sa_asymmetry |          0.0482 |
|  Metric/self_state_action_to_state_distance |         0.00899 |
| Metric/cross_state_action_to_state_distance |            2.33 |
|                   Metric/h_lambda_diff_self |          0.0165 |
|                  Metric/h_lambda_diff_cross |          0.0539 |
|                                 Eval/Return |             940 |
-----------------------------------------------------------------
-----------------------------------------------------------------
|                                 Train/Steps |        3.58e+06 |
|                            Loss/Loss_critic |           0.552 |
|                             Loss/Loss_actor |           -66.3 |
|                             Loss/Loss_alpha |       -0.000454 |
|               Loss/Loss_state_action_metric |           0.712 |
|                      Loss/Loss_state_metric |           0.398 |
|             Loss/Loss_state_action_to_state |         0.00407 |
|                           Loss/Act_rep_loss |           -2.34 |
|                                   SAC/Alpha |          0.0586 |
|                              SAC/LogPi_mean |            2.01 |
|                                 SAC/Q1_mean |            66.1 |
|                                 SAC/Q2_mean |            66.1 |
|                            Norm/actor_model |             150 |
|                           Norm/critic_model |             176 |
|              Norm/state_action_metric_model |             142 |
|                     Norm/state_metric_model |             155 |
|        Norm/state_action_state_metric_model |             143 |
|                  Metric/self_state_distance |          0.0103 |
|                 Metric/cross_state_distance |            1.93 |
|           Metric/self_state_action_distance |          0.0158 |
|          Metric/cross_state_action_distance |            2.34 |
|             Metric/avg_self_state_asymmetry |               0 |
|            Metric/avg_cross_state_asymmetry |          0.0334 |
|                Metric/avg_self_sa_asymmetry |               0 |
|               Metric/avg_cross_sa_asymmetry |          0.0487 |
|  Metric/self_state_action_to_state_distance |         0.00516 |
| Metric/cross_state_action_to_state_distance |            2.32 |
|                   Metric/h_lambda_diff_self |           0.014 |
|                  Metric/h_lambda_diff_cross |          0.0623 |
|                                 Eval/Return |             949 |
-----------------------------------------------------------------
-----------------------------------------------------------------
|                                 Train/Steps |        3.71e+06 |
|                            Loss/Loss_critic |           0.672 |
|                             Loss/Loss_actor |           -67.8 |
|                             Loss/Loss_alpha |         0.00101 |
|               Loss/Loss_state_action_metric |           0.706 |
|                      Loss/Loss_state_metric |           0.432 |
|             Loss/Loss_state_action_to_state |         0.00414 |
|                           Loss/Act_rep_loss |            -2.3 |
|                                   SAC/Alpha |          0.0575 |
|                              SAC/LogPi_mean |            1.98 |
|                                 SAC/Q1_mean |            67.6 |
|                                 SAC/Q2_mean |            67.6 |
|                            Norm/actor_model |             154 |
|                           Norm/critic_model |             180 |
|              Norm/state_action_metric_model |             146 |
|                     Norm/state_metric_model |             159 |
|        Norm/state_action_state_metric_model |             146 |
|                  Metric/self_state_distance |          0.0126 |
|                 Metric/cross_state_distance |               2 |
|           Metric/self_state_action_distance |          0.0145 |
|          Metric/cross_state_action_distance |            2.39 |
|             Metric/avg_self_state_asymmetry |               0 |
|            Metric/avg_cross_state_asymmetry |          0.0358 |
|                Metric/avg_self_sa_asymmetry |               0 |
|               Metric/avg_cross_sa_asymmetry |          0.0508 |
|  Metric/self_state_action_to_state_distance |         0.00747 |
| Metric/cross_state_action_to_state_distance |            2.39 |
|                   Metric/h_lambda_diff_self |          0.0107 |
|                  Metric/h_lambda_diff_cross |          0.0591 |
|                                 Eval/Return |             954 |
-----------------------------------------------------------------
-----------------------------------------------------------------
|                                 Train/Steps |        3.84e+06 |
|                            Loss/Loss_critic |           0.806 |
|                             Loss/Loss_actor |           -69.5 |
|                             Loss/Loss_alpha |        -0.00575 |
|               Loss/Loss_state_action_metric |           0.771 |
|                      Loss/Loss_state_metric |           0.413 |
|             Loss/Loss_state_action_to_state |         0.00434 |
|                           Loss/Act_rep_loss |            -2.3 |
|                                   SAC/Alpha |          0.0562 |
|                              SAC/LogPi_mean |             2.1 |
|                                 SAC/Q1_mean |            69.3 |
|                                 SAC/Q2_mean |            69.3 |
|                            Norm/actor_model |             158 |
|                           Norm/critic_model |             183 |
|              Norm/state_action_metric_model |             150 |
|                     Norm/state_metric_model |             162 |
|        Norm/state_action_state_metric_model |             149 |
|                  Metric/self_state_distance |         0.00877 |
|                 Metric/cross_state_distance |            2.02 |
|           Metric/self_state_action_distance |         0.00252 |
|          Metric/cross_state_action_distance |            2.35 |
|             Metric/avg_self_state_asymmetry |               0 |
|            Metric/avg_cross_state_asymmetry |          0.0383 |
|                Metric/avg_self_sa_asymmetry |               0 |
|               Metric/avg_cross_sa_asymmetry |          0.0572 |
|  Metric/self_state_action_to_state_distance |         0.00531 |
| Metric/cross_state_action_to_state_distance |            2.37 |
|                   Metric/h_lambda_diff_self |         0.00459 |
|                  Metric/h_lambda_diff_cross |          0.0691 |
|                                 Eval/Return |             958 |
-----------------------------------------------------------------
[32mSaving model …[0m
[32mDone.[0m
[32mSaving model …[0m
[32mDone.[0m
-----------------------------------------------------------------
|                                 Train/Steps |        3.97e+06 |
|                            Loss/Loss_critic |              20 |
|                             Loss/Loss_actor |           -70.3 |
|                             Loss/Loss_alpha |        -0.00643 |
|               Loss/Loss_state_action_metric |           0.747 |
|                      Loss/Loss_state_metric |           0.407 |
|             Loss/Loss_state_action_to_state |         0.00389 |
|                           Loss/Act_rep_loss |           -2.41 |
|                                   SAC/Alpha |          0.0581 |
|                              SAC/LogPi_mean |            2.11 |
|                                 SAC/Q1_mean |            70.1 |
|                                 SAC/Q2_mean |            70.1 |
|                            Norm/actor_model |             161 |
|                           Norm/critic_model |             187 |
|              Norm/state_action_metric_model |             154 |
|                     Norm/state_metric_model |             166 |
|        Norm/state_action_state_metric_model |             152 |
|                  Metric/self_state_distance |          0.0119 |
|                 Metric/cross_state_distance |            1.97 |
|           Metric/self_state_action_distance |          0.0071 |
|          Metric/cross_state_action_distance |            2.35 |
|             Metric/avg_self_state_asymmetry |               0 |
|            Metric/avg_cross_state_asymmetry |          0.0312 |
|                Metric/avg_self_sa_asymmetry |               0 |
|               Metric/avg_cross_sa_asymmetry |          0.0531 |
|  Metric/self_state_action_to_state_distance |         0.00349 |
| Metric/cross_state_action_to_state_distance |            2.34 |
|                   Metric/h_lambda_diff_self |         0.00606 |
|                  Metric/h_lambda_diff_cross |          0.0573 |
|                                 Eval/Return |             964 |
-----------------------------------------------------------------
-----------------------------------------------------------------
|                                 Train/Steps |         4.1e+06 |
|                            Loss/Loss_critic |           0.514 |
|                             Loss/Loss_actor |           -71.5 |
|                             Loss/Loss_alpha |         0.00707 |
|               Loss/Loss_state_action_metric |           0.637 |
|                      Loss/Loss_state_metric |           0.352 |
|             Loss/Loss_state_action_to_state |         0.00314 |
|                           Loss/Act_rep_loss |            -2.4 |
|                                   SAC/Alpha |          0.0573 |
|                              SAC/LogPi_mean |            1.88 |
|                                 SAC/Q1_mean |            71.2 |
|                                 SAC/Q2_mean |            71.2 |
|                            Norm/actor_model |             165 |
|                           Norm/critic_model |             190 |
|              Norm/state_action_metric_model |             157 |
|                     Norm/state_metric_model |             170 |
|        Norm/state_action_state_metric_model |             155 |
|                  Metric/self_state_distance |          0.0123 |
|                 Metric/cross_state_distance |            1.87 |
|           Metric/self_state_action_distance |          0.0196 |
|          Metric/cross_state_action_distance |            2.24 |
|             Metric/avg_self_state_asymmetry |               0 |
|            Metric/avg_cross_state_asymmetry |          0.0375 |
|                Metric/avg_self_sa_asymmetry |               0 |
|               Metric/avg_cross_sa_asymmetry |          0.0477 |
|  Metric/self_state_action_to_state_distance |         0.00772 |
| Metric/cross_state_action_to_state_distance |            2.25 |
|                   Metric/h_lambda_diff_self |          0.0165 |
|                  Metric/h_lambda_diff_cross |          0.0564 |
|                                 Eval/Return |             970 |
-----------------------------------------------------------------
-----------------------------------------------------------------
|                                 Train/Steps |        4.22e+06 |
|                            Loss/Loss_critic |           0.807 |
|                             Loss/Loss_actor |           -73.1 |
|                             Loss/Loss_alpha |        -0.00223 |
|               Loss/Loss_state_action_metric |           0.642 |
|                      Loss/Loss_state_metric |            0.39 |
|             Loss/Loss_state_action_to_state |         0.00333 |
|                           Loss/Act_rep_loss |           -2.32 |
|                                   SAC/Alpha |          0.0563 |
|                              SAC/LogPi_mean |            2.04 |
|                                 SAC/Q1_mean |            72.9 |
|                                 SAC/Q2_mean |            72.9 |
|                            Norm/actor_model |             168 |
|                           Norm/critic_model |             193 |
|              Norm/state_action_metric_model |             161 |
|                     Norm/state_metric_model |             174 |
|        Norm/state_action_state_metric_model |             158 |
|                  Metric/self_state_distance |         0.00991 |
|                 Metric/cross_state_distance |            1.93 |
|           Metric/self_state_action_distance |         0.00501 |
|          Metric/cross_state_action_distance |             2.3 |
|             Metric/avg_self_state_asymmetry |               0 |
|            Metric/avg_cross_state_asymmetry |          0.0317 |
|                Metric/avg_self_sa_asymmetry |               0 |
|               Metric/avg_cross_sa_asymmetry |          0.0509 |
|  Metric/self_state_action_to_state_distance |          0.0133 |
| Metric/cross_state_action_to_state_distance |            2.27 |
|                   Metric/h_lambda_diff_self |           0.011 |
|                  Metric/h_lambda_diff_cross |          0.0634 |
|                                 Eval/Return |             973 |
-----------------------------------------------------------------
-----------------------------------------------------------------
|                                 Train/Steps |        4.35e+06 |
|                            Loss/Loss_critic |           0.471 |
|                             Loss/Loss_actor |           -74.5 |
|                             Loss/Loss_alpha |         0.00859 |
|               Loss/Loss_state_action_metric |           0.626 |
|                      Loss/Loss_state_metric |           0.397 |
|             Loss/Loss_state_action_to_state |         0.00396 |
|                           Loss/Act_rep_loss |           -2.32 |
|                                   SAC/Alpha |          0.0586 |
|                              SAC/LogPi_mean |            1.85 |
|                                 SAC/Q1_mean |            74.3 |
|                                 SAC/Q2_mean |            74.3 |
|                            Norm/actor_model |             172 |
|                           Norm/critic_model |             197 |
|              Norm/state_action_metric_model |             165 |
|                     Norm/state_metric_model |             179 |
|        Norm/state_action_state_metric_model |             162 |
|                  Metric/self_state_distance |         0.00789 |
|                 Metric/cross_state_distance |            1.93 |
|           Metric/self_state_action_distance |         0.00854 |
|          Metric/cross_state_action_distance |            2.28 |
|             Metric/avg_self_state_asymmetry |               0 |
|            Metric/avg_cross_state_asymmetry |            0.03 |
|                Metric/avg_self_sa_asymmetry |               0 |
|               Metric/avg_cross_sa_asymmetry |          0.0534 |
|  Metric/self_state_action_to_state_distance |         0.00662 |
| Metric/cross_state_action_to_state_distance |            2.27 |
|                   Metric/h_lambda_diff_self |         0.00966 |
|                  Metric/h_lambda_diff_cross |           0.061 |
|                                 Eval/Return |             971 |
-----------------------------------------------------------------
-----------------------------------------------------------------
|                                 Train/Steps |        4.48e+06 |
|                            Loss/Loss_critic |            12.2 |
|                             Loss/Loss_actor |           -76.6 |
|                             Loss/Loss_alpha |         0.00499 |
|               Loss/Loss_state_action_metric |           0.573 |
|                      Loss/Loss_state_metric |           0.323 |
|             Loss/Loss_state_action_to_state |         0.00379 |
|                           Loss/Act_rep_loss |            -2.2 |
|                                   SAC/Alpha |          0.0544 |
|                              SAC/LogPi_mean |            1.91 |
|                                 SAC/Q1_mean |            76.4 |
|                                 SAC/Q2_mean |            76.4 |
|                            Norm/actor_model |             175 |
|                           Norm/critic_model |             200 |
|              Norm/state_action_metric_model |             168 |
|                     Norm/state_metric_model |             183 |
|        Norm/state_action_state_metric_model |             165 |
|                  Metric/self_state_distance |          0.0129 |
|                 Metric/cross_state_distance |            1.75 |
|           Metric/self_state_action_distance |         0.00808 |
|          Metric/cross_state_action_distance |            2.09 |
|             Metric/avg_self_state_asymmetry |               0 |
|            Metric/avg_cross_state_asymmetry |          0.0302 |
|                Metric/avg_self_sa_asymmetry |               0 |
|               Metric/avg_cross_sa_asymmetry |          0.0476 |
|  Metric/self_state_action_to_state_distance |          0.0108 |
| Metric/cross_state_action_to_state_distance |             2.1 |
|                   Metric/h_lambda_diff_self |          0.0151 |
|                  Metric/h_lambda_diff_cross |          0.0543 |
|                                 Eval/Return |             978 |
-----------------------------------------------------------------
-----------------------------------------------------------------
|                                 Train/Steps |        4.61e+06 |
|                            Loss/Loss_critic |            24.4 |
|                             Loss/Loss_actor |           -76.8 |
|                             Loss/Loss_alpha |        -0.00673 |
|               Loss/Loss_state_action_metric |           0.603 |
|                      Loss/Loss_state_metric |           0.325 |
|             Loss/Loss_state_action_to_state |         0.00438 |
|                           Loss/Act_rep_loss |           -2.39 |
|                                   SAC/Alpha |          0.0538 |
|                              SAC/LogPi_mean |            2.13 |
|                                 SAC/Q1_mean |            76.7 |
|                                 SAC/Q2_mean |            76.7 |
|                            Norm/actor_model |             179 |
|                           Norm/critic_model |             203 |
|              Norm/state_action_metric_model |             172 |
|                     Norm/state_metric_model |             187 |
|        Norm/state_action_state_metric_model |             168 |
|                  Metric/self_state_distance |          0.0131 |
|                 Metric/cross_state_distance |            1.85 |
|           Metric/self_state_action_distance |          0.0206 |
|          Metric/cross_state_action_distance |            2.19 |
|             Metric/avg_self_state_asymmetry |               0 |
|            Metric/avg_cross_state_asymmetry |          0.0343 |
|                Metric/avg_self_sa_asymmetry |               0 |
|               Metric/avg_cross_sa_asymmetry |          0.0495 |
|  Metric/self_state_action_to_state_distance |         0.00599 |
| Metric/cross_state_action_to_state_distance |            2.15 |
|                   Metric/h_lambda_diff_self |          0.0164 |
|                  Metric/h_lambda_diff_cross |          0.0706 |
|                                 Eval/Return |             974 |
-----------------------------------------------------------------
-----------------------------------------------------------------
|                                 Train/Steps |        4.74e+06 |
|                            Loss/Loss_critic |            14.4 |
|                             Loss/Loss_actor |             -77 |
|                             Loss/Loss_alpha |         0.00759 |
|               Loss/Loss_state_action_metric |           0.621 |
|                      Loss/Loss_state_metric |            0.34 |
|             Loss/Loss_state_action_to_state |         0.00538 |
|                           Loss/Act_rep_loss |            -2.2 |
|                                   SAC/Alpha |          0.0557 |
|                              SAC/LogPi_mean |            1.86 |
|                                 SAC/Q1_mean |            76.9 |
|                                 SAC/Q2_mean |            76.9 |
|                            Norm/actor_model |             182 |
|                           Norm/critic_model |             206 |
|              Norm/state_action_metric_model |             176 |
|                     Norm/state_metric_model |             191 |
|        Norm/state_action_state_metric_model |             171 |
|                  Metric/self_state_distance |         0.00964 |
|                 Metric/cross_state_distance |            1.82 |
|           Metric/self_state_action_distance |          0.0175 |
|          Metric/cross_state_action_distance |            2.13 |
|             Metric/avg_self_state_asymmetry |               0 |
|            Metric/avg_cross_state_asymmetry |          0.0377 |
|                Metric/avg_self_sa_asymmetry |               0 |
|               Metric/avg_cross_sa_asymmetry |          0.0495 |
|  Metric/self_state_action_to_state_distance |          0.0111 |
| Metric/cross_state_action_to_state_distance |            2.11 |
|                   Metric/h_lambda_diff_self |           0.017 |
|                  Metric/h_lambda_diff_cross |          0.0619 |
|                                 Eval/Return |             977 |
-----------------------------------------------------------------
-----------------------------------------------------------------
|                                 Train/Steps |        4.86e+06 |
|                            Loss/Loss_critic |           0.398 |
|                             Loss/Loss_actor |           -78.1 |
|                             Loss/Loss_alpha |          0.0197 |
|               Loss/Loss_state_action_metric |           0.438 |
|                      Loss/Loss_state_metric |           0.268 |
|             Loss/Loss_state_action_to_state |         0.00401 |
|                           Loss/Act_rep_loss |           -2.22 |
|                                   SAC/Alpha |           0.054 |
|                              SAC/LogPi_mean |            1.64 |
|                                 SAC/Q1_mean |            78.1 |
|                                 SAC/Q2_mean |            78.1 |
|                            Norm/actor_model |             185 |
|                           Norm/critic_model |             209 |
|              Norm/state_action_metric_model |             179 |
|                     Norm/state_metric_model |             195 |
|        Norm/state_action_state_metric_model |             174 |
|                  Metric/self_state_distance |          0.0107 |
|                 Metric/cross_state_distance |            1.68 |
|           Metric/self_state_action_distance |         0.00645 |
|          Metric/cross_state_action_distance |            1.94 |
|             Metric/avg_self_state_asymmetry |               0 |
|            Metric/avg_cross_state_asymmetry |          0.0305 |
|                Metric/avg_self_sa_asymmetry |               0 |
|               Metric/avg_cross_sa_asymmetry |          0.0469 |
|  Metric/self_state_action_to_state_distance |         0.00718 |
| Metric/cross_state_action_to_state_distance |            1.95 |
|                   Metric/h_lambda_diff_self |         0.00637 |
|                  Metric/h_lambda_diff_cross |          0.0535 |
|                                 Eval/Return |             981 |
-----------------------------------------------------------------
-----------------------------------------------------------------
|                                 Train/Steps |        4.99e+06 |
|                            Loss/Loss_critic |           0.382 |
|                             Loss/Loss_actor |           -79.4 |
|                             Loss/Loss_alpha |        9.59e-05 |
|               Loss/Loss_state_action_metric |           0.391 |
|                      Loss/Loss_state_metric |           0.225 |
|             Loss/Loss_state_action_to_state |         0.00401 |
|                           Loss/Act_rep_loss |           -2.16 |
|                                   SAC/Alpha |          0.0513 |
|                              SAC/LogPi_mean |               2 |
|                                 SAC/Q1_mean |            79.4 |
|                                 SAC/Q2_mean |            79.4 |
|                            Norm/actor_model |             189 |
|                           Norm/critic_model |             213 |
|              Norm/state_action_metric_model |             184 |
|                     Norm/state_metric_model |             200 |
|        Norm/state_action_state_metric_model |             178 |
|                  Metric/self_state_distance |         0.00658 |
|                 Metric/cross_state_distance |            1.62 |
|           Metric/self_state_action_distance |          0.0109 |
|          Metric/cross_state_action_distance |            1.89 |
|             Metric/avg_self_state_asymmetry |               0 |
|            Metric/avg_cross_state_asymmetry |          0.0341 |
|                Metric/avg_self_sa_asymmetry |               0 |
|               Metric/avg_cross_sa_asymmetry |          0.0505 |
|  Metric/self_state_action_to_state_distance |         0.00336 |
| Metric/cross_state_action_to_state_distance |            1.85 |
|                   Metric/h_lambda_diff_self |          0.0104 |
|                  Metric/h_lambda_diff_cross |          0.0658 |
|                                 Eval/Return |             984 |
-----------------------------------------------------------------
-----------------------------------------------------------------
|                                 Train/Steps |        5.12e+06 |
|                            Loss/Loss_critic |           0.464 |
|                             Loss/Loss_actor |           -79.8 |
|                             Loss/Loss_alpha |        -0.00137 |
|               Loss/Loss_state_action_metric |           0.367 |
|                      Loss/Loss_state_metric |            0.22 |
|             Loss/Loss_state_action_to_state |         0.00341 |
|                           Loss/Act_rep_loss |           -2.21 |
|                                   SAC/Alpha |          0.0474 |
|                              SAC/LogPi_mean |            2.03 |
|                                 SAC/Q1_mean |            79.7 |
|                                 SAC/Q2_mean |            79.7 |
|                            Norm/actor_model |             192 |
|                           Norm/critic_model |             216 |
|              Norm/state_action_metric_model |             187 |
|                     Norm/state_metric_model |             203 |
|        Norm/state_action_state_metric_model |             181 |
|                  Metric/self_state_distance |         0.00687 |
|                 Metric/cross_state_distance |            1.61 |
|           Metric/self_state_action_distance |          0.0226 |
|          Metric/cross_state_action_distance |            1.83 |
|             Metric/avg_self_state_asymmetry |               0 |
|            Metric/avg_cross_state_asymmetry |          0.0298 |
|                Metric/avg_self_sa_asymmetry |               0 |
|               Metric/avg_cross_sa_asymmetry |          0.0521 |
|  Metric/self_state_action_to_state_distance |         0.00642 |
| Metric/cross_state_action_to_state_distance |            1.83 |
|                   Metric/h_lambda_diff_self |          0.0179 |
|                  Metric/h_lambda_diff_cross |          0.0499 |
|                                 Eval/Return |             990 |
-----------------------------------------------------------------
[32mSaving model …[0m
[32mDone.[0m
[32mSaving model …[0m
[32mDone.[0m
E0822 18:54:34.567240  314510 cuda_executor.cc:1526] Could not get kernel mode driver version: (INVALID_ARGUMENT: Version does not match the format X.Y.Z)
E0822 18:54:34.575728  314401 cuda_executor.cc:1526] Could not get kernel mode driver version: (INVALID_ARGUMENT: Version does not match the format X.Y.Z)
[32mStart prefilling replay buffer[0m
[32mStart SAC training[0m
-----------------------------------------------------------------
|                                 Train/Steps |        7.68e+05 |
|                            Loss/Loss_critic |        0.000103 |
|                             Loss/Loss_actor |          -0.661 |
|                             Loss/Loss_alpha |         0.00481 |
|               Loss/Loss_state_action_metric |         0.00048 |
|                      Loss/Loss_state_metric |        0.000425 |
|             Loss/Loss_state_action_to_state |         0.00216 |
|                           Loss/Act_rep_loss |              -1 |
|                                   SAC/Alpha |         0.00156 |
|                              SAC/LogPi_mean |           -1.09 |
|                                 SAC/Q1_mean |           0.662 |
|                                 SAC/Q2_mean |           0.664 |
|                            Norm/actor_model |            28.4 |
|                           Norm/critic_model |            49.7 |
|              Norm/state_action_metric_model |              34 |
|                     Norm/state_metric_model |            33.4 |
|        Norm/state_action_state_metric_model |            34.3 |
|                  Metric/self_state_distance |         0.00333 |
|                 Metric/cross_state_distance |            1.01 |
|           Metric/self_state_action_distance |         0.00308 |
|          Metric/cross_state_action_distance |               1 |
|             Metric/avg_self_state_asymmetry |               0 |
|            Metric/avg_cross_state_asymmetry |         0.00168 |
|                Metric/avg_self_sa_asymmetry |               0 |
|               Metric/avg_cross_sa_asymmetry |         0.00212 |
|  Metric/self_state_action_to_state_distance |          0.0299 |
| Metric/cross_state_action_to_state_distance |            0.98 |
|                   Metric/h_lambda_diff_self |          0.0269 |
|                  Metric/h_lambda_diff_cross |          0.0301 |
|                                 Eval/Return |               0 |
-----------------------------------------------------------------
-----------------------------------------------------------------
|                                 Train/Steps |        8.96e+05 |
|                            Loss/Loss_critic |         0.00289 |
|                             Loss/Loss_actor |           -1.11 |
|                             Loss/Loss_alpha |        0.000389 |
|               Loss/Loss_state_action_metric |          0.0114 |
|                      Loss/Loss_state_metric |         0.00102 |
|             Loss/Loss_state_action_to_state |        0.000197 |
|                           Loss/Act_rep_loss |           -1.01 |
|                                   SAC/Alpha |         0.00233 |
|                              SAC/LogPi_mean |            1.83 |
|                                 SAC/Q1_mean |            1.08 |
|                                 SAC/Q2_mean |            1.08 |
|                            Norm/actor_model |            36.8 |
|                           Norm/critic_model |            62.7 |
|              Norm/state_action_metric_model |              39 |
|                     Norm/state_metric_model |            36.1 |
|        Norm/state_action_state_metric_model |            39.3 |
|                  Metric/self_state_distance |         0.00225 |
|                 Metric/cross_state_distance |               1 |
|           Metric/self_state_action_distance |         0.00442 |
|          Metric/cross_state_action_distance |            1.01 |
|             Metric/avg_self_state_asymmetry |               0 |
|            Metric/avg_cross_state_asymmetry |          0.0041 |
|                Metric/avg_self_sa_asymmetry |               0 |
|               Metric/avg_cross_sa_asymmetry |         0.00347 |
|  Metric/self_state_action_to_state_distance |         0.00439 |
| Metric/cross_state_action_to_state_distance |               1 |
|                   Metric/h_lambda_diff_self |         0.00348 |
|                  Metric/h_lambda_diff_cross |         0.00602 |
|                                 Eval/Return |            18.7 |
-----------------------------------------------------------------
-----------------------------------------------------------------
|                                 Train/Steps |        1.02e+06 |
|                            Loss/Loss_critic |          0.0884 |
|                             Loss/Loss_actor |            -1.9 |
|                             Loss/Loss_alpha |       -0.000497 |
|               Loss/Loss_state_action_metric |            0.11 |
|                      Loss/Loss_state_metric |          0.0176 |
|             Loss/Loss_state_action_to_state |         0.00125 |
|                           Loss/Act_rep_loss |           -1.07 |
|                                   SAC/Alpha |         0.00802 |
|                              SAC/LogPi_mean |            2.06 |
|                                 SAC/Q1_mean |            1.84 |
|                                 SAC/Q2_mean |            1.84 |
|                            Norm/actor_model |            49.6 |
|                           Norm/critic_model |            77.5 |
|              Norm/state_action_metric_model |            43.6 |
|                     Norm/state_metric_model |            38.6 |
|        Norm/state_action_state_metric_model |              42 |
|                  Metric/self_state_distance |         0.00365 |
|                 Metric/cross_state_distance |            1.08 |
|           Metric/self_state_action_distance |         0.00596 |
|          Metric/cross_state_action_distance |            1.11 |
|             Metric/avg_self_state_asymmetry |               0 |
|            Metric/avg_cross_state_asymmetry |         0.00935 |
|                Metric/avg_self_sa_asymmetry |               0 |
|               Metric/avg_cross_sa_asymmetry |          0.0139 |
|  Metric/self_state_action_to_state_distance |         0.00498 |
| Metric/cross_state_action_to_state_distance |             1.1 |
|                   Metric/h_lambda_diff_self |         0.00417 |
|                  Metric/h_lambda_diff_cross |          0.0247 |
|                                 Eval/Return |             183 |
-----------------------------------------------------------------
-----------------------------------------------------------------
|                                 Train/Steps |        1.15e+06 |
|                            Loss/Loss_critic |           0.146 |
|                             Loss/Loss_actor |           -5.76 |
|                             Loss/Loss_alpha |        -0.00171 |
|               Loss/Loss_state_action_metric |           0.173 |
|                      Loss/Loss_state_metric |          0.0542 |
|             Loss/Loss_state_action_to_state |         0.00431 |
|                           Loss/Act_rep_loss |           -1.28 |
|                                   SAC/Alpha |          0.0158 |
|                              SAC/LogPi_mean |            2.11 |
|                                 SAC/Q1_mean |            5.58 |
|                                 SAC/Q2_mean |            5.59 |
|                            Norm/actor_model |            58.8 |
|                           Norm/critic_model |            89.5 |
|              Norm/state_action_metric_model |            50.3 |
|                     Norm/state_metric_model |            47.3 |
|        Norm/state_action_state_metric_model |            49.5 |
|                  Metric/self_state_distance |         0.00689 |
|                 Metric/cross_state_distance |            1.19 |
|           Metric/self_state_action_distance |          0.0165 |
|          Metric/cross_state_action_distance |            1.27 |
|             Metric/avg_self_state_asymmetry |               0 |
|            Metric/avg_cross_state_asymmetry |          0.0199 |
|                Metric/avg_self_sa_asymmetry |               0 |
|               Metric/avg_cross_sa_asymmetry |          0.0324 |
|  Metric/self_state_action_to_state_distance |          0.0078 |
| Metric/cross_state_action_to_state_distance |            1.27 |
|                   Metric/h_lambda_diff_self |           0.013 |
|                  Metric/h_lambda_diff_cross |          0.0468 |
|                                 Eval/Return |             520 |
-----------------------------------------------------------------
-----------------------------------------------------------------
|                                 Train/Steps |        1.28e+06 |
|                            Loss/Loss_critic |           0.478 |
|                             Loss/Loss_actor |           -13.1 |
|                             Loss/Loss_alpha |       -0.000701 |
|               Loss/Loss_state_action_metric |           0.326 |
|                      Loss/Loss_state_metric |           0.127 |
|             Loss/Loss_state_action_to_state |         0.00372 |
|                           Loss/Act_rep_loss |           -1.63 |
|                                   SAC/Alpha |          0.0267 |
|                              SAC/LogPi_mean |            2.03 |
|                                 SAC/Q1_mean |            12.8 |
|                                 SAC/Q2_mean |            12.8 |
|                            Norm/actor_model |            66.3 |
|                           Norm/critic_model |            98.1 |
|              Norm/state_action_metric_model |            56.1 |
|                     Norm/state_metric_model |            54.6 |
|        Norm/state_action_state_metric_model |            56.7 |
|                  Metric/self_state_distance |         0.00943 |
|                 Metric/cross_state_distance |            1.39 |
|           Metric/self_state_action_distance |          0.0184 |
|          Metric/cross_state_action_distance |            1.56 |
|             Metric/avg_self_state_asymmetry |               0 |
|            Metric/avg_cross_state_asymmetry |          0.0265 |
|                Metric/avg_self_sa_asymmetry |               0 |
|               Metric/avg_cross_sa_asymmetry |          0.0468 |
|  Metric/self_state_action_to_state_distance |         0.00884 |
| Metric/cross_state_action_to_state_distance |            1.52 |
|                   Metric/h_lambda_diff_self |          0.0167 |
|                  Metric/h_lambda_diff_cross |          0.0667 |
|                                 Eval/Return |             613 |
-----------------------------------------------------------------
-----------------------------------------------------------------
|                                 Train/Steps |        1.41e+06 |
|                            Loss/Loss_critic |           0.321 |
|                             Loss/Loss_actor |           -21.1 |
|                             Loss/Loss_alpha |        -0.00272 |
|               Loss/Loss_state_action_metric |           0.376 |
|                      Loss/Loss_state_metric |           0.176 |
|             Loss/Loss_state_action_to_state |         0.00406 |
|                           Loss/Act_rep_loss |           -1.74 |
|                                   SAC/Alpha |          0.0364 |
|                              SAC/LogPi_mean |            2.07 |
|                                 SAC/Q1_mean |            20.8 |
|                                 SAC/Q2_mean |            20.8 |
|                            Norm/actor_model |            72.9 |
|                           Norm/critic_model |             105 |
|              Norm/state_action_metric_model |            61.2 |
|                     Norm/state_metric_model |            60.9 |
|        Norm/state_action_state_metric_model |              63 |
|                  Metric/self_state_distance |         0.00909 |
|                 Metric/cross_state_distance |            1.49 |
|           Metric/self_state_action_distance |          0.0201 |
|          Metric/cross_state_action_distance |            1.66 |
|             Metric/avg_self_state_asymmetry |               0 |
|            Metric/avg_cross_state_asymmetry |          0.0303 |
|                Metric/avg_self_sa_asymmetry |               0 |
|               Metric/avg_cross_sa_asymmetry |          0.0513 |
|  Metric/self_state_action_to_state_distance |          0.0126 |
| Metric/cross_state_action_to_state_distance |            1.66 |
|                   Metric/h_lambda_diff_self |          0.0154 |
|                  Metric/h_lambda_diff_cross |          0.0644 |
|                                 Eval/Return |             671 |
-----------------------------------------------------------------
-----------------------------------------------------------------
|                                 Train/Steps |        1.54e+06 |
|                            Loss/Loss_critic |           0.377 |
|                             Loss/Loss_actor |           -28.6 |
|                             Loss/Loss_alpha |         0.00351 |
|               Loss/Loss_state_action_metric |            0.42 |
|                      Loss/Loss_state_metric |           0.221 |
|             Loss/Loss_state_action_to_state |         0.00476 |
|                           Loss/Act_rep_loss |           -1.89 |
|                                   SAC/Alpha |          0.0421 |
|                              SAC/LogPi_mean |            1.92 |
|                                 SAC/Q1_mean |            28.2 |
|                                 SAC/Q2_mean |            28.2 |
|                            Norm/actor_model |            79.2 |
|                           Norm/critic_model |             111 |
|              Norm/state_action_metric_model |            66.4 |
|                     Norm/state_metric_model |            67.5 |
|        Norm/state_action_state_metric_model |            68.9 |
|                  Metric/self_state_distance |          0.0124 |
|                 Metric/cross_state_distance |            1.58 |
|           Metric/self_state_action_distance |          0.0311 |
|          Metric/cross_state_action_distance |             1.8 |
|             Metric/avg_self_state_asymmetry |               0 |
|            Metric/avg_cross_state_asymmetry |          0.0328 |
|                Metric/avg_self_sa_asymmetry |               0 |
|               Metric/avg_cross_sa_asymmetry |          0.0542 |
|  Metric/self_state_action_to_state_distance |          0.0105 |
| Metric/cross_state_action_to_state_distance |            1.79 |
|                   Metric/h_lambda_diff_self |          0.0251 |
|                  Metric/h_lambda_diff_cross |          0.0666 |
|                                 Eval/Return |             727 |
-----------------------------------------------------------------
-----------------------------------------------------------------
|                                 Train/Steps |        1.66e+06 |
|                            Loss/Loss_critic |            3.18 |
|                             Loss/Loss_actor |           -35.5 |
|                             Loss/Loss_alpha |        0.000654 |
|               Loss/Loss_state_action_metric |           0.598 |
|                      Loss/Loss_state_metric |           0.293 |
|             Loss/Loss_state_action_to_state |         0.00685 |
|                           Loss/Act_rep_loss |           -1.92 |
|                                   SAC/Alpha |          0.0475 |
|                              SAC/LogPi_mean |            1.99 |
|                                 SAC/Q1_mean |            35.3 |
|                                 SAC/Q2_mean |            35.3 |
|                            Norm/actor_model |            85.4 |
|                           Norm/critic_model |             116 |
|              Norm/state_action_metric_model |            72.3 |
|                     Norm/state_metric_model |            74.7 |
|        Norm/state_action_state_metric_model |            74.8 |
|                  Metric/self_state_distance |          0.0156 |
|                 Metric/cross_state_distance |            1.71 |
|           Metric/self_state_action_distance |          0.0207 |
|          Metric/cross_state_action_distance |            2.01 |
|             Metric/avg_self_state_asymmetry |               0 |
|            Metric/avg_cross_state_asymmetry |          0.0377 |
|                Metric/avg_self_sa_asymmetry |               0 |
|               Metric/avg_cross_sa_asymmetry |          0.0569 |
|  Metric/self_state_action_to_state_distance |          0.0121 |
| Metric/cross_state_action_to_state_distance |            2.02 |
|                   Metric/h_lambda_diff_self |          0.0175 |
|                  Metric/h_lambda_diff_cross |          0.0716 |
|                                 Eval/Return |             800 |
-----------------------------------------------------------------
-----------------------------------------------------------------
|                                 Train/Steps |        1.79e+06 |
|                            Loss/Loss_critic |           0.534 |
|                             Loss/Loss_actor |           -41.3 |
|                             Loss/Loss_alpha |        0.000268 |
|               Loss/Loss_state_action_metric |           0.536 |
|                      Loss/Loss_state_metric |           0.299 |
|             Loss/Loss_state_action_to_state |         0.00694 |
|                           Loss/Act_rep_loss |           -2.09 |
|                                   SAC/Alpha |          0.0492 |
|                              SAC/LogPi_mean |            1.99 |
|                                 SAC/Q1_mean |            41.1 |
|                                 SAC/Q2_mean |            41.1 |
|                            Norm/actor_model |            91.1 |
|                           Norm/critic_model |             122 |
|              Norm/state_action_metric_model |            78.3 |
|                     Norm/state_metric_model |            81.8 |
|        Norm/state_action_state_metric_model |            80.6 |
|                  Metric/self_state_distance |          0.0126 |
|                 Metric/cross_state_distance |            1.72 |
|           Metric/self_state_action_distance |          0.0213 |
|          Metric/cross_state_action_distance |            2.05 |
|             Metric/avg_self_state_asymmetry |               0 |
|            Metric/avg_cross_state_asymmetry |          0.0327 |
|                Metric/avg_self_sa_asymmetry |               0 |
|               Metric/avg_cross_sa_asymmetry |          0.0561 |
|  Metric/self_state_action_to_state_distance |          0.0119 |
| Metric/cross_state_action_to_state_distance |            2.03 |
|                   Metric/h_lambda_diff_self |           0.019 |
|                  Metric/h_lambda_diff_cross |          0.0616 |
|                                 Eval/Return |             859 |
-----------------------------------------------------------------
-----------------------------------------------------------------
|                                 Train/Steps |        1.92e+06 |
|                            Loss/Loss_critic |            9.79 |
|                             Loss/Loss_actor |           -46.4 |
|                             Loss/Loss_alpha |         0.00827 |
|               Loss/Loss_state_action_metric |           0.598 |
|                      Loss/Loss_state_metric |           0.289 |
|             Loss/Loss_state_action_to_state |         0.00644 |
|                           Loss/Act_rep_loss |           -2.21 |
|                                   SAC/Alpha |          0.0526 |
|                              SAC/LogPi_mean |            1.84 |
|                                 SAC/Q1_mean |            46.1 |
|                                 SAC/Q2_mean |            46.1 |
|                            Norm/actor_model |            96.5 |
|                           Norm/critic_model |             126 |
|              Norm/state_action_metric_model |            84.3 |
|                     Norm/state_metric_model |            88.4 |
|        Norm/state_action_state_metric_model |            86.2 |
|                  Metric/self_state_distance |          0.0129 |
|                 Metric/cross_state_distance |            1.76 |
|           Metric/self_state_action_distance |          0.0169 |
|          Metric/cross_state_action_distance |            2.16 |
|             Metric/avg_self_state_asymmetry |               0 |
|            Metric/avg_cross_state_asymmetry |          0.0377 |
|                Metric/avg_self_sa_asymmetry |               0 |
|               Metric/avg_cross_sa_asymmetry |          0.0757 |
|  Metric/self_state_action_to_state_distance |          0.0135 |
| Metric/cross_state_action_to_state_distance |            2.11 |
|                   Metric/h_lambda_diff_self |          0.0142 |
|                  Metric/h_lambda_diff_cross |          0.0839 |
|                                 Eval/Return |             855 |
-----------------------------------------------------------------
-----------------------------------------------------------------
|                                 Train/Steps |        2.05e+06 |
|                            Loss/Loss_critic |            0.88 |
|                             Loss/Loss_actor |           -51.3 |
|                             Loss/Loss_alpha |        0.000619 |
|               Loss/Loss_state_action_metric |           0.632 |
|                      Loss/Loss_state_metric |           0.344 |
|             Loss/Loss_state_action_to_state |         0.00499 |
|                           Loss/Act_rep_loss |            -2.2 |
|                                   SAC/Alpha |          0.0546 |
|                              SAC/LogPi_mean |            1.99 |
|                                 SAC/Q1_mean |            51.1 |
|                                 SAC/Q2_mean |            51.1 |
|                            Norm/actor_model |             102 |
|                           Norm/critic_model |             131 |
|              Norm/state_action_metric_model |            90.2 |
|                     Norm/state_metric_model |            95.1 |
|        Norm/state_action_state_metric_model |            91.7 |
|                  Metric/self_state_distance |          0.0151 |
|                 Metric/cross_state_distance |            1.85 |
|           Metric/self_state_action_distance |          0.0192 |
|          Metric/cross_state_action_distance |            2.21 |
|             Metric/avg_self_state_asymmetry |               0 |
|            Metric/avg_cross_state_asymmetry |          0.0476 |
|                Metric/avg_self_sa_asymmetry |               0 |
|               Metric/avg_cross_sa_asymmetry |          0.0641 |
|  Metric/self_state_action_to_state_distance |          0.0131 |
| Metric/cross_state_action_to_state_distance |            2.23 |
|                   Metric/h_lambda_diff_self |          0.0175 |
|                  Metric/h_lambda_diff_cross |          0.0663 |
|                                 Eval/Return |             894 |
-----------------------------------------------------------------
-----------------------------------------------------------------
|                                 Train/Steps |        2.18e+06 |
|                            Loss/Loss_critic |            8.96 |
|                             Loss/Loss_actor |           -54.1 |
|                             Loss/Loss_alpha |         0.00229 |
|               Loss/Loss_state_action_metric |           0.693 |
|                      Loss/Loss_state_metric |           0.352 |
|             Loss/Loss_state_action_to_state |         0.00471 |
|                           Loss/Act_rep_loss |           -2.23 |
|                                   SAC/Alpha |           0.059 |
|                              SAC/LogPi_mean |            1.96 |
|                                 SAC/Q1_mean |              54 |
|                                 SAC/Q2_mean |              54 |
|                            Norm/actor_model |             107 |
|                           Norm/critic_model |             135 |
|              Norm/state_action_metric_model |              96 |
|                     Norm/state_metric_model |             102 |
|        Norm/state_action_state_metric_model |            97.1 |
|                  Metric/self_state_distance |          0.0163 |
|                 Metric/cross_state_distance |            1.91 |
|           Metric/self_state_action_distance |         0.00964 |
|          Metric/cross_state_action_distance |            2.29 |
|             Metric/avg_self_state_asymmetry |               0 |
|            Metric/avg_cross_state_asymmetry |          0.0409 |
|                Metric/avg_self_sa_asymmetry |               0 |
|               Metric/avg_cross_sa_asymmetry |          0.0543 |
|  Metric/self_state_action_to_state_distance |           0.013 |
| Metric/cross_state_action_to_state_distance |            2.28 |
|                   Metric/h_lambda_diff_self |          0.0105 |
|                  Metric/h_lambda_diff_cross |          0.0646 |
|                                 Eval/Return |             906 |
-----------------------------------------------------------------
-----------------------------------------------------------------
|                                 Train/Steps |         2.3e+06 |
|                            Loss/Loss_critic |            17.4 |
|                             Loss/Loss_actor |           -56.8 |
|                             Loss/Loss_alpha |         0.00608 |
|               Loss/Loss_state_action_metric |           0.708 |
|                      Loss/Loss_state_metric |           0.383 |
|             Loss/Loss_state_action_to_state |         0.00397 |
|                           Loss/Act_rep_loss |            -2.3 |
|                                   SAC/Alpha |          0.0582 |
|                              SAC/LogPi_mean |             1.9 |
|                                 SAC/Q1_mean |            56.6 |
|                                 SAC/Q2_mean |            56.5 |
|                            Norm/actor_model |             112 |
|                           Norm/critic_model |             140 |
|              Norm/state_action_metric_model |             102 |
|                     Norm/state_metric_model |             109 |
|        Norm/state_action_state_metric_model |             102 |
|                  Metric/self_state_distance |          0.0115 |
|                 Metric/cross_state_distance |            1.89 |
|           Metric/self_state_action_distance |          0.0102 |
|          Metric/cross_state_action_distance |            2.28 |
|             Metric/avg_self_state_asymmetry |               0 |
|            Metric/avg_cross_state_asymmetry |          0.0302 |
|                Metric/avg_self_sa_asymmetry |               0 |
|               Metric/avg_cross_sa_asymmetry |          0.0549 |
|  Metric/self_state_action_to_state_distance |         0.00907 |
| Metric/cross_state_action_to_state_distance |            2.26 |
|                   Metric/h_lambda_diff_self |          0.0105 |
|                  Metric/h_lambda_diff_cross |          0.0637 |
|                                 Eval/Return |             922 |
-----------------------------------------------------------------
-----------------------------------------------------------------
|                                 Train/Steps |        2.43e+06 |
|                            Loss/Loss_critic |           0.781 |
|                             Loss/Loss_actor |           -59.1 |
|                             Loss/Loss_alpha |         0.00155 |
|               Loss/Loss_state_action_metric |           0.656 |
|                      Loss/Loss_state_metric |           0.375 |
|             Loss/Loss_state_action_to_state |         0.00335 |
|                           Loss/Act_rep_loss |           -2.36 |
|                                   SAC/Alpha |          0.0585 |
|                              SAC/LogPi_mean |            1.97 |
|                                 SAC/Q1_mean |            58.8 |
|                                 SAC/Q2_mean |            58.8 |
|                            Norm/actor_model |             116 |
|                           Norm/critic_model |             144 |
|              Norm/state_action_metric_model |             107 |
|                     Norm/state_metric_model |             115 |
|        Norm/state_action_state_metric_model |             106 |
|                  Metric/self_state_distance |          0.0108 |
|                 Metric/cross_state_distance |             1.9 |
|           Metric/self_state_action_distance |          0.0168 |
|          Metric/cross_state_action_distance |            2.25 |
|             Metric/avg_self_state_asymmetry |               0 |
|            Metric/avg_cross_state_asymmetry |          0.0335 |
|                Metric/avg_self_sa_asymmetry |               0 |
|               Metric/avg_cross_sa_asymmetry |          0.0575 |
|  Metric/self_state_action_to_state_distance |         0.00953 |
| Metric/cross_state_action_to_state_distance |            2.24 |
|                   Metric/h_lambda_diff_self |          0.0133 |
|                  Metric/h_lambda_diff_cross |          0.0652 |
|                                 Eval/Return |             924 |
-----------------------------------------------------------------
-----------------------------------------------------------------
|                                 Train/Steps |        2.56e+06 |
|                            Loss/Loss_critic |            16.7 |
|                             Loss/Loss_actor |           -61.8 |
|                             Loss/Loss_alpha |         0.00359 |
|               Loss/Loss_state_action_metric |           0.658 |
|                      Loss/Loss_state_metric |           0.306 |
|             Loss/Loss_state_action_to_state |         0.00302 |
|                           Loss/Act_rep_loss |           -2.33 |
|                                   SAC/Alpha |          0.0601 |
|                              SAC/LogPi_mean |            1.94 |
|                                 SAC/Q1_mean |            61.7 |
|                                 SAC/Q2_mean |            61.7 |
|                            Norm/actor_model |             121 |
|                           Norm/critic_model |             148 |
|              Norm/state_action_metric_model |             112 |
|                     Norm/state_metric_model |             121 |
|        Norm/state_action_state_metric_model |             110 |
|                  Metric/self_state_distance |          0.0103 |
|                 Metric/cross_state_distance |            1.86 |
|           Metric/self_state_action_distance |          0.0254 |
|          Metric/cross_state_action_distance |            2.19 |
|             Metric/avg_self_state_asymmetry |               0 |
|            Metric/avg_cross_state_asymmetry |          0.0345 |
|                Metric/avg_self_sa_asymmetry |               0 |
|               Metric/avg_cross_sa_asymmetry |          0.0549 |
|  Metric/self_state_action_to_state_distance |         0.00804 |
| Metric/cross_state_action_to_state_distance |            2.19 |
|                   Metric/h_lambda_diff_self |          0.0211 |
|                  Metric/h_lambda_diff_cross |          0.0619 |
|                                 Eval/Return |             935 |
-----------------------------------------------------------------
-----------------------------------------------------------------
|                                 Train/Steps |        2.69e+06 |
|                            Loss/Loss_critic |           0.536 |
|                             Loss/Loss_actor |           -63.3 |
|                             Loss/Loss_alpha |        -0.00183 |
|               Loss/Loss_state_action_metric |           0.639 |
|                      Loss/Loss_state_metric |           0.351 |
|             Loss/Loss_state_action_to_state |         0.00439 |
|                           Loss/Act_rep_loss |           -2.38 |
|                                   SAC/Alpha |          0.0604 |
|                              SAC/LogPi_mean |            2.03 |
|                                 SAC/Q1_mean |            63.2 |
|                                 SAC/Q2_mean |            63.1 |
|                            Norm/actor_model |             125 |
|                           Norm/critic_model |             152 |
|              Norm/state_action_metric_model |             117 |
|                     Norm/state_metric_model |             126 |
|        Norm/state_action_state_metric_model |             114 |
|                  Metric/self_state_distance |           0.011 |
|                 Metric/cross_state_distance |            1.92 |
|           Metric/self_state_action_distance |          0.0256 |
|          Metric/cross_state_action_distance |            2.29 |
|             Metric/avg_self_state_asymmetry |               0 |
|            Metric/avg_cross_state_asymmetry |          0.0346 |
|                Metric/avg_self_sa_asymmetry |               0 |
|               Metric/avg_cross_sa_asymmetry |          0.0565 |
|  Metric/self_state_action_to_state_distance |          0.0102 |
| Metric/cross_state_action_to_state_distance |            2.26 |
|                   Metric/h_lambda_diff_self |          0.0231 |
|                  Metric/h_lambda_diff_cross |          0.0654 |
|                                 Eval/Return |             941 |
-----------------------------------------------------------------
-----------------------------------------------------------------
|                                 Train/Steps |        2.82e+06 |
|                            Loss/Loss_critic |           0.469 |
|                             Loss/Loss_actor |           -64.2 |
|                             Loss/Loss_alpha |         0.00271 |
|               Loss/Loss_state_action_metric |           0.674 |
|                      Loss/Loss_state_metric |           0.422 |
|             Loss/Loss_state_action_to_state |         0.00351 |
|                           Loss/Act_rep_loss |           -2.31 |
|                                   SAC/Alpha |          0.0599 |
|                              SAC/LogPi_mean |            1.95 |
|                                 SAC/Q1_mean |            64.1 |
|                                 SAC/Q2_mean |            64.1 |
|                            Norm/actor_model |             129 |
|                           Norm/critic_model |             155 |
|              Norm/state_action_metric_model |             122 |
|                     Norm/state_metric_model |             131 |
|        Norm/state_action_state_metric_model |             117 |
|                  Metric/self_state_distance |          0.0101 |
|                 Metric/cross_state_distance |            1.96 |
|           Metric/self_state_action_distance |          0.0135 |
|          Metric/cross_state_action_distance |            2.34 |
|             Metric/avg_self_state_asymmetry |               0 |
|            Metric/avg_cross_state_asymmetry |          0.0311 |
|                Metric/avg_self_sa_asymmetry |               0 |
|               Metric/avg_cross_sa_asymmetry |          0.0506 |
|  Metric/self_state_action_to_state_distance |          0.0114 |
| Metric/cross_state_action_to_state_distance |            2.33 |
|                   Metric/h_lambda_diff_self |          0.0124 |
|                  Metric/h_lambda_diff_cross |          0.0545 |
|                                 Eval/Return |             946 |
-----------------------------------------------------------------
-----------------------------------------------------------------
|                                 Train/Steps |        2.94e+06 |
|                            Loss/Loss_critic |            10.1 |
|                             Loss/Loss_actor |           -65.2 |
|                             Loss/Loss_alpha |        -0.00451 |
|               Loss/Loss_state_action_metric |           0.761 |
|                      Loss/Loss_state_metric |           0.404 |
|             Loss/Loss_state_action_to_state |         0.00532 |
|                           Loss/Act_rep_loss |           -2.36 |
|                                   SAC/Alpha |          0.0597 |
|                              SAC/LogPi_mean |            2.08 |
|                                 SAC/Q1_mean |              65 |
|                                 SAC/Q2_mean |              65 |
|                            Norm/actor_model |             134 |
|                           Norm/critic_model |             159 |
|              Norm/state_action_metric_model |             126 |
|                     Norm/state_metric_model |             136 |
|        Norm/state_action_state_metric_model |             121 |
|                  Metric/self_state_distance |          0.0147 |
|                 Metric/cross_state_distance |            1.96 |
|           Metric/self_state_action_distance |          0.0122 |
|          Metric/cross_state_action_distance |            2.37 |
|             Metric/avg_self_state_asymmetry |               0 |
|            Metric/avg_cross_state_asymmetry |          0.0418 |
|                Metric/avg_self_sa_asymmetry |               0 |
|               Metric/avg_cross_sa_asymmetry |          0.0549 |
|  Metric/self_state_action_to_state_distance |          0.0123 |
| Metric/cross_state_action_to_state_distance |            2.34 |
|                   Metric/h_lambda_diff_self |          0.0121 |
|                  Metric/h_lambda_diff_cross |          0.0671 |
|                                 Eval/Return |             938 |
-----------------------------------------------------------------
-----------------------------------------------------------------
|                                 Train/Steps |        3.07e+06 |
|                            Loss/Loss_critic |           0.608 |
|                             Loss/Loss_actor |             -66 |
|                             Loss/Loss_alpha |         0.00478 |
|               Loss/Loss_state_action_metric |           0.747 |
|                      Loss/Loss_state_metric |           0.406 |
|             Loss/Loss_state_action_to_state |         0.00522 |
|                           Loss/Act_rep_loss |           -2.31 |
|                                   SAC/Alpha |          0.0616 |
|                              SAC/LogPi_mean |            1.92 |
|                                 SAC/Q1_mean |            65.8 |
|                                 SAC/Q2_mean |            65.8 |
|                            Norm/actor_model |             138 |
|                           Norm/critic_model |             163 |
|              Norm/state_action_metric_model |             130 |
|                     Norm/state_metric_model |             140 |
|        Norm/state_action_state_metric_model |             124 |
|                  Metric/self_state_distance |          0.0104 |
|                 Metric/cross_state_distance |            1.93 |
|           Metric/self_state_action_distance |         0.00607 |
|          Metric/cross_state_action_distance |            2.35 |
|             Metric/avg_self_state_asymmetry |               0 |
|            Metric/avg_cross_state_asymmetry |          0.0334 |
|                Metric/avg_self_sa_asymmetry |               0 |
|               Metric/avg_cross_sa_asymmetry |           0.051 |
|  Metric/self_state_action_to_state_distance |         0.00768 |
| Metric/cross_state_action_to_state_distance |            2.33 |
|                   Metric/h_lambda_diff_self |          0.0072 |
|                  Metric/h_lambda_diff_cross |           0.058 |
|                                 Eval/Return |             950 |
-----------------------------------------------------------------
-----------------------------------------------------------------
|                                 Train/Steps |         3.2e+06 |
|                            Loss/Loss_critic |           0.544 |
|                             Loss/Loss_actor |           -67.7 |
|                             Loss/Loss_alpha |        -0.00441 |
|               Loss/Loss_state_action_metric |           0.633 |
|                      Loss/Loss_state_metric |           0.353 |
|             Loss/Loss_state_action_to_state |         0.00332 |
|                           Loss/Act_rep_loss |           -2.41 |
|                                   SAC/Alpha |          0.0613 |
|                              SAC/LogPi_mean |            2.07 |
|                                 SAC/Q1_mean |            67.5 |
|                                 SAC/Q2_mean |            67.5 |
|                            Norm/actor_model |             142 |
|                           Norm/critic_model |             166 |
|              Norm/state_action_metric_model |             135 |
|                     Norm/state_metric_model |             145 |
|        Norm/state_action_state_metric_model |             127 |
|                  Metric/self_state_distance |         0.00885 |
|                 Metric/cross_state_distance |            1.87 |
|           Metric/self_state_action_distance |          0.0125 |
|          Metric/cross_state_action_distance |            2.27 |
|             Metric/avg_self_state_asymmetry |               0 |
|            Metric/avg_cross_state_asymmetry |          0.0376 |
|                Metric/avg_self_sa_asymmetry |               0 |
|               Metric/avg_cross_sa_asymmetry |          0.0529 |
|  Metric/self_state_action_to_state_distance |         0.00762 |
| Metric/cross_state_action_to_state_distance |            2.24 |
|                   Metric/h_lambda_diff_self |          0.0137 |
|                  Metric/h_lambda_diff_cross |          0.0698 |
|                                 Eval/Return |             955 |
-----------------------------------------------------------------
-----------------------------------------------------------------
|                                 Train/Steps |        3.33e+06 |
|                            Loss/Loss_critic |            22.4 |
|                             Loss/Loss_actor |           -68.7 |
|                             Loss/Loss_alpha |         0.00156 |
|               Loss/Loss_state_action_metric |           0.707 |
|                      Loss/Loss_state_metric |           0.383 |
|             Loss/Loss_state_action_to_state |         0.00441 |
|                           Loss/Act_rep_loss |           -2.32 |
|                                   SAC/Alpha |          0.0581 |
|                              SAC/LogPi_mean |            1.97 |
|                                 SAC/Q1_mean |            68.6 |
|                                 SAC/Q2_mean |            68.7 |
|                            Norm/actor_model |             146 |
|                           Norm/critic_model |             170 |
|              Norm/state_action_metric_model |             139 |
|                     Norm/state_metric_model |             149 |
|        Norm/state_action_state_metric_model |             130 |
|                  Metric/self_state_distance |         0.00918 |
|                 Metric/cross_state_distance |            1.94 |
|           Metric/self_state_action_distance |          0.0122 |
|          Metric/cross_state_action_distance |            2.27 |
|             Metric/avg_self_state_asymmetry |               0 |
|            Metric/avg_cross_state_asymmetry |          0.0338 |
|                Metric/avg_self_sa_asymmetry |               0 |
|               Metric/avg_cross_sa_asymmetry |          0.0523 |
|  Metric/self_state_action_to_state_distance |         0.00902 |
| Metric/cross_state_action_to_state_distance |            2.26 |
|                   Metric/h_lambda_diff_self |         0.00924 |
|                  Metric/h_lambda_diff_cross |          0.0592 |
|                                 Eval/Return |             964 |
-----------------------------------------------------------------
-----------------------------------------------------------------
|                                 Train/Steps |        3.46e+06 |
|                            Loss/Loss_critic |            22.7 |
|                             Loss/Loss_actor |           -68.8 |
|                             Loss/Loss_alpha |          0.0101 |
|               Loss/Loss_state_action_metric |           0.659 |
|                      Loss/Loss_state_metric |           0.389 |
|             Loss/Loss_state_action_to_state |         0.00327 |
|                           Loss/Act_rep_loss |           -2.32 |
|                                   SAC/Alpha |          0.0582 |
|                              SAC/LogPi_mean |            1.83 |
|                                 SAC/Q1_mean |            68.7 |
|                                 SAC/Q2_mean |            68.7 |
|                            Norm/actor_model |             150 |
|                           Norm/critic_model |             173 |
|              Norm/state_action_metric_model |             143 |
|                     Norm/state_metric_model |             154 |
|        Norm/state_action_state_metric_model |             134 |
|                  Metric/self_state_distance |         0.00651 |
|                 Metric/cross_state_distance |            1.94 |
|           Metric/self_state_action_distance |         0.00884 |
|          Metric/cross_state_action_distance |             2.3 |
|             Metric/avg_self_state_asymmetry |               0 |
|            Metric/avg_cross_state_asymmetry |          0.0307 |
|                Metric/avg_self_sa_asymmetry |               0 |
|               Metric/avg_cross_sa_asymmetry |          0.0503 |
|  Metric/self_state_action_to_state_distance |         0.00654 |
| Metric/cross_state_action_to_state_distance |             2.3 |
|                   Metric/h_lambda_diff_self |         0.00976 |
|                  Metric/h_lambda_diff_cross |          0.0601 |
|                                 Eval/Return |             964 |
-----------------------------------------------------------------
-----------------------------------------------------------------
|                                 Train/Steps |        3.58e+06 |
|                            Loss/Loss_critic |           0.387 |
|                             Loss/Loss_actor |           -69.7 |
|                             Loss/Loss_alpha |        -0.00389 |
|               Loss/Loss_state_action_metric |            0.67 |
|                      Loss/Loss_state_metric |           0.393 |
|             Loss/Loss_state_action_to_state |         0.00351 |
|                           Loss/Act_rep_loss |           -2.35 |
|                                   SAC/Alpha |          0.0583 |
|                              SAC/LogPi_mean |            2.07 |
|                                 SAC/Q1_mean |            69.6 |
|                                 SAC/Q2_mean |            69.6 |
|                            Norm/actor_model |             154 |
|                           Norm/critic_model |             177 |
|              Norm/state_action_metric_model |             146 |
|                     Norm/state_metric_model |             158 |
|        Norm/state_action_state_metric_model |             137 |
|                  Metric/self_state_distance |         0.00947 |
|                 Metric/cross_state_distance |            1.95 |
|           Metric/self_state_action_distance |         0.00898 |
|          Metric/cross_state_action_distance |            2.31 |
|             Metric/avg_self_state_asymmetry |               0 |
|            Metric/avg_cross_state_asymmetry |          0.0308 |
|                Metric/avg_self_sa_asymmetry |               0 |
|               Metric/avg_cross_sa_asymmetry |          0.0497 |
|  Metric/self_state_action_to_state_distance |          0.0056 |
| Metric/cross_state_action_to_state_distance |             2.3 |
|                   Metric/h_lambda_diff_self |         0.00828 |
|                  Metric/h_lambda_diff_cross |          0.0577 |
|                                 Eval/Return |             960 |
-----------------------------------------------------------------
-----------------------------------------------------------------
|                                 Train/Steps |        3.71e+06 |
|                            Loss/Loss_critic |           0.485 |
|                             Loss/Loss_actor |           -70.1 |
|                             Loss/Loss_alpha |         0.00659 |
|               Loss/Loss_state_action_metric |            0.66 |
|                      Loss/Loss_state_metric |           0.375 |
|             Loss/Loss_state_action_to_state |         0.00343 |
|                           Loss/Act_rep_loss |           -2.31 |
|                                   SAC/Alpha |          0.0566 |
|                              SAC/LogPi_mean |            1.88 |
|                                 SAC/Q1_mean |              70 |
|                                 SAC/Q2_mean |            70.1 |
|                            Norm/actor_model |             158 |
|                           Norm/critic_model |             180 |
|              Norm/state_action_metric_model |             150 |
|                     Norm/state_metric_model |             163 |
|        Norm/state_action_state_metric_model |             140 |
|                  Metric/self_state_distance |         0.00716 |
|                 Metric/cross_state_distance |            1.88 |
|           Metric/self_state_action_distance |         0.00245 |
|          Metric/cross_state_action_distance |            2.22 |
|             Metric/avg_self_state_asymmetry |               0 |
|            Metric/avg_cross_state_asymmetry |          0.0292 |
|                Metric/avg_self_sa_asymmetry |               0 |
|               Metric/avg_cross_sa_asymmetry |          0.0479 |
|  Metric/self_state_action_to_state_distance |         0.00441 |
| Metric/cross_state_action_to_state_distance |            2.25 |
|                   Metric/h_lambda_diff_self |          0.0041 |
|                  Metric/h_lambda_diff_cross |          0.0556 |
|                                 Eval/Return |             963 |
-----------------------------------------------------------------
-----------------------------------------------------------------
|                                 Train/Steps |        3.84e+06 |
|                            Loss/Loss_critic |           0.348 |
|                             Loss/Loss_actor |           -71.3 |
|                             Loss/Loss_alpha |       -0.000599 |
|               Loss/Loss_state_action_metric |           0.659 |
|                      Loss/Loss_state_metric |           0.379 |
|             Loss/Loss_state_action_to_state |         0.00334 |
|                           Loss/Act_rep_loss |           -2.26 |
|                                   SAC/Alpha |          0.0586 |
|                              SAC/LogPi_mean |            2.01 |
|                                 SAC/Q1_mean |            71.1 |
|                                 SAC/Q2_mean |            71.1 |
|                            Norm/actor_model |             161 |
|                           Norm/critic_model |             184 |
|              Norm/state_action_metric_model |             154 |
|                     Norm/state_metric_model |             167 |
|        Norm/state_action_state_metric_model |             144 |
|                  Metric/self_state_distance |         0.00829 |
|                 Metric/cross_state_distance |            1.89 |
|           Metric/self_state_action_distance |         0.00365 |
|          Metric/cross_state_action_distance |            2.29 |
|             Metric/avg_self_state_asymmetry |               0 |
|            Metric/avg_cross_state_asymmetry |          0.0252 |
|                Metric/avg_self_sa_asymmetry |               0 |
|               Metric/avg_cross_sa_asymmetry |          0.0557 |
|  Metric/self_state_action_to_state_distance |         0.00774 |
| Metric/cross_state_action_to_state_distance |            2.28 |
|                   Metric/h_lambda_diff_self |         0.00817 |
|                  Metric/h_lambda_diff_cross |          0.0562 |
|                                 Eval/Return |             966 |
-----------------------------------------------------------------
[32mSaving model …[0m
[32mDone.[0m
[32mSaving model …[0m
[32mDone.[0m
-----------------------------------------------------------------
|                                 Train/Steps |        3.97e+06 |
|                            Loss/Loss_critic |            23.5 |
|                             Loss/Loss_actor |           -71.6 |
|                             Loss/Loss_alpha |       -0.000234 |
|               Loss/Loss_state_action_metric |           0.669 |
|                      Loss/Loss_state_metric |           0.425 |
|             Loss/Loss_state_action_to_state |         0.00384 |
|                           Loss/Act_rep_loss |           -2.23 |
|                                   SAC/Alpha |          0.0579 |
|                              SAC/LogPi_mean |               2 |
|                                 SAC/Q1_mean |            71.5 |
|                                 SAC/Q2_mean |            71.5 |
|                            Norm/actor_model |             165 |
|                           Norm/critic_model |             187 |
|              Norm/state_action_metric_model |             157 |
|                     Norm/state_metric_model |             171 |
|        Norm/state_action_state_metric_model |             147 |
|                  Metric/self_state_distance |         0.00778 |
|                 Metric/cross_state_distance |            1.92 |
|           Metric/self_state_action_distance |           0.015 |
|          Metric/cross_state_action_distance |            2.27 |
|             Metric/avg_self_state_asymmetry |               0 |
|            Metric/avg_cross_state_asymmetry |          0.0258 |
|                Metric/avg_self_sa_asymmetry |               0 |
|               Metric/avg_cross_sa_asymmetry |          0.0483 |
|  Metric/self_state_action_to_state_distance |         0.00831 |
| Metric/cross_state_action_to_state_distance |            2.28 |
|                   Metric/h_lambda_diff_self |          0.0118 |
|                  Metric/h_lambda_diff_cross |          0.0506 |
|                                 Eval/Return |             962 |
-----------------------------------------------------------------
-----------------------------------------------------------------
|                                 Train/Steps |         4.1e+06 |
|                            Loss/Loss_critic |           0.486 |
|                             Loss/Loss_actor |           -72.1 |
|                             Loss/Loss_alpha |         0.00747 |
|               Loss/Loss_state_action_metric |           0.676 |
|                      Loss/Loss_state_metric |           0.408 |
|             Loss/Loss_state_action_to_state |         0.00312 |
|                           Loss/Act_rep_loss |           -2.36 |
|                                   SAC/Alpha |          0.0549 |
|                              SAC/LogPi_mean |            1.86 |
|                                 SAC/Q1_mean |              72 |
|                                 SAC/Q2_mean |              72 |
|                            Norm/actor_model |             169 |
|                           Norm/critic_model |             190 |
|              Norm/state_action_metric_model |             160 |
|                     Norm/state_metric_model |             175 |
|        Norm/state_action_state_metric_model |             150 |
|                  Metric/self_state_distance |         0.00725 |
|                 Metric/cross_state_distance |            1.94 |
|           Metric/self_state_action_distance |          0.0026 |
|          Metric/cross_state_action_distance |             2.3 |
|             Metric/avg_self_state_asymmetry |               0 |
|            Metric/avg_cross_state_asymmetry |          0.0295 |
|                Metric/avg_self_sa_asymmetry |               0 |
|               Metric/avg_cross_sa_asymmetry |          0.0574 |
|  Metric/self_state_action_to_state_distance |         0.00382 |
| Metric/cross_state_action_to_state_distance |            2.28 |
|                   Metric/h_lambda_diff_self |         0.00556 |
|                  Metric/h_lambda_diff_cross |          0.0583 |
|                                 Eval/Return |             966 |
-----------------------------------------------------------------
-----------------------------------------------------------------
|                                 Train/Steps |        4.22e+06 |
|                            Loss/Loss_critic |           0.623 |
|                             Loss/Loss_actor |           -73.1 |
|                             Loss/Loss_alpha |       -0.000747 |
|               Loss/Loss_state_action_metric |           0.574 |
|                      Loss/Loss_state_metric |            0.35 |
|             Loss/Loss_state_action_to_state |         0.00388 |
|                           Loss/Act_rep_loss |           -2.18 |
|                                   SAC/Alpha |          0.0554 |
|                              SAC/LogPi_mean |            2.01 |
|                                 SAC/Q1_mean |              73 |
|                                 SAC/Q2_mean |              73 |
|                            Norm/actor_model |             172 |
|                           Norm/critic_model |             193 |
|              Norm/state_action_metric_model |             164 |
|                     Norm/state_metric_model |             179 |
|        Norm/state_action_state_metric_model |             153 |
|                  Metric/self_state_distance |         0.00795 |
|                 Metric/cross_state_distance |            1.82 |
|           Metric/self_state_action_distance |         0.00324 |
|          Metric/cross_state_action_distance |            2.15 |
|             Metric/avg_self_state_asymmetry |               0 |
|            Metric/avg_cross_state_asymmetry |          0.0307 |
|                Metric/avg_self_sa_asymmetry |               0 |
|               Metric/avg_cross_sa_asymmetry |          0.0527 |
|  Metric/self_state_action_to_state_distance |          0.0057 |
| Metric/cross_state_action_to_state_distance |            2.15 |
|                   Metric/h_lambda_diff_self |         0.00611 |
|                  Metric/h_lambda_diff_cross |          0.0533 |
|                                 Eval/Return |             971 |
-----------------------------------------------------------------
-----------------------------------------------------------------
|                                 Train/Steps |        4.35e+06 |
|                            Loss/Loss_critic |           0.909 |
|                             Loss/Loss_actor |           -74.3 |
|                             Loss/Loss_alpha |        -0.00466 |
|               Loss/Loss_state_action_metric |           0.548 |
|                      Loss/Loss_state_metric |           0.319 |
|             Loss/Loss_state_action_to_state |         0.00299 |
|                           Loss/Act_rep_loss |           -2.16 |
|                                   SAC/Alpha |          0.0552 |
|                              SAC/LogPi_mean |            2.08 |
|                                 SAC/Q1_mean |            74.2 |
|                                 SAC/Q2_mean |            74.2 |
|                            Norm/actor_model |             176 |
|                           Norm/critic_model |             197 |
|              Norm/state_action_metric_model |             167 |
|                     Norm/state_metric_model |             183 |
|        Norm/state_action_state_metric_model |             156 |
|                  Metric/self_state_distance |         0.00934 |
|                 Metric/cross_state_distance |            1.72 |
|           Metric/self_state_action_distance |         0.00546 |
|          Metric/cross_state_action_distance |            2.05 |
|             Metric/avg_self_state_asymmetry |               0 |
|            Metric/avg_cross_state_asymmetry |          0.0265 |
|                Metric/avg_self_sa_asymmetry |               0 |
|               Metric/avg_cross_sa_asymmetry |          0.0529 |
|  Metric/self_state_action_to_state_distance |          0.0037 |
| Metric/cross_state_action_to_state_distance |            2.03 |
|                   Metric/h_lambda_diff_self |         0.00589 |
|                  Metric/h_lambda_diff_cross |          0.0572 |
|                                 Eval/Return |             970 |
-----------------------------------------------------------------
-----------------------------------------------------------------
|                                 Train/Steps |        4.48e+06 |
|                            Loss/Loss_critic |            11.1 |
|                             Loss/Loss_actor |           -76.2 |
|                             Loss/Loss_alpha |         0.00358 |
|               Loss/Loss_state_action_metric |           0.466 |
|                      Loss/Loss_state_metric |           0.253 |
|             Loss/Loss_state_action_to_state |         0.00487 |
|                           Loss/Act_rep_loss |           -2.04 |
|                                   SAC/Alpha |          0.0546 |
|                              SAC/LogPi_mean |            1.93 |
|                                 SAC/Q1_mean |            76.1 |
|                                 SAC/Q2_mean |            76.2 |
|                            Norm/actor_model |             179 |
|                           Norm/critic_model |             200 |
|              Norm/state_action_metric_model |             170 |
|                     Norm/state_metric_model |             187 |
|        Norm/state_action_state_metric_model |             159 |
|                  Metric/self_state_distance |         0.00985 |
|                 Metric/cross_state_distance |            1.68 |
|           Metric/self_state_action_distance |          0.0107 |
|          Metric/cross_state_action_distance |            1.92 |
|             Metric/avg_self_state_asymmetry |               0 |
|            Metric/avg_cross_state_asymmetry |          0.0279 |
|                Metric/avg_self_sa_asymmetry |               0 |
|               Metric/avg_cross_sa_asymmetry |          0.0488 |
|  Metric/self_state_action_to_state_distance |         0.00703 |
| Metric/cross_state_action_to_state_distance |            1.93 |
|                   Metric/h_lambda_diff_self |         0.00878 |
|                  Metric/h_lambda_diff_cross |          0.0555 |
|                                 Eval/Return |             978 |
-----------------------------------------------------------------
-----------------------------------------------------------------
|                                 Train/Steps |        4.61e+06 |
|                            Loss/Loss_critic |              24 |
|                             Loss/Loss_actor |           -76.7 |
|                             Loss/Loss_alpha |         0.00846 |
|               Loss/Loss_state_action_metric |           0.459 |
|                      Loss/Loss_state_metric |           0.236 |
|             Loss/Loss_state_action_to_state |         0.00348 |
|                           Loss/Act_rep_loss |           -2.19 |
|                                   SAC/Alpha |          0.0538 |
|                              SAC/LogPi_mean |            1.84 |
|                                 SAC/Q1_mean |            76.8 |
|                                 SAC/Q2_mean |            76.7 |
|                            Norm/actor_model |             183 |
|                           Norm/critic_model |             203 |
|              Norm/state_action_metric_model |             174 |
|                     Norm/state_metric_model |             192 |
|        Norm/state_action_state_metric_model |             162 |
|                  Metric/self_state_distance |         0.00805 |
|                 Metric/cross_state_distance |            1.62 |
|           Metric/self_state_action_distance |         0.00588 |
|          Metric/cross_state_action_distance |            1.85 |
|             Metric/avg_self_state_asymmetry |               0 |
|            Metric/avg_cross_state_asymmetry |          0.0274 |
|                Metric/avg_self_sa_asymmetry |               0 |
|               Metric/avg_cross_sa_asymmetry |           0.046 |
|  Metric/self_state_action_to_state_distance |         0.00521 |
| Metric/cross_state_action_to_state_distance |            1.84 |
|                   Metric/h_lambda_diff_self |         0.00592 |
|                  Metric/h_lambda_diff_cross |          0.0584 |
|                                 Eval/Return |             981 |
-----------------------------------------------------------------
-----------------------------------------------------------------
|                                 Train/Steps |        4.74e+06 |
|                            Loss/Loss_critic |            15.5 |
|                             Loss/Loss_actor |           -76.7 |
|                             Loss/Loss_alpha |        -0.00568 |
|               Loss/Loss_state_action_metric |           0.448 |
|                      Loss/Loss_state_metric |           0.254 |
|             Loss/Loss_state_action_to_state |          0.0031 |
|                           Loss/Act_rep_loss |           -2.27 |
|                                   SAC/Alpha |          0.0526 |
|                              SAC/LogPi_mean |            2.11 |
|                                 SAC/Q1_mean |            76.7 |
|                                 SAC/Q2_mean |            76.7 |
|                            Norm/actor_model |             186 |
|                           Norm/critic_model |             206 |
|              Norm/state_action_metric_model |             177 |
|                     Norm/state_metric_model |             196 |
|        Norm/state_action_state_metric_model |             165 |
|                  Metric/self_state_distance |         0.00819 |
|                 Metric/cross_state_distance |            1.64 |
|           Metric/self_state_action_distance |         0.00826 |
|          Metric/cross_state_action_distance |            1.88 |
|             Metric/avg_self_state_asymmetry |               0 |
|            Metric/avg_cross_state_asymmetry |          0.0281 |
|                Metric/avg_self_sa_asymmetry |               0 |
|               Metric/avg_cross_sa_asymmetry |          0.0465 |
|  Metric/self_state_action_to_state_distance |         0.00537 |
| Metric/cross_state_action_to_state_distance |            1.88 |
|                   Metric/h_lambda_diff_self |         0.00627 |
|                  Metric/h_lambda_diff_cross |          0.0579 |
|                                 Eval/Return |             982 |
-----------------------------------------------------------------
-----------------------------------------------------------------
|                                 Train/Steps |        4.86e+06 |
|                            Loss/Loss_critic |           0.331 |
|                             Loss/Loss_actor |           -77.5 |
|                             Loss/Loss_alpha |        -0.00277 |
|               Loss/Loss_state_action_metric |           0.321 |
|                      Loss/Loss_state_metric |           0.166 |
|             Loss/Loss_state_action_to_state |         0.00552 |
|                           Loss/Act_rep_loss |           -2.04 |
|                                   SAC/Alpha |          0.0518 |
|                              SAC/LogPi_mean |            2.05 |
|                                 SAC/Q1_mean |            77.6 |
|                                 SAC/Q2_mean |            77.5 |
|                            Norm/actor_model |             190 |
|                           Norm/critic_model |             209 |
|              Norm/state_action_metric_model |             180 |
|                     Norm/state_metric_model |             201 |
|        Norm/state_action_state_metric_model |             168 |
|                  Metric/self_state_distance |         0.00838 |
|                 Metric/cross_state_distance |             1.5 |
|           Metric/self_state_action_distance |        0.000807 |
|          Metric/cross_state_action_distance |            1.71 |
|             Metric/avg_self_state_asymmetry |               0 |
|            Metric/avg_cross_state_asymmetry |           0.025 |
|                Metric/avg_self_sa_asymmetry |               0 |
|               Metric/avg_cross_sa_asymmetry |          0.0441 |
|  Metric/self_state_action_to_state_distance |         0.00441 |
| Metric/cross_state_action_to_state_distance |             1.7 |
|                   Metric/h_lambda_diff_self |         0.00417 |
|                  Metric/h_lambda_diff_cross |          0.0554 |
|                                 Eval/Return |             982 |
-----------------------------------------------------------------
-----------------------------------------------------------------
|                                 Train/Steps |        4.99e+06 |
|                            Loss/Loss_critic |           0.448 |
|                             Loss/Loss_actor |           -78.3 |
|                             Loss/Loss_alpha |         -0.0056 |
|               Loss/Loss_state_action_metric |           0.247 |
|                      Loss/Loss_state_metric |           0.144 |
|             Loss/Loss_state_action_to_state |         0.00351 |
|                           Loss/Act_rep_loss |           -1.97 |
|                                   SAC/Alpha |          0.0484 |
|                              SAC/LogPi_mean |            2.12 |
|                                 SAC/Q1_mean |            78.4 |
|                                 SAC/Q2_mean |            78.4 |
|                            Norm/actor_model |             193 |
|                           Norm/critic_model |             212 |
|              Norm/state_action_metric_model |             184 |
|                     Norm/state_metric_model |             205 |
|        Norm/state_action_state_metric_model |             171 |
|                  Metric/self_state_distance |         0.00512 |
|                 Metric/cross_state_distance |            1.44 |
|           Metric/self_state_action_distance |         0.00171 |
|          Metric/cross_state_action_distance |            1.59 |
|             Metric/avg_self_state_asymmetry |               0 |
|            Metric/avg_cross_state_asymmetry |          0.0266 |
|                Metric/avg_self_sa_asymmetry |               0 |
|               Metric/avg_cross_sa_asymmetry |          0.0425 |
|  Metric/self_state_action_to_state_distance |         0.00372 |
| Metric/cross_state_action_to_state_distance |            1.58 |
|                   Metric/h_lambda_diff_self |         0.00415 |
|                  Metric/h_lambda_diff_cross |          0.0471 |
|                                 Eval/Return |             982 |
-----------------------------------------------------------------
-----------------------------------------------------------------
|                                 Train/Steps |        5.12e+06 |
|                            Loss/Loss_critic |           0.285 |
|                             Loss/Loss_actor |             -79 |
|                             Loss/Loss_alpha |         0.00518 |
|               Loss/Loss_state_action_metric |           0.213 |
|                      Loss/Loss_state_metric |           0.126 |
|             Loss/Loss_state_action_to_state |         0.00295 |
|                           Loss/Act_rep_loss |           -2.03 |
|                                   SAC/Alpha |          0.0449 |
|                              SAC/LogPi_mean |            1.88 |
|                                 SAC/Q1_mean |            79.1 |
|                                 SAC/Q2_mean |              79 |
|                            Norm/actor_model |             196 |
|                           Norm/critic_model |             215 |
|              Norm/state_action_metric_model |             187 |
|                     Norm/state_metric_model |             210 |
|        Norm/state_action_state_metric_model |             174 |
|                  Metric/self_state_distance |         0.00646 |
|                 Metric/cross_state_distance |            1.36 |
|           Metric/self_state_action_distance |          0.0187 |
|          Metric/cross_state_action_distance |            1.51 |
|             Metric/avg_self_state_asymmetry |               0 |
|            Metric/avg_cross_state_asymmetry |          0.0214 |
|                Metric/avg_self_sa_asymmetry |               0 |
|               Metric/avg_cross_sa_asymmetry |          0.0395 |
|  Metric/self_state_action_to_state_distance |         0.00435 |
| Metric/cross_state_action_to_state_distance |             1.5 |
|                   Metric/h_lambda_diff_self |          0.0163 |
|                  Metric/h_lambda_diff_cross |          0.0445 |
|                                 Eval/Return |             986 |
-----------------------------------------------------------------
[32mSaving model …[0m
[32mDone.[0m
[32mSaving model …[0m
[32mDone.[0m
E0822 19:07:29.624781  318602 cuda_executor.cc:1526] Could not get kernel mode driver version: (INVALID_ARGUMENT: Version does not match the format X.Y.Z)
E0822 19:07:29.633127  318493 cuda_executor.cc:1526] Could not get kernel mode driver version: (INVALID_ARGUMENT: Version does not match the format X.Y.Z)
[32mStart prefilling replay buffer[0m
[32mStart SAC training[0m
-----------------------------------------------------------------
|                                 Train/Steps |        7.68e+05 |
|                            Loss/Loss_critic |        1.64e-05 |
|                             Loss/Loss_actor |          -0.658 |
|                             Loss/Loss_alpha |         0.00506 |
|               Loss/Loss_state_action_metric |        0.000469 |
|                      Loss/Loss_state_metric |         0.00262 |
|             Loss/Loss_state_action_to_state |         0.00202 |
|                           Loss/Act_rep_loss |          -0.964 |
|                                   SAC/Alpha |         0.00155 |
|                              SAC/LogPi_mean |           -1.26 |
|                                 SAC/Q1_mean |           0.659 |
|                                 SAC/Q2_mean |           0.662 |
|                            Norm/actor_model |            28.2 |
|                           Norm/critic_model |            49.1 |
|              Norm/state_action_metric_model |              34 |
|                     Norm/state_metric_model |            33.7 |
|        Norm/state_action_state_metric_model |            34.4 |
|                  Metric/self_state_distance |          0.0313 |
|                 Metric/cross_state_distance |           0.982 |
|           Metric/self_state_action_distance |         0.00304 |
|          Metric/cross_state_action_distance |               1 |
|             Metric/avg_self_state_asymmetry |               0 |
|            Metric/avg_cross_state_asymmetry |          0.0234 |
|                Metric/avg_self_sa_asymmetry |               0 |
|               Metric/avg_cross_sa_asymmetry |         0.00224 |
|  Metric/self_state_action_to_state_distance |          0.0234 |
| Metric/cross_state_action_to_state_distance |            0.98 |
|                   Metric/h_lambda_diff_self |          0.0207 |
|                  Metric/h_lambda_diff_cross |          0.0261 |
|                                 Eval/Return |               0 |
-----------------------------------------------------------------
-----------------------------------------------------------------
|                                 Train/Steps |        8.96e+05 |
|                            Loss/Loss_critic |         0.00504 |
|                             Loss/Loss_actor |          -0.573 |
|                             Loss/Loss_alpha |       -5.08e-05 |
|               Loss/Loss_state_action_metric |         0.00886 |
|                      Loss/Loss_state_metric |        0.000827 |
|             Loss/Loss_state_action_to_state |        3.68e-05 |
|                           Loss/Act_rep_loss |              -1 |
|                                   SAC/Alpha |        0.000908 |
|                              SAC/LogPi_mean |            2.06 |
|                                 SAC/Q1_mean |           0.558 |
|                                 SAC/Q2_mean |           0.556 |
|                            Norm/actor_model |            35.1 |
|                           Norm/critic_model |            58.1 |
|              Norm/state_action_metric_model |            38.4 |
|                     Norm/state_metric_model |            36.6 |
|        Norm/state_action_state_metric_model |            39.4 |
|                  Metric/self_state_distance |         0.00245 |
|                 Metric/cross_state_distance |           0.997 |
|           Metric/self_state_action_distance |         0.00178 |
|          Metric/cross_state_action_distance |           0.999 |
|             Metric/avg_self_state_asymmetry |               0 |
|            Metric/avg_cross_state_asymmetry |         0.00384 |
|                Metric/avg_self_sa_asymmetry |               0 |
|               Metric/avg_cross_sa_asymmetry |         0.00171 |
|  Metric/self_state_action_to_state_distance |         0.00727 |
| Metric/cross_state_action_to_state_distance |           0.997 |
|                   Metric/h_lambda_diff_self |         0.00564 |
|                  Metric/h_lambda_diff_cross |         0.00391 |
|                                 Eval/Return |            24.1 |
-----------------------------------------------------------------
-----------------------------------------------------------------
|                                 Train/Steps |        1.02e+06 |
|                            Loss/Loss_critic |           0.037 |
|                             Loss/Loss_actor |           -1.23 |
|                             Loss/Loss_alpha |        0.000128 |
|               Loss/Loss_state_action_metric |          0.0212 |
|                      Loss/Loss_state_metric |         0.00293 |
|             Loss/Loss_state_action_to_state |        0.000529 |
|                           Loss/Act_rep_loss |           -1.09 |
|                                   SAC/Alpha |         0.00444 |
|                              SAC/LogPi_mean |            1.97 |
|                                 SAC/Q1_mean |            1.18 |
|                                 SAC/Q2_mean |            1.18 |
|                            Norm/actor_model |            48.7 |
|                           Norm/critic_model |            75.4 |
|              Norm/state_action_metric_model |            43.7 |
|                     Norm/state_metric_model |            39.9 |
|        Norm/state_action_state_metric_model |            42.7 |
|                  Metric/self_state_distance |         0.00357 |
|                 Metric/cross_state_distance |            1.03 |
|           Metric/self_state_action_distance |         0.00605 |
|          Metric/cross_state_action_distance |            1.04 |
|             Metric/avg_self_state_asymmetry |               0 |
|            Metric/avg_cross_state_asymmetry |         0.00657 |
|                Metric/avg_self_sa_asymmetry |               0 |
|               Metric/avg_cross_sa_asymmetry |         0.00817 |
|  Metric/self_state_action_to_state_distance |         0.00402 |
| Metric/cross_state_action_to_state_distance |            1.04 |
|                   Metric/h_lambda_diff_self |         0.00395 |
|                  Metric/h_lambda_diff_cross |           0.015 |
|                                 Eval/Return |             175 |
-----------------------------------------------------------------
-----------------------------------------------------------------
|                                 Train/Steps |        1.15e+06 |
|                            Loss/Loss_critic |           0.135 |
|                             Loss/Loss_actor |           -5.81 |
|                             Loss/Loss_alpha |       -0.000173 |
|               Loss/Loss_state_action_metric |           0.168 |
|                      Loss/Loss_state_metric |          0.0776 |
|             Loss/Loss_state_action_to_state |         0.00268 |
|                           Loss/Act_rep_loss |           -1.36 |
|                                   SAC/Alpha |          0.0165 |
|                              SAC/LogPi_mean |            2.01 |
|                                 SAC/Q1_mean |            5.67 |
|                                 SAC/Q2_mean |            5.64 |
|                            Norm/actor_model |            57.3 |
|                           Norm/critic_model |            87.4 |
|              Norm/state_action_metric_model |            49.9 |
|                     Norm/state_metric_model |            45.7 |
|        Norm/state_action_state_metric_model |            48.1 |
|                  Metric/self_state_distance |          0.0104 |
|                 Metric/cross_state_distance |             1.2 |
|           Metric/self_state_action_distance |          0.0161 |
|          Metric/cross_state_action_distance |            1.28 |
|             Metric/avg_self_state_asymmetry |               0 |
|            Metric/avg_cross_state_asymmetry |          0.0151 |
|                Metric/avg_self_sa_asymmetry |               0 |
|               Metric/avg_cross_sa_asymmetry |          0.0211 |
|  Metric/self_state_action_to_state_distance |         0.00779 |
| Metric/cross_state_action_to_state_distance |            1.28 |
|                   Metric/h_lambda_diff_self |          0.0128 |
|                  Metric/h_lambda_diff_cross |          0.0317 |
|                                 Eval/Return |             651 |
-----------------------------------------------------------------
-----------------------------------------------------------------
|                                 Train/Steps |        1.28e+06 |
|                            Loss/Loss_critic |           0.267 |
|                             Loss/Loss_actor |           -15.9 |
|                             Loss/Loss_alpha |        -0.00331 |
|               Loss/Loss_state_action_metric |           0.444 |
|                      Loss/Loss_state_metric |           0.251 |
|             Loss/Loss_state_action_to_state |         0.00325 |
|                           Loss/Act_rep_loss |           -1.77 |
|                                   SAC/Alpha |          0.0396 |
|                              SAC/LogPi_mean |            2.08 |
|                                 SAC/Q1_mean |            15.6 |
|                                 SAC/Q2_mean |            15.6 |
|                            Norm/actor_model |            65.1 |
|                           Norm/critic_model |            95.4 |
|              Norm/state_action_metric_model |            55.5 |
|                     Norm/state_metric_model |            52.1 |
|        Norm/state_action_state_metric_model |            54.7 |
|                  Metric/self_state_distance |         0.00878 |
|                 Metric/cross_state_distance |            1.57 |
|           Metric/self_state_action_distance |          0.0308 |
|          Metric/cross_state_action_distance |            1.76 |
|             Metric/avg_self_state_asymmetry |               0 |
|            Metric/avg_cross_state_asymmetry |          0.0218 |
|                Metric/avg_self_sa_asymmetry |               0 |
|               Metric/avg_cross_sa_asymmetry |          0.0276 |
|  Metric/self_state_action_to_state_distance |          0.0117 |
| Metric/cross_state_action_to_state_distance |            1.77 |
|                   Metric/h_lambda_diff_self |           0.025 |
|                  Metric/h_lambda_diff_cross |          0.0429 |
|                                 Eval/Return |             951 |
-----------------------------------------------------------------
-----------------------------------------------------------------
|                                 Train/Steps |        1.41e+06 |
|                            Loss/Loss_critic |           0.307 |
|                             Loss/Loss_actor |           -28.8 |
|                             Loss/Loss_alpha |        -0.00486 |
|               Loss/Loss_state_action_metric |           0.548 |
|                      Loss/Loss_state_metric |            0.31 |
|             Loss/Loss_state_action_to_state |         0.00302 |
|                           Loss/Act_rep_loss |           -1.95 |
|                                   SAC/Alpha |          0.0514 |
|                              SAC/LogPi_mean |            2.09 |
|                                 SAC/Q1_mean |            28.4 |
|                                 SAC/Q2_mean |            28.4 |
|                            Norm/actor_model |            70.9 |
|                           Norm/critic_model |             102 |
|              Norm/state_action_metric_model |            60.6 |
|                     Norm/state_metric_model |              58 |
|        Norm/state_action_state_metric_model |            60.4 |
|                  Metric/self_state_distance |          0.0114 |
|                 Metric/cross_state_distance |            1.69 |
|           Metric/self_state_action_distance |          0.0235 |
|          Metric/cross_state_action_distance |            1.95 |
|             Metric/avg_self_state_asymmetry |               0 |
|            Metric/avg_cross_state_asymmetry |          0.0207 |
|                Metric/avg_self_sa_asymmetry |               0 |
|               Metric/avg_cross_sa_asymmetry |          0.0317 |
|  Metric/self_state_action_to_state_distance |          0.0141 |
| Metric/cross_state_action_to_state_distance |            1.95 |
|                   Metric/h_lambda_diff_self |          0.0131 |
|                  Metric/h_lambda_diff_cross |          0.0399 |
|                                 Eval/Return |             949 |
-----------------------------------------------------------------
-----------------------------------------------------------------
|                                 Train/Steps |        1.54e+06 |
|                            Loss/Loss_critic |           0.295 |
|                             Loss/Loss_actor |           -38.7 |
|                             Loss/Loss_alpha |         0.00147 |
|               Loss/Loss_state_action_metric |           0.655 |
|                      Loss/Loss_state_metric |           0.386 |
|             Loss/Loss_state_action_to_state |         0.00202 |
|                           Loss/Act_rep_loss |           -2.07 |
|                                   SAC/Alpha |          0.0566 |
|                              SAC/LogPi_mean |            1.97 |
|                                 SAC/Q1_mean |            38.2 |
|                                 SAC/Q2_mean |            38.2 |
|                            Norm/actor_model |            75.9 |
|                           Norm/critic_model |             107 |
|              Norm/state_action_metric_model |            65.7 |
|                     Norm/state_metric_model |            63.5 |
|        Norm/state_action_state_metric_model |            65.8 |
|                  Metric/self_state_distance |           0.013 |
|                 Metric/cross_state_distance |             1.8 |
|           Metric/self_state_action_distance |           0.024 |
|          Metric/cross_state_action_distance |            2.08 |
|             Metric/avg_self_state_asymmetry |               0 |
|            Metric/avg_cross_state_asymmetry |          0.0233 |
|                Metric/avg_self_sa_asymmetry |               0 |
|               Metric/avg_cross_sa_asymmetry |          0.0293 |
|  Metric/self_state_action_to_state_distance |          0.0118 |
| Metric/cross_state_action_to_state_distance |            2.09 |
|                   Metric/h_lambda_diff_self |          0.0144 |
|                  Metric/h_lambda_diff_cross |           0.039 |
|                                 Eval/Return |             960 |
-----------------------------------------------------------------
-----------------------------------------------------------------
|                                 Train/Steps |        1.66e+06 |
|                            Loss/Loss_critic |            4.98 |
|                             Loss/Loss_actor |             -47 |
|                             Loss/Loss_alpha |         0.00301 |
|               Loss/Loss_state_action_metric |           0.746 |
|                      Loss/Loss_state_metric |           0.458 |
|             Loss/Loss_state_action_to_state |         0.00227 |
|                           Loss/Act_rep_loss |           -2.13 |
|                                   SAC/Alpha |          0.0557 |
|                              SAC/LogPi_mean |            1.95 |
|                                 SAC/Q1_mean |            46.7 |
|                                 SAC/Q2_mean |            46.8 |
|                            Norm/actor_model |            80.8 |
|                           Norm/critic_model |             112 |
|              Norm/state_action_metric_model |            71.2 |
|                     Norm/state_metric_model |            68.7 |
|        Norm/state_action_state_metric_model |            71.1 |
|                  Metric/self_state_distance |          0.0138 |
|                 Metric/cross_state_distance |            1.93 |
|           Metric/self_state_action_distance |          0.0331 |
|          Metric/cross_state_action_distance |            2.22 |
|             Metric/avg_self_state_asymmetry |               0 |
|            Metric/avg_cross_state_asymmetry |          0.0198 |
|                Metric/avg_self_sa_asymmetry |               0 |
|               Metric/avg_cross_sa_asymmetry |          0.0296 |
|  Metric/self_state_action_to_state_distance |          0.0135 |
| Metric/cross_state_action_to_state_distance |            2.25 |
|                   Metric/h_lambda_diff_self |          0.0247 |
|                  Metric/h_lambda_diff_cross |          0.0472 |
|                                 Eval/Return |             965 |
-----------------------------------------------------------------
-----------------------------------------------------------------
|                                 Train/Steps |        1.79e+06 |
|                            Loss/Loss_critic |           0.147 |
|                             Loss/Loss_actor |           -52.6 |
|                             Loss/Loss_alpha |         0.00242 |
|               Loss/Loss_state_action_metric |           0.752 |
|                      Loss/Loss_state_metric |           0.469 |
|             Loss/Loss_state_action_to_state |         0.00353 |
|                           Loss/Act_rep_loss |           -2.29 |
|                                   SAC/Alpha |          0.0567 |
|                              SAC/LogPi_mean |            1.96 |
|                                 SAC/Q1_mean |            52.3 |
|                                 SAC/Q2_mean |            52.3 |
|                            Norm/actor_model |            85.3 |
|                           Norm/critic_model |             117 |
|              Norm/state_action_metric_model |            76.5 |
|                     Norm/state_metric_model |            73.7 |
|        Norm/state_action_state_metric_model |            76.1 |
|                  Metric/self_state_distance |         0.00765 |
|                 Metric/cross_state_distance |            1.96 |
|           Metric/self_state_action_distance |          0.0231 |
|          Metric/cross_state_action_distance |            2.31 |
|             Metric/avg_self_state_asymmetry |               0 |
|            Metric/avg_cross_state_asymmetry |          0.0357 |
|                Metric/avg_self_sa_asymmetry |               0 |
|               Metric/avg_cross_sa_asymmetry |          0.0325 |
|  Metric/self_state_action_to_state_distance |         0.00656 |
| Metric/cross_state_action_to_state_distance |            2.28 |
|                   Metric/h_lambda_diff_self |          0.0186 |
|                  Metric/h_lambda_diff_cross |          0.0493 |
|                                 Eval/Return |             963 |
-----------------------------------------------------------------
-----------------------------------------------------------------
|                                 Train/Steps |        1.92e+06 |
|                            Loss/Loss_critic |            8.58 |
|                             Loss/Loss_actor |           -56.9 |
|                             Loss/Loss_alpha |          0.0073 |
|               Loss/Loss_state_action_metric |           0.791 |
|                      Loss/Loss_state_metric |           0.489 |
|             Loss/Loss_state_action_to_state |         0.00307 |
|                           Loss/Act_rep_loss |            -2.3 |
|                                   SAC/Alpha |          0.0604 |
|                              SAC/LogPi_mean |            1.88 |
|                                 SAC/Q1_mean |            56.6 |
|                                 SAC/Q2_mean |            56.6 |
|                            Norm/actor_model |            89.4 |
|                           Norm/critic_model |             122 |
|              Norm/state_action_metric_model |            82.1 |
|                     Norm/state_metric_model |            78.7 |
|        Norm/state_action_state_metric_model |            80.9 |
|                  Metric/self_state_distance |         0.00927 |
|                 Metric/cross_state_distance |            1.95 |
|           Metric/self_state_action_distance |          0.0138 |
|          Metric/cross_state_action_distance |            2.35 |
|             Metric/avg_self_state_asymmetry |               0 |
|            Metric/avg_cross_state_asymmetry |          0.0279 |
|                Metric/avg_self_sa_asymmetry |               0 |
|               Metric/avg_cross_sa_asymmetry |          0.0385 |
|  Metric/self_state_action_to_state_distance |          0.0109 |
| Metric/cross_state_action_to_state_distance |            2.32 |
|                   Metric/h_lambda_diff_self |         0.00945 |
|                  Metric/h_lambda_diff_cross |          0.0555 |
|                                 Eval/Return |             959 |
-----------------------------------------------------------------
-----------------------------------------------------------------
|                                 Train/Steps |        2.05e+06 |
|                            Loss/Loss_critic |           0.124 |
|                             Loss/Loss_actor |           -60.7 |
|                             Loss/Loss_alpha |        -0.00586 |
|               Loss/Loss_state_action_metric |           0.754 |
|                      Loss/Loss_state_metric |           0.491 |
|             Loss/Loss_state_action_to_state |         0.00265 |
|                           Loss/Act_rep_loss |           -2.38 |
|                                   SAC/Alpha |          0.0554 |
|                              SAC/LogPi_mean |            2.11 |
|                                 SAC/Q1_mean |            60.4 |
|                                 SAC/Q2_mean |            60.5 |
|                            Norm/actor_model |            93.6 |
|                           Norm/critic_model |             126 |
|              Norm/state_action_metric_model |            87.8 |
|                     Norm/state_metric_model |            83.6 |
|        Norm/state_action_state_metric_model |            85.2 |
|                  Metric/self_state_distance |         0.00906 |
|                 Metric/cross_state_distance |            1.99 |
|           Metric/self_state_action_distance |          0.0202 |
|          Metric/cross_state_action_distance |            2.35 |
|             Metric/avg_self_state_asymmetry |               0 |
|            Metric/avg_cross_state_asymmetry |          0.0266 |
|                Metric/avg_self_sa_asymmetry |               0 |
|               Metric/avg_cross_sa_asymmetry |          0.0379 |
|  Metric/self_state_action_to_state_distance |          0.0128 |
| Metric/cross_state_action_to_state_distance |            2.34 |
|                   Metric/h_lambda_diff_self |          0.0161 |
|                  Metric/h_lambda_diff_cross |          0.0404 |
|                                 Eval/Return |             970 |
-----------------------------------------------------------------
-----------------------------------------------------------------
|                                 Train/Steps |        2.18e+06 |
|                            Loss/Loss_critic |            8.87 |
|                             Loss/Loss_actor |           -62.5 |
|                             Loss/Loss_alpha |        -0.00243 |
|               Loss/Loss_state_action_metric |           0.866 |
|                      Loss/Loss_state_metric |           0.523 |
|             Loss/Loss_state_action_to_state |         0.00211 |
|                           Loss/Act_rep_loss |           -2.35 |
|                                   SAC/Alpha |          0.0576 |
|                              SAC/LogPi_mean |            2.04 |
|                                 SAC/Q1_mean |            62.3 |
|                                 SAC/Q2_mean |            62.3 |
|                            Norm/actor_model |            97.4 |
|                           Norm/critic_model |             131 |
|              Norm/state_action_metric_model |            93.4 |
|                     Norm/state_metric_model |            88.4 |
|        Norm/state_action_state_metric_model |            89.2 |
|                  Metric/self_state_distance |          0.0107 |
|                 Metric/cross_state_distance |            2.11 |
|           Metric/self_state_action_distance |          0.0117 |
|          Metric/cross_state_action_distance |            2.47 |
|             Metric/avg_self_state_asymmetry |               0 |
|            Metric/avg_cross_state_asymmetry |          0.0239 |
|                Metric/avg_self_sa_asymmetry |               0 |
|               Metric/avg_cross_sa_asymmetry |          0.0326 |
|  Metric/self_state_action_to_state_distance |         0.00841 |
| Metric/cross_state_action_to_state_distance |            2.46 |
|                   Metric/h_lambda_diff_self |          0.0077 |
|                  Metric/h_lambda_diff_cross |          0.0451 |
|                                 Eval/Return |             972 |
-----------------------------------------------------------------
-----------------------------------------------------------------
|                                 Train/Steps |         2.3e+06 |
|                            Loss/Loss_critic |            21.4 |
|                             Loss/Loss_actor |           -63.9 |
|                             Loss/Loss_alpha |         0.00053 |
|               Loss/Loss_state_action_metric |           0.841 |
|                      Loss/Loss_state_metric |           0.507 |
|             Loss/Loss_state_action_to_state |         0.00218 |
|                           Loss/Act_rep_loss |           -2.43 |
|                                   SAC/Alpha |          0.0601 |
|                              SAC/LogPi_mean |            1.99 |
|                                 SAC/Q1_mean |            63.7 |
|                                 SAC/Q2_mean |            63.7 |
|                            Norm/actor_model |             101 |
|                           Norm/critic_model |             135 |
|              Norm/state_action_metric_model |            98.5 |
|                     Norm/state_metric_model |              93 |
|        Norm/state_action_state_metric_model |            92.9 |
|                  Metric/self_state_distance |           0.011 |
|                 Metric/cross_state_distance |            2.01 |
|           Metric/self_state_action_distance |           0.019 |
|          Metric/cross_state_action_distance |             2.4 |
|             Metric/avg_self_state_asymmetry |               0 |
|            Metric/avg_cross_state_asymmetry |          0.0258 |
|                Metric/avg_self_sa_asymmetry |               0 |
|               Metric/avg_cross_sa_asymmetry |          0.0346 |
|  Metric/self_state_action_to_state_distance |            0.01 |
| Metric/cross_state_action_to_state_distance |             2.4 |
|                   Metric/h_lambda_diff_self |          0.0137 |
|                  Metric/h_lambda_diff_cross |          0.0446 |
|                                 Eval/Return |             980 |
-----------------------------------------------------------------
-----------------------------------------------------------------
|                                 Train/Steps |        2.43e+06 |
|                            Loss/Loss_critic |           0.177 |
|                             Loss/Loss_actor |           -65.8 |
|                             Loss/Loss_alpha |         0.00434 |
|               Loss/Loss_state_action_metric |           0.793 |
|                      Loss/Loss_state_metric |           0.508 |
|             Loss/Loss_state_action_to_state |         0.00207 |
|                           Loss/Act_rep_loss |           -2.49 |
|                                   SAC/Alpha |          0.0588 |
|                              SAC/LogPi_mean |            1.93 |
|                                 SAC/Q1_mean |            65.6 |
|                                 SAC/Q2_mean |            65.6 |
|                            Norm/actor_model |             105 |
|                           Norm/critic_model |             139 |
|              Norm/state_action_metric_model |             104 |
|                     Norm/state_metric_model |            97.6 |
|        Norm/state_action_state_metric_model |            96.5 |
|                  Metric/self_state_distance |          0.0107 |
|                 Metric/cross_state_distance |            2.02 |
|           Metric/self_state_action_distance |          0.0191 |
|          Metric/cross_state_action_distance |            2.36 |
|             Metric/avg_self_state_asymmetry |               0 |
|            Metric/avg_cross_state_asymmetry |          0.0234 |
|                Metric/avg_self_sa_asymmetry |               0 |
|               Metric/avg_cross_sa_asymmetry |          0.0327 |
|  Metric/self_state_action_to_state_distance |         0.00705 |
| Metric/cross_state_action_to_state_distance |            2.37 |
|                   Metric/h_lambda_diff_self |          0.0175 |
|                  Metric/h_lambda_diff_cross |          0.0445 |
|                                 Eval/Return |             978 |
-----------------------------------------------------------------
-----------------------------------------------------------------
|                                 Train/Steps |        2.56e+06 |
|                            Loss/Loss_critic |              17 |
|                             Loss/Loss_actor |           -67.2 |
|                             Loss/Loss_alpha |       -0.000703 |
|               Loss/Loss_state_action_metric |           0.774 |
|                      Loss/Loss_state_metric |           0.423 |
|             Loss/Loss_state_action_to_state |         0.00274 |
|                           Loss/Act_rep_loss |           -2.48 |
|                                   SAC/Alpha |           0.059 |
|                              SAC/LogPi_mean |            2.01 |
|                                 SAC/Q1_mean |            67.1 |
|                                 SAC/Q2_mean |            67.1 |
|                            Norm/actor_model |             108 |
|                           Norm/critic_model |             143 |
|              Norm/state_action_metric_model |             108 |
|                     Norm/state_metric_model |             102 |
|        Norm/state_action_state_metric_model |            99.7 |
|                  Metric/self_state_distance |         0.00554 |
|                 Metric/cross_state_distance |            1.96 |
|           Metric/self_state_action_distance |         0.00784 |
|          Metric/cross_state_action_distance |            2.33 |
|             Metric/avg_self_state_asymmetry |               0 |
|            Metric/avg_cross_state_asymmetry |          0.0233 |
|                Metric/avg_self_sa_asymmetry |               0 |
|               Metric/avg_cross_sa_asymmetry |          0.0347 |
|  Metric/self_state_action_to_state_distance |         0.00792 |
| Metric/cross_state_action_to_state_distance |            2.31 |
|                   Metric/h_lambda_diff_self |         0.00821 |
|                  Metric/h_lambda_diff_cross |           0.047 |
|                                 Eval/Return |             980 |
-----------------------------------------------------------------
-----------------------------------------------------------------
|                                 Train/Steps |        2.69e+06 |
|                            Loss/Loss_critic |           0.217 |
|                             Loss/Loss_actor |           -68.2 |
|                             Loss/Loss_alpha |        -0.00694 |
|               Loss/Loss_state_action_metric |           0.794 |
|                      Loss/Loss_state_metric |           0.495 |
|             Loss/Loss_state_action_to_state |         0.00177 |
|                           Loss/Act_rep_loss |           -2.37 |
|                                   SAC/Alpha |           0.059 |
|                              SAC/LogPi_mean |            2.12 |
|                                 SAC/Q1_mean |            68.1 |
|                                 SAC/Q2_mean |              68 |
|                            Norm/actor_model |             111 |
|                           Norm/critic_model |             147 |
|              Norm/state_action_metric_model |             113 |
|                     Norm/state_metric_model |             107 |
|        Norm/state_action_state_metric_model |             103 |
|                  Metric/self_state_distance |         0.00687 |
|                 Metric/cross_state_distance |               2 |
|           Metric/self_state_action_distance |          0.0071 |
|          Metric/cross_state_action_distance |            2.38 |
|             Metric/avg_self_state_asymmetry |               0 |
|            Metric/avg_cross_state_asymmetry |          0.0233 |
|                Metric/avg_self_sa_asymmetry |               0 |
|               Metric/avg_cross_sa_asymmetry |          0.0345 |
|  Metric/self_state_action_to_state_distance |         0.00804 |
| Metric/cross_state_action_to_state_distance |            2.39 |
|                   Metric/h_lambda_diff_self |         0.00521 |
|                  Metric/h_lambda_diff_cross |          0.0444 |
|                                 Eval/Return |             980 |
-----------------------------------------------------------------
-----------------------------------------------------------------
|                                 Train/Steps |        2.82e+06 |
|                            Loss/Loss_critic |           0.218 |
|                             Loss/Loss_actor |           -68.1 |
|                             Loss/Loss_alpha |         0.00807 |
|               Loss/Loss_state_action_metric |           0.784 |
|                      Loss/Loss_state_metric |           0.496 |
|             Loss/Loss_state_action_to_state |         0.00183 |
|                           Loss/Act_rep_loss |           -2.41 |
|                                   SAC/Alpha |          0.0598 |
|                              SAC/LogPi_mean |            1.87 |
|                                 SAC/Q1_mean |              68 |
|                                 SAC/Q2_mean |            67.9 |
|                            Norm/actor_model |             115 |
|                           Norm/critic_model |             152 |
|              Norm/state_action_metric_model |             117 |
|                     Norm/state_metric_model |             111 |
|        Norm/state_action_state_metric_model |             106 |
|                  Metric/self_state_distance |         0.00707 |
|                 Metric/cross_state_distance |            1.99 |
|           Metric/self_state_action_distance |         0.00875 |
|          Metric/cross_state_action_distance |            2.35 |
|             Metric/avg_self_state_asymmetry |               0 |
|            Metric/avg_cross_state_asymmetry |          0.0255 |
|                Metric/avg_self_sa_asymmetry |               0 |
|               Metric/avg_cross_sa_asymmetry |          0.0329 |
|  Metric/self_state_action_to_state_distance |         0.00796 |
| Metric/cross_state_action_to_state_distance |            2.36 |
|                   Metric/h_lambda_diff_self |         0.00658 |
|                  Metric/h_lambda_diff_cross |          0.0428 |
|                                 Eval/Return |             982 |
-----------------------------------------------------------------
-----------------------------------------------------------------
|                                 Train/Steps |        2.94e+06 |
|                            Loss/Loss_critic |            10.4 |
|                             Loss/Loss_actor |             -69 |
|                             Loss/Loss_alpha |          0.0019 |
|               Loss/Loss_state_action_metric |           0.747 |
|                      Loss/Loss_state_metric |            0.48 |
|             Loss/Loss_state_action_to_state |         0.00199 |
|                           Loss/Act_rep_loss |           -2.34 |
|                                   SAC/Alpha |          0.0595 |
|                              SAC/LogPi_mean |            1.97 |
|                                 SAC/Q1_mean |            68.9 |
|                                 SAC/Q2_mean |            68.8 |
|                            Norm/actor_model |             118 |
|                           Norm/critic_model |             155 |
|              Norm/state_action_metric_model |             121 |
|                     Norm/state_metric_model |             115 |
|        Norm/state_action_state_metric_model |             109 |
|                  Metric/self_state_distance |         0.00699 |
|                 Metric/cross_state_distance |            1.95 |
|           Metric/self_state_action_distance |          0.0111 |
|          Metric/cross_state_action_distance |             2.3 |
|             Metric/avg_self_state_asymmetry |               0 |
|            Metric/avg_cross_state_asymmetry |          0.0258 |
|                Metric/avg_self_sa_asymmetry |               0 |
|               Metric/avg_cross_sa_asymmetry |          0.0303 |
|  Metric/self_state_action_to_state_distance |         0.00682 |
| Metric/cross_state_action_to_state_distance |            2.31 |
|                   Metric/h_lambda_diff_self |         0.00884 |
|                  Metric/h_lambda_diff_cross |          0.0381 |
|                                 Eval/Return |             980 |
-----------------------------------------------------------------
-----------------------------------------------------------------
|                                 Train/Steps |        3.07e+06 |
|                            Loss/Loss_critic |           0.126 |
|                             Loss/Loss_actor |           -69.7 |
|                             Loss/Loss_alpha |        -0.00197 |
|               Loss/Loss_state_action_metric |           0.728 |
|                      Loss/Loss_state_metric |           0.472 |
|             Loss/Loss_state_action_to_state |         0.00224 |
|                           Loss/Act_rep_loss |           -2.29 |
|                                   SAC/Alpha |          0.0564 |
|                              SAC/LogPi_mean |            2.03 |
|                                 SAC/Q1_mean |            69.6 |
|                                 SAC/Q2_mean |            69.6 |
|                            Norm/actor_model |             121 |
|                           Norm/critic_model |             159 |
|              Norm/state_action_metric_model |             125 |
|                     Norm/state_metric_model |             120 |
|        Norm/state_action_state_metric_model |             112 |
|                  Metric/self_state_distance |         0.00759 |
|                 Metric/cross_state_distance |            1.92 |
|           Metric/self_state_action_distance |          0.0143 |
|          Metric/cross_state_action_distance |            2.27 |
|             Metric/avg_self_state_asymmetry |               0 |
|            Metric/avg_cross_state_asymmetry |          0.0235 |
|                Metric/avg_self_sa_asymmetry |               0 |
|               Metric/avg_cross_sa_asymmetry |          0.0312 |
|  Metric/self_state_action_to_state_distance |         0.00405 |
| Metric/cross_state_action_to_state_distance |            2.26 |
|                   Metric/h_lambda_diff_self |           0.012 |
|                  Metric/h_lambda_diff_cross |          0.0358 |
|                                 Eval/Return |             985 |
-----------------------------------------------------------------
-----------------------------------------------------------------
|                                 Train/Steps |         3.2e+06 |
|                            Loss/Loss_critic |           0.175 |
|                             Loss/Loss_actor |           -70.5 |
|                             Loss/Loss_alpha |        -0.00464 |
|               Loss/Loss_state_action_metric |           0.685 |
|                      Loss/Loss_state_metric |           0.429 |
|             Loss/Loss_state_action_to_state |         0.00178 |
|                           Loss/Act_rep_loss |           -2.36 |
|                                   SAC/Alpha |           0.061 |
|                              SAC/LogPi_mean |            2.08 |
|                                 SAC/Q1_mean |            70.4 |
|                                 SAC/Q2_mean |            70.4 |
|                            Norm/actor_model |             124 |
|                           Norm/critic_model |             163 |
|              Norm/state_action_metric_model |             130 |
|                     Norm/state_metric_model |             124 |
|        Norm/state_action_state_metric_model |             115 |
|                  Metric/self_state_distance |          0.0107 |
|                 Metric/cross_state_distance |            1.87 |
|           Metric/self_state_action_distance |          0.0163 |
|          Metric/cross_state_action_distance |             2.2 |
|             Metric/avg_self_state_asymmetry |               0 |
|            Metric/avg_cross_state_asymmetry |          0.0247 |
|                Metric/avg_self_sa_asymmetry |               0 |
|               Metric/avg_cross_sa_asymmetry |          0.0335 |
|  Metric/self_state_action_to_state_distance |          0.0114 |
| Metric/cross_state_action_to_state_distance |             2.2 |
|                   Metric/h_lambda_diff_self |          0.0143 |
|                  Metric/h_lambda_diff_cross |          0.0408 |
|                                 Eval/Return |             983 |
-----------------------------------------------------------------
-----------------------------------------------------------------
|                                 Train/Steps |        3.33e+06 |
|                            Loss/Loss_critic |            23.5 |
|                             Loss/Loss_actor |             -71 |
|                             Loss/Loss_alpha |       -0.000528 |
|               Loss/Loss_state_action_metric |           0.732 |
|                      Loss/Loss_state_metric |           0.423 |
|             Loss/Loss_state_action_to_state |         0.00188 |
|                           Loss/Act_rep_loss |           -2.42 |
|                                   SAC/Alpha |          0.0569 |
|                              SAC/LogPi_mean |            2.01 |
|                                 SAC/Q1_mean |            70.9 |
|                                 SAC/Q2_mean |            70.9 |
|                            Norm/actor_model |             127 |
|                           Norm/critic_model |             167 |
|              Norm/state_action_metric_model |             134 |
|                     Norm/state_metric_model |             128 |
|        Norm/state_action_state_metric_model |             118 |
|                  Metric/self_state_distance |         0.00684 |
|                 Metric/cross_state_distance |            1.89 |
|           Metric/self_state_action_distance |         0.00604 |
|          Metric/cross_state_action_distance |             2.2 |
|             Metric/avg_self_state_asymmetry |               0 |
|            Metric/avg_cross_state_asymmetry |           0.027 |
|                Metric/avg_self_sa_asymmetry |               0 |
|               Metric/avg_cross_sa_asymmetry |          0.0308 |
|  Metric/self_state_action_to_state_distance |         0.00543 |
| Metric/cross_state_action_to_state_distance |            2.22 |
|                   Metric/h_lambda_diff_self |          0.0049 |
|                  Metric/h_lambda_diff_cross |          0.0378 |
|                                 Eval/Return |             986 |
-----------------------------------------------------------------
-----------------------------------------------------------------
|                                 Train/Steps |        3.46e+06 |
|                            Loss/Loss_critic |            23.3 |
|                             Loss/Loss_actor |           -71.1 |
|                             Loss/Loss_alpha |         0.00015 |
|               Loss/Loss_state_action_metric |           0.763 |
|                      Loss/Loss_state_metric |           0.438 |
|             Loss/Loss_state_action_to_state |         0.00251 |
|                           Loss/Act_rep_loss |           -2.25 |
|                                   SAC/Alpha |          0.0596 |
|                              SAC/LogPi_mean |               2 |
|                                 SAC/Q1_mean |              71 |
|                                 SAC/Q2_mean |              71 |
|                            Norm/actor_model |             130 |
|                           Norm/critic_model |             171 |
|              Norm/state_action_metric_model |             137 |
|                     Norm/state_metric_model |             131 |
|        Norm/state_action_state_metric_model |             121 |
|                  Metric/self_state_distance |         0.00748 |
|                 Metric/cross_state_distance |            1.96 |
|           Metric/self_state_action_distance |         0.00628 |
|          Metric/cross_state_action_distance |            2.31 |
|             Metric/avg_self_state_asymmetry |               0 |
|            Metric/avg_cross_state_asymmetry |          0.0203 |
|                Metric/avg_self_sa_asymmetry |               0 |
|               Metric/avg_cross_sa_asymmetry |          0.0307 |
|  Metric/self_state_action_to_state_distance |         0.00697 |
| Metric/cross_state_action_to_state_distance |            2.29 |
|                   Metric/h_lambda_diff_self |         0.00746 |
|                  Metric/h_lambda_diff_cross |          0.0386 |
|                                 Eval/Return |             979 |
-----------------------------------------------------------------
-----------------------------------------------------------------
|                                 Train/Steps |        3.58e+06 |
|                            Loss/Loss_critic |           0.158 |
|                             Loss/Loss_actor |           -71.6 |
|                             Loss/Loss_alpha |        -0.00819 |
|               Loss/Loss_state_action_metric |            0.74 |
|                      Loss/Loss_state_metric |            0.48 |
|             Loss/Loss_state_action_to_state |         0.00411 |
|                           Loss/Act_rep_loss |           -2.29 |
|                                   SAC/Alpha |          0.0622 |
|                              SAC/LogPi_mean |            2.13 |
|                                 SAC/Q1_mean |            71.5 |
|                                 SAC/Q2_mean |            71.5 |
|                            Norm/actor_model |             132 |
|                           Norm/critic_model |             174 |
|              Norm/state_action_metric_model |             141 |
|                     Norm/state_metric_model |             135 |
|        Norm/state_action_state_metric_model |             124 |
|                  Metric/self_state_distance |         0.00553 |
|                 Metric/cross_state_distance |            1.97 |
|           Metric/self_state_action_distance |           0.013 |
|          Metric/cross_state_action_distance |            2.29 |
|             Metric/avg_self_state_asymmetry |               0 |
|            Metric/avg_cross_state_asymmetry |          0.0293 |
|                Metric/avg_self_sa_asymmetry |               0 |
|               Metric/avg_cross_sa_asymmetry |          0.0336 |
|  Metric/self_state_action_to_state_distance |         0.00459 |
| Metric/cross_state_action_to_state_distance |             2.3 |
|                   Metric/h_lambda_diff_self |          0.0111 |
|                  Metric/h_lambda_diff_cross |          0.0446 |
|                                 Eval/Return |             986 |
-----------------------------------------------------------------
-----------------------------------------------------------------
|                                 Train/Steps |        3.71e+06 |
|                            Loss/Loss_critic |           0.203 |
|                             Loss/Loss_actor |             -72 |
|                             Loss/Loss_alpha |         0.00831 |
|               Loss/Loss_state_action_metric |           0.693 |
|                      Loss/Loss_state_metric |           0.422 |
|             Loss/Loss_state_action_to_state |         0.00235 |
|                           Loss/Act_rep_loss |           -2.42 |
|                                   SAC/Alpha |          0.0555 |
|                              SAC/LogPi_mean |            1.85 |
|                                 SAC/Q1_mean |              72 |
|                                 SAC/Q2_mean |              72 |
|                            Norm/actor_model |             135 |
|                           Norm/critic_model |             178 |
|              Norm/state_action_metric_model |             145 |
|                     Norm/state_metric_model |             139 |
|        Norm/state_action_state_metric_model |             127 |
|                  Metric/self_state_distance |         0.00675 |
|                 Metric/cross_state_distance |            1.89 |
|           Metric/self_state_action_distance |         0.00691 |
|          Metric/cross_state_action_distance |            2.19 |
|             Metric/avg_self_state_asymmetry |               0 |
|            Metric/avg_cross_state_asymmetry |          0.0229 |
|                Metric/avg_self_sa_asymmetry |               0 |
|               Metric/avg_cross_sa_asymmetry |          0.0321 |
|  Metric/self_state_action_to_state_distance |         0.00973 |
| Metric/cross_state_action_to_state_distance |             2.2 |
|                   Metric/h_lambda_diff_self |          0.0122 |
|                  Metric/h_lambda_diff_cross |          0.0383 |
|                                 Eval/Return |             984 |
-----------------------------------------------------------------
-----------------------------------------------------------------
|                                 Train/Steps |        3.84e+06 |
|                            Loss/Loss_critic |            0.18 |
|                             Loss/Loss_actor |           -73.1 |
|                             Loss/Loss_alpha |           0.002 |
|               Loss/Loss_state_action_metric |           0.714 |
|                      Loss/Loss_state_metric |           0.461 |
|             Loss/Loss_state_action_to_state |         0.00172 |
|                           Loss/Act_rep_loss |           -2.36 |
|                                   SAC/Alpha |          0.0554 |
|                              SAC/LogPi_mean |            1.96 |
|                                 SAC/Q1_mean |              73 |
|                                 SAC/Q2_mean |              73 |
|                            Norm/actor_model |             138 |
|                           Norm/critic_model |             181 |
|              Norm/state_action_metric_model |             148 |
|                     Norm/state_metric_model |             143 |
|        Norm/state_action_state_metric_model |             130 |
|                  Metric/self_state_distance |         0.00624 |
|                 Metric/cross_state_distance |            1.92 |
|           Metric/self_state_action_distance |          0.0179 |
|          Metric/cross_state_action_distance |            2.24 |
|             Metric/avg_self_state_asymmetry |               0 |
|            Metric/avg_cross_state_asymmetry |          0.0195 |
|                Metric/avg_self_sa_asymmetry |               0 |
|               Metric/avg_cross_sa_asymmetry |           0.027 |
|  Metric/self_state_action_to_state_distance |         0.00427 |
| Metric/cross_state_action_to_state_distance |            2.23 |
|                   Metric/h_lambda_diff_self |          0.0169 |
|                  Metric/h_lambda_diff_cross |          0.0389 |
|                                 Eval/Return |             989 |
-----------------------------------------------------------------
[32mSaving model …[0m
[32mDone.[0m
[32mSaving model …[0m
[32mDone.[0m
-----------------------------------------------------------------
|                                 Train/Steps |        3.97e+06 |
|                            Loss/Loss_critic |            23.4 |
|                             Loss/Loss_actor |           -72.6 |
|                             Loss/Loss_alpha |         0.00182 |
|               Loss/Loss_state_action_metric |           0.717 |
|                      Loss/Loss_state_metric |           0.447 |
|             Loss/Loss_state_action_to_state |         0.00152 |
|                           Loss/Act_rep_loss |           -2.45 |
|                                   SAC/Alpha |          0.0576 |
|                              SAC/LogPi_mean |            1.97 |
|                                 SAC/Q1_mean |            72.6 |
|                                 SAC/Q2_mean |            72.6 |
|                            Norm/actor_model |             140 |
|                           Norm/critic_model |             185 |
|              Norm/state_action_metric_model |             151 |
|                     Norm/state_metric_model |             146 |
|        Norm/state_action_state_metric_model |             133 |
|                  Metric/self_state_distance |         0.00684 |
|                 Metric/cross_state_distance |            1.88 |
|           Metric/self_state_action_distance |           0.012 |
|          Metric/cross_state_action_distance |            2.21 |
|             Metric/avg_self_state_asymmetry |               0 |
|            Metric/avg_cross_state_asymmetry |           0.022 |
|                Metric/avg_self_sa_asymmetry |               0 |
|               Metric/avg_cross_sa_asymmetry |           0.028 |
|  Metric/self_state_action_to_state_distance |         0.00738 |
| Metric/cross_state_action_to_state_distance |            2.21 |
|                   Metric/h_lambda_diff_self |          0.0125 |
|                  Metric/h_lambda_diff_cross |          0.0352 |
|                                 Eval/Return |             986 |
-----------------------------------------------------------------
-----------------------------------------------------------------
|                                 Train/Steps |         4.1e+06 |
|                            Loss/Loss_critic |           0.181 |
|                             Loss/Loss_actor |           -72.9 |
|                             Loss/Loss_alpha |       -0.000655 |
|               Loss/Loss_state_action_metric |           0.702 |
|                      Loss/Loss_state_metric |           0.437 |
|             Loss/Loss_state_action_to_state |         0.00206 |
|                           Loss/Act_rep_loss |            -2.4 |
|                                   SAC/Alpha |          0.0566 |
|                              SAC/LogPi_mean |            2.01 |
|                                 SAC/Q1_mean |            72.9 |
|                                 SAC/Q2_mean |            72.8 |
|                            Norm/actor_model |             143 |
|                           Norm/critic_model |             188 |
|              Norm/state_action_metric_model |             154 |
|                     Norm/state_metric_model |             149 |
|        Norm/state_action_state_metric_model |             136 |
|                  Metric/self_state_distance |         0.00596 |
|                 Metric/cross_state_distance |            1.91 |
|           Metric/self_state_action_distance |         0.00673 |
|          Metric/cross_state_action_distance |            2.22 |
|             Metric/avg_self_state_asymmetry |               0 |
|            Metric/avg_cross_state_asymmetry |          0.0264 |
|                Metric/avg_self_sa_asymmetry |               0 |
|               Metric/avg_cross_sa_asymmetry |          0.0302 |
|  Metric/self_state_action_to_state_distance |         0.00581 |
| Metric/cross_state_action_to_state_distance |            2.22 |
|                   Metric/h_lambda_diff_self |         0.00542 |
|                  Metric/h_lambda_diff_cross |          0.0356 |
|                                 Eval/Return |             983 |
-----------------------------------------------------------------
-----------------------------------------------------------------
|                                 Train/Steps |        4.22e+06 |
|                            Loss/Loss_critic |          0.0929 |
|                             Loss/Loss_actor |           -73.6 |
|                             Loss/Loss_alpha |         0.00188 |
|               Loss/Loss_state_action_metric |           0.615 |
|                      Loss/Loss_state_metric |           0.377 |
|             Loss/Loss_state_action_to_state |         0.00217 |
|                           Loss/Act_rep_loss |           -2.31 |
|                                   SAC/Alpha |          0.0567 |
|                              SAC/LogPi_mean |            1.97 |
|                                 SAC/Q1_mean |            73.5 |
|                                 SAC/Q2_mean |            73.5 |
|                            Norm/actor_model |             146 |
|                           Norm/critic_model |             191 |
|              Norm/state_action_metric_model |             157 |
|                     Norm/state_metric_model |             153 |
|        Norm/state_action_state_metric_model |             139 |
|                  Metric/self_state_distance |         0.00438 |
|                 Metric/cross_state_distance |             1.8 |
|           Metric/self_state_action_distance |         0.00967 |
|          Metric/cross_state_action_distance |             2.1 |
|             Metric/avg_self_state_asymmetry |               0 |
|            Metric/avg_cross_state_asymmetry |          0.0273 |
|                Metric/avg_self_sa_asymmetry |               0 |
|               Metric/avg_cross_sa_asymmetry |          0.0345 |
|  Metric/self_state_action_to_state_distance |         0.00646 |
| Metric/cross_state_action_to_state_distance |            2.08 |
|                   Metric/h_lambda_diff_self |           0.008 |
|                  Metric/h_lambda_diff_cross |          0.0393 |
|                                 Eval/Return |             986 |
-----------------------------------------------------------------
-----------------------------------------------------------------
|                                 Train/Steps |        4.35e+06 |
|                            Loss/Loss_critic |           0.139 |
|                             Loss/Loss_actor |           -74.6 |
|                             Loss/Loss_alpha |         0.00262 |
|               Loss/Loss_state_action_metric |           0.569 |
|                      Loss/Loss_state_metric |           0.349 |
|             Loss/Loss_state_action_to_state |         0.00173 |
|                           Loss/Act_rep_loss |           -2.36 |
|                                   SAC/Alpha |          0.0555 |
|                              SAC/LogPi_mean |            1.95 |
|                                 SAC/Q1_mean |            74.5 |
|                                 SAC/Q2_mean |            74.5 |
|                            Norm/actor_model |             148 |
|                           Norm/critic_model |             195 |
|              Norm/state_action_metric_model |             161 |
|                     Norm/state_metric_model |             156 |
|        Norm/state_action_state_metric_model |             142 |
|                  Metric/self_state_distance |         0.00674 |
|                 Metric/cross_state_distance |            1.75 |
|           Metric/self_state_action_distance |         0.00748 |
|          Metric/cross_state_action_distance |               2 |
|             Metric/avg_self_state_asymmetry |               0 |
|            Metric/avg_cross_state_asymmetry |          0.0226 |
|                Metric/avg_self_sa_asymmetry |               0 |
|               Metric/avg_cross_sa_asymmetry |          0.0295 |
|  Metric/self_state_action_to_state_distance |         0.00424 |
| Metric/cross_state_action_to_state_distance |               2 |
|                   Metric/h_lambda_diff_self |         0.00779 |
|                  Metric/h_lambda_diff_cross |          0.0348 |
|                                 Eval/Return |             985 |
-----------------------------------------------------------------
-----------------------------------------------------------------
|                                 Train/Steps |        4.48e+06 |
|                            Loss/Loss_critic |            16.5 |
|                             Loss/Loss_actor |           -75.9 |
|                             Loss/Loss_alpha |         0.00879 |
|               Loss/Loss_state_action_metric |           0.456 |
|                      Loss/Loss_state_metric |           0.266 |
|             Loss/Loss_state_action_to_state |         0.00266 |
|                           Loss/Act_rep_loss |           -2.33 |
|                                   SAC/Alpha |          0.0545 |
|                              SAC/LogPi_mean |            1.84 |
|                                 SAC/Q1_mean |            75.9 |
|                                 SAC/Q2_mean |            75.9 |
|                            Norm/actor_model |             151 |
|                           Norm/critic_model |             198 |
|              Norm/state_action_metric_model |             164 |
|                     Norm/state_metric_model |             160 |
|        Norm/state_action_state_metric_model |             145 |
|                  Metric/self_state_distance |         0.00544 |
|                 Metric/cross_state_distance |            1.58 |
|           Metric/self_state_action_distance |         0.00873 |
|          Metric/cross_state_action_distance |            1.77 |
|             Metric/avg_self_state_asymmetry |               0 |
|            Metric/avg_cross_state_asymmetry |          0.0233 |
|                Metric/avg_self_sa_asymmetry |               0 |
|               Metric/avg_cross_sa_asymmetry |          0.0272 |
|  Metric/self_state_action_to_state_distance |          0.0111 |
| Metric/cross_state_action_to_state_distance |            1.77 |
|                   Metric/h_lambda_diff_self |          0.0135 |
|                  Metric/h_lambda_diff_cross |          0.0356 |
|                                 Eval/Return |             982 |
-----------------------------------------------------------------
-----------------------------------------------------------------
|                                 Train/Steps |        4.61e+06 |
|                            Loss/Loss_critic |            23.6 |
|                             Loss/Loss_actor |           -75.9 |
|                             Loss/Loss_alpha |        -0.00481 |
|               Loss/Loss_state_action_metric |           0.454 |
|                      Loss/Loss_state_metric |           0.264 |
|             Loss/Loss_state_action_to_state |         0.00217 |
|                           Loss/Act_rep_loss |           -2.36 |
|                                   SAC/Alpha |          0.0592 |
|                              SAC/LogPi_mean |            2.08 |
|                                 SAC/Q1_mean |              76 |
|                                 SAC/Q2_mean |              76 |
|                            Norm/actor_model |             154 |
|                           Norm/critic_model |             202 |
|              Norm/state_action_metric_model |             166 |
|                     Norm/state_metric_model |             163 |
|        Norm/state_action_state_metric_model |             148 |
|                  Metric/self_state_distance |         0.00674 |
|                 Metric/cross_state_distance |            1.57 |
|           Metric/self_state_action_distance |         0.00239 |
|          Metric/cross_state_action_distance |            1.79 |
|             Metric/avg_self_state_asymmetry |               0 |
|            Metric/avg_cross_state_asymmetry |          0.0222 |
|                Metric/avg_self_sa_asymmetry |               0 |
|               Metric/avg_cross_sa_asymmetry |          0.0311 |
|  Metric/self_state_action_to_state_distance |         0.00445 |
| Metric/cross_state_action_to_state_distance |            1.77 |
|                   Metric/h_lambda_diff_self |         0.00374 |
|                  Metric/h_lambda_diff_cross |          0.0364 |
|                                 Eval/Return |             986 |
-----------------------------------------------------------------
-----------------------------------------------------------------
|                                 Train/Steps |        4.74e+06 |
|                            Loss/Loss_critic |            20.1 |
|                             Loss/Loss_actor |           -75.8 |
|                             Loss/Loss_alpha |       -0.000871 |
|               Loss/Loss_state_action_metric |           0.481 |
|                      Loss/Loss_state_metric |           0.256 |
|             Loss/Loss_state_action_to_state |         0.00283 |
|                           Loss/Act_rep_loss |           -2.22 |
|                                   SAC/Alpha |          0.0557 |
|                              SAC/LogPi_mean |            2.02 |
|                                 SAC/Q1_mean |            75.9 |
|                                 SAC/Q2_mean |            75.9 |
|                            Norm/actor_model |             156 |
|                           Norm/critic_model |             205 |
|              Norm/state_action_metric_model |             169 |
|                     Norm/state_metric_model |             166 |
|        Norm/state_action_state_metric_model |             151 |
|                  Metric/self_state_distance |         0.00798 |
|                 Metric/cross_state_distance |            1.59 |
|           Metric/self_state_action_distance |         0.00307 |
|          Metric/cross_state_action_distance |            1.81 |
|             Metric/avg_self_state_asymmetry |               0 |
|            Metric/avg_cross_state_asymmetry |          0.0218 |
|                Metric/avg_self_sa_asymmetry |               0 |
|               Metric/avg_cross_sa_asymmetry |           0.035 |
|  Metric/self_state_action_to_state_distance |         0.00794 |
| Metric/cross_state_action_to_state_distance |            1.78 |
|                   Metric/h_lambda_diff_self |         0.00768 |
|                  Metric/h_lambda_diff_cross |          0.0488 |
|                                 Eval/Return |             988 |
-----------------------------------------------------------------
-----------------------------------------------------------------
|                                 Train/Steps |        4.86e+06 |
|                            Loss/Loss_critic |          0.0652 |
|                             Loss/Loss_actor |           -77.5 |
|                             Loss/Loss_alpha |        0.000811 |
|               Loss/Loss_state_action_metric |           0.282 |
|                      Loss/Loss_state_metric |           0.171 |
|             Loss/Loss_state_action_to_state |         0.00195 |
|                           Loss/Act_rep_loss |           -2.24 |
|                                   SAC/Alpha |          0.0573 |
|                              SAC/LogPi_mean |            1.99 |
|                                 SAC/Q1_mean |            77.5 |
|                                 SAC/Q2_mean |            77.5 |
|                            Norm/actor_model |             159 |
|                           Norm/critic_model |             208 |
|              Norm/state_action_metric_model |             171 |
|                     Norm/state_metric_model |             170 |
|        Norm/state_action_state_metric_model |             154 |
|                  Metric/self_state_distance |         0.00706 |
|                 Metric/cross_state_distance |            1.41 |
|           Metric/self_state_action_distance |         0.00176 |
|          Metric/cross_state_action_distance |            1.55 |
|             Metric/avg_self_state_asymmetry |               0 |
|            Metric/avg_cross_state_asymmetry |          0.0222 |
|                Metric/avg_self_sa_asymmetry |               0 |
|               Metric/avg_cross_sa_asymmetry |          0.0372 |
|  Metric/self_state_action_to_state_distance |         0.00634 |
| Metric/cross_state_action_to_state_distance |            1.55 |
|                   Metric/h_lambda_diff_self |         0.00649 |
|                  Metric/h_lambda_diff_cross |          0.0389 |
|                                 Eval/Return |             989 |
-----------------------------------------------------------------
-----------------------------------------------------------------
|                                 Train/Steps |        4.99e+06 |
|                            Loss/Loss_critic |          0.0771 |
|                             Loss/Loss_actor |           -78.2 |
|                             Loss/Loss_alpha |       -0.000422 |
|               Loss/Loss_state_action_metric |           0.157 |
|                      Loss/Loss_state_metric |          0.0889 |
|             Loss/Loss_state_action_to_state |         0.00161 |
|                           Loss/Act_rep_loss |           -2.05 |
|                                   SAC/Alpha |          0.0546 |
|                              SAC/LogPi_mean |            2.01 |
|                                 SAC/Q1_mean |            78.3 |
|                                 SAC/Q2_mean |            78.3 |
|                            Norm/actor_model |             161 |
|                           Norm/critic_model |             211 |
|              Norm/state_action_metric_model |             174 |
|                     Norm/state_metric_model |             173 |
|        Norm/state_action_state_metric_model |             157 |
|                  Metric/self_state_distance |          0.0058 |
|                 Metric/cross_state_distance |            1.27 |
|           Metric/self_state_action_distance |         0.00248 |
|          Metric/cross_state_action_distance |            1.36 |
|             Metric/avg_self_state_asymmetry |               0 |
|            Metric/avg_cross_state_asymmetry |          0.0179 |
|                Metric/avg_self_sa_asymmetry |               0 |
|               Metric/avg_cross_sa_asymmetry |          0.0265 |
|  Metric/self_state_action_to_state_distance |           0.006 |
| Metric/cross_state_action_to_state_distance |            1.37 |
|                   Metric/h_lambda_diff_self |         0.00508 |
|                  Metric/h_lambda_diff_cross |          0.0374 |
|                                 Eval/Return |             986 |
-----------------------------------------------------------------
-----------------------------------------------------------------
|                                 Train/Steps |        5.12e+06 |
|                            Loss/Loss_critic |          0.0541 |
|                             Loss/Loss_actor |           -78.2 |
|                             Loss/Loss_alpha |         0.00269 |
|               Loss/Loss_state_action_metric |            0.12 |
|                      Loss/Loss_state_metric |           0.067 |
|             Loss/Loss_state_action_to_state |          0.0018 |
|                           Loss/Act_rep_loss |           -2.06 |
|                                   SAC/Alpha |          0.0563 |
|                              SAC/LogPi_mean |            1.95 |
|                                 SAC/Q1_mean |            78.3 |
|                                 SAC/Q2_mean |            78.3 |
|                            Norm/actor_model |             163 |
|                           Norm/critic_model |             214 |
|              Norm/state_action_metric_model |             177 |
|                     Norm/state_metric_model |             176 |
|        Norm/state_action_state_metric_model |             161 |
|                  Metric/self_state_distance |         0.00815 |
|                 Metric/cross_state_distance |             1.2 |
|           Metric/self_state_action_distance |         0.00206 |
|          Metric/cross_state_action_distance |             1.3 |
|             Metric/avg_self_state_asymmetry |               0 |
|            Metric/avg_cross_state_asymmetry |          0.0148 |
|                Metric/avg_self_sa_asymmetry |               0 |
|               Metric/avg_cross_sa_asymmetry |           0.026 |
|  Metric/self_state_action_to_state_distance |         0.00553 |
| Metric/cross_state_action_to_state_distance |            1.27 |
|                   Metric/h_lambda_diff_self |         0.00515 |
|                  Metric/h_lambda_diff_cross |          0.0416 |
|                                 Eval/Return |             984 |
-----------------------------------------------------------------
[32mSaving model …[0m
[32mDone.[0m
[32mSaving model …[0m
[32mDone.[0m
