E0901 12:52:14.348255 1047361 cuda_executor.cc:1526] Could not get kernel mode driver version: (INVALID_ARGUMENT: Version does not match the format X.Y.Z)
E0901 12:52:14.356762 1047252 cuda_executor.cc:1526] Could not get kernel mode driver version: (INVALID_ARGUMENT: Version does not match the format X.Y.Z)
[32mStart prefilling replay buffer[0m
[32mStart SAC training[0m
[32m{'log_freq': 1000, 'save_freq': 1000000, 'eval_episode_freq': 10, 'hidden_size': 256, 'lr': 0.001, 'max_grad_norm': 0.0, 'gamma': 0.99, 'update_tau': 0.005, 'train_per_step': 8, 'episode_length': 1000, 'warmup_samples': 8192, 'max_replay_size': 4000000, 'batch_size': 512, 'total_env_steps': 5000000, 'init_temperature': 0.1, 'nstep': 3, 'bootstrap_on_truncation': True, 'rep_lr_scale': 1.5, 'vis_feq': 100000, 'n_vis_frames': 4, 'num_envs': 128, 'grad_steps': 50, 'transfer_freq': 10, 'transfer_steps': 8, 'reward_scaling': 1.0, 'num_eval_envs': 128, 'target_entropy': -1.0}[0m
[32m[nstep] nstep=3 bootstrap_on_truncation=True (discount from the buffer already contains gamma^nstep)[0m
-----------------------------------------------------------------
|                                 Train/Steps |        1.36e+05 |
|                            Loss/Loss_critic |           0.616 |
|                             Loss/Loss_actor |           -6.53 |
|                             Loss/Loss_alpha |         -0.0121 |
|               Loss/Loss_state_action_metric |             1.6 |
|                      Loss/Loss_state_metric |            0.33 |
|             Loss/Loss_state_action_to_state |          0.0135 |
|                           Loss/Act_rep_loss |          0.0171 |
|                                   SAC/Alpha |          0.0777 |
|                              SAC/LogPi_mean |            1.11 |
|                                 SAC/Q1_mean |            6.35 |
|                                 SAC/Q2_mean |            6.36 |
|                            Norm/actor_model |            45.5 |
|                           Norm/critic_model |            69.8 |
|              Norm/state_action_metric_model |            33.8 |
|                     Norm/state_metric_model |            30.5 |
|        Norm/state_action_state_metric_model |            31.5 |
|                  Metric/self_state_distance |          0.0117 |
|                 Metric/cross_state_distance |            1.68 |
|           Metric/self_state_action_distance |          0.0456 |
|          Metric/cross_state_action_distance |            2.17 |
|             Metric/avg_self_state_asymmetry |               0 |
|            Metric/avg_cross_state_asymmetry |           0.047 |
|                Metric/avg_self_sa_asymmetry |               0 |
|               Metric/avg_cross_sa_asymmetry |          0.0923 |
|  Metric/self_state_action_to_state_distance |          0.0138 |
| Metric/cross_state_action_to_state_distance |            2.17 |
|                   Metric/h_lambda_diff_self |          0.0334 |
|                  Metric/h_lambda_diff_cross |            0.13 |
|                                 Eval/Return |             515 |
-----------------------------------------------------------------
-----------------------------------------------------------------
|                                 Train/Steps |        2.64e+05 |
|                            Loss/Loss_critic |            1.18 |
|                             Loss/Loss_actor |           -26.4 |
|                             Loss/Loss_alpha |          0.0134 |
|               Loss/Loss_state_action_metric |            2.52 |
|                      Loss/Loss_state_metric |           0.523 |
|             Loss/Loss_state_action_to_state |         0.00554 |
|                           Loss/Act_rep_loss |         0.00576 |
|                                   SAC/Alpha |           0.161 |
|                              SAC/LogPi_mean |            0.88 |
|                                 SAC/Q1_mean |            26.4 |
|                                 SAC/Q2_mean |            26.4 |
|                            Norm/actor_model |            60.6 |
|                           Norm/critic_model |            94.1 |
|              Norm/state_action_metric_model |            41.1 |
|                     Norm/state_metric_model |            37.9 |
|        Norm/state_action_state_metric_model |            38.3 |
|                  Metric/self_state_distance |          0.0121 |
|                 Metric/cross_state_distance |            2.06 |
|           Metric/self_state_action_distance |          0.0224 |
|          Metric/cross_state_action_distance |            3.07 |
|             Metric/avg_self_state_asymmetry |               0 |
|            Metric/avg_cross_state_asymmetry |          0.0538 |
|                Metric/avg_self_sa_asymmetry |               0 |
|               Metric/avg_cross_sa_asymmetry |           0.112 |
|  Metric/self_state_action_to_state_distance |          0.0106 |
| Metric/cross_state_action_to_state_distance |            3.04 |
|                   Metric/h_lambda_diff_self |          0.0168 |
|                  Metric/h_lambda_diff_cross |           0.142 |
|                                 Eval/Return |             614 |
-----------------------------------------------------------------
-----------------------------------------------------------------
|                                 Train/Steps |        3.92e+05 |
|                            Loss/Loss_critic |            2.03 |
|                             Loss/Loss_actor |           -38.2 |
|                             Loss/Loss_alpha |         0.00981 |
|               Loss/Loss_state_action_metric |            2.85 |
|                      Loss/Loss_state_metric |           0.573 |
|             Loss/Loss_state_action_to_state |         0.00966 |
|                           Loss/Act_rep_loss |         0.00252 |
|                                   SAC/Alpha |           0.182 |
|                              SAC/LogPi_mean |            1.04 |
|                                 SAC/Q1_mean |            38.2 |
|                                 SAC/Q2_mean |            38.1 |
|                            Norm/actor_model |            72.2 |
|                           Norm/critic_model |             110 |
|              Norm/state_action_metric_model |            47.4 |
|                     Norm/state_metric_model |            45.3 |
|        Norm/state_action_state_metric_model |            44.7 |
|                  Metric/self_state_distance |         0.00393 |
|                 Metric/cross_state_distance |            2.11 |
|           Metric/self_state_action_distance |          0.0299 |
|          Metric/cross_state_action_distance |            3.28 |
|             Metric/avg_self_state_asymmetry |               0 |
|            Metric/avg_cross_state_asymmetry |          0.0541 |
|                Metric/avg_self_sa_asymmetry |               0 |
|               Metric/avg_cross_sa_asymmetry |           0.116 |
|  Metric/self_state_action_to_state_distance |         0.00716 |
| Metric/cross_state_action_to_state_distance |            3.22 |
|                   Metric/h_lambda_diff_self |          0.0249 |
|                  Metric/h_lambda_diff_cross |           0.144 |
|                                 Eval/Return |             692 |
-----------------------------------------------------------------
-----------------------------------------------------------------
|                                 Train/Steps |         5.2e+05 |
|                            Loss/Loss_critic |            1.52 |
|                             Loss/Loss_actor |           -44.5 |
|                             Loss/Loss_alpha |           0.013 |
|               Loss/Loss_state_action_metric |            2.69 |
|                      Loss/Loss_state_metric |           0.569 |
|             Loss/Loss_state_action_to_state |          0.0127 |
|                           Loss/Act_rep_loss |         0.00084 |
|                                   SAC/Alpha |           0.187 |
|                              SAC/LogPi_mean |           0.827 |
|                                 SAC/Q1_mean |            44.5 |
|                                 SAC/Q2_mean |            44.6 |
|                            Norm/actor_model |            82.1 |
|                           Norm/critic_model |             123 |
|              Norm/state_action_metric_model |            53.1 |
|                     Norm/state_metric_model |            52.6 |
|        Norm/state_action_state_metric_model |            50.6 |
|                  Metric/self_state_distance |          0.0149 |
|                 Metric/cross_state_distance |             2.1 |
|           Metric/self_state_action_distance |          0.0193 |
|          Metric/cross_state_action_distance |            3.32 |
|             Metric/avg_self_state_asymmetry |               0 |
|            Metric/avg_cross_state_asymmetry |          0.0545 |
|                Metric/avg_self_sa_asymmetry |               0 |
|               Metric/avg_cross_sa_asymmetry |           0.138 |
|  Metric/self_state_action_to_state_distance |         0.00503 |
| Metric/cross_state_action_to_state_distance |            3.26 |
|                   Metric/h_lambda_diff_self |          0.0157 |
|                  Metric/h_lambda_diff_cross |           0.139 |
|                                 Eval/Return |             695 |
-----------------------------------------------------------------
-----------------------------------------------------------------
|                                 Train/Steps |        6.48e+05 |
|                            Loss/Loss_critic |            1.44 |
|                             Loss/Loss_actor |           -49.2 |
|                             Loss/Loss_alpha |         0.00166 |
|               Loss/Loss_state_action_metric |            2.64 |
|                      Loss/Loss_state_metric |           0.528 |
|             Loss/Loss_state_action_to_state |         0.00897 |
|                           Loss/Act_rep_loss |        0.000367 |
|                                   SAC/Alpha |           0.195 |
|                              SAC/LogPi_mean |           0.991 |
|                                 SAC/Q1_mean |            49.3 |
|                                 SAC/Q2_mean |            49.2 |
|                            Norm/actor_model |            91.2 |
|                           Norm/critic_model |             134 |
|              Norm/state_action_metric_model |            58.5 |
|                     Norm/state_metric_model |            59.4 |
|        Norm/state_action_state_metric_model |            56.3 |
|                  Metric/self_state_distance |          0.0101 |
|                 Metric/cross_state_distance |            2.12 |
|           Metric/self_state_action_distance |           0.039 |
|          Metric/cross_state_action_distance |            3.27 |
|             Metric/avg_self_state_asymmetry |               0 |
|            Metric/avg_cross_state_asymmetry |           0.051 |
|                Metric/avg_self_sa_asymmetry |               0 |
|               Metric/avg_cross_sa_asymmetry |           0.125 |
|  Metric/self_state_action_to_state_distance |          0.0047 |
| Metric/cross_state_action_to_state_distance |            3.22 |
|                   Metric/h_lambda_diff_self |          0.0394 |
|                  Metric/h_lambda_diff_cross |           0.131 |
|                                 Eval/Return |             719 |
-----------------------------------------------------------------
-----------------------------------------------------------------
|                                 Train/Steps |        7.76e+05 |
|                            Loss/Loss_critic |            1.91 |
|                             Loss/Loss_actor |           -53.8 |
|                             Loss/Loss_alpha |           0.019 |
|               Loss/Loss_state_action_metric |            2.17 |
|                      Loss/Loss_state_metric |           0.579 |
|             Loss/Loss_state_action_to_state |          0.0136 |
|                           Loss/Act_rep_loss |         0.00163 |
|                                   SAC/Alpha |           0.203 |
|                              SAC/LogPi_mean |           0.952 |
|                                 SAC/Q1_mean |            53.8 |
|                                 SAC/Q2_mean |            53.8 |
|                            Norm/actor_model |              99 |
|                           Norm/critic_model |             144 |
|              Norm/state_action_metric_model |            63.6 |
|                     Norm/state_metric_model |            65.9 |
|        Norm/state_action_state_metric_model |            61.7 |
|                  Metric/self_state_distance |         0.00424 |
|                 Metric/cross_state_distance |            2.03 |
|           Metric/self_state_action_distance |          0.0197 |
|          Metric/cross_state_action_distance |             3.2 |
|             Metric/avg_self_state_asymmetry |               0 |
|            Metric/avg_cross_state_asymmetry |          0.0483 |
|                Metric/avg_self_sa_asymmetry |               0 |
|               Metric/avg_cross_sa_asymmetry |           0.131 |
|  Metric/self_state_action_to_state_distance |         0.00504 |
| Metric/cross_state_action_to_state_distance |            3.15 |
|                   Metric/h_lambda_diff_self |          0.0158 |
|                  Metric/h_lambda_diff_cross |           0.121 |
|                                 Eval/Return |             908 |
-----------------------------------------------------------------
-----------------------------------------------------------------
|                                 Train/Steps |        9.04e+05 |
|                            Loss/Loss_critic |            1.67 |
|                             Loss/Loss_actor |           -56.5 |
|                             Loss/Loss_alpha |          0.0202 |
|               Loss/Loss_state_action_metric |            2.59 |
|                      Loss/Loss_state_metric |            0.64 |
|             Loss/Loss_state_action_to_state |          0.0109 |
|                           Loss/Act_rep_loss |        0.000202 |
|                                   SAC/Alpha |           0.221 |
|                              SAC/LogPi_mean |            1.01 |
|                                 SAC/Q1_mean |            56.4 |
|                                 SAC/Q2_mean |            56.4 |
|                            Norm/actor_model |             106 |
|                           Norm/critic_model |             153 |
|              Norm/state_action_metric_model |            68.1 |
|                     Norm/state_metric_model |            72.2 |
|        Norm/state_action_state_metric_model |            66.9 |
|                  Metric/self_state_distance |         0.00353 |
|                 Metric/cross_state_distance |            2.06 |
|           Metric/self_state_action_distance |          0.0121 |
|          Metric/cross_state_action_distance |            3.27 |
|             Metric/avg_self_state_asymmetry |               0 |
|            Metric/avg_cross_state_asymmetry |          0.0531 |
|                Metric/avg_self_sa_asymmetry |               0 |
|               Metric/avg_cross_sa_asymmetry |           0.122 |
|  Metric/self_state_action_to_state_distance |         0.00959 |
| Metric/cross_state_action_to_state_distance |            3.23 |
|                   Metric/h_lambda_diff_self |          0.0136 |
|                  Metric/h_lambda_diff_cross |           0.119 |
|                                 Eval/Return |             910 |
-----------------------------------------------------------------
-----------------------------------------------------------------
|                                 Train/Steps |        1.03e+06 |
|                            Loss/Loss_critic |             1.5 |
|                             Loss/Loss_actor |           -59.1 |
|                             Loss/Loss_alpha |         0.00356 |
|               Loss/Loss_state_action_metric |            2.25 |
|                      Loss/Loss_state_metric |           0.556 |
|             Loss/Loss_state_action_to_state |          0.0169 |
|                           Loss/Act_rep_loss |         0.00334 |
|                                   SAC/Alpha |           0.229 |
|                              SAC/LogPi_mean |            1.05 |
|                                 SAC/Q1_mean |            59.2 |
|                                 SAC/Q2_mean |            59.2 |
|                            Norm/actor_model |             113 |
|                           Norm/critic_model |             161 |
|              Norm/state_action_metric_model |            72.4 |
|                     Norm/state_metric_model |            78.2 |
|        Norm/state_action_state_metric_model |            71.7 |
|                  Metric/self_state_distance |         0.00971 |
|                 Metric/cross_state_distance |            1.97 |
|           Metric/self_state_action_distance |         0.00876 |
|          Metric/cross_state_action_distance |            2.99 |
|             Metric/avg_self_state_asymmetry |               0 |
|            Metric/avg_cross_state_asymmetry |          0.0512 |
|                Metric/avg_self_sa_asymmetry |               0 |
|               Metric/avg_cross_sa_asymmetry |            0.12 |
|  Metric/self_state_action_to_state_distance |         0.00471 |
| Metric/cross_state_action_to_state_distance |            3.01 |
|                   Metric/h_lambda_diff_self |         0.00955 |
|                  Metric/h_lambda_diff_cross |           0.121 |
|                                 Eval/Return |             833 |
-----------------------------------------------------------------
[32mSaving model …[0m
[32mDone.[0m
[32mSaving model …[0m
[32mDone.[0m
-----------------------------------------------------------------
|                                 Train/Steps |        1.16e+06 |
|                            Loss/Loss_critic |             1.9 |
|                             Loss/Loss_actor |           -61.6 |
|                             Loss/Loss_alpha |          0.0245 |
|               Loss/Loss_state_action_metric |            2.23 |
|                      Loss/Loss_state_metric |           0.562 |
|             Loss/Loss_state_action_to_state |         0.00878 |
|                           Loss/Act_rep_loss |         0.00015 |
|                                   SAC/Alpha |           0.239 |
|                              SAC/LogPi_mean |           0.916 |
|                                 SAC/Q1_mean |            61.6 |
|                                 SAC/Q2_mean |            61.7 |
|                            Norm/actor_model |             119 |
|                           Norm/critic_model |             169 |
|              Norm/state_action_metric_model |            76.7 |
|                     Norm/state_metric_model |            84.1 |
|        Norm/state_action_state_metric_model |            76.2 |
|                  Metric/self_state_distance |         0.00442 |
|                 Metric/cross_state_distance |            2.07 |
|           Metric/self_state_action_distance |          0.0165 |
|          Metric/cross_state_action_distance |            3.11 |
|             Metric/avg_self_state_asymmetry |               0 |
|            Metric/avg_cross_state_asymmetry |          0.0539 |
|                Metric/avg_self_sa_asymmetry |               0 |
|               Metric/avg_cross_sa_asymmetry |           0.129 |
|  Metric/self_state_action_to_state_distance |         0.00161 |
| Metric/cross_state_action_to_state_distance |            3.08 |
|                   Metric/h_lambda_diff_self |          0.0156 |
|                  Metric/h_lambda_diff_cross |           0.107 |
|                                 Eval/Return |             870 |
-----------------------------------------------------------------
-----------------------------------------------------------------
|                                 Train/Steps |        1.29e+06 |
|                            Loss/Loss_critic |            1.95 |
|                             Loss/Loss_actor |           -63.8 |
|                             Loss/Loss_alpha |        -0.00187 |
|               Loss/Loss_state_action_metric |            1.84 |
|                      Loss/Loss_state_metric |           0.384 |
|             Loss/Loss_state_action_to_state |         0.00685 |
|                           Loss/Act_rep_loss |         0.00273 |
|                                   SAC/Alpha |           0.238 |
|                              SAC/LogPi_mean |           0.981 |
|                                 SAC/Q1_mean |            63.8 |
|                                 SAC/Q2_mean |            63.8 |
|                            Norm/actor_model |             125 |
|                           Norm/critic_model |             176 |
|              Norm/state_action_metric_model |            80.7 |
|                     Norm/state_metric_model |            89.6 |
|        Norm/state_action_state_metric_model |            80.6 |
|                  Metric/self_state_distance |         0.00163 |
|                 Metric/cross_state_distance |            1.73 |
|           Metric/self_state_action_distance |          0.0231 |
|          Metric/cross_state_action_distance |            2.86 |
|             Metric/avg_self_state_asymmetry |               0 |
|            Metric/avg_cross_state_asymmetry |          0.0465 |
|                Metric/avg_self_sa_asymmetry |               0 |
|               Metric/avg_cross_sa_asymmetry |            0.11 |
|  Metric/self_state_action_to_state_distance |         0.00386 |
| Metric/cross_state_action_to_state_distance |            2.87 |
|                   Metric/h_lambda_diff_self |          0.0196 |
|                  Metric/h_lambda_diff_cross |           0.117 |
|                                 Eval/Return |             936 |
-----------------------------------------------------------------
-----------------------------------------------------------------
|                                 Train/Steps |        1.42e+06 |
|                            Loss/Loss_critic |            1.58 |
|                             Loss/Loss_actor |           -65.7 |
|                             Loss/Loss_alpha |         -0.0334 |
|               Loss/Loss_state_action_metric |            1.65 |
|                      Loss/Loss_state_metric |            0.45 |
|             Loss/Loss_state_action_to_state |         0.00924 |
|                           Loss/Act_rep_loss |        0.000354 |
|                                   SAC/Alpha |           0.251 |
|                              SAC/LogPi_mean |            1.03 |
|                                 SAC/Q1_mean |            65.8 |
|                                 SAC/Q2_mean |            65.8 |
|                            Norm/actor_model |             131 |
|                           Norm/critic_model |             182 |
|              Norm/state_action_metric_model |            84.6 |
|                     Norm/state_metric_model |            94.5 |
|        Norm/state_action_state_metric_model |            84.7 |
|                  Metric/self_state_distance |         0.00557 |
|                 Metric/cross_state_distance |            1.82 |
|           Metric/self_state_action_distance |          0.0152 |
|          Metric/cross_state_action_distance |            2.88 |
|             Metric/avg_self_state_asymmetry |               0 |
|            Metric/avg_cross_state_asymmetry |          0.0591 |
|                Metric/avg_self_sa_asymmetry |               0 |
|               Metric/avg_cross_sa_asymmetry |           0.122 |
|  Metric/self_state_action_to_state_distance |        0.000206 |
| Metric/cross_state_action_to_state_distance |            2.83 |
|                   Metric/h_lambda_diff_self |           0.015 |
|                  Metric/h_lambda_diff_cross |           0.117 |
|                                 Eval/Return |             922 |
-----------------------------------------------------------------
-----------------------------------------------------------------
|                                 Train/Steps |        1.54e+06 |
|                            Loss/Loss_critic |            1.49 |
|                             Loss/Loss_actor |           -66.4 |
|                             Loss/Loss_alpha |        -0.00205 |
|               Loss/Loss_state_action_metric |            2.38 |
|                      Loss/Loss_state_metric |           0.506 |
|             Loss/Loss_state_action_to_state |         0.00862 |
|                           Loss/Act_rep_loss |        0.000203 |
|                                   SAC/Alpha |           0.256 |
|                              SAC/LogPi_mean |           0.983 |
|                                 SAC/Q1_mean |            66.4 |
|                                 SAC/Q2_mean |            66.6 |
|                            Norm/actor_model |             137 |
|                           Norm/critic_model |             189 |
|              Norm/state_action_metric_model |            88.5 |
|                     Norm/state_metric_model |            99.6 |
|        Norm/state_action_state_metric_model |            88.7 |
|                  Metric/self_state_distance |         0.00212 |
|                 Metric/cross_state_distance |            1.96 |
|           Metric/self_state_action_distance |         0.00524 |
|          Metric/cross_state_action_distance |               3 |
|             Metric/avg_self_state_asymmetry |               0 |
|            Metric/avg_cross_state_asymmetry |          0.0483 |
|                Metric/avg_self_sa_asymmetry |               0 |
|               Metric/avg_cross_sa_asymmetry |           0.114 |
|  Metric/self_state_action_to_state_distance |         0.00704 |
| Metric/cross_state_action_to_state_distance |            2.98 |
|                   Metric/h_lambda_diff_self |         0.00926 |
|                  Metric/h_lambda_diff_cross |          0.0945 |
|                                 Eval/Return |             964 |
-----------------------------------------------------------------
-----------------------------------------------------------------
|                                 Train/Steps |        1.67e+06 |
|                            Loss/Loss_critic |            1.15 |
|                             Loss/Loss_actor |             -68 |
|                             Loss/Loss_alpha |         0.00827 |
|               Loss/Loss_state_action_metric |            1.73 |
|                      Loss/Loss_state_metric |           0.422 |
|             Loss/Loss_state_action_to_state |         0.00717 |
|                           Loss/Act_rep_loss |        0.000583 |
|                                   SAC/Alpha |           0.259 |
|                              SAC/LogPi_mean |            1.07 |
|                                 SAC/Q1_mean |            68.1 |
|                                 SAC/Q2_mean |            68.1 |
|                            Norm/actor_model |             142 |
|                           Norm/critic_model |             195 |
|              Norm/state_action_metric_model |            92.1 |
|                     Norm/state_metric_model |             104 |
|        Norm/state_action_state_metric_model |            92.6 |
|                  Metric/self_state_distance |         0.00198 |
|                 Metric/cross_state_distance |            1.75 |
|           Metric/self_state_action_distance |          0.0214 |
|          Metric/cross_state_action_distance |            2.79 |
|             Metric/avg_self_state_asymmetry |               0 |
|            Metric/avg_cross_state_asymmetry |           0.048 |
|                Metric/avg_self_sa_asymmetry |               0 |
|               Metric/avg_cross_sa_asymmetry |           0.103 |
|  Metric/self_state_action_to_state_distance |         0.00304 |
| Metric/cross_state_action_to_state_distance |            2.81 |
|                   Metric/h_lambda_diff_self |          0.0193 |
|                  Metric/h_lambda_diff_cross |           0.106 |
|                                 Eval/Return |             957 |
-----------------------------------------------------------------
-----------------------------------------------------------------
|                                 Train/Steps |         1.8e+06 |
|                            Loss/Loss_critic |            1.21 |
|                             Loss/Loss_actor |           -68.9 |
|                             Loss/Loss_alpha |        0.000565 |
|               Loss/Loss_state_action_metric |            1.68 |
|                      Loss/Loss_state_metric |           0.455 |
|             Loss/Loss_state_action_to_state |         0.00278 |
|                           Loss/Act_rep_loss |         0.00226 |
|                                   SAC/Alpha |           0.251 |
|                              SAC/LogPi_mean |            1.02 |
|                                 SAC/Q1_mean |            69.1 |
|                                 SAC/Q2_mean |              69 |
|                            Norm/actor_model |             147 |
|                           Norm/critic_model |             200 |
|              Norm/state_action_metric_model |            95.7 |
|                     Norm/state_metric_model |             109 |
|        Norm/state_action_state_metric_model |            96.4 |
|                  Metric/self_state_distance |         0.00135 |
|                 Metric/cross_state_distance |            1.78 |
|           Metric/self_state_action_distance |         0.00544 |
|          Metric/cross_state_action_distance |            2.79 |
|             Metric/avg_self_state_asymmetry |               0 |
|            Metric/avg_cross_state_asymmetry |          0.0461 |
|                Metric/avg_self_sa_asymmetry |               0 |
|               Metric/avg_cross_sa_asymmetry |            0.12 |
|  Metric/self_state_action_to_state_distance |         0.00151 |
| Metric/cross_state_action_to_state_distance |            2.79 |
|                   Metric/h_lambda_diff_self |         0.00471 |
|                  Metric/h_lambda_diff_cross |           0.107 |
|                                 Eval/Return |             925 |
-----------------------------------------------------------------
-----------------------------------------------------------------
|                                 Train/Steps |        1.93e+06 |
|                            Loss/Loss_critic |            1.01 |
|                             Loss/Loss_actor |             -70 |
|                             Loss/Loss_alpha |          -0.027 |
|               Loss/Loss_state_action_metric |            1.68 |
|                      Loss/Loss_state_metric |           0.471 |
|             Loss/Loss_state_action_to_state |         0.00508 |
|                           Loss/Act_rep_loss |        0.000279 |
|                                   SAC/Alpha |           0.252 |
|                              SAC/LogPi_mean |            1.12 |
|                                 SAC/Q1_mean |            70.2 |
|                                 SAC/Q2_mean |            70.2 |
|                            Norm/actor_model |             152 |
|                           Norm/critic_model |             206 |
|              Norm/state_action_metric_model |            99.1 |
|                     Norm/state_metric_model |             113 |
|        Norm/state_action_state_metric_model |             100 |
|                  Metric/self_state_distance |         0.00206 |
|                 Metric/cross_state_distance |             1.9 |
|           Metric/self_state_action_distance |         0.00341 |
|          Metric/cross_state_action_distance |            2.83 |
|             Metric/avg_self_state_asymmetry |               0 |
|            Metric/avg_cross_state_asymmetry |          0.0505 |
|                Metric/avg_self_sa_asymmetry |               0 |
|               Metric/avg_cross_sa_asymmetry |             0.1 |
|  Metric/self_state_action_to_state_distance |         0.00183 |
| Metric/cross_state_action_to_state_distance |             2.8 |
|                   Metric/h_lambda_diff_self |          0.0036 |
|                  Metric/h_lambda_diff_cross |           0.112 |
|                                 Eval/Return |             935 |
-----------------------------------------------------------------
-----------------------------------------------------------------
|                                 Train/Steps |        2.06e+06 |
|                            Loss/Loss_critic |            1.59 |
|                             Loss/Loss_actor |             -71 |
|                             Loss/Loss_alpha |        -0.00629 |
|               Loss/Loss_state_action_metric |            1.83 |
|                      Loss/Loss_state_metric |           0.451 |
|             Loss/Loss_state_action_to_state |         0.00983 |
|                           Loss/Act_rep_loss |         0.00113 |
|                                   SAC/Alpha |            0.25 |
|                              SAC/LogPi_mean |           0.984 |
|                                 SAC/Q1_mean |            71.1 |
|                                 SAC/Q2_mean |            71.1 |
|                            Norm/actor_model |             157 |
|                           Norm/critic_model |             211 |
|              Norm/state_action_metric_model |             102 |
|                     Norm/state_metric_model |             117 |
|        Norm/state_action_state_metric_model |             104 |
|                  Metric/self_state_distance |         0.00161 |
|                 Metric/cross_state_distance |            1.85 |
|           Metric/self_state_action_distance |          0.0133 |
|          Metric/cross_state_action_distance |            2.66 |
|             Metric/avg_self_state_asymmetry |               0 |
|            Metric/avg_cross_state_asymmetry |           0.046 |
|                Metric/avg_self_sa_asymmetry |               0 |
|               Metric/avg_cross_sa_asymmetry |           0.102 |
|  Metric/self_state_action_to_state_distance |          0.0013 |
| Metric/cross_state_action_to_state_distance |            2.65 |
|                   Metric/h_lambda_diff_self |          0.0126 |
|                  Metric/h_lambda_diff_cross |           0.105 |
|                                 Eval/Return |             979 |
-----------------------------------------------------------------
[32mSaving model …[0m
[32mDone.[0m
[32mSaving model …[0m
[32mDone.[0m
-----------------------------------------------------------------
|                                 Train/Steps |        2.18e+06 |
|                            Loss/Loss_critic |             1.4 |
|                             Loss/Loss_actor |           -71.7 |
|                             Loss/Loss_alpha |         -0.0355 |
|               Loss/Loss_state_action_metric |            1.72 |
|                      Loss/Loss_state_metric |           0.414 |
|             Loss/Loss_state_action_to_state |         0.00663 |
|                           Loss/Act_rep_loss |         0.00143 |
|                                   SAC/Alpha |           0.255 |
|                              SAC/LogPi_mean |            1.11 |
|                                 SAC/Q1_mean |            71.9 |
|                                 SAC/Q2_mean |            71.9 |
|                            Norm/actor_model |             162 |
|                           Norm/critic_model |             217 |
|              Norm/state_action_metric_model |             106 |
|                     Norm/state_metric_model |             121 |
|        Norm/state_action_state_metric_model |             107 |
|                  Metric/self_state_distance |         0.00368 |
|                 Metric/cross_state_distance |            1.72 |
|           Metric/self_state_action_distance |          0.0262 |
|          Metric/cross_state_action_distance |            2.65 |
|             Metric/avg_self_state_asymmetry |               0 |
|            Metric/avg_cross_state_asymmetry |          0.0439 |
|                Metric/avg_self_sa_asymmetry |               0 |
|               Metric/avg_cross_sa_asymmetry |           0.109 |
|  Metric/self_state_action_to_state_distance |         0.00179 |
| Metric/cross_state_action_to_state_distance |            2.61 |
|                   Metric/h_lambda_diff_self |          0.0246 |
|                  Metric/h_lambda_diff_cross |           0.106 |
|                                 Eval/Return |             930 |
-----------------------------------------------------------------
-----------------------------------------------------------------
|                                 Train/Steps |        2.31e+06 |
|                            Loss/Loss_critic |            1.81 |
|                             Loss/Loss_actor |             -73 |
|                             Loss/Loss_alpha |         -0.0435 |
|               Loss/Loss_state_action_metric |             1.7 |
|                      Loss/Loss_state_metric |            0.33 |
|             Loss/Loss_state_action_to_state |         0.00763 |
|                           Loss/Act_rep_loss |         0.00132 |
|                                   SAC/Alpha |           0.261 |
|                              SAC/LogPi_mean |            1.18 |
|                                 SAC/Q1_mean |            73.2 |
|                                 SAC/Q2_mean |            73.2 |
|                            Norm/actor_model |             166 |
|                           Norm/critic_model |             222 |
|              Norm/state_action_metric_model |             109 |
|                     Norm/state_metric_model |             124 |
|        Norm/state_action_state_metric_model |             111 |
|                  Metric/self_state_distance |          0.0028 |
|                 Metric/cross_state_distance |            1.67 |
|           Metric/self_state_action_distance |          0.0128 |
|          Metric/cross_state_action_distance |            2.49 |
|             Metric/avg_self_state_asymmetry |               0 |
|            Metric/avg_cross_state_asymmetry |          0.0495 |
|                Metric/avg_self_sa_asymmetry |               0 |
|               Metric/avg_cross_sa_asymmetry |           0.101 |
|  Metric/self_state_action_to_state_distance |         0.00118 |
| Metric/cross_state_action_to_state_distance |            2.46 |
|                   Metric/h_lambda_diff_self |          0.0119 |
|                  Metric/h_lambda_diff_cross |           0.112 |
|                                 Eval/Return |             966 |
-----------------------------------------------------------------
-----------------------------------------------------------------
|                                 Train/Steps |        2.44e+06 |
|                            Loss/Loss_critic |            1.02 |
|                             Loss/Loss_actor |           -73.2 |
|                             Loss/Loss_alpha |         -0.0034 |
|               Loss/Loss_state_action_metric |            1.58 |
|                      Loss/Loss_state_metric |           0.366 |
|             Loss/Loss_state_action_to_state |         0.00649 |
|                           Loss/Act_rep_loss |         0.00489 |
|                                   SAC/Alpha |           0.257 |
|                              SAC/LogPi_mean |            0.95 |
|                                 SAC/Q1_mean |            73.4 |
|                                 SAC/Q2_mean |            73.4 |
|                            Norm/actor_model |             171 |
|                           Norm/critic_model |             227 |
|              Norm/state_action_metric_model |             112 |
|                     Norm/state_metric_model |             128 |
|        Norm/state_action_state_metric_model |             114 |
|                  Metric/self_state_distance |         0.00152 |
|                 Metric/cross_state_distance |            1.65 |
|           Metric/self_state_action_distance |         0.00536 |
|          Metric/cross_state_action_distance |            2.52 |
|             Metric/avg_self_state_asymmetry |               0 |
|            Metric/avg_cross_state_asymmetry |           0.041 |
|                Metric/avg_self_sa_asymmetry |               0 |
|               Metric/avg_cross_sa_asymmetry |             0.1 |
|  Metric/self_state_action_to_state_distance |        0.000231 |
| Metric/cross_state_action_to_state_distance |            2.49 |
|                   Metric/h_lambda_diff_self |         0.00535 |
|                  Metric/h_lambda_diff_cross |           0.101 |
|                                 Eval/Return |             969 |
-----------------------------------------------------------------
-----------------------------------------------------------------
|                                 Train/Steps |        2.57e+06 |
|                            Loss/Loss_critic |             1.3 |
|                             Loss/Loss_actor |           -74.4 |
|                             Loss/Loss_alpha |          0.0118 |
|               Loss/Loss_state_action_metric |            1.33 |
|                      Loss/Loss_state_metric |           0.328 |
|             Loss/Loss_state_action_to_state |         0.00797 |
|                           Loss/Act_rep_loss |         0.00122 |
|                                   SAC/Alpha |           0.252 |
|                              SAC/LogPi_mean |           0.852 |
|                                 SAC/Q1_mean |            74.5 |
|                                 SAC/Q2_mean |            74.6 |
|                            Norm/actor_model |             176 |
|                           Norm/critic_model |             232 |
|              Norm/state_action_metric_model |             115 |
|                     Norm/state_metric_model |             131 |
|        Norm/state_action_state_metric_model |             117 |
|                  Metric/self_state_distance |         0.00117 |
|                 Metric/cross_state_distance |            1.65 |
|           Metric/self_state_action_distance |          0.0194 |
|          Metric/cross_state_action_distance |             2.4 |
|             Metric/avg_self_state_asymmetry |               0 |
|            Metric/avg_cross_state_asymmetry |           0.044 |
|                Metric/avg_self_sa_asymmetry |               0 |
|               Metric/avg_cross_sa_asymmetry |          0.0976 |
|  Metric/self_state_action_to_state_distance |         0.00124 |
| Metric/cross_state_action_to_state_distance |            2.36 |
|                   Metric/h_lambda_diff_self |          0.0188 |
|                  Metric/h_lambda_diff_cross |           0.106 |
|                                 Eval/Return |             956 |
-----------------------------------------------------------------
-----------------------------------------------------------------
|                                 Train/Steps |         2.7e+06 |
|                            Loss/Loss_critic |            1.33 |
|                             Loss/Loss_actor |           -74.4 |
|                             Loss/Loss_alpha |         -0.0225 |
|               Loss/Loss_state_action_metric |            1.43 |
|                      Loss/Loss_state_metric |           0.377 |
|             Loss/Loss_state_action_to_state |         0.00661 |
|                           Loss/Act_rep_loss |           0.007 |
|                                   SAC/Alpha |           0.259 |
|                              SAC/LogPi_mean |            1.08 |
|                                 SAC/Q1_mean |            74.7 |
|                                 SAC/Q2_mean |            74.6 |
|                            Norm/actor_model |             180 |
|                           Norm/critic_model |             236 |
|              Norm/state_action_metric_model |             118 |
|                     Norm/state_metric_model |             134 |
|        Norm/state_action_state_metric_model |             121 |
|                  Metric/self_state_distance |         0.00381 |
|                 Metric/cross_state_distance |            1.76 |
|           Metric/self_state_action_distance |         0.00636 |
|          Metric/cross_state_action_distance |             2.5 |
|             Metric/avg_self_state_asymmetry |               0 |
|            Metric/avg_cross_state_asymmetry |           0.042 |
|                Metric/avg_self_sa_asymmetry |               0 |
|               Metric/avg_cross_sa_asymmetry |          0.0951 |
|  Metric/self_state_action_to_state_distance |         0.00105 |
| Metric/cross_state_action_to_state_distance |            2.49 |
|                   Metric/h_lambda_diff_self |         0.00664 |
|                  Metric/h_lambda_diff_cross |          0.0834 |
|                                 Eval/Return |             979 |
-----------------------------------------------------------------
-----------------------------------------------------------------
|                                 Train/Steps |        2.82e+06 |
|                            Loss/Loss_critic |            1.23 |
|                             Loss/Loss_actor |           -74.4 |
|                             Loss/Loss_alpha |          0.0244 |
|               Loss/Loss_state_action_metric |            1.47 |
|                      Loss/Loss_state_metric |           0.395 |
|             Loss/Loss_state_action_to_state |         0.00971 |
|                           Loss/Act_rep_loss |          0.0023 |
|                                   SAC/Alpha |           0.257 |
|                              SAC/LogPi_mean |            0.98 |
|                                 SAC/Q1_mean |            74.5 |
|                                 SAC/Q2_mean |            74.5 |
|                            Norm/actor_model |             184 |
|                           Norm/critic_model |             241 |
|              Norm/state_action_metric_model |             121 |
|                     Norm/state_metric_model |             137 |
|        Norm/state_action_state_metric_model |             124 |
|                  Metric/self_state_distance |         0.00144 |
|                 Metric/cross_state_distance |            1.64 |
|           Metric/self_state_action_distance |         0.00658 |
|          Metric/cross_state_action_distance |             2.5 |
|             Metric/avg_self_state_asymmetry |               0 |
|            Metric/avg_cross_state_asymmetry |          0.0414 |
|                Metric/avg_self_sa_asymmetry |               0 |
|               Metric/avg_cross_sa_asymmetry |           0.106 |
|  Metric/self_state_action_to_state_distance |         0.00186 |
| Metric/cross_state_action_to_state_distance |             2.5 |
|                   Metric/h_lambda_diff_self |          0.0054 |
|                  Metric/h_lambda_diff_cross |          0.0992 |
|                                 Eval/Return |             969 |
-----------------------------------------------------------------
-----------------------------------------------------------------
|                                 Train/Steps |        2.95e+06 |
|                            Loss/Loss_critic |            1.53 |
|                             Loss/Loss_actor |           -75.2 |
|                             Loss/Loss_alpha |            0.05 |
|               Loss/Loss_state_action_metric |            1.73 |
|                      Loss/Loss_state_metric |           0.391 |
|             Loss/Loss_state_action_to_state |         0.00423 |
|                           Loss/Act_rep_loss |        0.000348 |
|                                   SAC/Alpha |           0.257 |
|                              SAC/LogPi_mean |           0.881 |
|                                 SAC/Q1_mean |            75.4 |
|                                 SAC/Q2_mean |            75.4 |
|                            Norm/actor_model |             189 |
|                           Norm/critic_model |             246 |
|              Norm/state_action_metric_model |             124 |
|                     Norm/state_metric_model |             140 |
|        Norm/state_action_state_metric_model |             127 |
|                  Metric/self_state_distance |         0.00201 |
|                 Metric/cross_state_distance |            1.71 |
|           Metric/self_state_action_distance |         0.00663 |
|          Metric/cross_state_action_distance |            2.54 |
|             Metric/avg_self_state_asymmetry |               0 |
|            Metric/avg_cross_state_asymmetry |          0.0372 |
|                Metric/avg_self_sa_asymmetry |               0 |
|               Metric/avg_cross_sa_asymmetry |           0.105 |
|  Metric/self_state_action_to_state_distance |        0.000374 |
| Metric/cross_state_action_to_state_distance |            2.44 |
|                   Metric/h_lambda_diff_self |         0.00678 |
|                  Metric/h_lambda_diff_cross |           0.129 |
|                                 Eval/Return |             967 |
-----------------------------------------------------------------
-----------------------------------------------------------------
|                                 Train/Steps |        3.08e+06 |
|                            Loss/Loss_critic |            1.19 |
|                             Loss/Loss_actor |           -75.1 |
|                             Loss/Loss_alpha |          0.0173 |
|               Loss/Loss_state_action_metric |             1.7 |
|                      Loss/Loss_state_metric |           0.428 |
|             Loss/Loss_state_action_to_state |         0.00612 |
|                           Loss/Act_rep_loss |         0.00227 |
|                                   SAC/Alpha |           0.264 |
|                              SAC/LogPi_mean |            0.85 |
|                                 SAC/Q1_mean |            75.4 |
|                                 SAC/Q2_mean |            75.5 |
|                            Norm/actor_model |             193 |
|                           Norm/critic_model |             251 |
|              Norm/state_action_metric_model |             126 |
|                     Norm/state_metric_model |             143 |
|        Norm/state_action_state_metric_model |             130 |
|                  Metric/self_state_distance |        0.000797 |
|                 Metric/cross_state_distance |            1.72 |
|           Metric/self_state_action_distance |         0.00945 |
|          Metric/cross_state_action_distance |            2.56 |
|             Metric/avg_self_state_asymmetry |               0 |
|            Metric/avg_cross_state_asymmetry |           0.037 |
|                Metric/avg_self_sa_asymmetry |               0 |
|               Metric/avg_cross_sa_asymmetry |           0.098 |
|  Metric/self_state_action_to_state_distance |          0.0006 |
| Metric/cross_state_action_to_state_distance |            2.51 |
|                   Metric/h_lambda_diff_self |         0.00906 |
|                  Metric/h_lambda_diff_cross |           0.102 |
|                                 Eval/Return |             966 |
-----------------------------------------------------------------
[32mSaving model …[0m
[32mDone.[0m
[32mSaving model …[0m
[32mDone.[0m
-----------------------------------------------------------------
|                                 Train/Steps |        3.21e+06 |
|                            Loss/Loss_critic |            1.19 |
|                             Loss/Loss_actor |           -75.6 |
|                             Loss/Loss_alpha |         0.00528 |
|               Loss/Loss_state_action_metric |            1.44 |
|                      Loss/Loss_state_metric |           0.302 |
|             Loss/Loss_state_action_to_state |          0.0075 |
|                           Loss/Act_rep_loss |         0.00117 |
|                                   SAC/Alpha |            0.26 |
|                              SAC/LogPi_mean |           0.883 |
|                                 SAC/Q1_mean |            75.8 |
|                                 SAC/Q2_mean |            75.8 |
|                            Norm/actor_model |             197 |
|                           Norm/critic_model |             255 |
|              Norm/state_action_metric_model |             129 |
|                     Norm/state_metric_model |             146 |
|        Norm/state_action_state_metric_model |             133 |
|                  Metric/self_state_distance |        0.000835 |
|                 Metric/cross_state_distance |            1.63 |
|           Metric/self_state_action_distance |          0.0115 |
|          Metric/cross_state_action_distance |            2.43 |
|             Metric/avg_self_state_asymmetry |               0 |
|            Metric/avg_cross_state_asymmetry |          0.0425 |
|                Metric/avg_self_sa_asymmetry |               0 |
|               Metric/avg_cross_sa_asymmetry |             0.1 |
|  Metric/self_state_action_to_state_distance |         0.00221 |
| Metric/cross_state_action_to_state_distance |            2.39 |
|                   Metric/h_lambda_diff_self |          0.0124 |
|                  Metric/h_lambda_diff_cross |           0.108 |
|                                 Eval/Return |             957 |
-----------------------------------------------------------------
-----------------------------------------------------------------
|                                 Train/Steps |        3.34e+06 |
|                            Loss/Loss_critic |            1.15 |
|                             Loss/Loss_actor |           -76.5 |
|                             Loss/Loss_alpha |          0.0164 |
|               Loss/Loss_state_action_metric |            1.35 |
|                      Loss/Loss_state_metric |           0.244 |
|             Loss/Loss_state_action_to_state |         0.00673 |
|                           Loss/Act_rep_loss |        0.000535 |
|                                   SAC/Alpha |           0.254 |
|                              SAC/LogPi_mean |           0.992 |
|                                 SAC/Q1_mean |            76.7 |
|                                 SAC/Q2_mean |            76.7 |
|                            Norm/actor_model |             201 |
|                           Norm/critic_model |             259 |
|              Norm/state_action_metric_model |             132 |
|                     Norm/state_metric_model |             149 |
|        Norm/state_action_state_metric_model |             135 |
|                  Metric/self_state_distance |        0.000171 |
|                 Metric/cross_state_distance |            1.64 |
|           Metric/self_state_action_distance |         0.00139 |
|          Metric/cross_state_action_distance |            2.38 |
|             Metric/avg_self_state_asymmetry |               0 |
|            Metric/avg_cross_state_asymmetry |          0.0376 |
|                Metric/avg_self_sa_asymmetry |               0 |
|               Metric/avg_cross_sa_asymmetry |          0.0908 |
|  Metric/self_state_action_to_state_distance |         0.00101 |
| Metric/cross_state_action_to_state_distance |            2.37 |
|                   Metric/h_lambda_diff_self |         0.00135 |
|                  Metric/h_lambda_diff_cross |          0.0894 |
|                                 Eval/Return |             969 |
-----------------------------------------------------------------
-----------------------------------------------------------------
|                                 Train/Steps |        3.46e+06 |
|                            Loss/Loss_critic |            1.36 |
|                             Loss/Loss_actor |           -76.5 |
|                             Loss/Loss_alpha |         -0.0113 |
|               Loss/Loss_state_action_metric |            1.19 |
|                      Loss/Loss_state_metric |            0.32 |
|             Loss/Loss_state_action_to_state |         0.00736 |
|                           Loss/Act_rep_loss |         0.00272 |
|                                   SAC/Alpha |           0.249 |
|                              SAC/LogPi_mean |            1.05 |
|                                 SAC/Q1_mean |            76.6 |
|                                 SAC/Q2_mean |            76.7 |
|                            Norm/actor_model |             205 |
|                           Norm/critic_model |             264 |
|              Norm/state_action_metric_model |             134 |
|                     Norm/state_metric_model |             152 |
|        Norm/state_action_state_metric_model |             138 |
|                  Metric/self_state_distance |        0.000446 |
|                 Metric/cross_state_distance |            1.67 |
|           Metric/self_state_action_distance |         0.00207 |
|          Metric/cross_state_action_distance |            2.31 |
|             Metric/avg_self_state_asymmetry |               0 |
|            Metric/avg_cross_state_asymmetry |          0.0414 |
|                Metric/avg_self_sa_asymmetry |               0 |
|               Metric/avg_cross_sa_asymmetry |          0.0973 |
|  Metric/self_state_action_to_state_distance |        0.000868 |
| Metric/cross_state_action_to_state_distance |            2.32 |
|                   Metric/h_lambda_diff_self |         0.00275 |
|                  Metric/h_lambda_diff_cross |          0.0935 |
|                                 Eval/Return |             949 |
-----------------------------------------------------------------
-----------------------------------------------------------------
|                                 Train/Steps |        3.59e+06 |
|                            Loss/Loss_critic |           0.923 |
|                             Loss/Loss_actor |             -77 |
|                             Loss/Loss_alpha |         -0.0189 |
|               Loss/Loss_state_action_metric |            1.13 |
|                      Loss/Loss_state_metric |           0.327 |
|             Loss/Loss_state_action_to_state |         0.00524 |
|                           Loss/Act_rep_loss |         0.00203 |
|                                   SAC/Alpha |           0.255 |
|                              SAC/LogPi_mean |            1.17 |
|                                 SAC/Q1_mean |            77.3 |
|                                 SAC/Q2_mean |            77.3 |
|                            Norm/actor_model |             209 |
|                           Norm/critic_model |             268 |
|              Norm/state_action_metric_model |             137 |
|                     Norm/state_metric_model |             155 |
|        Norm/state_action_state_metric_model |             141 |
|                  Metric/self_state_distance |        0.000481 |
|                 Metric/cross_state_distance |            1.61 |
|           Metric/self_state_action_distance |         0.00606 |
|          Metric/cross_state_action_distance |            2.24 |
|             Metric/avg_self_state_asymmetry |               0 |
|            Metric/avg_cross_state_asymmetry |          0.0378 |
|                Metric/avg_self_sa_asymmetry |               0 |
|               Metric/avg_cross_sa_asymmetry |          0.0914 |
|  Metric/self_state_action_to_state_distance |         0.00147 |
| Metric/cross_state_action_to_state_distance |            2.24 |
|                   Metric/h_lambda_diff_self |         0.00484 |
|                  Metric/h_lambda_diff_cross |           0.085 |
|                                 Eval/Return |             970 |
-----------------------------------------------------------------
-----------------------------------------------------------------
|                                 Train/Steps |        3.72e+06 |
|                            Loss/Loss_critic |            1.19 |
|                             Loss/Loss_actor |           -77.3 |
|                             Loss/Loss_alpha |         -0.0448 |
|               Loss/Loss_state_action_metric |            1.16 |
|                      Loss/Loss_state_metric |           0.304 |
|             Loss/Loss_state_action_to_state |         0.00487 |
|                           Loss/Act_rep_loss |         0.00359 |
|                                   SAC/Alpha |           0.255 |
|                              SAC/LogPi_mean |            1.16 |
|                                 SAC/Q1_mean |            77.5 |
|                                 SAC/Q2_mean |            77.5 |
|                            Norm/actor_model |             213 |
|                           Norm/critic_model |             272 |
|              Norm/state_action_metric_model |             139 |
|                     Norm/state_metric_model |             158 |
|        Norm/state_action_state_metric_model |             144 |
|                  Metric/self_state_distance |         0.00442 |
|                 Metric/cross_state_distance |            1.57 |
|           Metric/self_state_action_distance |          0.0117 |
|          Metric/cross_state_action_distance |            2.22 |
|             Metric/avg_self_state_asymmetry |               0 |
|            Metric/avg_cross_state_asymmetry |          0.0369 |
|                Metric/avg_self_sa_asymmetry |               0 |
|               Metric/avg_cross_sa_asymmetry |          0.0929 |
|  Metric/self_state_action_to_state_distance |         0.00234 |
| Metric/cross_state_action_to_state_distance |            2.28 |
|                   Metric/h_lambda_diff_self |           0.011 |
|                  Metric/h_lambda_diff_cross |           0.102 |
|                                 Eval/Return |             955 |
-----------------------------------------------------------------
-----------------------------------------------------------------
|                                 Train/Steps |        3.85e+06 |
|                            Loss/Loss_critic |            1.17 |
|                             Loss/Loss_actor |           -77.2 |
|                             Loss/Loss_alpha |        0.000588 |
|               Loss/Loss_state_action_metric |            1.29 |
|                      Loss/Loss_state_metric |           0.324 |
|             Loss/Loss_state_action_to_state |         0.00673 |
|                           Loss/Act_rep_loss |         0.00679 |
|                                   SAC/Alpha |           0.261 |
|                              SAC/LogPi_mean |            0.98 |
|                                 SAC/Q1_mean |            77.5 |
|                                 SAC/Q2_mean |            77.4 |
|                            Norm/actor_model |             217 |
|                           Norm/critic_model |             276 |
|              Norm/state_action_metric_model |             142 |
|                     Norm/state_metric_model |             160 |
|        Norm/state_action_state_metric_model |             147 |
|                  Metric/self_state_distance |        0.000674 |
|                 Metric/cross_state_distance |            1.59 |
|           Metric/self_state_action_distance |          0.0111 |
|          Metric/cross_state_action_distance |            2.36 |
|             Metric/avg_self_state_asymmetry |               0 |
|            Metric/avg_cross_state_asymmetry |            0.04 |
|                Metric/avg_self_sa_asymmetry |               0 |
|               Metric/avg_cross_sa_asymmetry |          0.0878 |
|  Metric/self_state_action_to_state_distance |         0.00839 |
| Metric/cross_state_action_to_state_distance |            2.35 |
|                   Metric/h_lambda_diff_self |          0.0122 |
|                  Metric/h_lambda_diff_cross |            0.09 |
|                                 Eval/Return |             962 |
-----------------------------------------------------------------
-----------------------------------------------------------------
|                                 Train/Steps |        3.98e+06 |
|                            Loss/Loss_critic |            0.78 |
|                             Loss/Loss_actor |           -77.9 |
|                             Loss/Loss_alpha |         -0.0245 |
|               Loss/Loss_state_action_metric |            1.25 |
|                      Loss/Loss_state_metric |            0.28 |
|             Loss/Loss_state_action_to_state |         0.00601 |
|                           Loss/Act_rep_loss |         0.00484 |
|                                   SAC/Alpha |           0.257 |
|                              SAC/LogPi_mean |            1.08 |
|                                 SAC/Q1_mean |            78.1 |
|                                 SAC/Q2_mean |            78.2 |
|                            Norm/actor_model |             221 |
|                           Norm/critic_model |             280 |
|              Norm/state_action_metric_model |             144 |
|                     Norm/state_metric_model |             163 |
|        Norm/state_action_state_metric_model |             149 |
|                  Metric/self_state_distance |        0.000248 |
|                 Metric/cross_state_distance |            1.55 |
|           Metric/self_state_action_distance |          0.0113 |
|          Metric/cross_state_action_distance |            2.11 |
|             Metric/avg_self_state_asymmetry |               0 |
|            Metric/avg_cross_state_asymmetry |          0.0335 |
|                Metric/avg_self_sa_asymmetry |               0 |
|               Metric/avg_cross_sa_asymmetry |          0.0841 |
|  Metric/self_state_action_to_state_distance |         0.00601 |
| Metric/cross_state_action_to_state_distance |            2.16 |
|                   Metric/h_lambda_diff_self |           0.012 |
|                  Metric/h_lambda_diff_cross |          0.0935 |
|                                 Eval/Return |             955 |
-----------------------------------------------------------------
-----------------------------------------------------------------
|                                 Train/Steps |         4.1e+06 |
|                            Loss/Loss_critic |           0.752 |
|                             Loss/Loss_actor |           -78.6 |
|                             Loss/Loss_alpha |         -0.0129 |
|               Loss/Loss_state_action_metric |            1.13 |
|                      Loss/Loss_state_metric |           0.235 |
|             Loss/Loss_state_action_to_state |         0.00743 |
|                           Loss/Act_rep_loss |          0.0053 |
|                                   SAC/Alpha |            0.24 |
|                              SAC/LogPi_mean |           0.955 |
|                                 SAC/Q1_mean |            78.8 |
|                                 SAC/Q2_mean |            78.8 |
|                            Norm/actor_model |             225 |
|                           Norm/critic_model |             284 |
|              Norm/state_action_metric_model |             147 |
|                     Norm/state_metric_model |             166 |
|        Norm/state_action_state_metric_model |             152 |
|                  Metric/self_state_distance |          0.0005 |
|                 Metric/cross_state_distance |             1.5 |
|           Metric/self_state_action_distance |          0.0467 |
|          Metric/cross_state_action_distance |            2.11 |
|             Metric/avg_self_state_asymmetry |               0 |
|            Metric/avg_cross_state_asymmetry |          0.0391 |
|                Metric/avg_self_sa_asymmetry |               0 |
|               Metric/avg_cross_sa_asymmetry |          0.0926 |
|  Metric/self_state_action_to_state_distance |        0.000651 |
| Metric/cross_state_action_to_state_distance |            2.05 |
|                   Metric/h_lambda_diff_self |          0.0471 |
|                  Metric/h_lambda_diff_cross |           0.106 |
|                                 Eval/Return |             970 |
-----------------------------------------------------------------
[32mSaving model …[0m
[32mDone.[0m
[32mSaving model …[0m
[32mDone.[0m
-----------------------------------------------------------------
|                                 Train/Steps |        4.23e+06 |
|                            Loss/Loss_critic |           0.689 |
|                             Loss/Loss_actor |           -79.4 |
|                             Loss/Loss_alpha |         0.00698 |
|               Loss/Loss_state_action_metric |            1.23 |
|                      Loss/Loss_state_metric |           0.303 |
|             Loss/Loss_state_action_to_state |         0.00614 |
|                           Loss/Act_rep_loss |         0.00275 |
|                                   SAC/Alpha |           0.223 |
|                              SAC/LogPi_mean |            1.06 |
|                                 SAC/Q1_mean |            79.7 |
|                                 SAC/Q2_mean |            79.6 |
|                            Norm/actor_model |             228 |
|                           Norm/critic_model |             287 |
|              Norm/state_action_metric_model |             149 |
|                     Norm/state_metric_model |             169 |
|        Norm/state_action_state_metric_model |             154 |
|                  Metric/self_state_distance |        0.000821 |
|                 Metric/cross_state_distance |            1.57 |
|           Metric/self_state_action_distance |         0.00964 |
|          Metric/cross_state_action_distance |            2.22 |
|             Metric/avg_self_state_asymmetry |               0 |
|            Metric/avg_cross_state_asymmetry |          0.0409 |
|                Metric/avg_self_sa_asymmetry |               0 |
|               Metric/avg_cross_sa_asymmetry |          0.0892 |
|  Metric/self_state_action_to_state_distance |         0.00152 |
| Metric/cross_state_action_to_state_distance |            2.19 |
|                   Metric/h_lambda_diff_self |         0.00909 |
|                  Metric/h_lambda_diff_cross |          0.0854 |
|                                 Eval/Return |             948 |
-----------------------------------------------------------------
-----------------------------------------------------------------
|                                 Train/Steps |        4.36e+06 |
|                            Loss/Loss_critic |           0.482 |
|                             Loss/Loss_actor |           -80.6 |
|                             Loss/Loss_alpha |         -0.0177 |
|               Loss/Loss_state_action_metric |           0.976 |
|                      Loss/Loss_state_metric |           0.242 |
|             Loss/Loss_state_action_to_state |         0.00585 |
|                           Loss/Act_rep_loss |        0.000842 |
|                                   SAC/Alpha |           0.221 |
|                              SAC/LogPi_mean |            1.01 |
|                                 SAC/Q1_mean |            80.9 |
|                                 SAC/Q2_mean |            80.9 |
|                            Norm/actor_model |             232 |
|                           Norm/critic_model |             290 |
|              Norm/state_action_metric_model |             151 |
|                     Norm/state_metric_model |             171 |
|        Norm/state_action_state_metric_model |             157 |
|                  Metric/self_state_distance |         0.00246 |
|                 Metric/cross_state_distance |            1.53 |
|           Metric/self_state_action_distance |         0.00376 |
|          Metric/cross_state_action_distance |            2.02 |
|             Metric/avg_self_state_asymmetry |               0 |
|            Metric/avg_cross_state_asymmetry |          0.0329 |
|                Metric/avg_self_sa_asymmetry |               0 |
|               Metric/avg_cross_sa_asymmetry |          0.0799 |
|  Metric/self_state_action_to_state_distance |         0.00367 |
| Metric/cross_state_action_to_state_distance |            2.02 |
|                   Metric/h_lambda_diff_self |         0.00571 |
|                  Metric/h_lambda_diff_cross |          0.0752 |
|                                 Eval/Return |             964 |
-----------------------------------------------------------------
-----------------------------------------------------------------
|                                 Train/Steps |        4.49e+06 |
|                            Loss/Loss_critic |           0.553 |
|                             Loss/Loss_actor |           -81.6 |
|                             Loss/Loss_alpha |         -0.0241 |
|               Loss/Loss_state_action_metric |           0.983 |
|                      Loss/Loss_state_metric |           0.199 |
|             Loss/Loss_state_action_to_state |         0.00418 |
|                           Loss/Act_rep_loss |         0.00161 |
|                                   SAC/Alpha |           0.216 |
|                              SAC/LogPi_mean |            1.05 |
|                                 SAC/Q1_mean |            81.9 |
|                                 SAC/Q2_mean |            81.9 |
|                            Norm/actor_model |             235 |
|                           Norm/critic_model |             293 |
|              Norm/state_action_metric_model |             153 |
|                     Norm/state_metric_model |             173 |
|        Norm/state_action_state_metric_model |             159 |
|                  Metric/self_state_distance |        0.000392 |
|                 Metric/cross_state_distance |            1.43 |
|           Metric/self_state_action_distance |         0.00485 |
|          Metric/cross_state_action_distance |            1.91 |
|             Metric/avg_self_state_asymmetry |               0 |
|            Metric/avg_cross_state_asymmetry |           0.029 |
|                Metric/avg_self_sa_asymmetry |               0 |
|               Metric/avg_cross_sa_asymmetry |          0.0765 |
|  Metric/self_state_action_to_state_distance |        4.89e-05 |
| Metric/cross_state_action_to_state_distance |            1.88 |
|                   Metric/h_lambda_diff_self |         0.00481 |
|                  Metric/h_lambda_diff_cross |          0.0766 |
|                                 Eval/Return |             957 |
-----------------------------------------------------------------
-----------------------------------------------------------------
|                                 Train/Steps |        4.62e+06 |
|                            Loss/Loss_critic |           0.527 |
|                             Loss/Loss_actor |           -82.4 |
|                             Loss/Loss_alpha |          0.0154 |
|               Loss/Loss_state_action_metric |           0.734 |
|                      Loss/Loss_state_metric |           0.215 |
|             Loss/Loss_state_action_to_state |         0.00443 |
|                           Loss/Act_rep_loss |         0.00486 |
|                                   SAC/Alpha |           0.202 |
|                              SAC/LogPi_mean |           0.959 |
|                                 SAC/Q1_mean |            82.7 |
|                                 SAC/Q2_mean |            82.7 |
|                            Norm/actor_model |             238 |
|                           Norm/critic_model |             296 |
|              Norm/state_action_metric_model |             155 |
|                     Norm/state_metric_model |             176 |
|        Norm/state_action_state_metric_model |             161 |
|                  Metric/self_state_distance |        0.000293 |
|                 Metric/cross_state_distance |            1.42 |
|           Metric/self_state_action_distance |         0.00712 |
|          Metric/cross_state_action_distance |            1.89 |
|             Metric/avg_self_state_asymmetry |               0 |
|            Metric/avg_cross_state_asymmetry |          0.0363 |
|                Metric/avg_self_sa_asymmetry |               0 |
|               Metric/avg_cross_sa_asymmetry |          0.0683 |
|  Metric/self_state_action_to_state_distance |        0.000359 |
| Metric/cross_state_action_to_state_distance |            1.87 |
|                   Metric/h_lambda_diff_self |         0.00677 |
|                  Metric/h_lambda_diff_cross |          0.0752 |
|                                 Eval/Return |             968 |
-----------------------------------------------------------------
-----------------------------------------------------------------
|                                 Train/Steps |        4.74e+06 |
|                            Loss/Loss_critic |           0.327 |
|                             Loss/Loss_actor |           -83.1 |
|                             Loss/Loss_alpha |         -0.0125 |
|               Loss/Loss_state_action_metric |           0.496 |
|                      Loss/Loss_state_metric |           0.175 |
|             Loss/Loss_state_action_to_state |          0.0131 |
|                           Loss/Act_rep_loss |         0.00307 |
|                                   SAC/Alpha |           0.203 |
|                              SAC/LogPi_mean |            1.07 |
|                                 SAC/Q1_mean |            83.4 |
|                                 SAC/Q2_mean |            83.4 |
|                            Norm/actor_model |             241 |
|                           Norm/critic_model |             299 |
|              Norm/state_action_metric_model |             157 |
|                     Norm/state_metric_model |             178 |
|        Norm/state_action_state_metric_model |             164 |
|                  Metric/self_state_distance |        0.000212 |
|                 Metric/cross_state_distance |            1.38 |
|           Metric/self_state_action_distance |         0.00725 |
|          Metric/cross_state_action_distance |            1.72 |
|             Metric/avg_self_state_asymmetry |               0 |
|            Metric/avg_cross_state_asymmetry |          0.0298 |
|                Metric/avg_self_sa_asymmetry |               0 |
|               Metric/avg_cross_sa_asymmetry |          0.0649 |
|  Metric/self_state_action_to_state_distance |         1.6e-08 |
| Metric/cross_state_action_to_state_distance |             1.7 |
|                   Metric/h_lambda_diff_self |         0.00725 |
|                  Metric/h_lambda_diff_cross |          0.0828 |
|                                 Eval/Return |             967 |
-----------------------------------------------------------------
-----------------------------------------------------------------
|                                 Train/Steps |        4.87e+06 |
|                            Loss/Loss_critic |           0.873 |
|                             Loss/Loss_actor |           -83.5 |
|                             Loss/Loss_alpha |          0.0173 |
|               Loss/Loss_state_action_metric |            1.13 |
|                      Loss/Loss_state_metric |           0.197 |
|             Loss/Loss_state_action_to_state |         0.00493 |
|                           Loss/Act_rep_loss |         0.00872 |
|                                   SAC/Alpha |            0.19 |
|                              SAC/LogPi_mean |           0.945 |
|                                 SAC/Q1_mean |            83.7 |
|                                 SAC/Q2_mean |            83.7 |
|                            Norm/actor_model |             244 |
|                           Norm/critic_model |             302 |
|              Norm/state_action_metric_model |             159 |
|                     Norm/state_metric_model |             180 |
|        Norm/state_action_state_metric_model |             166 |
|                  Metric/self_state_distance |        0.000682 |
|                 Metric/cross_state_distance |            1.36 |
|           Metric/self_state_action_distance |         0.00511 |
|          Metric/cross_state_action_distance |            1.81 |
|             Metric/avg_self_state_asymmetry |               0 |
|            Metric/avg_cross_state_asymmetry |           0.027 |
|                Metric/avg_self_sa_asymmetry |               0 |
|               Metric/avg_cross_sa_asymmetry |          0.0631 |
|  Metric/self_state_action_to_state_distance |         0.00112 |
| Metric/cross_state_action_to_state_distance |            1.78 |
|                   Metric/h_lambda_diff_self |         0.00527 |
|                  Metric/h_lambda_diff_cross |          0.0758 |
|                                 Eval/Return |             954 |
-----------------------------------------------------------------
-----------------------------------------------------------------
|                                 Train/Steps |           5e+06 |
|                            Loss/Loss_critic |            0.33 |
|                             Loss/Loss_actor |           -84.2 |
|                             Loss/Loss_alpha |         -0.0202 |
|               Loss/Loss_state_action_metric |           0.916 |
|                      Loss/Loss_state_metric |           0.161 |
|             Loss/Loss_state_action_to_state |         0.00518 |
|                           Loss/Act_rep_loss |         0.00107 |
|                                   SAC/Alpha |           0.188 |
|                              SAC/LogPi_mean |            1.09 |
|                                 SAC/Q1_mean |            84.4 |
|                                 SAC/Q2_mean |            84.4 |
|                            Norm/actor_model |             246 |
|                           Norm/critic_model |             305 |
|              Norm/state_action_metric_model |             161 |
|                     Norm/state_metric_model |             183 |
|        Norm/state_action_state_metric_model |             168 |
|                  Metric/self_state_distance |         4.3e-05 |
|                 Metric/cross_state_distance |            1.38 |
|           Metric/self_state_action_distance |         0.00328 |
|          Metric/cross_state_action_distance |            1.78 |
|             Metric/avg_self_state_asymmetry |               0 |
|            Metric/avg_cross_state_asymmetry |          0.0252 |
|                Metric/avg_self_sa_asymmetry |               0 |
|               Metric/avg_cross_sa_asymmetry |          0.0693 |
|  Metric/self_state_action_to_state_distance |         0.00103 |
| Metric/cross_state_action_to_state_distance |            1.75 |
|                   Metric/h_lambda_diff_self |         0.00384 |
|                  Metric/h_lambda_diff_cross |          0.0837 |
|                                 Eval/Return |             977 |
-----------------------------------------------------------------
[32mSaving model …[0m
[32mDone.[0m
[32mSaving model …[0m
[32mDone.[0m
E0901 15:19:27.777208 1057864 cuda_executor.cc:1526] Could not get kernel mode driver version: (INVALID_ARGUMENT: Version does not match the format X.Y.Z)
E0901 15:19:27.785743 1057754 cuda_executor.cc:1526] Could not get kernel mode driver version: (INVALID_ARGUMENT: Version does not match the format X.Y.Z)
[32mStart prefilling replay buffer[0m
[32mStart SAC training[0m
[32m{'log_freq': 1000, 'save_freq': 1000000, 'eval_episode_freq': 10, 'hidden_size': 256, 'lr': 0.001, 'max_grad_norm': 0.0, 'gamma': 0.99, 'update_tau': 0.005, 'train_per_step': 8, 'episode_length': 1000, 'warmup_samples': 8192, 'max_replay_size': 4000000, 'batch_size': 512, 'total_env_steps': 5000000, 'init_temperature': 0.1, 'nstep': 3, 'bootstrap_on_truncation': True, 'rep_lr_scale': 1.5, 'vis_feq': 100000, 'n_vis_frames': 4, 'num_envs': 128, 'grad_steps': 50, 'transfer_freq': 10, 'transfer_steps': 8, 'reward_scaling': 1.0, 'num_eval_envs': 128, 'target_entropy': -1.0}[0m
[32m[nstep] nstep=3 bootstrap_on_truncation=True (discount from the buffer already contains gamma^nstep)[0m
-----------------------------------------------------------------
|                                 Train/Steps |        1.36e+05 |
|                            Loss/Loss_critic |          0.0171 |
|                             Loss/Loss_actor |          -0.423 |
|                             Loss/Loss_alpha |        -0.00177 |
|               Loss/Loss_state_action_metric |          0.0885 |
|                      Loss/Loss_state_metric |          0.0064 |
|             Loss/Loss_state_action_to_state |         0.00125 |
|                           Loss/Act_rep_loss |          0.0906 |
|                                   SAC/Alpha |         0.00275 |
|                              SAC/LogPi_mean |            1.66 |
|                                 SAC/Q1_mean |           0.402 |
|                                 SAC/Q2_mean |           0.424 |
|                            Norm/actor_model |              29 |
|                           Norm/critic_model |            41.4 |
|              Norm/state_action_metric_model |            30.7 |
|                     Norm/state_metric_model |            30.5 |
|        Norm/state_action_state_metric_model |            30.7 |
|                  Metric/self_state_distance |         0.00438 |
|                 Metric/cross_state_distance |           0.965 |
|           Metric/self_state_action_distance |          0.0177 |
|          Metric/cross_state_action_distance |           0.967 |
|             Metric/avg_self_state_asymmetry |               0 |
|            Metric/avg_cross_state_asymmetry |          0.0125 |
|                Metric/avg_self_sa_asymmetry |               0 |
|               Metric/avg_cross_sa_asymmetry |          0.0129 |
|  Metric/self_state_action_to_state_distance |          0.0102 |
| Metric/cross_state_action_to_state_distance |            0.97 |
|                   Metric/h_lambda_diff_self |          0.0124 |
|                  Metric/h_lambda_diff_cross |          0.0243 |
|                                 Eval/Return |            30.1 |
-----------------------------------------------------------------
-----------------------------------------------------------------
|                                 Train/Steps |        2.64e+05 |
|                            Loss/Loss_critic |               1 |
|                             Loss/Loss_actor |           -11.3 |
|                             Loss/Loss_alpha |         0.00444 |
|               Loss/Loss_state_action_metric |            1.89 |
|                      Loss/Loss_state_metric |           0.369 |
|             Loss/Loss_state_action_to_state |          0.0129 |
|                           Loss/Act_rep_loss |          0.0144 |
|                                   SAC/Alpha |           0.116 |
|                              SAC/LogPi_mean |            0.84 |
|                                 SAC/Q1_mean |            11.1 |
|                                 SAC/Q2_mean |            11.2 |
|                            Norm/actor_model |            51.4 |
|                           Norm/critic_model |            74.1 |
|              Norm/state_action_metric_model |            40.9 |
|                     Norm/state_metric_model |            35.9 |
|        Norm/state_action_state_metric_model |            37.7 |
|                  Metric/self_state_distance |         0.00879 |
|                 Metric/cross_state_distance |            1.68 |
|           Metric/self_state_action_distance |          0.0312 |
|          Metric/cross_state_action_distance |             2.3 |
|             Metric/avg_self_state_asymmetry |               0 |
|            Metric/avg_cross_state_asymmetry |           0.037 |
|                Metric/avg_self_sa_asymmetry |               0 |
|               Metric/avg_cross_sa_asymmetry |           0.103 |
|  Metric/self_state_action_to_state_distance |          0.0155 |
| Metric/cross_state_action_to_state_distance |            2.27 |
|                   Metric/h_lambda_diff_self |          0.0216 |
|                  Metric/h_lambda_diff_cross |           0.119 |
|                                 Eval/Return |             433 |
-----------------------------------------------------------------
-----------------------------------------------------------------
|                                 Train/Steps |        3.92e+05 |
|                            Loss/Loss_critic |            1.43 |
|                             Loss/Loss_actor |             -24 |
|                             Loss/Loss_alpha |           0.023 |
|               Loss/Loss_state_action_metric |            2.25 |
|                      Loss/Loss_state_metric |           0.406 |
|             Loss/Loss_state_action_to_state |          0.0144 |
|                           Loss/Act_rep_loss |         0.00178 |
|                                   SAC/Alpha |           0.153 |
|                              SAC/LogPi_mean |            1.08 |
|                                 SAC/Q1_mean |            23.9 |
|                                 SAC/Q2_mean |            23.9 |
|                            Norm/actor_model |              63 |
|                           Norm/critic_model |            88.3 |
|              Norm/state_action_metric_model |            47.6 |
|                     Norm/state_metric_model |            43.5 |
|        Norm/state_action_state_metric_model |            45.1 |
|                  Metric/self_state_distance |         0.00634 |
|                 Metric/cross_state_distance |             1.9 |
|           Metric/self_state_action_distance |          0.0386 |
|          Metric/cross_state_action_distance |             2.9 |
|             Metric/avg_self_state_asymmetry |               0 |
|            Metric/avg_cross_state_asymmetry |          0.0487 |
|                Metric/avg_self_sa_asymmetry |               0 |
|               Metric/avg_cross_sa_asymmetry |           0.115 |
|  Metric/self_state_action_to_state_distance |          0.0126 |
| Metric/cross_state_action_to_state_distance |            2.82 |
|                   Metric/h_lambda_diff_self |          0.0281 |
|                  Metric/h_lambda_diff_cross |           0.138 |
|                                 Eval/Return |             521 |
-----------------------------------------------------------------
-----------------------------------------------------------------
|                                 Train/Steps |         5.2e+05 |
|                            Loss/Loss_critic |            1.43 |
|                             Loss/Loss_actor |           -31.3 |
|                             Loss/Loss_alpha |        0.000423 |
|               Loss/Loss_state_action_metric |            2.53 |
|                      Loss/Loss_state_metric |            0.49 |
|             Loss/Loss_state_action_to_state |         0.00866 |
|                           Loss/Act_rep_loss |          0.0045 |
|                                   SAC/Alpha |           0.159 |
|                              SAC/LogPi_mean |            1.03 |
|                                 SAC/Q1_mean |            31.2 |
|                                 SAC/Q2_mean |            31.2 |
|                            Norm/actor_model |            72.5 |
|                           Norm/critic_model |            98.1 |
|              Norm/state_action_metric_model |            53.7 |
|                     Norm/state_metric_model |            50.9 |
|        Norm/state_action_state_metric_model |            51.5 |
|                  Metric/self_state_distance |         0.00519 |
|                 Metric/cross_state_distance |            1.88 |
|           Metric/self_state_action_distance |          0.0231 |
|          Metric/cross_state_action_distance |            3.01 |
|             Metric/avg_self_state_asymmetry |               0 |
|            Metric/avg_cross_state_asymmetry |          0.0534 |
|                Metric/avg_self_sa_asymmetry |               0 |
|               Metric/avg_cross_sa_asymmetry |           0.111 |
|  Metric/self_state_action_to_state_distance |          0.0179 |
| Metric/cross_state_action_to_state_distance |            2.98 |
|                   Metric/h_lambda_diff_self |          0.0188 |
|                  Metric/h_lambda_diff_cross |           0.108 |
|                                 Eval/Return |             601 |
-----------------------------------------------------------------
-----------------------------------------------------------------
|                                 Train/Steps |        6.48e+05 |
|                            Loss/Loss_critic |            1.67 |
|                             Loss/Loss_actor |           -36.5 |
|                             Loss/Loss_alpha |          0.0201 |
|               Loss/Loss_state_action_metric |            2.83 |
|                      Loss/Loss_state_metric |           0.681 |
|             Loss/Loss_state_action_to_state |          0.0126 |
|                           Loss/Act_rep_loss |         0.00128 |
|                                   SAC/Alpha |           0.166 |
|                              SAC/LogPi_mean |           0.952 |
|                                 SAC/Q1_mean |            36.5 |
|                                 SAC/Q2_mean |            36.5 |
|                            Norm/actor_model |              81 |
|                           Norm/critic_model |             106 |
|              Norm/state_action_metric_model |            59.2 |
|                     Norm/state_metric_model |            57.8 |
|        Norm/state_action_state_metric_model |            57.5 |
|                  Metric/self_state_distance |         0.00589 |
|                 Metric/cross_state_distance |            2.23 |
|           Metric/self_state_action_distance |           0.024 |
|          Metric/cross_state_action_distance |            3.22 |
|             Metric/avg_self_state_asymmetry |               0 |
|            Metric/avg_cross_state_asymmetry |          0.0521 |
|                Metric/avg_self_sa_asymmetry |               0 |
|               Metric/avg_cross_sa_asymmetry |           0.112 |
|  Metric/self_state_action_to_state_distance |         0.00483 |
| Metric/cross_state_action_to_state_distance |            3.25 |
|                   Metric/h_lambda_diff_self |          0.0193 |
|                  Metric/h_lambda_diff_cross |           0.134 |
|                                 Eval/Return |             580 |
-----------------------------------------------------------------
E0901 15:22:46.185065 1059805 cuda_executor.cc:1526] Could not get kernel mode driver version: (INVALID_ARGUMENT: Version does not match the format X.Y.Z)
E0901 15:22:46.193854 1059694 cuda_executor.cc:1526] Could not get kernel mode driver version: (INVALID_ARGUMENT: Version does not match the format X.Y.Z)
[32mStart prefilling replay buffer[0m
[32mStart SAC training[0m
[32m{'log_freq': 1000, 'save_freq': 1000000, 'eval_episode_freq': 10, 'hidden_size': 256, 'lr': 0.001, 'max_grad_norm': 0.0, 'gamma': 0.99, 'update_tau': 0.005, 'train_per_step': 8, 'episode_length': 1000, 'warmup_samples': 8192, 'max_replay_size': 4000000, 'batch_size': 512, 'total_env_steps': 5000000, 'init_temperature': 0.1, 'nstep': 3, 'bootstrap_on_truncation': True, 'rep_lr_scale': 1.5, 'vis_feq': 100000, 'n_vis_frames': 4, 'num_envs': 128, 'grad_steps': 50, 'transfer_freq': 10, 'transfer_steps': 8, 'reward_scaling': 1.0, 'num_eval_envs': 128, 'target_entropy': -1.0}[0m
[32m[nstep] nstep=3 bootstrap_on_truncation=True (discount from the buffer already contains gamma^nstep)[0m
-----------------------------------------------------------------
|                                 Train/Steps |        1.36e+05 |
|                            Loss/Loss_critic |           0.133 |
|                             Loss/Loss_actor |           -2.54 |
|                             Loss/Loss_alpha |         -0.0272 |
|               Loss/Loss_state_action_metric |           0.573 |
|                      Loss/Loss_state_metric |          0.0861 |
|             Loss/Loss_state_action_to_state |         0.00953 |
|                           Loss/Act_rep_loss |          0.0221 |
|                                   SAC/Alpha |          0.0439 |
|                              SAC/LogPi_mean |            1.57 |
|                                 SAC/Q1_mean |            2.38 |
|                                 SAC/Q2_mean |             2.4 |
|                            Norm/actor_model |            38.1 |
|                           Norm/critic_model |              56 |
|              Norm/state_action_metric_model |              32 |
|                     Norm/state_metric_model |            30.8 |
|        Norm/state_action_state_metric_model |            31.5 |
|                  Metric/self_state_distance |         0.00774 |
|                 Metric/cross_state_distance |            1.22 |
|           Metric/self_state_action_distance |          0.0279 |
|          Metric/cross_state_action_distance |            1.39 |
|             Metric/avg_self_state_asymmetry |               0 |
|            Metric/avg_cross_state_asymmetry |          0.0476 |
|                Metric/avg_self_sa_asymmetry |               0 |
|               Metric/avg_cross_sa_asymmetry |          0.0614 |
|  Metric/self_state_action_to_state_distance |          0.0142 |
| Metric/cross_state_action_to_state_distance |            1.37 |
|                   Metric/h_lambda_diff_self |          0.0234 |
|                  Metric/h_lambda_diff_cross |           0.123 |
|                                 Eval/Return |             221 |
-----------------------------------------------------------------
-----------------------------------------------------------------
|                                 Train/Steps |        2.64e+05 |
|                            Loss/Loss_critic |           0.425 |
|                             Loss/Loss_actor |           -22.9 |
|                             Loss/Loss_alpha |         0.00664 |
|               Loss/Loss_state_action_metric |            2.17 |
|                      Loss/Loss_state_metric |           0.488 |
|             Loss/Loss_state_action_to_state |         0.00925 |
|                           Loss/Act_rep_loss |         0.00651 |
|                                   SAC/Alpha |           0.155 |
|                              SAC/LogPi_mean |           0.959 |
|                                 SAC/Q1_mean |            22.7 |
|                                 SAC/Q2_mean |            22.7 |
|                            Norm/actor_model |            49.3 |
|                           Norm/critic_model |            80.3 |
|              Norm/state_action_metric_model |            41.4 |
|                     Norm/state_metric_model |            39.2 |
|        Norm/state_action_state_metric_model |            39.7 |
|                  Metric/self_state_distance |          0.0115 |
|                 Metric/cross_state_distance |            1.98 |
|           Metric/self_state_action_distance |           0.034 |
|          Metric/cross_state_action_distance |            2.95 |
|             Metric/avg_self_state_asymmetry |               0 |
|            Metric/avg_cross_state_asymmetry |          0.0495 |
|                Metric/avg_self_sa_asymmetry |               0 |
|               Metric/avg_cross_sa_asymmetry |           0.116 |
|  Metric/self_state_action_to_state_distance |          0.0166 |
| Metric/cross_state_action_to_state_distance |             2.9 |
|                   Metric/h_lambda_diff_self |          0.0264 |
|                  Metric/h_lambda_diff_cross |           0.143 |
|                                 Eval/Return |             516 |
-----------------------------------------------------------------
-----------------------------------------------------------------
|                                 Train/Steps |        3.92e+05 |
|                            Loss/Loss_critic |           0.353 |
|                             Loss/Loss_actor |           -34.5 |
|                             Loss/Loss_alpha |         0.00621 |
|               Loss/Loss_state_action_metric |            2.27 |
|                      Loss/Loss_state_metric |           0.845 |
|             Loss/Loss_state_action_to_state |          0.0102 |
|                           Loss/Act_rep_loss |         0.00252 |
|                                   SAC/Alpha |           0.136 |
|                              SAC/LogPi_mean |            1.09 |
|                                 SAC/Q1_mean |            34.3 |
|                                 SAC/Q2_mean |            34.2 |
|                            Norm/actor_model |            55.1 |
|                           Norm/critic_model |            91.8 |
|              Norm/state_action_metric_model |              48 |
|                     Norm/state_metric_model |            46.9 |
|        Norm/state_action_state_metric_model |            46.5 |
|                  Metric/self_state_distance |         0.00624 |
|                 Metric/cross_state_distance |            2.35 |
|           Metric/self_state_action_distance |            0.03 |
|          Metric/cross_state_action_distance |            3.23 |
|             Metric/avg_self_state_asymmetry |               0 |
|            Metric/avg_cross_state_asymmetry |          0.0506 |
|                Metric/avg_self_sa_asymmetry |               0 |
|               Metric/avg_cross_sa_asymmetry |           0.105 |
|  Metric/self_state_action_to_state_distance |          0.0069 |
| Metric/cross_state_action_to_state_distance |            3.23 |
|                   Metric/h_lambda_diff_self |           0.025 |
|                  Metric/h_lambda_diff_cross |           0.109 |
|                                 Eval/Return |             561 |
-----------------------------------------------------------------
-----------------------------------------------------------------
|                                 Train/Steps |         5.2e+05 |
|                            Loss/Loss_critic |            0.58 |
|                             Loss/Loss_actor |           -41.7 |
|                             Loss/Loss_alpha |        -0.00387 |
|               Loss/Loss_state_action_metric |            2.32 |
|                      Loss/Loss_state_metric |           0.714 |
|             Loss/Loss_state_action_to_state |          0.0124 |
|                           Loss/Act_rep_loss |         0.00138 |
|                                   SAC/Alpha |           0.137 |
|                              SAC/LogPi_mean |            1.04 |
|                                 SAC/Q1_mean |            41.5 |
|                                 SAC/Q2_mean |            41.5 |
|                            Norm/actor_model |            60.6 |
|                           Norm/critic_model |             103 |
|              Norm/state_action_metric_model |            54.4 |
|                     Norm/state_metric_model |            54.6 |
|        Norm/state_action_state_metric_model |            52.7 |
|                  Metric/self_state_distance |         0.00451 |
|                 Metric/cross_state_distance |            2.18 |
|           Metric/self_state_action_distance |          0.0189 |
|          Metric/cross_state_action_distance |            3.34 |
|             Metric/avg_self_state_asymmetry |               0 |
|            Metric/avg_cross_state_asymmetry |           0.056 |
|                Metric/avg_self_sa_asymmetry |               0 |
|               Metric/avg_cross_sa_asymmetry |           0.123 |
|  Metric/self_state_action_to_state_distance |         0.00603 |
| Metric/cross_state_action_to_state_distance |            3.26 |
|                   Metric/h_lambda_diff_self |          0.0152 |
|                  Metric/h_lambda_diff_cross |           0.156 |
|                                 Eval/Return |             680 |
-----------------------------------------------------------------
-----------------------------------------------------------------
|                                 Train/Steps |        6.48e+05 |
|                            Loss/Loss_critic |           0.766 |
|                             Loss/Loss_actor |             -47 |
|                             Loss/Loss_alpha |        -0.00555 |
|               Loss/Loss_state_action_metric |             2.3 |
|                      Loss/Loss_state_metric |           0.765 |
|             Loss/Loss_state_action_to_state |         0.00832 |
|                           Loss/Act_rep_loss |         0.00356 |
|                                   SAC/Alpha |           0.157 |
|                              SAC/LogPi_mean |            1.08 |
|                                 SAC/Q1_mean |            46.8 |
|                                 SAC/Q2_mean |            46.8 |
|                            Norm/actor_model |            65.2 |
|                           Norm/critic_model |             114 |
|              Norm/state_action_metric_model |            60.1 |
|                     Norm/state_metric_model |            62.4 |
|        Norm/state_action_state_metric_model |            58.3 |
|                  Metric/self_state_distance |         0.00363 |
|                 Metric/cross_state_distance |            2.27 |
|           Metric/self_state_action_distance |          0.0357 |
|          Metric/cross_state_action_distance |            3.35 |
|             Metric/avg_self_state_asymmetry |               0 |
|            Metric/avg_cross_state_asymmetry |          0.0529 |
|                Metric/avg_self_sa_asymmetry |               0 |
|               Metric/avg_cross_sa_asymmetry |           0.123 |
|  Metric/self_state_action_to_state_distance |         0.00763 |
| Metric/cross_state_action_to_state_distance |            3.35 |
|                   Metric/h_lambda_diff_self |          0.0323 |
|                  Metric/h_lambda_diff_cross |            0.14 |
|                                 Eval/Return |             713 |
-----------------------------------------------------------------
-----------------------------------------------------------------
|                                 Train/Steps |        7.76e+05 |
|                            Loss/Loss_critic |           0.804 |
|                             Loss/Loss_actor |           -50.8 |
|                             Loss/Loss_alpha |        -0.00148 |
|               Loss/Loss_state_action_metric |            2.32 |
|                      Loss/Loss_state_metric |           0.713 |
|             Loss/Loss_state_action_to_state |          0.0122 |
|                           Loss/Act_rep_loss |        0.000331 |
|                                   SAC/Alpha |           0.167 |
|                              SAC/LogPi_mean |            1.07 |
|                                 SAC/Q1_mean |            50.7 |
|                                 SAC/Q2_mean |            50.7 |
|                            Norm/actor_model |            69.1 |
|                           Norm/critic_model |             123 |
|              Norm/state_action_metric_model |            65.1 |
|                     Norm/state_metric_model |            69.9 |
|        Norm/state_action_state_metric_model |            63.5 |
|                  Metric/self_state_distance |         0.00869 |
|                 Metric/cross_state_distance |            2.19 |
|           Metric/self_state_action_distance |          0.0261 |
|          Metric/cross_state_action_distance |            3.45 |
|             Metric/avg_self_state_asymmetry |               0 |
|            Metric/avg_cross_state_asymmetry |          0.0514 |
|                Metric/avg_self_sa_asymmetry |               0 |
|               Metric/avg_cross_sa_asymmetry |           0.126 |
|  Metric/self_state_action_to_state_distance |           0.012 |
| Metric/cross_state_action_to_state_distance |            3.42 |
|                   Metric/h_lambda_diff_self |           0.021 |
|                  Metric/h_lambda_diff_cross |           0.143 |
|                                 Eval/Return |             745 |
-----------------------------------------------------------------
-----------------------------------------------------------------
|                                 Train/Steps |        9.04e+05 |
|                            Loss/Loss_critic |           0.893 |
|                             Loss/Loss_actor |           -53.6 |
|                             Loss/Loss_alpha |          0.0356 |
|               Loss/Loss_state_action_metric |            2.45 |
|                      Loss/Loss_state_metric |           0.765 |
|             Loss/Loss_state_action_to_state |         0.00762 |
|                           Loss/Act_rep_loss |        0.000442 |
|                                   SAC/Alpha |           0.177 |
|                              SAC/LogPi_mean |           0.866 |
|                                 SAC/Q1_mean |            53.6 |
|                                 SAC/Q2_mean |            53.5 |
|                            Norm/actor_model |            72.7 |
|                           Norm/critic_model |             132 |
|              Norm/state_action_metric_model |            69.8 |
|                     Norm/state_metric_model |            76.9 |
|        Norm/state_action_state_metric_model |            68.6 |
|                  Metric/self_state_distance |          0.0044 |
|                 Metric/cross_state_distance |            2.37 |
|           Metric/self_state_action_distance |          0.0208 |
|          Metric/cross_state_action_distance |            3.54 |
|             Metric/avg_self_state_asymmetry |               0 |
|            Metric/avg_cross_state_asymmetry |          0.0538 |
|                Metric/avg_self_sa_asymmetry |               0 |
|               Metric/avg_cross_sa_asymmetry |           0.122 |
|  Metric/self_state_action_to_state_distance |         0.00752 |
| Metric/cross_state_action_to_state_distance |            3.55 |
|                   Metric/h_lambda_diff_self |          0.0156 |
|                  Metric/h_lambda_diff_cross |           0.128 |
|                                 Eval/Return |             781 |
-----------------------------------------------------------------
-----------------------------------------------------------------
|                                 Train/Steps |        1.03e+06 |
|                            Loss/Loss_critic |            1.11 |
|                             Loss/Loss_actor |           -56.4 |
|                             Loss/Loss_alpha |         -0.0223 |
|               Loss/Loss_state_action_metric |            2.32 |
|                      Loss/Loss_state_metric |           0.701 |
|             Loss/Loss_state_action_to_state |          0.0107 |
|                           Loss/Act_rep_loss |         0.00276 |
|                                   SAC/Alpha |           0.182 |
|                              SAC/LogPi_mean |             1.1 |
|                                 SAC/Q1_mean |            56.4 |
|                                 SAC/Q2_mean |            56.4 |
|                            Norm/actor_model |            76.3 |
|                           Norm/critic_model |             140 |
|              Norm/state_action_metric_model |            74.3 |
|                     Norm/state_metric_model |            83.3 |
|        Norm/state_action_state_metric_model |            73.3 |
|                  Metric/self_state_distance |         0.00619 |
|                 Metric/cross_state_distance |            2.16 |
|           Metric/self_state_action_distance |          0.0396 |
|          Metric/cross_state_action_distance |            3.28 |
|             Metric/avg_self_state_asymmetry |               0 |
|            Metric/avg_cross_state_asymmetry |          0.0574 |
|                Metric/avg_self_sa_asymmetry |               0 |
|               Metric/avg_cross_sa_asymmetry |           0.122 |
|  Metric/self_state_action_to_state_distance |         0.00145 |
| Metric/cross_state_action_to_state_distance |            3.24 |
|                   Metric/h_lambda_diff_self |          0.0385 |
|                  Metric/h_lambda_diff_cross |           0.123 |
|                                 Eval/Return |             818 |
-----------------------------------------------------------------
[32mSaving model …[0m
[32mDone.[0m
[32mSaving model …[0m
[32mDone.[0m
-----------------------------------------------------------------
|                                 Train/Steps |        1.16e+06 |
|                            Loss/Loss_critic |            1.06 |
|                             Loss/Loss_actor |           -58.8 |
|                             Loss/Loss_alpha |        -0.00565 |
|               Loss/Loss_state_action_metric |             2.2 |
|                      Loss/Loss_state_metric |           0.755 |
|             Loss/Loss_state_action_to_state |          0.0118 |
|                           Loss/Act_rep_loss |        0.000272 |
|                                   SAC/Alpha |           0.184 |
|                              SAC/LogPi_mean |           0.974 |
|                                 SAC/Q1_mean |            58.8 |
|                                 SAC/Q2_mean |            58.8 |
|                            Norm/actor_model |            79.6 |
|                           Norm/critic_model |             148 |
|              Norm/state_action_metric_model |            78.4 |
|                     Norm/state_metric_model |            89.1 |
|        Norm/state_action_state_metric_model |            77.7 |
|                  Metric/self_state_distance |         0.00299 |
|                 Metric/cross_state_distance |            2.26 |
|           Metric/self_state_action_distance |          0.0124 |
|          Metric/cross_state_action_distance |            3.27 |
|             Metric/avg_self_state_asymmetry |               0 |
|            Metric/avg_cross_state_asymmetry |          0.0505 |
|                Metric/avg_self_sa_asymmetry |               0 |
|               Metric/avg_cross_sa_asymmetry |           0.124 |
|  Metric/self_state_action_to_state_distance |         0.00279 |
| Metric/cross_state_action_to_state_distance |            3.29 |
|                   Metric/h_lambda_diff_self |          0.0119 |
|                  Metric/h_lambda_diff_cross |           0.123 |
|                                 Eval/Return |             840 |
-----------------------------------------------------------------
-----------------------------------------------------------------
|                                 Train/Steps |        1.29e+06 |
|                            Loss/Loss_critic |            1.09 |
|                             Loss/Loss_actor |           -61.2 |
|                             Loss/Loss_alpha |           0.031 |
|               Loss/Loss_state_action_metric |            2.19 |
|                      Loss/Loss_state_metric |           0.741 |
|             Loss/Loss_state_action_to_state |          0.0104 |
|                           Loss/Act_rep_loss |        0.000411 |
|                                   SAC/Alpha |           0.185 |
|                              SAC/LogPi_mean |           0.869 |
|                                 SAC/Q1_mean |            61.2 |
|                                 SAC/Q2_mean |            61.2 |
|                            Norm/actor_model |            82.8 |
|                           Norm/critic_model |             155 |
|              Norm/state_action_metric_model |            82.2 |
|                     Norm/state_metric_model |            94.7 |
|        Norm/state_action_state_metric_model |            81.8 |
|                  Metric/self_state_distance |          0.0104 |
|                 Metric/cross_state_distance |            2.23 |
|           Metric/self_state_action_distance |         0.00512 |
|          Metric/cross_state_action_distance |            3.39 |
|             Metric/avg_self_state_asymmetry |               0 |
|            Metric/avg_cross_state_asymmetry |          0.0509 |
|                Metric/avg_self_sa_asymmetry |               0 |
|               Metric/avg_cross_sa_asymmetry |           0.113 |
|  Metric/self_state_action_to_state_distance |         0.00558 |
| Metric/cross_state_action_to_state_distance |            3.36 |
|                   Metric/h_lambda_diff_self |         0.00534 |
|                  Metric/h_lambda_diff_cross |           0.132 |
|                                 Eval/Return |             869 |
-----------------------------------------------------------------
-----------------------------------------------------------------
|                                 Train/Steps |        1.42e+06 |
|                            Loss/Loss_critic |            1.09 |
|                             Loss/Loss_actor |           -62.7 |
|                             Loss/Loss_alpha |          0.0194 |
|               Loss/Loss_state_action_metric |            2.26 |
|                      Loss/Loss_state_metric |           0.736 |
|             Loss/Loss_state_action_to_state |          0.0115 |
|                           Loss/Act_rep_loss |        0.000451 |
|                                   SAC/Alpha |           0.187 |
|                              SAC/LogPi_mean |           0.858 |
|                                 SAC/Q1_mean |            62.6 |
|                                 SAC/Q2_mean |            62.6 |
|                            Norm/actor_model |            85.8 |
|                           Norm/critic_model |             162 |
|              Norm/state_action_metric_model |            85.8 |
|                     Norm/state_metric_model |            99.7 |
|        Norm/state_action_state_metric_model |            85.5 |
|                  Metric/self_state_distance |          0.0018 |
|                 Metric/cross_state_distance |            2.22 |
|           Metric/self_state_action_distance |          0.0136 |
|          Metric/cross_state_action_distance |            3.36 |
|             Metric/avg_self_state_asymmetry |               0 |
|            Metric/avg_cross_state_asymmetry |          0.0492 |
|                Metric/avg_self_sa_asymmetry |               0 |
|               Metric/avg_cross_sa_asymmetry |           0.132 |
|  Metric/self_state_action_to_state_distance |         0.00212 |
| Metric/cross_state_action_to_state_distance |            3.27 |
|                   Metric/h_lambda_diff_self |          0.0131 |
|                  Metric/h_lambda_diff_cross |           0.143 |
|                                 Eval/Return |             857 |
-----------------------------------------------------------------
-----------------------------------------------------------------
|                                 Train/Steps |        1.54e+06 |
|                            Loss/Loss_critic |            1.18 |
|                             Loss/Loss_actor |           -64.1 |
|                             Loss/Loss_alpha |        -0.00112 |
|               Loss/Loss_state_action_metric |            2.22 |
|                      Loss/Loss_state_metric |           0.615 |
|             Loss/Loss_state_action_to_state |          0.0136 |
|                           Loss/Act_rep_loss |        0.000347 |
|                                   SAC/Alpha |           0.189 |
|                              SAC/LogPi_mean |            1.07 |
|                                 SAC/Q1_mean |            64.1 |
|                                 SAC/Q2_mean |            64.1 |
|                            Norm/actor_model |            88.7 |
|                           Norm/critic_model |             168 |
|              Norm/state_action_metric_model |            89.3 |
|                     Norm/state_metric_model |             104 |
|        Norm/state_action_state_metric_model |            89.1 |
|                  Metric/self_state_distance |         0.00175 |
|                 Metric/cross_state_distance |             2.2 |
|           Metric/self_state_action_distance |         0.00756 |
|          Metric/cross_state_action_distance |            3.33 |
|             Metric/avg_self_state_asymmetry |               0 |
|            Metric/avg_cross_state_asymmetry |          0.0522 |
|                Metric/avg_self_sa_asymmetry |               0 |
|               Metric/avg_cross_sa_asymmetry |           0.125 |
|  Metric/self_state_action_to_state_distance |         0.00126 |
| Metric/cross_state_action_to_state_distance |            3.29 |
|                   Metric/h_lambda_diff_self |         0.00678 |
|                  Metric/h_lambda_diff_cross |           0.126 |
|                                 Eval/Return |             860 |
-----------------------------------------------------------------
-----------------------------------------------------------------
|                                 Train/Steps |        1.67e+06 |
|                            Loss/Loss_critic |            1.14 |
|                             Loss/Loss_actor |           -66.1 |
|                             Loss/Loss_alpha |         0.00419 |
|               Loss/Loss_state_action_metric |            2.07 |
|                      Loss/Loss_state_metric |           0.597 |
|             Loss/Loss_state_action_to_state |          0.0121 |
|                           Loss/Act_rep_loss |        0.000364 |
|                                   SAC/Alpha |           0.188 |
|                              SAC/LogPi_mean |            1.03 |
|                                 SAC/Q1_mean |              66 |
|                                 SAC/Q2_mean |            66.1 |
|                            Norm/actor_model |            91.4 |
|                           Norm/critic_model |             174 |
|              Norm/state_action_metric_model |            92.8 |
|                     Norm/state_metric_model |             109 |
|        Norm/state_action_state_metric_model |            92.7 |
|                  Metric/self_state_distance |         0.00713 |
|                 Metric/cross_state_distance |            2.07 |
|           Metric/self_state_action_distance |         0.00846 |
|          Metric/cross_state_action_distance |            3.08 |
|             Metric/avg_self_state_asymmetry |               0 |
|            Metric/avg_cross_state_asymmetry |          0.0558 |
|                Metric/avg_self_sa_asymmetry |               0 |
|               Metric/avg_cross_sa_asymmetry |           0.126 |
|  Metric/self_state_action_to_state_distance |         0.00236 |
| Metric/cross_state_action_to_state_distance |            3.06 |
|                   Metric/h_lambda_diff_self |         0.00785 |
|                  Metric/h_lambda_diff_cross |           0.123 |
|                                 Eval/Return |             890 |
-----------------------------------------------------------------
-----------------------------------------------------------------
|                                 Train/Steps |         1.8e+06 |
|                            Loss/Loss_critic |           0.716 |
|                             Loss/Loss_actor |           -67.5 |
|                             Loss/Loss_alpha |          0.0188 |
|               Loss/Loss_state_action_metric |            1.85 |
|                      Loss/Loss_state_metric |           0.533 |
|             Loss/Loss_state_action_to_state |          0.0106 |
|                           Loss/Act_rep_loss |        0.000358 |
|                                   SAC/Alpha |           0.188 |
|                              SAC/LogPi_mean |           0.895 |
|                                 SAC/Q1_mean |            67.4 |
|                                 SAC/Q2_mean |            67.4 |
|                            Norm/actor_model |            93.9 |
|                           Norm/critic_model |             179 |
|              Norm/state_action_metric_model |            96.2 |
|                     Norm/state_metric_model |             112 |
|        Norm/state_action_state_metric_model |            96.1 |
|                  Metric/self_state_distance |         0.00316 |
|                 Metric/cross_state_distance |            2.05 |
|           Metric/self_state_action_distance |          0.0123 |
|          Metric/cross_state_action_distance |            3.09 |
|             Metric/avg_self_state_asymmetry |               0 |
|            Metric/avg_cross_state_asymmetry |          0.0461 |
|                Metric/avg_self_sa_asymmetry |               0 |
|               Metric/avg_cross_sa_asymmetry |           0.124 |
|  Metric/self_state_action_to_state_distance |         0.00369 |
| Metric/cross_state_action_to_state_distance |            3.07 |
|                   Metric/h_lambda_diff_self |          0.0101 |
|                  Metric/h_lambda_diff_cross |           0.119 |
|                                 Eval/Return |             895 |
-----------------------------------------------------------------
-----------------------------------------------------------------
|                                 Train/Steps |        1.93e+06 |
|                            Loss/Loss_critic |            1.03 |
|                             Loss/Loss_actor |           -68.6 |
|                             Loss/Loss_alpha |         -0.0178 |
|               Loss/Loss_state_action_metric |             1.9 |
|                      Loss/Loss_state_metric |           0.575 |
|             Loss/Loss_state_action_to_state |         0.00989 |
|                           Loss/Act_rep_loss |         0.00254 |
|                                   SAC/Alpha |           0.192 |
|                              SAC/LogPi_mean |            1.09 |
|                                 SAC/Q1_mean |            68.7 |
|                                 SAC/Q2_mean |            68.7 |
|                            Norm/actor_model |            96.4 |
|                           Norm/critic_model |             184 |
|              Norm/state_action_metric_model |            99.6 |
|                     Norm/state_metric_model |             116 |
|        Norm/state_action_state_metric_model |            99.5 |
|                  Metric/self_state_distance |         0.00629 |
|                 Metric/cross_state_distance |            2.04 |
|           Metric/self_state_action_distance |          0.0144 |
|          Metric/cross_state_action_distance |            2.97 |
|             Metric/avg_self_state_asymmetry |               0 |
|            Metric/avg_cross_state_asymmetry |          0.0543 |
|                Metric/avg_self_sa_asymmetry |               0 |
|               Metric/avg_cross_sa_asymmetry |           0.119 |
|  Metric/self_state_action_to_state_distance |        0.000505 |
| Metric/cross_state_action_to_state_distance |            3.01 |
|                   Metric/h_lambda_diff_self |          0.0147 |
|                  Metric/h_lambda_diff_cross |           0.135 |
|                                 Eval/Return |             910 |
-----------------------------------------------------------------
-----------------------------------------------------------------
|                                 Train/Steps |        2.06e+06 |
|                            Loss/Loss_critic |             1.1 |
|                             Loss/Loss_actor |           -69.9 |
|                             Loss/Loss_alpha |         -0.0228 |
|               Loss/Loss_state_action_metric |            1.99 |
|                      Loss/Loss_state_metric |           0.596 |
|             Loss/Loss_state_action_to_state |          0.0104 |
|                           Loss/Act_rep_loss |        0.000393 |
|                                   SAC/Alpha |           0.188 |
|                              SAC/LogPi_mean |            1.14 |
|                                 SAC/Q1_mean |            69.9 |
|                                 SAC/Q2_mean |            69.8 |
|                            Norm/actor_model |            98.8 |
|                           Norm/critic_model |             190 |
|              Norm/state_action_metric_model |             103 |
|                     Norm/state_metric_model |             120 |
|        Norm/state_action_state_metric_model |             103 |
|                  Metric/self_state_distance |         0.00325 |
|                 Metric/cross_state_distance |               2 |
|           Metric/self_state_action_distance |         0.00242 |
|          Metric/cross_state_action_distance |            3.07 |
|             Metric/avg_self_state_asymmetry |               0 |
|            Metric/avg_cross_state_asymmetry |          0.0536 |
|                Metric/avg_self_sa_asymmetry |               0 |
|               Metric/avg_cross_sa_asymmetry |           0.126 |
|  Metric/self_state_action_to_state_distance |         0.00464 |
| Metric/cross_state_action_to_state_distance |            3.05 |
|                   Metric/h_lambda_diff_self |         0.00438 |
|                  Metric/h_lambda_diff_cross |           0.111 |
|                                 Eval/Return |             893 |
-----------------------------------------------------------------
[32mSaving model …[0m
[32mDone.[0m
[32mSaving model …[0m
[32mDone.[0m
-----------------------------------------------------------------
|                                 Train/Steps |        2.18e+06 |
|                            Loss/Loss_critic |            1.21 |
|                             Loss/Loss_actor |           -70.8 |
|                             Loss/Loss_alpha |           0.012 |
|               Loss/Loss_state_action_metric |            1.82 |
|                      Loss/Loss_state_metric |           0.566 |
|             Loss/Loss_state_action_to_state |          0.0116 |
|                           Loss/Act_rep_loss |        0.000434 |
|                                   SAC/Alpha |           0.187 |
|                              SAC/LogPi_mean |           0.951 |
|                                 SAC/Q1_mean |            70.8 |
|                                 SAC/Q2_mean |            70.8 |
|                            Norm/actor_model |             101 |
|                           Norm/critic_model |             195 |
|              Norm/state_action_metric_model |             106 |
|                     Norm/state_metric_model |             124 |
|        Norm/state_action_state_metric_model |             106 |
|                  Metric/self_state_distance |         0.00214 |
|                 Metric/cross_state_distance |            1.94 |
|           Metric/self_state_action_distance |          0.0123 |
|          Metric/cross_state_action_distance |             2.9 |
|             Metric/avg_self_state_asymmetry |               0 |
|            Metric/avg_cross_state_asymmetry |          0.0468 |
|                Metric/avg_self_sa_asymmetry |               0 |
|               Metric/avg_cross_sa_asymmetry |           0.107 |
|  Metric/self_state_action_to_state_distance |          0.0053 |
| Metric/cross_state_action_to_state_distance |            2.89 |
|                   Metric/h_lambda_diff_self |           0.013 |
|                  Metric/h_lambda_diff_cross |           0.119 |
|                                 Eval/Return |             912 |
-----------------------------------------------------------------
-----------------------------------------------------------------
|                                 Train/Steps |        2.31e+06 |
|                            Loss/Loss_critic |           0.904 |
|                             Loss/Loss_actor |           -72.1 |
|                             Loss/Loss_alpha |         0.00405 |
|               Loss/Loss_state_action_metric |             1.7 |
|                      Loss/Loss_state_metric |            0.57 |
|             Loss/Loss_state_action_to_state |          0.0142 |
|                           Loss/Act_rep_loss |         0.00272 |
|                                   SAC/Alpha |           0.184 |
|                              SAC/LogPi_mean |           0.937 |
|                                 SAC/Q1_mean |            72.2 |
|                                 SAC/Q2_mean |            72.3 |
|                            Norm/actor_model |             103 |
|                           Norm/critic_model |             199 |
|              Norm/state_action_metric_model |             110 |
|                     Norm/state_metric_model |             127 |
|        Norm/state_action_state_metric_model |             109 |
|                  Metric/self_state_distance |         0.00478 |
|                 Metric/cross_state_distance |            1.97 |
|           Metric/self_state_action_distance |         0.00639 |
|          Metric/cross_state_action_distance |            2.93 |
|             Metric/avg_self_state_asymmetry |               0 |
|            Metric/avg_cross_state_asymmetry |          0.0519 |
|                Metric/avg_self_sa_asymmetry |               0 |
|               Metric/avg_cross_sa_asymmetry |           0.131 |
|  Metric/self_state_action_to_state_distance |         0.00174 |
| Metric/cross_state_action_to_state_distance |            2.93 |
|                   Metric/h_lambda_diff_self |         0.00602 |
|                  Metric/h_lambda_diff_cross |           0.119 |
|                                 Eval/Return |             923 |
-----------------------------------------------------------------
-----------------------------------------------------------------
|                                 Train/Steps |        2.44e+06 |
|                            Loss/Loss_critic |           0.968 |
|                             Loss/Loss_actor |           -72.5 |
|                             Loss/Loss_alpha |        -0.00926 |
|               Loss/Loss_state_action_metric |            1.83 |
|                      Loss/Loss_state_metric |           0.516 |
|             Loss/Loss_state_action_to_state |         0.00711 |
|                           Loss/Act_rep_loss |        0.000225 |
|                                   SAC/Alpha |           0.184 |
|                              SAC/LogPi_mean |            1.11 |
|                                 SAC/Q1_mean |            72.7 |
|                                 SAC/Q2_mean |            72.6 |
|                            Norm/actor_model |             106 |
|                           Norm/critic_model |             204 |
|              Norm/state_action_metric_model |             113 |
|                     Norm/state_metric_model |             130 |
|        Norm/state_action_state_metric_model |             113 |
|                  Metric/self_state_distance |         0.00326 |
|                 Metric/cross_state_distance |            1.92 |
|           Metric/self_state_action_distance |         0.00357 |
|          Metric/cross_state_action_distance |            2.88 |
|             Metric/avg_self_state_asymmetry |               0 |
|            Metric/avg_cross_state_asymmetry |          0.0504 |
|                Metric/avg_self_sa_asymmetry |               0 |
|               Metric/avg_cross_sa_asymmetry |            0.12 |
|  Metric/self_state_action_to_state_distance |            0.01 |
| Metric/cross_state_action_to_state_distance |            2.87 |
|                   Metric/h_lambda_diff_self |          0.0108 |
|                  Metric/h_lambda_diff_cross |           0.113 |
|                                 Eval/Return |             902 |
-----------------------------------------------------------------
-----------------------------------------------------------------
|                                 Train/Steps |        2.57e+06 |
|                            Loss/Loss_critic |           0.831 |
|                             Loss/Loss_actor |           -73.8 |
|                             Loss/Loss_alpha |         0.00339 |
|               Loss/Loss_state_action_metric |             1.6 |
|                      Loss/Loss_state_metric |           0.469 |
|             Loss/Loss_state_action_to_state |         0.00773 |
|                           Loss/Act_rep_loss |         0.00217 |
|                                   SAC/Alpha |           0.187 |
|                              SAC/LogPi_mean |            0.83 |
|                                 SAC/Q1_mean |            73.8 |
|                                 SAC/Q2_mean |            73.8 |
|                            Norm/actor_model |             108 |
|                           Norm/critic_model |             209 |
|              Norm/state_action_metric_model |             116 |
|                     Norm/state_metric_model |             134 |
|        Norm/state_action_state_metric_model |             116 |
|                  Metric/self_state_distance |          0.0024 |
|                 Metric/cross_state_distance |            1.85 |
|           Metric/self_state_action_distance |         0.00542 |
|          Metric/cross_state_action_distance |            2.79 |
|             Metric/avg_self_state_asymmetry |               0 |
|            Metric/avg_cross_state_asymmetry |          0.0487 |
|                Metric/avg_self_sa_asymmetry |               0 |
|               Metric/avg_cross_sa_asymmetry |           0.109 |
|  Metric/self_state_action_to_state_distance |         0.00331 |
| Metric/cross_state_action_to_state_distance |            2.76 |
|                   Metric/h_lambda_diff_self |         0.00513 |
|                  Metric/h_lambda_diff_cross |          0.0997 |
|                                 Eval/Return |             904 |
-----------------------------------------------------------------
-----------------------------------------------------------------
|                                 Train/Steps |         2.7e+06 |
|                            Loss/Loss_critic |           0.794 |
|                             Loss/Loss_actor |           -74.3 |
|                             Loss/Loss_alpha |        7.77e-05 |
|               Loss/Loss_state_action_metric |            1.62 |
|                      Loss/Loss_state_metric |           0.459 |
|             Loss/Loss_state_action_to_state |          0.0107 |
|                           Loss/Act_rep_loss |         0.00356 |
|                                   SAC/Alpha |           0.183 |
|                              SAC/LogPi_mean |           0.886 |
|                                 SAC/Q1_mean |            74.3 |
|                                 SAC/Q2_mean |            74.4 |
|                            Norm/actor_model |             110 |
|                           Norm/critic_model |             213 |
|              Norm/state_action_metric_model |             119 |
|                     Norm/state_metric_model |             137 |
|        Norm/state_action_state_metric_model |             119 |
|                  Metric/self_state_distance |         0.00505 |
|                 Metric/cross_state_distance |            1.79 |
|           Metric/self_state_action_distance |         0.00647 |
|          Metric/cross_state_action_distance |            2.72 |
|             Metric/avg_self_state_asymmetry |               0 |
|            Metric/avg_cross_state_asymmetry |          0.0485 |
|                Metric/avg_self_sa_asymmetry |               0 |
|               Metric/avg_cross_sa_asymmetry |           0.102 |
|  Metric/self_state_action_to_state_distance |         0.00267 |
| Metric/cross_state_action_to_state_distance |            2.72 |
|                   Metric/h_lambda_diff_self |         0.00578 |
|                  Metric/h_lambda_diff_cross |           0.115 |
|                                 Eval/Return |             922 |
-----------------------------------------------------------------
-----------------------------------------------------------------
|                                 Train/Steps |        2.82e+06 |
|                            Loss/Loss_critic |            1.15 |
|                             Loss/Loss_actor |           -74.9 |
|                             Loss/Loss_alpha |           0.016 |
|               Loss/Loss_state_action_metric |             1.8 |
|                      Loss/Loss_state_metric |           0.446 |
|             Loss/Loss_state_action_to_state |          0.0105 |
|                           Loss/Act_rep_loss |         0.00077 |
|                                   SAC/Alpha |           0.185 |
|                              SAC/LogPi_mean |            1.05 |
|                                 SAC/Q1_mean |            74.9 |
|                                 SAC/Q2_mean |            74.9 |
|                            Norm/actor_model |             112 |
|                           Norm/critic_model |             217 |
|              Norm/state_action_metric_model |             122 |
|                     Norm/state_metric_model |             141 |
|        Norm/state_action_state_metric_model |             122 |
|                  Metric/self_state_distance |        0.000729 |
|                 Metric/cross_state_distance |            1.84 |
|           Metric/self_state_action_distance |          0.0151 |
|          Metric/cross_state_action_distance |            2.78 |
|             Metric/avg_self_state_asymmetry |               0 |
|            Metric/avg_cross_state_asymmetry |          0.0477 |
|                Metric/avg_self_sa_asymmetry |               0 |
|               Metric/avg_cross_sa_asymmetry |           0.111 |
|  Metric/self_state_action_to_state_distance |         0.00162 |
| Metric/cross_state_action_to_state_distance |            2.77 |
|                   Metric/h_lambda_diff_self |          0.0141 |
|                  Metric/h_lambda_diff_cross |           0.111 |
|                                 Eval/Return |             943 |
-----------------------------------------------------------------
-----------------------------------------------------------------
|                                 Train/Steps |        2.95e+06 |
|                            Loss/Loss_critic |           0.936 |
|                             Loss/Loss_actor |           -75.4 |
|                             Loss/Loss_alpha |         0.00869 |
|               Loss/Loss_state_action_metric |            1.74 |
|                      Loss/Loss_state_metric |           0.481 |
|             Loss/Loss_state_action_to_state |         0.00446 |
|                           Loss/Act_rep_loss |         0.00206 |
|                                   SAC/Alpha |           0.185 |
|                              SAC/LogPi_mean |            1.06 |
|                                 SAC/Q1_mean |            75.5 |
|                                 SAC/Q2_mean |            75.5 |
|                            Norm/actor_model |             114 |
|                           Norm/critic_model |             222 |
|              Norm/state_action_metric_model |             125 |
|                     Norm/state_metric_model |             144 |
|        Norm/state_action_state_metric_model |             125 |
|                  Metric/self_state_distance |           0.001 |
|                 Metric/cross_state_distance |            1.92 |
|           Metric/self_state_action_distance |         0.00792 |
|          Metric/cross_state_action_distance |            2.76 |
|             Metric/avg_self_state_asymmetry |               0 |
|            Metric/avg_cross_state_asymmetry |          0.0513 |
|                Metric/avg_self_sa_asymmetry |               0 |
|               Metric/avg_cross_sa_asymmetry |           0.109 |
|  Metric/self_state_action_to_state_distance |        0.000738 |
| Metric/cross_state_action_to_state_distance |            2.72 |
|                   Metric/h_lambda_diff_self |         0.00742 |
|                  Metric/h_lambda_diff_cross |           0.123 |
|                                 Eval/Return |             946 |
-----------------------------------------------------------------
-----------------------------------------------------------------
|                                 Train/Steps |        3.08e+06 |
|                            Loss/Loss_critic |           0.687 |
|                             Loss/Loss_actor |           -75.8 |
|                             Loss/Loss_alpha |        -0.00197 |
|               Loss/Loss_state_action_metric |            1.89 |
|                      Loss/Loss_state_metric |           0.535 |
|             Loss/Loss_state_action_to_state |          0.0096 |
|                           Loss/Act_rep_loss |        0.000524 |
|                                   SAC/Alpha |           0.189 |
|                              SAC/LogPi_mean |           0.923 |
|                                 SAC/Q1_mean |            75.9 |
|                                 SAC/Q2_mean |            75.9 |
|                            Norm/actor_model |             116 |
|                           Norm/critic_model |             226 |
|              Norm/state_action_metric_model |             127 |
|                     Norm/state_metric_model |             147 |
|        Norm/state_action_state_metric_model |             128 |
|                  Metric/self_state_distance |         0.00194 |
|                 Metric/cross_state_distance |            1.95 |
|           Metric/self_state_action_distance |          0.0102 |
|          Metric/cross_state_action_distance |            2.92 |
|             Metric/avg_self_state_asymmetry |               0 |
|            Metric/avg_cross_state_asymmetry |          0.0483 |
|                Metric/avg_self_sa_asymmetry |               0 |
|               Metric/avg_cross_sa_asymmetry |           0.105 |
|  Metric/self_state_action_to_state_distance |         0.00145 |
| Metric/cross_state_action_to_state_distance |            2.84 |
|                   Metric/h_lambda_diff_self |          0.0103 |
|                  Metric/h_lambda_diff_cross |           0.122 |
|                                 Eval/Return |             912 |
-----------------------------------------------------------------
[32mSaving model …[0m
[32mDone.[0m
[32mSaving model …[0m
[32mDone.[0m
-----------------------------------------------------------------
|                                 Train/Steps |        3.21e+06 |
|                            Loss/Loss_critic |            1.14 |
|                             Loss/Loss_actor |           -76.2 |
|                             Loss/Loss_alpha |         -0.0257 |
|               Loss/Loss_state_action_metric |            1.61 |
|                      Loss/Loss_state_metric |           0.508 |
|             Loss/Loss_state_action_to_state |         0.00864 |
|                           Loss/Act_rep_loss |        0.000854 |
|                                   SAC/Alpha |           0.179 |
|                              SAC/LogPi_mean |            1.09 |
|                                 SAC/Q1_mean |            76.1 |
|                                 SAC/Q2_mean |            76.2 |
|                            Norm/actor_model |             118 |
|                           Norm/critic_model |             230 |
|              Norm/state_action_metric_model |             130 |
|                     Norm/state_metric_model |             150 |
|        Norm/state_action_state_metric_model |             131 |
|                  Metric/self_state_distance |         0.00196 |
|                 Metric/cross_state_distance |            1.85 |
|           Metric/self_state_action_distance |         0.00232 |
|          Metric/cross_state_action_distance |            2.66 |
|             Metric/avg_self_state_asymmetry |               0 |
|            Metric/avg_cross_state_asymmetry |          0.0464 |
|                Metric/avg_self_sa_asymmetry |               0 |
|               Metric/avg_cross_sa_asymmetry |           0.104 |
|  Metric/self_state_action_to_state_distance |         0.00175 |
| Metric/cross_state_action_to_state_distance |            2.62 |
|                   Metric/h_lambda_diff_self |         0.00275 |
|                  Metric/h_lambda_diff_cross |           0.112 |
|                                 Eval/Return |             954 |
-----------------------------------------------------------------
-----------------------------------------------------------------
|                                 Train/Steps |        3.34e+06 |
|                            Loss/Loss_critic |           0.734 |
|                             Loss/Loss_actor |             -77 |
|                             Loss/Loss_alpha |        -0.00945 |
|               Loss/Loss_state_action_metric |            1.57 |
|                      Loss/Loss_state_metric |           0.397 |
|             Loss/Loss_state_action_to_state |         0.00715 |
|                           Loss/Act_rep_loss |        0.000793 |
|                                   SAC/Alpha |           0.183 |
|                              SAC/LogPi_mean |            1.05 |
|                                 SAC/Q1_mean |              77 |
|                                 SAC/Q2_mean |              77 |
|                            Norm/actor_model |             120 |
|                           Norm/critic_model |             234 |
|              Norm/state_action_metric_model |             133 |
|                     Norm/state_metric_model |             153 |
|        Norm/state_action_state_metric_model |             134 |
|                  Metric/self_state_distance |         0.00198 |
|                 Metric/cross_state_distance |             1.8 |
|           Metric/self_state_action_distance |         0.00618 |
|          Metric/cross_state_action_distance |            2.62 |
|             Metric/avg_self_state_asymmetry |               0 |
|            Metric/avg_cross_state_asymmetry |          0.0475 |
|                Metric/avg_self_sa_asymmetry |               0 |
|               Metric/avg_cross_sa_asymmetry |           0.104 |
|  Metric/self_state_action_to_state_distance |        0.000172 |
| Metric/cross_state_action_to_state_distance |            2.62 |
|                   Metric/h_lambda_diff_self |         0.00604 |
|                  Metric/h_lambda_diff_cross |           0.107 |
|                                 Eval/Return |             934 |
-----------------------------------------------------------------
-----------------------------------------------------------------
|                                 Train/Steps |        3.46e+06 |
|                            Loss/Loss_critic |           0.939 |
|                             Loss/Loss_actor |           -77.7 |
|                             Loss/Loss_alpha |          0.0107 |
|               Loss/Loss_state_action_metric |            1.52 |
|                      Loss/Loss_state_metric |           0.406 |
|             Loss/Loss_state_action_to_state |         0.00755 |
|                           Loss/Act_rep_loss |         0.00249 |
|                                   SAC/Alpha |           0.177 |
|                              SAC/LogPi_mean |           0.972 |
|                                 SAC/Q1_mean |            77.7 |
|                                 SAC/Q2_mean |            77.8 |
|                            Norm/actor_model |             122 |
|                           Norm/critic_model |             238 |
|              Norm/state_action_metric_model |             135 |
|                     Norm/state_metric_model |             156 |
|        Norm/state_action_state_metric_model |             137 |
|                  Metric/self_state_distance |        0.000241 |
|                 Metric/cross_state_distance |            1.75 |
|           Metric/self_state_action_distance |         0.00505 |
|          Metric/cross_state_action_distance |             2.7 |
|             Metric/avg_self_state_asymmetry |               0 |
|            Metric/avg_cross_state_asymmetry |          0.0449 |
|                Metric/avg_self_sa_asymmetry |               0 |
|               Metric/avg_cross_sa_asymmetry |           0.113 |
|  Metric/self_state_action_to_state_distance |          0.0007 |
| Metric/cross_state_action_to_state_distance |            2.63 |
|                   Metric/h_lambda_diff_self |         0.00484 |
|                  Metric/h_lambda_diff_cross |           0.108 |
|                                 Eval/Return |             978 |
-----------------------------------------------------------------
-----------------------------------------------------------------
|                                 Train/Steps |        3.59e+06 |
|                            Loss/Loss_critic |            1.09 |
|                             Loss/Loss_actor |           -78.5 |
|                             Loss/Loss_alpha |          0.0387 |
|               Loss/Loss_state_action_metric |             1.4 |
|                      Loss/Loss_state_metric |           0.385 |
|             Loss/Loss_state_action_to_state |         0.00918 |
|                           Loss/Act_rep_loss |         0.00296 |
|                                   SAC/Alpha |           0.184 |
|                              SAC/LogPi_mean |           0.906 |
|                                 SAC/Q1_mean |            78.5 |
|                                 SAC/Q2_mean |            78.5 |
|                            Norm/actor_model |             124 |
|                           Norm/critic_model |             242 |
|              Norm/state_action_metric_model |             138 |
|                     Norm/state_metric_model |             159 |
|        Norm/state_action_state_metric_model |             139 |
|                  Metric/self_state_distance |         0.00069 |
|                 Metric/cross_state_distance |            1.68 |
|           Metric/self_state_action_distance |         0.00467 |
|          Metric/cross_state_action_distance |            2.47 |
|             Metric/avg_self_state_asymmetry |               0 |
|            Metric/avg_cross_state_asymmetry |          0.0432 |
|                Metric/avg_self_sa_asymmetry |               0 |
|               Metric/avg_cross_sa_asymmetry |          0.0923 |
|  Metric/self_state_action_to_state_distance |        0.000505 |
| Metric/cross_state_action_to_state_distance |            2.44 |
|                   Metric/h_lambda_diff_self |         0.00451 |
|                  Metric/h_lambda_diff_cross |          0.0969 |
|                                 Eval/Return |             970 |
-----------------------------------------------------------------
-----------------------------------------------------------------
|                                 Train/Steps |        3.72e+06 |
|                            Loss/Loss_critic |           0.678 |
|                             Loss/Loss_actor |           -78.5 |
|                             Loss/Loss_alpha |        -0.00647 |
|               Loss/Loss_state_action_metric |            1.18 |
|                      Loss/Loss_state_metric |           0.426 |
|             Loss/Loss_state_action_to_state |         0.00724 |
|                           Loss/Act_rep_loss |        0.000389 |
|                                   SAC/Alpha |           0.181 |
|                              SAC/LogPi_mean |            1.06 |
|                                 SAC/Q1_mean |            78.6 |
|                                 SAC/Q2_mean |            78.7 |
|                            Norm/actor_model |             125 |
|                           Norm/critic_model |             245 |
|              Norm/state_action_metric_model |             140 |
|                     Norm/state_metric_model |             162 |
|        Norm/state_action_state_metric_model |             142 |
|                  Metric/self_state_distance |        0.000662 |
|                 Metric/cross_state_distance |            1.75 |
|           Metric/self_state_action_distance |         0.00309 |
|          Metric/cross_state_action_distance |             2.5 |
|             Metric/avg_self_state_asymmetry |               0 |
|            Metric/avg_cross_state_asymmetry |          0.0465 |
|                Metric/avg_self_sa_asymmetry |               0 |
|               Metric/avg_cross_sa_asymmetry |           0.099 |
|  Metric/self_state_action_to_state_distance |         0.00251 |
| Metric/cross_state_action_to_state_distance |            2.46 |
|                   Metric/h_lambda_diff_self |          0.0033 |
|                  Metric/h_lambda_diff_cross |           0.105 |
|                                 Eval/Return |             951 |
-----------------------------------------------------------------
-----------------------------------------------------------------
|                                 Train/Steps |        3.85e+06 |
|                            Loss/Loss_critic |           0.798 |
|                             Loss/Loss_actor |           -79.1 |
|                             Loss/Loss_alpha |         0.00159 |
|               Loss/Loss_state_action_metric |            1.28 |
|                      Loss/Loss_state_metric |           0.359 |
|             Loss/Loss_state_action_to_state |         0.00777 |
|                           Loss/Act_rep_loss |         0.00176 |
|                                   SAC/Alpha |           0.177 |
|                              SAC/LogPi_mean |            0.97 |
|                                 SAC/Q1_mean |            79.2 |
|                                 SAC/Q2_mean |            79.2 |
|                            Norm/actor_model |             127 |
|                           Norm/critic_model |             249 |
|              Norm/state_action_metric_model |             143 |
|                     Norm/state_metric_model |             164 |
|        Norm/state_action_state_metric_model |             145 |
|                  Metric/self_state_distance |          0.0017 |
|                 Metric/cross_state_distance |            1.66 |
|           Metric/self_state_action_distance |          0.0178 |
|          Metric/cross_state_action_distance |            2.42 |
|             Metric/avg_self_state_asymmetry |               0 |
|            Metric/avg_cross_state_asymmetry |          0.0428 |
|                Metric/avg_self_sa_asymmetry |               0 |
|               Metric/avg_cross_sa_asymmetry |          0.0948 |
|  Metric/self_state_action_to_state_distance |        7.17e-05 |
| Metric/cross_state_action_to_state_distance |            2.43 |
|                   Metric/h_lambda_diff_self |          0.0177 |
|                  Metric/h_lambda_diff_cross |            0.11 |
|                                 Eval/Return |             943 |
-----------------------------------------------------------------
-----------------------------------------------------------------
|                                 Train/Steps |        3.98e+06 |
|                            Loss/Loss_critic |           0.672 |
|                             Loss/Loss_actor |           -79.8 |
|                             Loss/Loss_alpha |         -0.0192 |
|               Loss/Loss_state_action_metric |            1.29 |
|                      Loss/Loss_state_metric |           0.359 |
|             Loss/Loss_state_action_to_state |         0.00938 |
|                           Loss/Act_rep_loss |        0.000255 |
|                                   SAC/Alpha |           0.179 |
|                              SAC/LogPi_mean |            1.06 |
|                                 SAC/Q1_mean |            79.9 |
|                                 SAC/Q2_mean |            79.9 |
|                            Norm/actor_model |             129 |
|                           Norm/critic_model |             253 |
|              Norm/state_action_metric_model |             145 |
|                     Norm/state_metric_model |             167 |
|        Norm/state_action_state_metric_model |             147 |
|                  Metric/self_state_distance |        0.000823 |
|                 Metric/cross_state_distance |            1.67 |
|           Metric/self_state_action_distance |          0.0129 |
|          Metric/cross_state_action_distance |            2.43 |
|             Metric/avg_self_state_asymmetry |               0 |
|            Metric/avg_cross_state_asymmetry |          0.0442 |
|                Metric/avg_self_sa_asymmetry |               0 |
|               Metric/avg_cross_sa_asymmetry |          0.0948 |
|  Metric/self_state_action_to_state_distance |        0.000459 |
| Metric/cross_state_action_to_state_distance |            2.38 |
|                   Metric/h_lambda_diff_self |          0.0126 |
|                  Metric/h_lambda_diff_cross |          0.0985 |
|                                 Eval/Return |             964 |
-----------------------------------------------------------------
-----------------------------------------------------------------
|                                 Train/Steps |         4.1e+06 |
|                            Loss/Loss_critic |           0.752 |
|                             Loss/Loss_actor |           -80.9 |
|                             Loss/Loss_alpha |          -0.011 |
|               Loss/Loss_state_action_metric |            1.12 |
|                      Loss/Loss_state_metric |           0.217 |
|             Loss/Loss_state_action_to_state |          0.0173 |
|                           Loss/Act_rep_loss |         0.00314 |
|                                   SAC/Alpha |           0.167 |
|                              SAC/LogPi_mean |               1 |
|                                 SAC/Q1_mean |            80.8 |
|                                 SAC/Q2_mean |            80.9 |
|                            Norm/actor_model |             131 |
|                           Norm/critic_model |             256 |
|              Norm/state_action_metric_model |             147 |
|                     Norm/state_metric_model |             170 |
|        Norm/state_action_state_metric_model |             150 |
|                  Metric/self_state_distance |        0.000518 |
|                 Metric/cross_state_distance |            1.53 |
|           Metric/self_state_action_distance |          0.0538 |
|          Metric/cross_state_action_distance |            2.26 |
|             Metric/avg_self_state_asymmetry |               0 |
|            Metric/avg_cross_state_asymmetry |          0.0445 |
|                Metric/avg_self_sa_asymmetry |               0 |
|               Metric/avg_cross_sa_asymmetry |          0.0946 |
|  Metric/self_state_action_to_state_distance |         0.00023 |
| Metric/cross_state_action_to_state_distance |            2.22 |
|                   Metric/h_lambda_diff_self |          0.0537 |
|                  Metric/h_lambda_diff_cross |           0.109 |
|                                 Eval/Return |             973 |
-----------------------------------------------------------------
[32mSaving model …[0m
[32mDone.[0m
[32mSaving model …[0m
[32mDone.[0m
-----------------------------------------------------------------
|                                 Train/Steps |        4.23e+06 |
|                            Loss/Loss_critic |           0.511 |
|                             Loss/Loss_actor |           -81.8 |
|                             Loss/Loss_alpha |          0.0129 |
|               Loss/Loss_state_action_metric |            1.47 |
|                      Loss/Loss_state_metric |           0.316 |
|             Loss/Loss_state_action_to_state |         0.00973 |
|                           Loss/Act_rep_loss |         0.00156 |
|                                   SAC/Alpha |           0.156 |
|                              SAC/LogPi_mean |           0.922 |
|                                 SAC/Q1_mean |            81.9 |
|                                 SAC/Q2_mean |            81.9 |
|                            Norm/actor_model |             133 |
|                           Norm/critic_model |             259 |
|              Norm/state_action_metric_model |             150 |
|                     Norm/state_metric_model |             172 |
|        Norm/state_action_state_metric_model |             152 |
|                  Metric/self_state_distance |         0.00268 |
|                 Metric/cross_state_distance |            1.66 |
|           Metric/self_state_action_distance |         0.00455 |
|          Metric/cross_state_action_distance |             2.4 |
|             Metric/avg_self_state_asymmetry |               0 |
|            Metric/avg_cross_state_asymmetry |          0.0437 |
|                Metric/avg_self_sa_asymmetry |               0 |
|               Metric/avg_cross_sa_asymmetry |          0.0918 |
|  Metric/self_state_action_to_state_distance |        0.000184 |
| Metric/cross_state_action_to_state_distance |            2.35 |
|                   Metric/h_lambda_diff_self |         0.00438 |
|                  Metric/h_lambda_diff_cross |           0.101 |
|                                 Eval/Return |             978 |
-----------------------------------------------------------------
-----------------------------------------------------------------
|                                 Train/Steps |        4.36e+06 |
|                            Loss/Loss_critic |           0.457 |
|                             Loss/Loss_actor |           -82.8 |
|                             Loss/Loss_alpha |          0.0105 |
|               Loss/Loss_state_action_metric |            1.03 |
|                      Loss/Loss_state_metric |           0.221 |
|             Loss/Loss_state_action_to_state |         0.00424 |
|                           Loss/Act_rep_loss |         0.00357 |
|                                   SAC/Alpha |            0.15 |
|                              SAC/LogPi_mean |           0.884 |
|                                 SAC/Q1_mean |              83 |
|                                 SAC/Q2_mean |            82.9 |
|                            Norm/actor_model |             135 |
|                           Norm/critic_model |             262 |
|              Norm/state_action_metric_model |             152 |
|                     Norm/state_metric_model |             175 |
|        Norm/state_action_state_metric_model |             154 |
|                  Metric/self_state_distance |         0.00408 |
|                 Metric/cross_state_distance |            1.53 |
|           Metric/self_state_action_distance |          0.0104 |
|          Metric/cross_state_action_distance |            2.21 |
|             Metric/avg_self_state_asymmetry |               0 |
|            Metric/avg_cross_state_asymmetry |          0.0376 |
|                Metric/avg_self_sa_asymmetry |               0 |
|               Metric/avg_cross_sa_asymmetry |          0.0801 |
|  Metric/self_state_action_to_state_distance |        5.72e-05 |
| Metric/cross_state_action_to_state_distance |            2.21 |
|                   Metric/h_lambda_diff_self |          0.0103 |
|                  Metric/h_lambda_diff_cross |           0.104 |
|                                 Eval/Return |             957 |
-----------------------------------------------------------------
-----------------------------------------------------------------
|                                 Train/Steps |        4.49e+06 |
|                            Loss/Loss_critic |           0.667 |
|                             Loss/Loss_actor |             -84 |
|                             Loss/Loss_alpha |         -0.0233 |
|               Loss/Loss_state_action_metric |            1.23 |
|                      Loss/Loss_state_metric |            0.25 |
|             Loss/Loss_state_action_to_state |         0.00598 |
|                           Loss/Act_rep_loss |         0.00574 |
|                                   SAC/Alpha |           0.136 |
|                              SAC/LogPi_mean |            1.05 |
|                                 SAC/Q1_mean |            84.1 |
|                                 SAC/Q2_mean |            84.1 |
|                            Norm/actor_model |             136 |
|                           Norm/critic_model |             264 |
|              Norm/state_action_metric_model |             154 |
|                     Norm/state_metric_model |             178 |
|        Norm/state_action_state_metric_model |             156 |
|                  Metric/self_state_distance |        4.72e-05 |
|                 Metric/cross_state_distance |            1.57 |
|           Metric/self_state_action_distance |         0.00352 |
|          Metric/cross_state_action_distance |            2.13 |
|             Metric/avg_self_state_asymmetry |               0 |
|            Metric/avg_cross_state_asymmetry |          0.0431 |
|                Metric/avg_self_sa_asymmetry |               0 |
|               Metric/avg_cross_sa_asymmetry |          0.0766 |
|  Metric/self_state_action_to_state_distance |        0.000567 |
| Metric/cross_state_action_to_state_distance |            2.08 |
|                   Metric/h_lambda_diff_self |         0.00301 |
|                  Metric/h_lambda_diff_cross |           0.088 |
|                                 Eval/Return |             980 |
-----------------------------------------------------------------
-----------------------------------------------------------------
|                                 Train/Steps |        4.62e+06 |
|                            Loss/Loss_critic |           0.347 |
|                             Loss/Loss_actor |           -85.4 |
|                             Loss/Loss_alpha |         -0.0032 |
|               Loss/Loss_state_action_metric |           0.696 |
|                      Loss/Loss_state_metric |           0.161 |
|             Loss/Loss_state_action_to_state |         0.00737 |
|                           Loss/Act_rep_loss |         0.00175 |
|                                   SAC/Alpha |           0.135 |
|                              SAC/LogPi_mean |           0.987 |
|                                 SAC/Q1_mean |            85.5 |
|                                 SAC/Q2_mean |            85.5 |
|                            Norm/actor_model |             138 |
|                           Norm/critic_model |             267 |
|              Norm/state_action_metric_model |             156 |
|                     Norm/state_metric_model |             180 |
|        Norm/state_action_state_metric_model |             159 |
|                  Metric/self_state_distance |        0.000944 |
|                 Metric/cross_state_distance |            1.44 |
|           Metric/self_state_action_distance |         0.00287 |
|          Metric/cross_state_action_distance |            1.93 |
|             Metric/avg_self_state_asymmetry |               0 |
|            Metric/avg_cross_state_asymmetry |          0.0333 |
|                Metric/avg_self_sa_asymmetry |               0 |
|               Metric/avg_cross_sa_asymmetry |          0.0707 |
|  Metric/self_state_action_to_state_distance |        0.000689 |
| Metric/cross_state_action_to_state_distance |            1.92 |
|                   Metric/h_lambda_diff_self |         0.00269 |
|                  Metric/h_lambda_diff_cross |          0.0725 |
|                                 Eval/Return |             981 |
-----------------------------------------------------------------
-----------------------------------------------------------------
|                                 Train/Steps |        4.74e+06 |
|                            Loss/Loss_critic |           0.302 |
|                             Loss/Loss_actor |           -86.1 |
|                             Loss/Loss_alpha |        -0.00773 |
|               Loss/Loss_state_action_metric |           0.617 |
|                      Loss/Loss_state_metric |           0.226 |
|             Loss/Loss_state_action_to_state |         0.00478 |
|                           Loss/Act_rep_loss |        0.000441 |
|                                   SAC/Alpha |           0.127 |
|                              SAC/LogPi_mean |           0.965 |
|                                 SAC/Q1_mean |            86.2 |
|                                 SAC/Q2_mean |            86.3 |
|                            Norm/actor_model |             140 |
|                           Norm/critic_model |             270 |
|              Norm/state_action_metric_model |             158 |
|                     Norm/state_metric_model |             183 |
|        Norm/state_action_state_metric_model |             161 |
|                  Metric/self_state_distance |        0.000448 |
|                 Metric/cross_state_distance |            1.49 |
|           Metric/self_state_action_distance |         0.00706 |
|          Metric/cross_state_action_distance |            1.98 |
|             Metric/avg_self_state_asymmetry |               0 |
|            Metric/avg_cross_state_asymmetry |          0.0323 |
|                Metric/avg_self_sa_asymmetry |               0 |
|               Metric/avg_cross_sa_asymmetry |          0.0665 |
|  Metric/self_state_action_to_state_distance |         0.00211 |
| Metric/cross_state_action_to_state_distance |            1.94 |
|                   Metric/h_lambda_diff_self |          0.0069 |
|                  Metric/h_lambda_diff_cross |          0.0735 |
|                                 Eval/Return |             977 |
-----------------------------------------------------------------
-----------------------------------------------------------------
|                                 Train/Steps |        4.87e+06 |
|                            Loss/Loss_critic |            0.55 |
|                             Loss/Loss_actor |           -87.1 |
|                             Loss/Loss_alpha |          0.0028 |
|               Loss/Loss_state_action_metric |           0.684 |
|                      Loss/Loss_state_metric |           0.187 |
|             Loss/Loss_state_action_to_state |         0.00386 |
|                           Loss/Act_rep_loss |          0.0011 |
|                                   SAC/Alpha |           0.123 |
|                              SAC/LogPi_mean |               1 |
|                                 SAC/Q1_mean |            87.3 |
|                                 SAC/Q2_mean |            87.2 |
|                            Norm/actor_model |             142 |
|                           Norm/critic_model |             272 |
|              Norm/state_action_metric_model |             159 |
|                     Norm/state_metric_model |             185 |
|        Norm/state_action_state_metric_model |             163 |
|                  Metric/self_state_distance |         0.00106 |
|                 Metric/cross_state_distance |            1.43 |
|           Metric/self_state_action_distance |         0.00395 |
|          Metric/cross_state_action_distance |            1.83 |
|             Metric/avg_self_state_asymmetry |               0 |
|            Metric/avg_cross_state_asymmetry |          0.0289 |
|                Metric/avg_self_sa_asymmetry |               0 |
|               Metric/avg_cross_sa_asymmetry |          0.0604 |
|  Metric/self_state_action_to_state_distance |        0.000144 |
| Metric/cross_state_action_to_state_distance |             1.8 |
|                   Metric/h_lambda_diff_self |         0.00384 |
|                  Metric/h_lambda_diff_cross |          0.0591 |
|                                 Eval/Return |             975 |
-----------------------------------------------------------------
-----------------------------------------------------------------
|                                 Train/Steps |           5e+06 |
|                            Loss/Loss_critic |           0.393 |
|                             Loss/Loss_actor |           -87.8 |
|                             Loss/Loss_alpha |         0.00615 |
|               Loss/Loss_state_action_metric |           0.897 |
|                      Loss/Loss_state_metric |            0.19 |
|             Loss/Loss_state_action_to_state |         0.00296 |
|                           Loss/Act_rep_loss |         0.00159 |
|                                   SAC/Alpha |           0.118 |
|                              SAC/LogPi_mean |           0.898 |
|                                 SAC/Q1_mean |            87.9 |
|                                 SAC/Q2_mean |              88 |
|                            Norm/actor_model |             143 |
|                           Norm/critic_model |             275 |
|              Norm/state_action_metric_model |             161 |
|                     Norm/state_metric_model |             188 |
|        Norm/state_action_state_metric_model |             165 |
|                  Metric/self_state_distance |         0.00207 |
|                 Metric/cross_state_distance |            1.43 |
|           Metric/self_state_action_distance |         0.00399 |
|          Metric/cross_state_action_distance |            1.89 |
|             Metric/avg_self_state_asymmetry |               0 |
|            Metric/avg_cross_state_asymmetry |          0.0257 |
|                Metric/avg_self_sa_asymmetry |               0 |
|               Metric/avg_cross_sa_asymmetry |          0.0643 |
|  Metric/self_state_action_to_state_distance |         0.00426 |
| Metric/cross_state_action_to_state_distance |            1.85 |
|                   Metric/h_lambda_diff_self |         0.00642 |
|                  Metric/h_lambda_diff_cross |          0.0716 |
|                                 Eval/Return |             965 |
-----------------------------------------------------------------
[32mSaving model …[0m
[32mDone.[0m
[32mSaving model …[0m
[32mDone.[0m
E0901 17:53:19.319712 1069499 cuda_executor.cc:1526] Could not get kernel mode driver version: (INVALID_ARGUMENT: Version does not match the format X.Y.Z)
E0901 17:53:19.328245 1069390 cuda_executor.cc:1526] Could not get kernel mode driver version: (INVALID_ARGUMENT: Version does not match the format X.Y.Z)
[32mStart prefilling replay buffer[0m
[32mStart SAC training[0m
[32m{'log_freq': 1000, 'save_freq': 1000000, 'eval_episode_freq': 10, 'hidden_size': 256, 'lr': 0.001, 'max_grad_norm': 0.0, 'gamma': 0.99, 'update_tau': 0.005, 'train_per_step': 8, 'episode_length': 1000, 'warmup_samples': 8192, 'max_replay_size': 4000000, 'batch_size': 512, 'total_env_steps': 5000000, 'init_temperature': 0.1, 'nstep': 3, 'bootstrap_on_truncation': True, 'rep_lr_scale': 1.0, 'vis_feq': 100000, 'n_vis_frames': 4, 'num_envs': 128, 'grad_steps': 50, 'transfer_freq': 10, 'transfer_steps': 8, 'reward_scaling': 1.0, 'num_eval_envs': 128, 'target_entropy': -1.0}[0m
[32m[nstep] nstep=3 bootstrap_on_truncation=True (discount from the buffer already contains gamma^nstep)[0m
-----------------------------------------------------------------
|                                 Train/Steps |        1.36e+05 |
|                            Loss/Loss_critic |           0.236 |
|                             Loss/Loss_actor |           -1.91 |
|                             Loss/Loss_alpha |         -0.0197 |
|               Loss/Loss_state_action_metric |            0.57 |
|                      Loss/Loss_state_metric |          0.0715 |
|             Loss/Loss_state_action_to_state |         0.00802 |
|                           Loss/Act_rep_loss |          0.0283 |
|                                   SAC/Alpha |          0.0135 |
|                              SAC/LogPi_mean |            2.38 |
|                                 SAC/Q1_mean |             1.8 |
|                                 SAC/Q2_mean |            1.77 |
|                            Norm/actor_model |            38.4 |
|                           Norm/critic_model |            56.9 |
|              Norm/state_action_metric_model |            31.8 |
|                     Norm/state_metric_model |            30.1 |
|        Norm/state_action_state_metric_model |            30.4 |
|                  Metric/self_state_distance |          0.0123 |
|                 Metric/cross_state_distance |            1.17 |
|           Metric/self_state_action_distance |          0.0828 |
|          Metric/cross_state_action_distance |            1.35 |
|             Metric/avg_self_state_asymmetry |               0 |
|            Metric/avg_cross_state_asymmetry |          0.0195 |
|                Metric/avg_self_sa_asymmetry |               0 |
|               Metric/avg_cross_sa_asymmetry |          0.0557 |
|  Metric/self_state_action_to_state_distance |          0.0106 |
| Metric/cross_state_action_to_state_distance |             1.3 |
|                   Metric/h_lambda_diff_self |          0.0729 |
|                  Metric/h_lambda_diff_cross |           0.101 |
|                                 Eval/Return |             413 |
-----------------------------------------------------------------
-----------------------------------------------------------------
|                                 Train/Steps |        2.64e+05 |
|                            Loss/Loss_critic |            1.32 |
|                             Loss/Loss_actor |           -21.1 |
|                             Loss/Loss_alpha |         -0.0123 |
|               Loss/Loss_state_action_metric |            2.61 |
|                      Loss/Loss_state_metric |           0.501 |
|             Loss/Loss_state_action_to_state |          0.0159 |
|                           Loss/Act_rep_loss |         0.00682 |
|                                   SAC/Alpha |           0.153 |
|                              SAC/LogPi_mean |            1.03 |
|                                 SAC/Q1_mean |              21 |
|                                 SAC/Q2_mean |              21 |
|                            Norm/actor_model |            54.9 |
|                           Norm/critic_model |            87.9 |
|              Norm/state_action_metric_model |            39.9 |
|                     Norm/state_metric_model |              36 |
|        Norm/state_action_state_metric_model |            37.5 |
|                  Metric/self_state_distance |         0.00879 |
|                 Metric/cross_state_distance |            1.87 |
|           Metric/self_state_action_distance |          0.0498 |
|          Metric/cross_state_action_distance |            2.75 |
|             Metric/avg_self_state_asymmetry |               0 |
|            Metric/avg_cross_state_asymmetry |          0.0485 |
|                Metric/avg_self_sa_asymmetry |               0 |
|               Metric/avg_cross_sa_asymmetry |           0.106 |
|  Metric/self_state_action_to_state_distance |           0.013 |
| Metric/cross_state_action_to_state_distance |            2.74 |
|                   Metric/h_lambda_diff_self |          0.0393 |
|                  Metric/h_lambda_diff_cross |           0.143 |
|                                 Eval/Return |             582 |
-----------------------------------------------------------------
-----------------------------------------------------------------
|                                 Train/Steps |        3.92e+05 |
|                            Loss/Loss_critic |            1.32 |
|                             Loss/Loss_actor |           -33.9 |
|                             Loss/Loss_alpha |        -0.00557 |
|               Loss/Loss_state_action_metric |            2.42 |
|                      Loss/Loss_state_metric |           0.522 |
|             Loss/Loss_state_action_to_state |         0.00415 |
|                           Loss/Act_rep_loss |         0.00239 |
|                                   SAC/Alpha |           0.187 |
|                              SAC/LogPi_mean |            1.02 |
|                                 SAC/Q1_mean |            33.8 |
|                                 SAC/Q2_mean |            33.8 |
|                            Norm/actor_model |            65.9 |
|                           Norm/critic_model |             104 |
|              Norm/state_action_metric_model |            46.2 |
|                     Norm/state_metric_model |            43.2 |
|        Norm/state_action_state_metric_model |              44 |
|                  Metric/self_state_distance |          0.0119 |
|                 Metric/cross_state_distance |            1.94 |
|           Metric/self_state_action_distance |           0.031 |
|          Metric/cross_state_action_distance |            3.15 |
|             Metric/avg_self_state_asymmetry |               0 |
|            Metric/avg_cross_state_asymmetry |          0.0551 |
|                Metric/avg_self_sa_asymmetry |               0 |
|               Metric/avg_cross_sa_asymmetry |           0.116 |
|  Metric/self_state_action_to_state_distance |          0.0156 |
| Metric/cross_state_action_to_state_distance |            3.16 |
|                   Metric/h_lambda_diff_self |          0.0279 |
|                  Metric/h_lambda_diff_cross |           0.146 |
|                                 Eval/Return |             639 |
-----------------------------------------------------------------
-----------------------------------------------------------------
|                                 Train/Steps |         5.2e+05 |
|                            Loss/Loss_critic |            1.48 |
|                             Loss/Loss_actor |           -42.5 |
|                             Loss/Loss_alpha |        -0.00135 |
|               Loss/Loss_state_action_metric |            2.55 |
|                      Loss/Loss_state_metric |             0.6 |
|             Loss/Loss_state_action_to_state |         0.00827 |
|                           Loss/Act_rep_loss |         0.00243 |
|                                   SAC/Alpha |           0.201 |
|                              SAC/LogPi_mean |            0.98 |
|                                 SAC/Q1_mean |            42.4 |
|                                 SAC/Q2_mean |            42.4 |
|                            Norm/actor_model |            75.6 |
|                           Norm/critic_model |             117 |
|              Norm/state_action_metric_model |            52.2 |
|                     Norm/state_metric_model |            50.5 |
|        Norm/state_action_state_metric_model |            50.3 |
|                  Metric/self_state_distance |         0.00559 |
|                 Metric/cross_state_distance |            2.15 |
|           Metric/self_state_action_distance |          0.0341 |
|          Metric/cross_state_action_distance |            3.37 |
|             Metric/avg_self_state_asymmetry |               0 |
|            Metric/avg_cross_state_asymmetry |          0.0567 |
|                Metric/avg_self_sa_asymmetry |               0 |
|               Metric/avg_cross_sa_asymmetry |           0.125 |
|  Metric/self_state_action_to_state_distance |         0.00537 |
| Metric/cross_state_action_to_state_distance |            3.34 |
|                   Metric/h_lambda_diff_self |          0.0319 |
|                  Metric/h_lambda_diff_cross |           0.131 |
|                                 Eval/Return |             702 |
-----------------------------------------------------------------
-----------------------------------------------------------------
|                                 Train/Steps |        6.48e+05 |
|                            Loss/Loss_critic |            1.11 |
|                             Loss/Loss_actor |             -47 |
|                             Loss/Loss_alpha |        -0.00447 |
|               Loss/Loss_state_action_metric |             2.6 |
|                      Loss/Loss_state_metric |           0.552 |
|             Loss/Loss_state_action_to_state |         0.00965 |
|                           Loss/Act_rep_loss |        0.000681 |
|                                   SAC/Alpha |           0.196 |
|                              SAC/LogPi_mean |            1.01 |
|                                 SAC/Q1_mean |            47.1 |
|                                 SAC/Q2_mean |              47 |
|                            Norm/actor_model |            83.7 |
|                           Norm/critic_model |             127 |
|              Norm/state_action_metric_model |            57.9 |
|                     Norm/state_metric_model |            57.7 |
|        Norm/state_action_state_metric_model |            56.3 |
|                  Metric/self_state_distance |         0.00404 |
|                 Metric/cross_state_distance |               2 |
|           Metric/self_state_action_distance |          0.0119 |
|          Metric/cross_state_action_distance |            3.29 |
|             Metric/avg_self_state_asymmetry |               0 |
|            Metric/avg_cross_state_asymmetry |          0.0498 |
|                Metric/avg_self_sa_asymmetry |               0 |
|               Metric/avg_cross_sa_asymmetry |           0.125 |
|  Metric/self_state_action_to_state_distance |         0.00222 |
| Metric/cross_state_action_to_state_distance |            3.29 |
|                   Metric/h_lambda_diff_self |         0.00988 |
|                  Metric/h_lambda_diff_cross |           0.127 |
|                                 Eval/Return |             736 |
-----------------------------------------------------------------
-----------------------------------------------------------------
|                                 Train/Steps |        7.76e+05 |
|                            Loss/Loss_critic |            1.48 |
|                             Loss/Loss_actor |           -49.3 |
|                             Loss/Loss_alpha |         0.00456 |
|               Loss/Loss_state_action_metric |            2.21 |
|                      Loss/Loss_state_metric |           0.449 |
|             Loss/Loss_state_action_to_state |          0.0139 |
|                           Loss/Act_rep_loss |         0.00123 |
|                                   SAC/Alpha |           0.197 |
|                              SAC/LogPi_mean |            1.11 |
|                                 SAC/Q1_mean |            49.4 |
|                                 SAC/Q2_mean |            49.4 |
|                            Norm/actor_model |              91 |
|                           Norm/critic_model |             137 |
|              Norm/state_action_metric_model |            63.2 |
|                     Norm/state_metric_model |            64.7 |
|        Norm/state_action_state_metric_model |            61.7 |
|                  Metric/self_state_distance |          0.0109 |
|                 Metric/cross_state_distance |            2.07 |
|           Metric/self_state_action_distance |          0.0402 |
|          Metric/cross_state_action_distance |             3.2 |
|             Metric/avg_self_state_asymmetry |               0 |
|            Metric/avg_cross_state_asymmetry |          0.0501 |
|                Metric/avg_self_sa_asymmetry |               0 |
|               Metric/avg_cross_sa_asymmetry |            0.13 |
|  Metric/self_state_action_to_state_distance |         0.00568 |
| Metric/cross_state_action_to_state_distance |            3.17 |
|                   Metric/h_lambda_diff_self |           0.037 |
|                  Metric/h_lambda_diff_cross |            0.13 |
|                                 Eval/Return |             768 |
-----------------------------------------------------------------
-----------------------------------------------------------------
|                                 Train/Steps |        9.04e+05 |
|                            Loss/Loss_critic |            1.35 |
|                             Loss/Loss_actor |           -51.2 |
|                             Loss/Loss_alpha |          0.0154 |
|               Loss/Loss_state_action_metric |            2.34 |
|                      Loss/Loss_state_metric |           0.552 |
|             Loss/Loss_state_action_to_state |          0.0103 |
|                           Loss/Act_rep_loss |        0.000441 |
|                                   SAC/Alpha |           0.201 |
|                              SAC/LogPi_mean |           0.928 |
|                                 SAC/Q1_mean |            51.3 |
|                                 SAC/Q2_mean |            51.2 |
|                            Norm/actor_model |            97.5 |
|                           Norm/critic_model |             145 |
|              Norm/state_action_metric_model |            68.1 |
|                     Norm/state_metric_model |            71.2 |
|        Norm/state_action_state_metric_model |              67 |
|                  Metric/self_state_distance |         0.00394 |
|                 Metric/cross_state_distance |            2.06 |
|           Metric/self_state_action_distance |          0.0208 |
|          Metric/cross_state_action_distance |             3.3 |
|             Metric/avg_self_state_asymmetry |               0 |
|            Metric/avg_cross_state_asymmetry |          0.0498 |
|                Metric/avg_self_sa_asymmetry |               0 |
|               Metric/avg_cross_sa_asymmetry |           0.136 |
|  Metric/self_state_action_to_state_distance |         0.00293 |
| Metric/cross_state_action_to_state_distance |            3.28 |
|                   Metric/h_lambda_diff_self |          0.0181 |
|                  Metric/h_lambda_diff_cross |           0.125 |
|                                 Eval/Return |             824 |
-----------------------------------------------------------------
-----------------------------------------------------------------
|                                 Train/Steps |        1.03e+06 |
|                            Loss/Loss_critic |            1.39 |
|                             Loss/Loss_actor |           -53.2 |
|                             Loss/Loss_alpha |         -0.0289 |
|               Loss/Loss_state_action_metric |            2.18 |
|                      Loss/Loss_state_metric |           0.517 |
|             Loss/Loss_state_action_to_state |          0.0125 |
|                           Loss/Act_rep_loss |        0.000264 |
|                                   SAC/Alpha |           0.208 |
|                              SAC/LogPi_mean |            1.16 |
|                                 SAC/Q1_mean |            53.3 |
|                                 SAC/Q2_mean |            53.3 |
|                            Norm/actor_model |             104 |
|                           Norm/critic_model |             153 |
|              Norm/state_action_metric_model |            72.8 |
|                     Norm/state_metric_model |            77.3 |
|        Norm/state_action_state_metric_model |              72 |
|                  Metric/self_state_distance |         0.00268 |
|                 Metric/cross_state_distance |            1.91 |
|           Metric/self_state_action_distance |          0.0171 |
|          Metric/cross_state_action_distance |            3.25 |
|             Metric/avg_self_state_asymmetry |               0 |
|            Metric/avg_cross_state_asymmetry |          0.0491 |
|                Metric/avg_self_sa_asymmetry |               0 |
|               Metric/avg_cross_sa_asymmetry |           0.112 |
|  Metric/self_state_action_to_state_distance |        0.000527 |
| Metric/cross_state_action_to_state_distance |            3.26 |
|                   Metric/h_lambda_diff_self |          0.0167 |
|                  Metric/h_lambda_diff_cross |           0.112 |
|                                 Eval/Return |             918 |
-----------------------------------------------------------------
[32mSaving model …[0m
[32mDone.[0m
[32mSaving model …[0m
[32mDone.[0m
-----------------------------------------------------------------
|                                 Train/Steps |        1.16e+06 |
|                            Loss/Loss_critic |            1.51 |
|                             Loss/Loss_actor |           -56.1 |
|                             Loss/Loss_alpha |         0.00492 |
|               Loss/Loss_state_action_metric |            2.15 |
|                      Loss/Loss_state_metric |           0.489 |
|             Loss/Loss_state_action_to_state |         0.00968 |
|                           Loss/Act_rep_loss |        0.000503 |
|                                   SAC/Alpha |           0.214 |
|                              SAC/LogPi_mean |            1.04 |
|                                 SAC/Q1_mean |            56.1 |
|                                 SAC/Q2_mean |            56.1 |
|                            Norm/actor_model |             111 |
|                           Norm/critic_model |             161 |
|              Norm/state_action_metric_model |            77.2 |
|                     Norm/state_metric_model |              83 |
|        Norm/state_action_state_metric_model |            76.7 |
|                  Metric/self_state_distance |         0.00324 |
|                 Metric/cross_state_distance |            1.99 |
|           Metric/self_state_action_distance |          0.0162 |
|          Metric/cross_state_action_distance |             3.1 |
|             Metric/avg_self_state_asymmetry |               0 |
|            Metric/avg_cross_state_asymmetry |          0.0542 |
|                Metric/avg_self_sa_asymmetry |               0 |
|               Metric/avg_cross_sa_asymmetry |           0.113 |
|  Metric/self_state_action_to_state_distance |         0.00303 |
| Metric/cross_state_action_to_state_distance |            3.12 |
|                   Metric/h_lambda_diff_self |          0.0134 |
|                  Metric/h_lambda_diff_cross |           0.109 |
|                                 Eval/Return |             925 |
-----------------------------------------------------------------
-----------------------------------------------------------------
|                                 Train/Steps |        1.29e+06 |
|                            Loss/Loss_critic |             1.5 |
|                             Loss/Loss_actor |           -58.5 |
|                             Loss/Loss_alpha |          0.0279 |
|               Loss/Loss_state_action_metric |            1.93 |
|                      Loss/Loss_state_metric |           0.506 |
|             Loss/Loss_state_action_to_state |          0.0146 |
|                           Loss/Act_rep_loss |         0.00238 |
|                                   SAC/Alpha |            0.22 |
|                              SAC/LogPi_mean |           0.885 |
|                                 SAC/Q1_mean |            58.6 |
|                                 SAC/Q2_mean |            58.6 |
|                            Norm/actor_model |             117 |
|                           Norm/critic_model |             168 |
|              Norm/state_action_metric_model |            81.4 |
|                     Norm/state_metric_model |            88.2 |
|        Norm/state_action_state_metric_model |            81.2 |
|                  Metric/self_state_distance |         0.00389 |
|                 Metric/cross_state_distance |            2.04 |
|           Metric/self_state_action_distance |          0.0146 |
|          Metric/cross_state_action_distance |            3.15 |
|             Metric/avg_self_state_asymmetry |               0 |
|            Metric/avg_cross_state_asymmetry |          0.0508 |
|                Metric/avg_self_sa_asymmetry |               0 |
|               Metric/avg_cross_sa_asymmetry |           0.111 |
|  Metric/self_state_action_to_state_distance |         0.00218 |
| Metric/cross_state_action_to_state_distance |            3.14 |
|                   Metric/h_lambda_diff_self |           0.013 |
|                  Metric/h_lambda_diff_cross |          0.0989 |
|                                 Eval/Return |             793 |
-----------------------------------------------------------------
-----------------------------------------------------------------
|                                 Train/Steps |        1.42e+06 |
|                            Loss/Loss_critic |            1.24 |
|                             Loss/Loss_actor |             -61 |
|                             Loss/Loss_alpha |         -0.0302 |
|               Loss/Loss_state_action_metric |            2.14 |
|                      Loss/Loss_state_metric |           0.509 |
|             Loss/Loss_state_action_to_state |         0.00449 |
|                           Loss/Act_rep_loss |          0.0022 |
|                                   SAC/Alpha |           0.224 |
|                              SAC/LogPi_mean |            1.11 |
|                                 SAC/Q1_mean |            61.1 |
|                                 SAC/Q2_mean |            61.1 |
|                            Norm/actor_model |             123 |
|                           Norm/critic_model |             175 |
|              Norm/state_action_metric_model |            85.5 |
|                     Norm/state_metric_model |            93.4 |
|        Norm/state_action_state_metric_model |            85.6 |
|                  Metric/self_state_distance |         0.00291 |
|                 Metric/cross_state_distance |            1.88 |
|           Metric/self_state_action_distance |          0.0345 |
|          Metric/cross_state_action_distance |            3.05 |
|             Metric/avg_self_state_asymmetry |               0 |
|            Metric/avg_cross_state_asymmetry |          0.0533 |
|                Metric/avg_self_sa_asymmetry |               0 |
|               Metric/avg_cross_sa_asymmetry |           0.114 |
|  Metric/self_state_action_to_state_distance |         0.00191 |
| Metric/cross_state_action_to_state_distance |               3 |
|                   Metric/h_lambda_diff_self |           0.033 |
|                  Metric/h_lambda_diff_cross |           0.128 |
|                                 Eval/Return |             950 |
-----------------------------------------------------------------
-----------------------------------------------------------------
|                                 Train/Steps |        1.54e+06 |
|                            Loss/Loss_critic |            1.26 |
|                             Loss/Loss_actor |           -61.6 |
|                             Loss/Loss_alpha |         -0.0385 |
|               Loss/Loss_state_action_metric |            2.09 |
|                      Loss/Loss_state_metric |           0.578 |
|             Loss/Loss_state_action_to_state |         0.00757 |
|                           Loss/Act_rep_loss |         0.00033 |
|                                   SAC/Alpha |           0.237 |
|                              SAC/LogPi_mean |            1.15 |
|                                 SAC/Q1_mean |            61.7 |
|                                 SAC/Q2_mean |            61.6 |
|                            Norm/actor_model |             129 |
|                           Norm/critic_model |             181 |
|              Norm/state_action_metric_model |            89.5 |
|                     Norm/state_metric_model |            98.2 |
|        Norm/state_action_state_metric_model |            89.8 |
|                  Metric/self_state_distance |         0.00217 |
|                 Metric/cross_state_distance |            2.03 |
|           Metric/self_state_action_distance |          0.0207 |
|          Metric/cross_state_action_distance |            3.07 |
|             Metric/avg_self_state_asymmetry |               0 |
|            Metric/avg_cross_state_asymmetry |          0.0553 |
|                Metric/avg_self_sa_asymmetry |               0 |
|               Metric/avg_cross_sa_asymmetry |           0.119 |
|  Metric/self_state_action_to_state_distance |         0.00115 |
| Metric/cross_state_action_to_state_distance |            3.05 |
|                   Metric/h_lambda_diff_self |            0.02 |
|                  Metric/h_lambda_diff_cross |           0.117 |
|                                 Eval/Return |             977 |
-----------------------------------------------------------------
-----------------------------------------------------------------
|                                 Train/Steps |        1.67e+06 |
|                            Loss/Loss_critic |            1.66 |
|                             Loss/Loss_actor |           -63.1 |
|                             Loss/Loss_alpha |          0.0301 |
|               Loss/Loss_state_action_metric |            1.94 |
|                      Loss/Loss_state_metric |           0.452 |
|             Loss/Loss_state_action_to_state |         0.00495 |
|                           Loss/Act_rep_loss |        0.000587 |
|                                   SAC/Alpha |           0.238 |
|                              SAC/LogPi_mean |           0.939 |
|                                 SAC/Q1_mean |            63.2 |
|                                 SAC/Q2_mean |            63.2 |
|                            Norm/actor_model |             135 |
|                           Norm/critic_model |             188 |
|              Norm/state_action_metric_model |            93.2 |
|                     Norm/state_metric_model |             103 |
|        Norm/state_action_state_metric_model |            93.9 |
|                  Metric/self_state_distance |          0.0077 |
|                 Metric/cross_state_distance |            1.86 |
|           Metric/self_state_action_distance |          0.0265 |
|          Metric/cross_state_action_distance |            3.01 |
|             Metric/avg_self_state_asymmetry |               0 |
|            Metric/avg_cross_state_asymmetry |          0.0479 |
|                Metric/avg_self_sa_asymmetry |               0 |
|               Metric/avg_cross_sa_asymmetry |           0.108 |
|  Metric/self_state_action_to_state_distance |         0.00615 |
| Metric/cross_state_action_to_state_distance |            2.98 |
|                   Metric/h_lambda_diff_self |          0.0207 |
|                  Metric/h_lambda_diff_cross |          0.0962 |
|                                 Eval/Return |             933 |
-----------------------------------------------------------------
-----------------------------------------------------------------
|                                 Train/Steps |         1.8e+06 |
|                            Loss/Loss_critic |            1.47 |
|                             Loss/Loss_actor |           -64.2 |
|                             Loss/Loss_alpha |         -0.0195 |
|               Loss/Loss_state_action_metric |            2.07 |
|                      Loss/Loss_state_metric |           0.572 |
|             Loss/Loss_state_action_to_state |         0.00992 |
|                           Loss/Act_rep_loss |        0.000192 |
|                                   SAC/Alpha |           0.245 |
|                              SAC/LogPi_mean |            1.09 |
|                                 SAC/Q1_mean |            64.2 |
|                                 SAC/Q2_mean |            64.2 |
|                            Norm/actor_model |             141 |
|                           Norm/critic_model |             194 |
|              Norm/state_action_metric_model |            96.9 |
|                     Norm/state_metric_model |             108 |
|        Norm/state_action_state_metric_model |            97.8 |
|                  Metric/self_state_distance |         0.00487 |
|                 Metric/cross_state_distance |            1.98 |
|           Metric/self_state_action_distance |          0.0133 |
|          Metric/cross_state_action_distance |            3.07 |
|             Metric/avg_self_state_asymmetry |               0 |
|            Metric/avg_cross_state_asymmetry |          0.0471 |
|                Metric/avg_self_sa_asymmetry |               0 |
|               Metric/avg_cross_sa_asymmetry |            0.11 |
|  Metric/self_state_action_to_state_distance |         0.00193 |
| Metric/cross_state_action_to_state_distance |            3.01 |
|                   Metric/h_lambda_diff_self |          0.0118 |
|                  Metric/h_lambda_diff_cross |           0.119 |
|                                 Eval/Return |             971 |
-----------------------------------------------------------------
-----------------------------------------------------------------
|                                 Train/Steps |        1.93e+06 |
|                            Loss/Loss_critic |            1.01 |
|                             Loss/Loss_actor |           -65.6 |
|                             Loss/Loss_alpha |         0.00288 |
|               Loss/Loss_state_action_metric |            1.71 |
|                      Loss/Loss_state_metric |           0.471 |
|             Loss/Loss_state_action_to_state |         0.00676 |
|                           Loss/Act_rep_loss |         0.00104 |
|                                   SAC/Alpha |           0.247 |
|                              SAC/LogPi_mean |            1.03 |
|                                 SAC/Q1_mean |            65.8 |
|                                 SAC/Q2_mean |            65.8 |
|                            Norm/actor_model |             146 |
|                           Norm/critic_model |             199 |
|              Norm/state_action_metric_model |             101 |
|                     Norm/state_metric_model |             112 |
|        Norm/state_action_state_metric_model |             101 |
|                  Metric/self_state_distance |          0.0023 |
|                 Metric/cross_state_distance |            1.86 |
|           Metric/self_state_action_distance |           0.028 |
|          Metric/cross_state_action_distance |            2.85 |
|             Metric/avg_self_state_asymmetry |               0 |
|            Metric/avg_cross_state_asymmetry |          0.0507 |
|                Metric/avg_self_sa_asymmetry |               0 |
|               Metric/avg_cross_sa_asymmetry |           0.104 |
|  Metric/self_state_action_to_state_distance |        0.000804 |
| Metric/cross_state_action_to_state_distance |            2.87 |
|                   Metric/h_lambda_diff_self |          0.0276 |
|                  Metric/h_lambda_diff_cross |          0.0994 |
|                                 Eval/Return |             952 |
-----------------------------------------------------------------
-----------------------------------------------------------------
|                                 Train/Steps |        2.06e+06 |
|                            Loss/Loss_critic |            1.41 |
|                             Loss/Loss_actor |           -66.4 |
|                             Loss/Loss_alpha |         -0.0303 |
|               Loss/Loss_state_action_metric |            1.97 |
|                      Loss/Loss_state_metric |           0.503 |
|             Loss/Loss_state_action_to_state |          0.0129 |
|                           Loss/Act_rep_loss |        0.000408 |
|                                   SAC/Alpha |            0.26 |
|                              SAC/LogPi_mean |            1.03 |
|                                 SAC/Q1_mean |            66.5 |
|                                 SAC/Q2_mean |            66.5 |
|                            Norm/actor_model |             151 |
|                           Norm/critic_model |             205 |
|              Norm/state_action_metric_model |             104 |
|                     Norm/state_metric_model |             117 |
|        Norm/state_action_state_metric_model |             105 |
|                  Metric/self_state_distance |         0.00162 |
|                 Metric/cross_state_distance |               2 |
|           Metric/self_state_action_distance |         0.00539 |
|          Metric/cross_state_action_distance |            2.91 |
|             Metric/avg_self_state_asymmetry |               0 |
|            Metric/avg_cross_state_asymmetry |          0.0539 |
|                Metric/avg_self_sa_asymmetry |               0 |
|               Metric/avg_cross_sa_asymmetry |           0.119 |
|  Metric/self_state_action_to_state_distance |        0.000922 |
| Metric/cross_state_action_to_state_distance |            2.94 |
|                   Metric/h_lambda_diff_self |         0.00492 |
|                  Metric/h_lambda_diff_cross |           0.114 |
|                                 Eval/Return |             939 |
-----------------------------------------------------------------
[32mSaving model …[0m
[32mDone.[0m
[32mSaving model …[0m
[32mDone.[0m
-----------------------------------------------------------------
|                                 Train/Steps |        2.18e+06 |
|                            Loss/Loss_critic |            1.71 |
|                             Loss/Loss_actor |           -67.5 |
|                             Loss/Loss_alpha |        -0.00021 |
|               Loss/Loss_state_action_metric |            1.76 |
|                      Loss/Loss_state_metric |           0.525 |
|             Loss/Loss_state_action_to_state |         0.00855 |
|                           Loss/Act_rep_loss |        0.000437 |
|                                   SAC/Alpha |           0.252 |
|                              SAC/LogPi_mean |           0.874 |
|                                 SAC/Q1_mean |            67.6 |
|                                 SAC/Q2_mean |            67.6 |
|                            Norm/actor_model |             157 |
|                           Norm/critic_model |             210 |
|              Norm/state_action_metric_model |             108 |
|                     Norm/state_metric_model |             121 |
|        Norm/state_action_state_metric_model |             109 |
|                  Metric/self_state_distance |         0.00105 |
|                 Metric/cross_state_distance |            1.95 |
|           Metric/self_state_action_distance |         0.00473 |
|          Metric/cross_state_action_distance |            2.81 |
|             Metric/avg_self_state_asymmetry |               0 |
|            Metric/avg_cross_state_asymmetry |          0.0563 |
|                Metric/avg_self_sa_asymmetry |               0 |
|               Metric/avg_cross_sa_asymmetry |           0.101 |
|  Metric/self_state_action_to_state_distance |        0.000522 |
| Metric/cross_state_action_to_state_distance |             2.8 |
|                   Metric/h_lambda_diff_self |         0.00468 |
|                  Metric/h_lambda_diff_cross |           0.101 |
|                                 Eval/Return |             962 |
-----------------------------------------------------------------
-----------------------------------------------------------------
|                                 Train/Steps |        2.31e+06 |
|                            Loss/Loss_critic |            1.46 |
|                             Loss/Loss_actor |           -68.4 |
|                             Loss/Loss_alpha |         -0.0299 |
|               Loss/Loss_state_action_metric |            1.48 |
|                      Loss/Loss_state_metric |           0.355 |
|             Loss/Loss_state_action_to_state |          0.0151 |
|                           Loss/Act_rep_loss |         0.00294 |
|                                   SAC/Alpha |           0.257 |
|                              SAC/LogPi_mean |            1.05 |
|                                 SAC/Q1_mean |            68.6 |
|                                 SAC/Q2_mean |            68.7 |
|                            Norm/actor_model |             161 |
|                           Norm/critic_model |             215 |
|              Norm/state_action_metric_model |             111 |
|                     Norm/state_metric_model |             125 |
|        Norm/state_action_state_metric_model |             112 |
|                  Metric/self_state_distance |         0.00124 |
|                 Metric/cross_state_distance |            1.77 |
|           Metric/self_state_action_distance |          0.0131 |
|          Metric/cross_state_action_distance |            2.67 |
|             Metric/avg_self_state_asymmetry |               0 |
|            Metric/avg_cross_state_asymmetry |          0.0561 |
|                Metric/avg_self_sa_asymmetry |               0 |
|               Metric/avg_cross_sa_asymmetry |           0.107 |
|  Metric/self_state_action_to_state_distance |          0.0024 |
| Metric/cross_state_action_to_state_distance |            2.65 |
|                   Metric/h_lambda_diff_self |          0.0138 |
|                  Metric/h_lambda_diff_cross |           0.111 |
|                                 Eval/Return |             962 |
-----------------------------------------------------------------
-----------------------------------------------------------------
|                                 Train/Steps |        2.44e+06 |
|                            Loss/Loss_critic |            1.04 |
|                             Loss/Loss_actor |           -69.2 |
|                             Loss/Loss_alpha |         -0.0142 |
|               Loss/Loss_state_action_metric |            1.54 |
|                      Loss/Loss_state_metric |            0.45 |
|             Loss/Loss_state_action_to_state |         0.00797 |
|                           Loss/Act_rep_loss |         0.00241 |
|                                   SAC/Alpha |           0.266 |
|                              SAC/LogPi_mean |           0.949 |
|                                 SAC/Q1_mean |            69.4 |
|                                 SAC/Q2_mean |            69.4 |
|                            Norm/actor_model |             166 |
|                           Norm/critic_model |             220 |
|              Norm/state_action_metric_model |             114 |
|                     Norm/state_metric_model |             129 |
|        Norm/state_action_state_metric_model |             115 |
|                  Metric/self_state_distance |        0.000555 |
|                 Metric/cross_state_distance |            1.77 |
|           Metric/self_state_action_distance |          0.0114 |
|          Metric/cross_state_action_distance |            2.72 |
|             Metric/avg_self_state_asymmetry |               0 |
|            Metric/avg_cross_state_asymmetry |           0.048 |
|                Metric/avg_self_sa_asymmetry |               0 |
|               Metric/avg_cross_sa_asymmetry |          0.0965 |
|  Metric/self_state_action_to_state_distance |        0.000569 |
| Metric/cross_state_action_to_state_distance |            2.67 |
|                   Metric/h_lambda_diff_self |           0.011 |
|                  Metric/h_lambda_diff_cross |           0.107 |
|                                 Eval/Return |             962 |
-----------------------------------------------------------------
-----------------------------------------------------------------
|                                 Train/Steps |        2.57e+06 |
|                            Loss/Loss_critic |             1.4 |
|                             Loss/Loss_actor |           -70.1 |
|                             Loss/Loss_alpha |         -0.0596 |
|               Loss/Loss_state_action_metric |            1.63 |
|                      Loss/Loss_state_metric |           0.305 |
|             Loss/Loss_state_action_to_state |         0.00485 |
|                           Loss/Act_rep_loss |        0.000339 |
|                                   SAC/Alpha |           0.255 |
|                              SAC/LogPi_mean |            1.07 |
|                                 SAC/Q1_mean |            70.3 |
|                                 SAC/Q2_mean |            70.2 |
|                            Norm/actor_model |             171 |
|                           Norm/critic_model |             225 |
|              Norm/state_action_metric_model |             118 |
|                     Norm/state_metric_model |             132 |
|        Norm/state_action_state_metric_model |             119 |
|                  Metric/self_state_distance |         0.00205 |
|                 Metric/cross_state_distance |             1.7 |
|           Metric/self_state_action_distance |         0.00273 |
|          Metric/cross_state_action_distance |            2.61 |
|             Metric/avg_self_state_asymmetry |               0 |
|            Metric/avg_cross_state_asymmetry |          0.0489 |
|                Metric/avg_self_sa_asymmetry |               0 |
|               Metric/avg_cross_sa_asymmetry |          0.0993 |
|  Metric/self_state_action_to_state_distance |        0.000885 |
| Metric/cross_state_action_to_state_distance |            2.58 |
|                   Metric/h_lambda_diff_self |         0.00279 |
|                  Metric/h_lambda_diff_cross |          0.0976 |
|                                 Eval/Return |             964 |
-----------------------------------------------------------------
-----------------------------------------------------------------
|                                 Train/Steps |         2.7e+06 |
|                            Loss/Loss_critic |            1.16 |
|                             Loss/Loss_actor |           -70.4 |
|                             Loss/Loss_alpha |         -0.0145 |
|               Loss/Loss_state_action_metric |            1.67 |
|                      Loss/Loss_state_metric |           0.431 |
|             Loss/Loss_state_action_to_state |         0.00494 |
|                           Loss/Act_rep_loss |        0.000332 |
|                                   SAC/Alpha |            0.26 |
|                              SAC/LogPi_mean |            1.09 |
|                                 SAC/Q1_mean |            70.5 |
|                                 SAC/Q2_mean |            70.6 |
|                            Norm/actor_model |             175 |
|                           Norm/critic_model |             230 |
|              Norm/state_action_metric_model |             121 |
|                     Norm/state_metric_model |             136 |
|        Norm/state_action_state_metric_model |             122 |
|                  Metric/self_state_distance |         0.00192 |
|                 Metric/cross_state_distance |             1.8 |
|           Metric/self_state_action_distance |          0.0119 |
|          Metric/cross_state_action_distance |            2.73 |
|             Metric/avg_self_state_asymmetry |               0 |
|            Metric/avg_cross_state_asymmetry |          0.0466 |
|                Metric/avg_self_sa_asymmetry |               0 |
|               Metric/avg_cross_sa_asymmetry |           0.103 |
|  Metric/self_state_action_to_state_distance |         0.00201 |
| Metric/cross_state_action_to_state_distance |             2.7 |
|                   Metric/h_lambda_diff_self |          0.0103 |
|                  Metric/h_lambda_diff_cross |          0.0995 |
|                                 Eval/Return |             963 |
-----------------------------------------------------------------
-----------------------------------------------------------------
|                                 Train/Steps |        2.82e+06 |
|                            Loss/Loss_critic |            1.08 |
|                             Loss/Loss_actor |           -70.5 |
|                             Loss/Loss_alpha |         -0.0132 |
|               Loss/Loss_state_action_metric |            1.52 |
|                      Loss/Loss_state_metric |           0.451 |
|             Loss/Loss_state_action_to_state |         0.00717 |
|                           Loss/Act_rep_loss |        0.000242 |
|                                   SAC/Alpha |           0.261 |
|                              SAC/LogPi_mean |            1.07 |
|                                 SAC/Q1_mean |            70.6 |
|                                 SAC/Q2_mean |            70.7 |
|                            Norm/actor_model |             180 |
|                           Norm/critic_model |             235 |
|              Norm/state_action_metric_model |             124 |
|                     Norm/state_metric_model |             139 |
|        Norm/state_action_state_metric_model |             125 |
|                  Metric/self_state_distance |          0.0016 |
|                 Metric/cross_state_distance |            1.85 |
|           Metric/self_state_action_distance |          0.0256 |
|          Metric/cross_state_action_distance |            2.73 |
|             Metric/avg_self_state_asymmetry |               0 |
|            Metric/avg_cross_state_asymmetry |          0.0456 |
|                Metric/avg_self_sa_asymmetry |               0 |
|               Metric/avg_cross_sa_asymmetry |          0.0978 |
|  Metric/self_state_action_to_state_distance |         0.00122 |
| Metric/cross_state_action_to_state_distance |            2.71 |
|                   Metric/h_lambda_diff_self |          0.0245 |
|                  Metric/h_lambda_diff_cross |          0.0975 |
|                                 Eval/Return |             955 |
-----------------------------------------------------------------
-----------------------------------------------------------------
|                                 Train/Steps |        2.95e+06 |
|                            Loss/Loss_critic |            1.09 |
|                             Loss/Loss_actor |           -71.4 |
|                             Loss/Loss_alpha |          0.0112 |
|               Loss/Loss_state_action_metric |            1.41 |
|                      Loss/Loss_state_metric |           0.346 |
|             Loss/Loss_state_action_to_state |         0.00606 |
|                           Loss/Act_rep_loss |         0.00048 |
|                                   SAC/Alpha |           0.266 |
|                              SAC/LogPi_mean |           0.982 |
|                                 SAC/Q1_mean |            71.6 |
|                                 SAC/Q2_mean |            71.6 |
|                            Norm/actor_model |             184 |
|                           Norm/critic_model |             239 |
|              Norm/state_action_metric_model |             127 |
|                     Norm/state_metric_model |             142 |
|        Norm/state_action_state_metric_model |             128 |
|                  Metric/self_state_distance |         0.00157 |
|                 Metric/cross_state_distance |            1.68 |
|           Metric/self_state_action_distance |         0.00504 |
|          Metric/cross_state_action_distance |            2.51 |
|             Metric/avg_self_state_asymmetry |               0 |
|            Metric/avg_cross_state_asymmetry |          0.0471 |
|                Metric/avg_self_sa_asymmetry |               0 |
|               Metric/avg_cross_sa_asymmetry |             0.1 |
|  Metric/self_state_action_to_state_distance |         0.00128 |
| Metric/cross_state_action_to_state_distance |            2.53 |
|                   Metric/h_lambda_diff_self |         0.00477 |
|                  Metric/h_lambda_diff_cross |          0.0928 |
|                                 Eval/Return |             951 |
-----------------------------------------------------------------
-----------------------------------------------------------------
|                                 Train/Steps |        3.08e+06 |
|                            Loss/Loss_critic |            1.22 |
|                             Loss/Loss_actor |             -72 |
|                             Loss/Loss_alpha |          0.0122 |
|               Loss/Loss_state_action_metric |            1.72 |
|                      Loss/Loss_state_metric |            0.34 |
|             Loss/Loss_state_action_to_state |            0.01 |
|                           Loss/Act_rep_loss |          0.0025 |
|                                   SAC/Alpha |           0.264 |
|                              SAC/LogPi_mean |           0.872 |
|                                 SAC/Q1_mean |            72.1 |
|                                 SAC/Q2_mean |            72.4 |
|                            Norm/actor_model |             188 |
|                           Norm/critic_model |             244 |
|              Norm/state_action_metric_model |             130 |
|                     Norm/state_metric_model |             146 |
|        Norm/state_action_state_metric_model |             131 |
|                  Metric/self_state_distance |         0.00174 |
|                 Metric/cross_state_distance |            1.68 |
|           Metric/self_state_action_distance |          0.0115 |
|          Metric/cross_state_action_distance |            2.51 |
|             Metric/avg_self_state_asymmetry |               0 |
|            Metric/avg_cross_state_asymmetry |          0.0421 |
|                Metric/avg_self_sa_asymmetry |               0 |
|               Metric/avg_cross_sa_asymmetry |          0.0929 |
|  Metric/self_state_action_to_state_distance |         0.00194 |
| Metric/cross_state_action_to_state_distance |            2.51 |
|                   Metric/h_lambda_diff_self |            0.01 |
|                  Metric/h_lambda_diff_cross |          0.0911 |
|                                 Eval/Return |             944 |
-----------------------------------------------------------------
[32mSaving model …[0m
[32mDone.[0m
[32mSaving model …[0m
[32mDone.[0m
-----------------------------------------------------------------
|                                 Train/Steps |        3.21e+06 |
|                            Loss/Loss_critic |            1.66 |
|                             Loss/Loss_actor |             -72 |
|                             Loss/Loss_alpha |          -0.017 |
|               Loss/Loss_state_action_metric |            1.52 |
|                      Loss/Loss_state_metric |           0.385 |
|             Loss/Loss_state_action_to_state |         0.00626 |
|                           Loss/Act_rep_loss |        0.000981 |
|                                   SAC/Alpha |           0.264 |
|                              SAC/LogPi_mean |            1.02 |
|                                 SAC/Q1_mean |            72.3 |
|                                 SAC/Q2_mean |            72.2 |
|                            Norm/actor_model |             192 |
|                           Norm/critic_model |             248 |
|              Norm/state_action_metric_model |             132 |
|                     Norm/state_metric_model |             149 |
|        Norm/state_action_state_metric_model |             134 |
|                  Metric/self_state_distance |         0.00168 |
|                 Metric/cross_state_distance |            1.72 |
|           Metric/self_state_action_distance |         0.00328 |
|          Metric/cross_state_action_distance |            2.51 |
|             Metric/avg_self_state_asymmetry |               0 |
|            Metric/avg_cross_state_asymmetry |          0.0466 |
|                Metric/avg_self_sa_asymmetry |               0 |
|               Metric/avg_cross_sa_asymmetry |           0.103 |
|  Metric/self_state_action_to_state_distance |          0.0119 |
| Metric/cross_state_action_to_state_distance |            2.47 |
|                   Metric/h_lambda_diff_self |          0.0121 |
|                  Metric/h_lambda_diff_cross |          0.0919 |
|                                 Eval/Return |             929 |
-----------------------------------------------------------------
-----------------------------------------------------------------
|                                 Train/Steps |        3.34e+06 |
|                            Loss/Loss_critic |            1.15 |
|                             Loss/Loss_actor |           -72.8 |
|                             Loss/Loss_alpha |          0.0175 |
|               Loss/Loss_state_action_metric |            1.56 |
|                      Loss/Loss_state_metric |           0.364 |
|             Loss/Loss_state_action_to_state |         0.00848 |
|                           Loss/Act_rep_loss |        0.000911 |
|                                   SAC/Alpha |           0.262 |
|                              SAC/LogPi_mean |           0.951 |
|                                 SAC/Q1_mean |              73 |
|                                 SAC/Q2_mean |              73 |
|                            Norm/actor_model |             196 |
|                           Norm/critic_model |             252 |
|              Norm/state_action_metric_model |             135 |
|                     Norm/state_metric_model |             152 |
|        Norm/state_action_state_metric_model |             137 |
|                  Metric/self_state_distance |         0.00358 |
|                 Metric/cross_state_distance |            1.73 |
|           Metric/self_state_action_distance |          0.0136 |
|          Metric/cross_state_action_distance |            2.51 |
|             Metric/avg_self_state_asymmetry |               0 |
|            Metric/avg_cross_state_asymmetry |          0.0482 |
|                Metric/avg_self_sa_asymmetry |               0 |
|               Metric/avg_cross_sa_asymmetry |          0.0955 |
|  Metric/self_state_action_to_state_distance |          0.0021 |
| Metric/cross_state_action_to_state_distance |            2.47 |
|                   Metric/h_lambda_diff_self |          0.0117 |
|                  Metric/h_lambda_diff_cross |           0.098 |
|                                 Eval/Return |             955 |
-----------------------------------------------------------------
-----------------------------------------------------------------
|                                 Train/Steps |        3.46e+06 |
|                            Loss/Loss_critic |            1.13 |
|                             Loss/Loss_actor |           -73.1 |
|                             Loss/Loss_alpha |          0.0208 |
|               Loss/Loss_state_action_metric |            1.48 |
|                      Loss/Loss_state_metric |           0.338 |
|             Loss/Loss_state_action_to_state |         0.00836 |
|                           Loss/Act_rep_loss |        0.000211 |
|                                   SAC/Alpha |            0.26 |
|                              SAC/LogPi_mean |           0.973 |
|                                 SAC/Q1_mean |            73.4 |
|                                 SAC/Q2_mean |            73.3 |
|                            Norm/actor_model |             200 |
|                           Norm/critic_model |             257 |
|              Norm/state_action_metric_model |             138 |
|                     Norm/state_metric_model |             155 |
|        Norm/state_action_state_metric_model |             140 |
|                  Metric/self_state_distance |         0.00514 |
|                 Metric/cross_state_distance |            1.68 |
|           Metric/self_state_action_distance |          0.0167 |
|          Metric/cross_state_action_distance |            2.51 |
|             Metric/avg_self_state_asymmetry |               0 |
|            Metric/avg_cross_state_asymmetry |          0.0514 |
|                Metric/avg_self_sa_asymmetry |               0 |
|               Metric/avg_cross_sa_asymmetry |           0.102 |
|  Metric/self_state_action_to_state_distance |         0.00676 |
| Metric/cross_state_action_to_state_distance |            2.53 |
|                   Metric/h_lambda_diff_self |          0.0211 |
|                  Metric/h_lambda_diff_cross |           0.107 |
|                                 Eval/Return |             954 |
-----------------------------------------------------------------
-----------------------------------------------------------------
|                                 Train/Steps |        3.59e+06 |
|                            Loss/Loss_critic |           0.748 |
|                             Loss/Loss_actor |           -73.4 |
|                             Loss/Loss_alpha |           0.001 |
|               Loss/Loss_state_action_metric |            1.19 |
|                      Loss/Loss_state_metric |           0.346 |
|             Loss/Loss_state_action_to_state |         0.00424 |
|                           Loss/Act_rep_loss |         0.00253 |
|                                   SAC/Alpha |           0.267 |
|                              SAC/LogPi_mean |           0.996 |
|                                 SAC/Q1_mean |            73.7 |
|                                 SAC/Q2_mean |            73.6 |
|                            Norm/actor_model |             204 |
|                           Norm/critic_model |             261 |
|              Norm/state_action_metric_model |             141 |
|                     Norm/state_metric_model |             158 |
|        Norm/state_action_state_metric_model |             143 |
|                  Metric/self_state_distance |        8.21e-05 |
|                 Metric/cross_state_distance |            1.61 |
|           Metric/self_state_action_distance |          0.0154 |
|          Metric/cross_state_action_distance |            2.43 |
|             Metric/avg_self_state_asymmetry |               0 |
|            Metric/avg_cross_state_asymmetry |           0.047 |
|                Metric/avg_self_sa_asymmetry |               0 |
|               Metric/avg_cross_sa_asymmetry |           0.093 |
|  Metric/self_state_action_to_state_distance |        0.000643 |
| Metric/cross_state_action_to_state_distance |            2.43 |
|                   Metric/h_lambda_diff_self |          0.0149 |
|                  Metric/h_lambda_diff_cross |          0.0822 |
|                                 Eval/Return |             958 |
-----------------------------------------------------------------
-----------------------------------------------------------------
|                                 Train/Steps |        3.72e+06 |
|                            Loss/Loss_critic |           0.928 |
|                             Loss/Loss_actor |             -74 |
|                             Loss/Loss_alpha |         0.00263 |
|               Loss/Loss_state_action_metric |            1.53 |
|                      Loss/Loss_state_metric |           0.284 |
|             Loss/Loss_state_action_to_state |         0.00803 |
|                           Loss/Act_rep_loss |        0.000693 |
|                                   SAC/Alpha |           0.266 |
|                              SAC/LogPi_mean |            1.05 |
|                                 SAC/Q1_mean |            74.2 |
|                                 SAC/Q2_mean |            74.2 |
|                            Norm/actor_model |             208 |
|                           Norm/critic_model |             265 |
|              Norm/state_action_metric_model |             144 |
|                     Norm/state_metric_model |             161 |
|        Norm/state_action_state_metric_model |             146 |
|                  Metric/self_state_distance |         0.00236 |
|                 Metric/cross_state_distance |            1.73 |
|           Metric/self_state_action_distance |            0.02 |
|          Metric/cross_state_action_distance |            2.52 |
|             Metric/avg_self_state_asymmetry |               0 |
|            Metric/avg_cross_state_asymmetry |          0.0477 |
|                Metric/avg_self_sa_asymmetry |               0 |
|               Metric/avg_cross_sa_asymmetry |           0.107 |
|  Metric/self_state_action_to_state_distance |        0.000833 |
| Metric/cross_state_action_to_state_distance |            2.52 |
|                   Metric/h_lambda_diff_self |          0.0192 |
|                  Metric/h_lambda_diff_cross |           0.111 |
|                                 Eval/Return |             971 |
-----------------------------------------------------------------
-----------------------------------------------------------------
|                                 Train/Steps |        3.85e+06 |
|                            Loss/Loss_critic |            1.33 |
|                             Loss/Loss_actor |           -74.3 |
|                             Loss/Loss_alpha |         0.00418 |
|               Loss/Loss_state_action_metric |            1.21 |
|                      Loss/Loss_state_metric |           0.305 |
|             Loss/Loss_state_action_to_state |         0.00724 |
|                           Loss/Act_rep_loss |         0.00444 |
|                                   SAC/Alpha |           0.267 |
|                              SAC/LogPi_mean |           0.983 |
|                                 SAC/Q1_mean |            74.5 |
|                                 SAC/Q2_mean |            74.4 |
|                            Norm/actor_model |             212 |
|                           Norm/critic_model |             269 |
|              Norm/state_action_metric_model |             146 |
|                     Norm/state_metric_model |             163 |
|        Norm/state_action_state_metric_model |             148 |
|                  Metric/self_state_distance |        0.000928 |
|                 Metric/cross_state_distance |             1.6 |
|           Metric/self_state_action_distance |         0.00931 |
|          Metric/cross_state_action_distance |            2.53 |
|             Metric/avg_self_state_asymmetry |               0 |
|            Metric/avg_cross_state_asymmetry |          0.0399 |
|                Metric/avg_self_sa_asymmetry |               0 |
|               Metric/avg_cross_sa_asymmetry |           0.103 |
|  Metric/self_state_action_to_state_distance |        0.000694 |
| Metric/cross_state_action_to_state_distance |            2.43 |
|                   Metric/h_lambda_diff_self |         0.00888 |
|                  Metric/h_lambda_diff_cross |           0.123 |
|                                 Eval/Return |             971 |
-----------------------------------------------------------------
-----------------------------------------------------------------
|                                 Train/Steps |        3.98e+06 |
|                            Loss/Loss_critic |           0.825 |
|                             Loss/Loss_actor |           -74.7 |
|                             Loss/Loss_alpha |         -0.0341 |
|               Loss/Loss_state_action_metric |            1.31 |
|                      Loss/Loss_state_metric |           0.349 |
|             Loss/Loss_state_action_to_state |         0.00369 |
|                           Loss/Act_rep_loss |         0.00077 |
|                                   SAC/Alpha |           0.269 |
|                              SAC/LogPi_mean |            1.06 |
|                                 SAC/Q1_mean |              75 |
|                                 SAC/Q2_mean |            74.9 |
|                            Norm/actor_model |             216 |
|                           Norm/critic_model |             273 |
|              Norm/state_action_metric_model |             149 |
|                     Norm/state_metric_model |             166 |
|        Norm/state_action_state_metric_model |             151 |
|                  Metric/self_state_distance |         0.00258 |
|                 Metric/cross_state_distance |            1.64 |
|           Metric/self_state_action_distance |          0.0109 |
|          Metric/cross_state_action_distance |            2.37 |
|             Metric/avg_self_state_asymmetry |               0 |
|            Metric/avg_cross_state_asymmetry |          0.0399 |
|                Metric/avg_self_sa_asymmetry |               0 |
|               Metric/avg_cross_sa_asymmetry |          0.0951 |
|  Metric/self_state_action_to_state_distance |         0.00134 |
| Metric/cross_state_action_to_state_distance |            2.38 |
|                   Metric/h_lambda_diff_self |          0.0118 |
|                  Metric/h_lambda_diff_cross |          0.0854 |
|                                 Eval/Return |             969 |
-----------------------------------------------------------------
-----------------------------------------------------------------
|                                 Train/Steps |         4.1e+06 |
|                            Loss/Loss_critic |            1.06 |
|                             Loss/Loss_actor |           -75.7 |
|                             Loss/Loss_alpha |         -0.0417 |
|               Loss/Loss_state_action_metric |           0.996 |
|                      Loss/Loss_state_metric |           0.258 |
|             Loss/Loss_state_action_to_state |         0.00841 |
|                           Loss/Act_rep_loss |         0.00243 |
|                                   SAC/Alpha |           0.253 |
|                              SAC/LogPi_mean |            1.12 |
|                                 SAC/Q1_mean |              76 |
|                                 SAC/Q2_mean |              76 |
|                            Norm/actor_model |             219 |
|                           Norm/critic_model |             276 |
|              Norm/state_action_metric_model |             151 |
|                     Norm/state_metric_model |             169 |
|        Norm/state_action_state_metric_model |             154 |
|                  Metric/self_state_distance |         0.00122 |
|                 Metric/cross_state_distance |            1.55 |
|           Metric/self_state_action_distance |         0.00731 |
|          Metric/cross_state_action_distance |            2.22 |
|             Metric/avg_self_state_asymmetry |               0 |
|            Metric/avg_cross_state_asymmetry |          0.0431 |
|                Metric/avg_self_sa_asymmetry |               0 |
|               Metric/avg_cross_sa_asymmetry |          0.0893 |
|  Metric/self_state_action_to_state_distance |         0.00101 |
| Metric/cross_state_action_to_state_distance |            2.23 |
|                   Metric/h_lambda_diff_self |         0.00679 |
|                  Metric/h_lambda_diff_cross |          0.0861 |
|                                 Eval/Return |             961 |
-----------------------------------------------------------------
[32mSaving model …[0m
[32mDone.[0m
[32mSaving model …[0m
[32mDone.[0m
-----------------------------------------------------------------
|                                 Train/Steps |        4.23e+06 |
|                            Loss/Loss_critic |           0.852 |
|                             Loss/Loss_actor |           -76.6 |
|                             Loss/Loss_alpha |         0.00146 |
|               Loss/Loss_state_action_metric |            1.23 |
|                      Loss/Loss_state_metric |           0.294 |
|             Loss/Loss_state_action_to_state |         0.00359 |
|                           Loss/Act_rep_loss |         0.00214 |
|                                   SAC/Alpha |           0.251 |
|                              SAC/LogPi_mean |           0.991 |
|                                 SAC/Q1_mean |            76.9 |
|                                 SAC/Q2_mean |            76.8 |
|                            Norm/actor_model |             223 |
|                           Norm/critic_model |             280 |
|              Norm/state_action_metric_model |             154 |
|                     Norm/state_metric_model |             172 |
|        Norm/state_action_state_metric_model |             156 |
|                  Metric/self_state_distance |         0.00115 |
|                 Metric/cross_state_distance |            1.56 |
|           Metric/self_state_action_distance |          0.0136 |
|          Metric/cross_state_action_distance |            2.25 |
|             Metric/avg_self_state_asymmetry |               0 |
|            Metric/avg_cross_state_asymmetry |          0.0421 |
|                Metric/avg_self_sa_asymmetry |               0 |
|               Metric/avg_cross_sa_asymmetry |          0.0965 |
|  Metric/self_state_action_to_state_distance |         0.00105 |
| Metric/cross_state_action_to_state_distance |            2.26 |
|                   Metric/h_lambda_diff_self |          0.0128 |
|                  Metric/h_lambda_diff_cross |          0.0873 |
|                                 Eval/Return |             965 |
-----------------------------------------------------------------
-----------------------------------------------------------------
|                                 Train/Steps |        4.36e+06 |
|                            Loss/Loss_critic |           0.764 |
|                             Loss/Loss_actor |           -77.6 |
|                             Loss/Loss_alpha |        -0.00952 |
|               Loss/Loss_state_action_metric |            1.28 |
|                      Loss/Loss_state_metric |           0.294 |
|             Loss/Loss_state_action_to_state |         0.00807 |
|                           Loss/Act_rep_loss |        0.000208 |
|                                   SAC/Alpha |           0.242 |
|                              SAC/LogPi_mean |           0.902 |
|                                 SAC/Q1_mean |            77.9 |
|                                 SAC/Q2_mean |            77.8 |
|                            Norm/actor_model |             226 |
|                           Norm/critic_model |             283 |
|              Norm/state_action_metric_model |             156 |
|                     Norm/state_metric_model |             175 |
|        Norm/state_action_state_metric_model |             159 |
|                  Metric/self_state_distance |        0.000398 |
|                 Metric/cross_state_distance |            1.63 |
|           Metric/self_state_action_distance |         0.00456 |
|          Metric/cross_state_action_distance |            2.21 |
|             Metric/avg_self_state_asymmetry |               0 |
|            Metric/avg_cross_state_asymmetry |          0.0459 |
|                Metric/avg_self_sa_asymmetry |               0 |
|               Metric/avg_cross_sa_asymmetry |           0.101 |
|  Metric/self_state_action_to_state_distance |        0.000151 |
| Metric/cross_state_action_to_state_distance |            2.21 |
|                   Metric/h_lambda_diff_self |         0.00442 |
|                  Metric/h_lambda_diff_cross |          0.0884 |
|                                 Eval/Return |             981 |
-----------------------------------------------------------------
-----------------------------------------------------------------
|                                 Train/Steps |        4.49e+06 |
|                            Loss/Loss_critic |           0.536 |
|                             Loss/Loss_actor |           -78.7 |
|                             Loss/Loss_alpha |          0.0172 |
|               Loss/Loss_state_action_metric |           0.967 |
|                      Loss/Loss_state_metric |           0.197 |
|             Loss/Loss_state_action_to_state |         0.00683 |
|                           Loss/Act_rep_loss |         0.00243 |
|                                   SAC/Alpha |           0.238 |
|                              SAC/LogPi_mean |           0.893 |
|                                 SAC/Q1_mean |              79 |
|                                 SAC/Q2_mean |              79 |
|                            Norm/actor_model |             229 |
|                           Norm/critic_model |             286 |
|              Norm/state_action_metric_model |             158 |
|                     Norm/state_metric_model |             178 |
|        Norm/state_action_state_metric_model |             161 |
|                  Metric/self_state_distance |         0.00156 |
|                 Metric/cross_state_distance |            1.54 |
|           Metric/self_state_action_distance |         0.00492 |
|          Metric/cross_state_action_distance |            2.03 |
|             Metric/avg_self_state_asymmetry |               0 |
|            Metric/avg_cross_state_asymmetry |          0.0347 |
|                Metric/avg_self_sa_asymmetry |               0 |
|               Metric/avg_cross_sa_asymmetry |          0.0748 |
|  Metric/self_state_action_to_state_distance |        0.000202 |
| Metric/cross_state_action_to_state_distance |               2 |
|                   Metric/h_lambda_diff_self |          0.0048 |
|                  Metric/h_lambda_diff_cross |          0.0826 |
|                                 Eval/Return |             979 |
-----------------------------------------------------------------
-----------------------------------------------------------------
|                                 Train/Steps |        4.62e+06 |
|                            Loss/Loss_critic |           0.511 |
|                             Loss/Loss_actor |           -79.6 |
|                             Loss/Loss_alpha |           0.016 |
|               Loss/Loss_state_action_metric |           0.675 |
|                      Loss/Loss_state_metric |           0.197 |
|             Loss/Loss_state_action_to_state |         0.00406 |
|                           Loss/Act_rep_loss |         0.00392 |
|                                   SAC/Alpha |           0.228 |
|                              SAC/LogPi_mean |           0.998 |
|                                 SAC/Q1_mean |            79.9 |
|                                 SAC/Q2_mean |            79.9 |
|                            Norm/actor_model |             232 |
|                           Norm/critic_model |             289 |
|              Norm/state_action_metric_model |             161 |
|                     Norm/state_metric_model |             180 |
|        Norm/state_action_state_metric_model |             164 |
|                  Metric/self_state_distance |        0.000535 |
|                 Metric/cross_state_distance |             1.4 |
|           Metric/self_state_action_distance |         0.00465 |
|          Metric/cross_state_action_distance |            1.83 |
|             Metric/avg_self_state_asymmetry |               0 |
|            Metric/avg_cross_state_asymmetry |          0.0295 |
|                Metric/avg_self_sa_asymmetry |               0 |
|               Metric/avg_cross_sa_asymmetry |          0.0724 |
|  Metric/self_state_action_to_state_distance |        0.000284 |
| Metric/cross_state_action_to_state_distance |            1.84 |
|                   Metric/h_lambda_diff_self |         0.00451 |
|                  Metric/h_lambda_diff_cross |          0.0648 |
|                                 Eval/Return |             969 |
-----------------------------------------------------------------
-----------------------------------------------------------------
|                                 Train/Steps |        4.74e+06 |
|                            Loss/Loss_critic |           0.674 |
|                             Loss/Loss_actor |           -80.3 |
|                             Loss/Loss_alpha |         -0.0489 |
|               Loss/Loss_state_action_metric |           0.771 |
|                      Loss/Loss_state_metric |           0.214 |
|             Loss/Loss_state_action_to_state |         0.00481 |
|                           Loss/Act_rep_loss |         0.00315 |
|                                   SAC/Alpha |           0.218 |
|                              SAC/LogPi_mean |            1.15 |
|                                 SAC/Q1_mean |            80.6 |
|                                 SAC/Q2_mean |            80.6 |
|                            Norm/actor_model |             235 |
|                           Norm/critic_model |             292 |
|              Norm/state_action_metric_model |             163 |
|                     Norm/state_metric_model |             183 |
|        Norm/state_action_state_metric_model |             166 |
|                  Metric/self_state_distance |         0.00139 |
|                 Metric/cross_state_distance |            1.48 |
|           Metric/self_state_action_distance |          0.0077 |
|          Metric/cross_state_action_distance |             1.9 |
|             Metric/avg_self_state_asymmetry |               0 |
|            Metric/avg_cross_state_asymmetry |          0.0344 |
|                Metric/avg_self_sa_asymmetry |               0 |
|               Metric/avg_cross_sa_asymmetry |          0.0755 |
|  Metric/self_state_action_to_state_distance |         0.00118 |
| Metric/cross_state_action_to_state_distance |            1.94 |
|                   Metric/h_lambda_diff_self |         0.00751 |
|                  Metric/h_lambda_diff_cross |          0.0847 |
|                                 Eval/Return |             954 |
-----------------------------------------------------------------
-----------------------------------------------------------------
|                                 Train/Steps |        4.87e+06 |
|                            Loss/Loss_critic |           0.368 |
|                             Loss/Loss_actor |             -81 |
|                             Loss/Loss_alpha |        -0.00393 |
|               Loss/Loss_state_action_metric |           0.601 |
|                      Loss/Loss_state_metric |           0.174 |
|             Loss/Loss_state_action_to_state |         0.00355 |
|                           Loss/Act_rep_loss |         0.00118 |
|                                   SAC/Alpha |           0.216 |
|                              SAC/LogPi_mean |            1.02 |
|                                 SAC/Q1_mean |            81.3 |
|                                 SAC/Q2_mean |            81.3 |
|                            Norm/actor_model |             238 |
|                           Norm/critic_model |             295 |
|              Norm/state_action_metric_model |             165 |
|                     Norm/state_metric_model |             186 |
|        Norm/state_action_state_metric_model |             168 |
|                  Metric/self_state_distance |         0.00108 |
|                 Metric/cross_state_distance |             1.4 |
|           Metric/self_state_action_distance |         0.00294 |
|          Metric/cross_state_action_distance |            1.83 |
|             Metric/avg_self_state_asymmetry |               0 |
|            Metric/avg_cross_state_asymmetry |          0.0296 |
|                Metric/avg_self_sa_asymmetry |               0 |
|               Metric/avg_cross_sa_asymmetry |          0.0701 |
|  Metric/self_state_action_to_state_distance |          0.0036 |
| Metric/cross_state_action_to_state_distance |            1.84 |
|                   Metric/h_lambda_diff_self |         0.00546 |
|                  Metric/h_lambda_diff_cross |          0.0737 |
|                                 Eval/Return |             965 |
-----------------------------------------------------------------
-----------------------------------------------------------------
|                                 Train/Steps |           5e+06 |
|                            Loss/Loss_critic |           0.481 |
|                             Loss/Loss_actor |           -81.8 |
|                             Loss/Loss_alpha |        -0.00713 |
|               Loss/Loss_state_action_metric |           0.802 |
|                      Loss/Loss_state_metric |           0.175 |
|             Loss/Loss_state_action_to_state |         0.00556 |
|                           Loss/Act_rep_loss |         0.00137 |
|                                   SAC/Alpha |            0.21 |
|                              SAC/LogPi_mean |            1.05 |
|                                 SAC/Q1_mean |            82.1 |
|                                 SAC/Q2_mean |            82.1 |
|                            Norm/actor_model |             241 |
|                           Norm/critic_model |             297 |
|              Norm/state_action_metric_model |             168 |
|                     Norm/state_metric_model |             188 |
|        Norm/state_action_state_metric_model |             171 |
|                  Metric/self_state_distance |        0.000705 |
|                 Metric/cross_state_distance |             1.4 |
|           Metric/self_state_action_distance |          0.0115 |
|          Metric/cross_state_action_distance |            1.83 |
|             Metric/avg_self_state_asymmetry |               0 |
|            Metric/avg_cross_state_asymmetry |            0.03 |
|                Metric/avg_self_sa_asymmetry |               0 |
|               Metric/avg_cross_sa_asymmetry |           0.078 |
|  Metric/self_state_action_to_state_distance |           2e-05 |
| Metric/cross_state_action_to_state_distance |            1.81 |
|                   Metric/h_lambda_diff_self |          0.0115 |
|                  Metric/h_lambda_diff_cross |          0.0729 |
|                                 Eval/Return |             973 |
-----------------------------------------------------------------
[32mSaving model …[0m
[32mDone.[0m
[32mSaving model …[0m
[32mDone.[0m
