E0822 17:00:41.193105  295147 cuda_executor.cc:1526] Could not get kernel mode driver version: (INVALID_ARGUMENT: Version does not match the format X.Y.Z)
E0822 17:00:41.201667  295038 cuda_executor.cc:1526] Could not get kernel mode driver version: (INVALID_ARGUMENT: Version does not match the format X.Y.Z)
[32mStart prefilling replay buffer[0m
[32mStart SAC training[0m
-----------------------------------------------------------------
|                                 Train/Steps |        7.68e+05 |
|                            Loss/Loss_critic |        3.47e-05 |
|                             Loss/Loss_actor |          -0.361 |
|                             Loss/Loss_alpha |         0.00515 |
|               Loss/Loss_state_action_metric |         0.00256 |
|                      Loss/Loss_state_metric |         0.00197 |
|             Loss/Loss_state_action_to_state |         1.2e-05 |
|                           Loss/Act_rep_loss |         -0.0756 |
|                                   SAC/Alpha |         0.00155 |
|                              SAC/LogPi_mean |           -1.33 |
|                                 SAC/Q1_mean |            0.36 |
|                                 SAC/Q2_mean |           0.359 |
|                            Norm/actor_model |            27.8 |
|                           Norm/critic_model |            50.6 |
|              Norm/state_action_metric_model |            34.9 |
|                     Norm/state_metric_model |            33.4 |
|        Norm/state_action_state_metric_model |            34.7 |
|                  Metric/self_state_distance |         0.00483 |
|                 Metric/cross_state_distance |           0.918 |
|           Metric/self_state_action_distance |         0.00539 |
|          Metric/cross_state_action_distance |           0.902 |
|             Metric/avg_self_state_asymmetry |               0 |
|            Metric/avg_cross_state_asymmetry |         0.00239 |
|                Metric/avg_self_sa_asymmetry |               0 |
|               Metric/avg_cross_sa_asymmetry |         0.00215 |
|  Metric/self_state_action_to_state_distance |         0.00253 |
| Metric/cross_state_action_to_state_distance |           0.902 |
|                   Metric/h_lambda_diff_self |         0.00321 |
|                  Metric/h_lambda_diff_cross |         0.00232 |
|                                 Eval/Return |               0 |
-----------------------------------------------------------------
-----------------------------------------------------------------
|                                 Train/Steps |        8.96e+05 |
|                            Loss/Loss_critic |          0.0107 |
|                             Loss/Loss_actor |          -0.126 |
|                             Loss/Loss_alpha |       -3.04e-05 |
|               Loss/Loss_state_action_metric |          0.0134 |
|                      Loss/Loss_state_metric |          0.0022 |
|             Loss/Loss_state_action_to_state |        0.000834 |
|                           Loss/Act_rep_loss |         -0.0804 |
|                                   SAC/Alpha |        0.000145 |
|                              SAC/LogPi_mean |            2.21 |
|                                 SAC/Q1_mean |            0.13 |
|                                 SAC/Q2_mean |           0.128 |
|                            Norm/actor_model |            36.3 |
|                           Norm/critic_model |            62.4 |
|              Norm/state_action_metric_model |            40.5 |
|                     Norm/state_metric_model |            35.9 |
|        Norm/state_action_state_metric_model |            39.4 |
|                  Metric/self_state_distance |         0.00286 |
|                 Metric/cross_state_distance |           0.936 |
|           Metric/self_state_action_distance |          0.0035 |
|          Metric/cross_state_action_distance |           0.922 |
|             Metric/avg_self_state_asymmetry |               0 |
|            Metric/avg_cross_state_asymmetry |         0.00438 |
|                Metric/avg_self_sa_asymmetry |               0 |
|               Metric/avg_cross_sa_asymmetry |         0.00767 |
|  Metric/self_state_action_to_state_distance |         0.00431 |
| Metric/cross_state_action_to_state_distance |           0.913 |
|                   Metric/h_lambda_diff_self |         0.00276 |
|                  Metric/h_lambda_diff_cross |          0.0118 |
|                                 Eval/Return |            11.7 |
-----------------------------------------------------------------
-----------------------------------------------------------------
|                                 Train/Steps |        1.02e+06 |
|                            Loss/Loss_critic |           0.348 |
|                             Loss/Loss_actor |           -1.86 |
|                             Loss/Loss_alpha |        -0.00369 |
|               Loss/Loss_state_action_metric |           0.335 |
|                      Loss/Loss_state_metric |          0.0233 |
|             Loss/Loss_state_action_to_state |         0.00237 |
|                           Loss/Act_rep_loss |          -0.116 |
|                                   SAC/Alpha |          0.0129 |
|                              SAC/LogPi_mean |            2.29 |
|                                 SAC/Q1_mean |            1.75 |
|                                 SAC/Q2_mean |            1.77 |
|                            Norm/actor_model |            53.2 |
|                           Norm/critic_model |            81.5 |
|              Norm/state_action_metric_model |            45.7 |
|                     Norm/state_metric_model |            39.6 |
|        Norm/state_action_state_metric_model |            43.2 |
|                  Metric/self_state_distance |          0.0062 |
|                 Metric/cross_state_distance |            1.05 |
|           Metric/self_state_action_distance |          0.0295 |
|          Metric/cross_state_action_distance |            1.11 |
|             Metric/avg_self_state_asymmetry |               0 |
|            Metric/avg_cross_state_asymmetry |          0.0141 |
|                Metric/avg_self_sa_asymmetry |               0 |
|               Metric/avg_cross_sa_asymmetry |          0.0323 |
|  Metric/self_state_action_to_state_distance |          0.0102 |
| Metric/cross_state_action_to_state_distance |            1.08 |
|                   Metric/h_lambda_diff_self |          0.0239 |
|                  Metric/h_lambda_diff_cross |          0.0459 |
|                                 Eval/Return |             174 |
-----------------------------------------------------------------
-----------------------------------------------------------------
|                                 Train/Steps |        1.15e+06 |
|                            Loss/Loss_critic |            1.17 |
|                             Loss/Loss_actor |           -9.02 |
|                             Loss/Loss_alpha |         0.00448 |
|               Loss/Loss_state_action_metric |           0.963 |
|                      Loss/Loss_state_metric |           0.202 |
|             Loss/Loss_state_action_to_state |          0.0101 |
|                           Loss/Act_rep_loss |          -0.158 |
|                                   SAC/Alpha |          0.0486 |
|                              SAC/LogPi_mean |            1.91 |
|                                 SAC/Q1_mean |            8.65 |
|                                 SAC/Q2_mean |            8.65 |
|                            Norm/actor_model |            62.8 |
|                           Norm/critic_model |            92.4 |
|              Norm/state_action_metric_model |            53.3 |
|                     Norm/state_metric_model |            47.3 |
|        Norm/state_action_state_metric_model |            51.7 |
|                  Metric/self_state_distance |          0.0076 |
|                 Metric/cross_state_distance |            1.37 |
|           Metric/self_state_action_distance |          0.0235 |
|          Metric/cross_state_action_distance |            1.61 |
|             Metric/avg_self_state_asymmetry |               0 |
|            Metric/avg_cross_state_asymmetry |          0.0383 |
|                Metric/avg_self_sa_asymmetry |               0 |
|               Metric/avg_cross_sa_asymmetry |           0.077 |
|  Metric/self_state_action_to_state_distance |          0.0156 |
| Metric/cross_state_action_to_state_distance |            1.58 |
|                   Metric/h_lambda_diff_self |            0.02 |
|                  Metric/h_lambda_diff_cross |          0.0977 |
|                                 Eval/Return |             430 |
-----------------------------------------------------------------
-----------------------------------------------------------------
|                                 Train/Steps |        1.28e+06 |
|                            Loss/Loss_critic |             1.4 |
|                             Loss/Loss_actor |           -18.5 |
|                             Loss/Loss_alpha |          0.0051 |
|               Loss/Loss_state_action_metric |            1.06 |
|                      Loss/Loss_state_metric |           0.243 |
|             Loss/Loss_state_action_to_state |          0.0104 |
|                           Loss/Act_rep_loss |          -0.201 |
|                                   SAC/Alpha |           0.063 |
|                              SAC/LogPi_mean |            1.92 |
|                                 SAC/Q1_mean |            18.2 |
|                                 SAC/Q2_mean |            18.1 |
|                            Norm/actor_model |            69.3 |
|                           Norm/critic_model |             101 |
|              Norm/state_action_metric_model |            60.2 |
|                     Norm/state_metric_model |            54.6 |
|        Norm/state_action_state_metric_model |            59.5 |
|                  Metric/self_state_distance |         0.00888 |
|                 Metric/cross_state_distance |            1.51 |
|           Metric/self_state_action_distance |          0.0447 |
|          Metric/cross_state_action_distance |            1.92 |
|             Metric/avg_self_state_asymmetry |               0 |
|            Metric/avg_cross_state_asymmetry |          0.0432 |
|                Metric/avg_self_sa_asymmetry |               0 |
|               Metric/avg_cross_sa_asymmetry |          0.0982 |
|  Metric/self_state_action_to_state_distance |          0.0179 |
| Metric/cross_state_action_to_state_distance |            1.92 |
|                   Metric/h_lambda_diff_self |          0.0335 |
|                  Metric/h_lambda_diff_cross |           0.103 |
|                                 Eval/Return |             471 |
-----------------------------------------------------------------
-----------------------------------------------------------------
|                                 Train/Steps |        1.41e+06 |
|                            Loss/Loss_critic |            1.92 |
|                             Loss/Loss_actor |           -24.1 |
|                             Loss/Loss_alpha |         0.00995 |
|               Loss/Loss_state_action_metric |            1.36 |
|                      Loss/Loss_state_metric |           0.383 |
|             Loss/Loss_state_action_to_state |         0.00762 |
|                           Loss/Act_rep_loss |          -0.225 |
|                                   SAC/Alpha |          0.0704 |
|                              SAC/LogPi_mean |            1.86 |
|                                 SAC/Q1_mean |            23.7 |
|                                 SAC/Q2_mean |            23.7 |
|                            Norm/actor_model |            75.4 |
|                           Norm/critic_model |             107 |
|              Norm/state_action_metric_model |            65.7 |
|                     Norm/state_metric_model |            60.6 |
|        Norm/state_action_state_metric_model |            65.7 |
|                  Metric/self_state_distance |         0.00701 |
|                 Metric/cross_state_distance |            1.63 |
|           Metric/self_state_action_distance |          0.0414 |
|          Metric/cross_state_action_distance |            2.07 |
|             Metric/avg_self_state_asymmetry |               0 |
|            Metric/avg_cross_state_asymmetry |          0.0446 |
|                Metric/avg_self_sa_asymmetry |               0 |
|               Metric/avg_cross_sa_asymmetry |          0.0922 |
|  Metric/self_state_action_to_state_distance |          0.0191 |
| Metric/cross_state_action_to_state_distance |            2.09 |
|                   Metric/h_lambda_diff_self |          0.0335 |
|                  Metric/h_lambda_diff_cross |           0.127 |
|                                 Eval/Return |             488 |
-----------------------------------------------------------------
-----------------------------------------------------------------
|                                 Train/Steps |        1.54e+06 |
|                            Loss/Loss_critic |            2.63 |
|                             Loss/Loss_actor |           -27.7 |
|                             Loss/Loss_alpha |         0.00107 |
|               Loss/Loss_state_action_metric |             1.7 |
|                      Loss/Loss_state_metric |           0.334 |
|             Loss/Loss_state_action_to_state |          0.0126 |
|                           Loss/Act_rep_loss |          -0.244 |
|                                   SAC/Alpha |           0.074 |
|                              SAC/LogPi_mean |            1.99 |
|                                 SAC/Q1_mean |            27.3 |
|                                 SAC/Q2_mean |            27.3 |
|                            Norm/actor_model |            81.2 |
|                           Norm/critic_model |             113 |
|              Norm/state_action_metric_model |            70.5 |
|                     Norm/state_metric_model |            66.1 |
|        Norm/state_action_state_metric_model |            71.1 |
|                  Metric/self_state_distance |         0.00651 |
|                 Metric/cross_state_distance |             1.7 |
|           Metric/self_state_action_distance |          0.0327 |
|          Metric/cross_state_action_distance |             2.4 |
|             Metric/avg_self_state_asymmetry |               0 |
|            Metric/avg_cross_state_asymmetry |          0.0453 |
|                Metric/avg_self_sa_asymmetry |               0 |
|               Metric/avg_cross_sa_asymmetry |           0.111 |
|  Metric/self_state_action_to_state_distance |          0.0152 |
| Metric/cross_state_action_to_state_distance |            2.34 |
|                   Metric/h_lambda_diff_self |          0.0266 |
|                  Metric/h_lambda_diff_cross |           0.126 |
|                                 Eval/Return |             507 |
-----------------------------------------------------------------
-----------------------------------------------------------------
|                                 Train/Steps |        1.66e+06 |
|                            Loss/Loss_critic |            2.46 |
|                             Loss/Loss_actor |           -30.7 |
|                             Loss/Loss_alpha |        -0.00619 |
|               Loss/Loss_state_action_metric |            1.97 |
|                      Loss/Loss_state_metric |           0.461 |
|             Loss/Loss_state_action_to_state |          0.0125 |
|                           Loss/Act_rep_loss |          -0.244 |
|                                   SAC/Alpha |          0.0756 |
|                              SAC/LogPi_mean |            2.08 |
|                                 SAC/Q1_mean |            30.3 |
|                                 SAC/Q2_mean |            30.3 |
|                            Norm/actor_model |            86.9 |
|                           Norm/critic_model |             119 |
|              Norm/state_action_metric_model |            75.1 |
|                     Norm/state_metric_model |            70.8 |
|        Norm/state_action_state_metric_model |            76.1 |
|                  Metric/self_state_distance |          0.0109 |
|                 Metric/cross_state_distance |            1.78 |
|           Metric/self_state_action_distance |          0.0295 |
|          Metric/cross_state_action_distance |            2.46 |
|             Metric/avg_self_state_asymmetry |               0 |
|            Metric/avg_cross_state_asymmetry |          0.0538 |
|                Metric/avg_self_sa_asymmetry |               0 |
|               Metric/avg_cross_sa_asymmetry |            0.12 |
|  Metric/self_state_action_to_state_distance |         0.00902 |
| Metric/cross_state_action_to_state_distance |            2.46 |
|                   Metric/h_lambda_diff_self |           0.024 |
|                  Metric/h_lambda_diff_cross |            0.12 |
|                                 Eval/Return |             527 |
-----------------------------------------------------------------
-----------------------------------------------------------------
|                                 Train/Steps |        1.79e+06 |
|                            Loss/Loss_critic |            2.62 |
|                             Loss/Loss_actor |           -33.1 |
|                             Loss/Loss_alpha |        0.000843 |
|               Loss/Loss_state_action_metric |            1.71 |
|                      Loss/Loss_state_metric |           0.423 |
|             Loss/Loss_state_action_to_state |          0.0135 |
|                           Loss/Act_rep_loss |          -0.255 |
|                                   SAC/Alpha |          0.0833 |
|                              SAC/LogPi_mean |            1.99 |
|                                 SAC/Q1_mean |            32.7 |
|                                 SAC/Q2_mean |            32.7 |
|                            Norm/actor_model |              92 |
|                           Norm/critic_model |             125 |
|              Norm/state_action_metric_model |            79.8 |
|                     Norm/state_metric_model |            75.2 |
|        Norm/state_action_state_metric_model |            80.8 |
|                  Metric/self_state_distance |         0.00949 |
|                 Metric/cross_state_distance |            1.73 |
|           Metric/self_state_action_distance |          0.0352 |
|          Metric/cross_state_action_distance |            2.51 |
|             Metric/avg_self_state_asymmetry |               0 |
|            Metric/avg_cross_state_asymmetry |          0.0625 |
|                Metric/avg_self_sa_asymmetry |               0 |
|               Metric/avg_cross_sa_asymmetry |            0.12 |
|  Metric/self_state_action_to_state_distance |           0.013 |
| Metric/cross_state_action_to_state_distance |             2.5 |
|                   Metric/h_lambda_diff_self |          0.0267 |
|                  Metric/h_lambda_diff_cross |           0.119 |
|                                 Eval/Return |             559 |
-----------------------------------------------------------------
-----------------------------------------------------------------
|                                 Train/Steps |        1.92e+06 |
|                            Loss/Loss_critic |            2.87 |
|                             Loss/Loss_actor |           -34.7 |
|                             Loss/Loss_alpha |        -0.00388 |
|               Loss/Loss_state_action_metric |             2.3 |
|                      Loss/Loss_state_metric |           0.554 |
|             Loss/Loss_state_action_to_state |          0.0104 |
|                           Loss/Act_rep_loss |          -0.273 |
|                                   SAC/Alpha |          0.0889 |
|                              SAC/LogPi_mean |            2.04 |
|                                 SAC/Q1_mean |            34.3 |
|                                 SAC/Q2_mean |            34.3 |
|                            Norm/actor_model |              97 |
|                           Norm/critic_model |             130 |
|              Norm/state_action_metric_model |            84.6 |
|                     Norm/state_metric_model |            79.5 |
|        Norm/state_action_state_metric_model |            85.3 |
|                  Metric/self_state_distance |          0.0155 |
|                 Metric/cross_state_distance |            1.95 |
|           Metric/self_state_action_distance |          0.0227 |
|          Metric/cross_state_action_distance |             2.8 |
|             Metric/avg_self_state_asymmetry |               0 |
|            Metric/avg_cross_state_asymmetry |          0.0663 |
|                Metric/avg_self_sa_asymmetry |               0 |
|               Metric/avg_cross_sa_asymmetry |           0.123 |
|  Metric/self_state_action_to_state_distance |          0.0111 |
| Metric/cross_state_action_to_state_distance |            2.76 |
|                   Metric/h_lambda_diff_self |          0.0172 |
|                  Metric/h_lambda_diff_cross |            0.15 |
|                                 Eval/Return |             584 |
-----------------------------------------------------------------
-----------------------------------------------------------------
|                                 Train/Steps |        2.05e+06 |
|                            Loss/Loss_critic |            3.06 |
|                             Loss/Loss_actor |             -37 |
|                             Loss/Loss_alpha |         0.00429 |
|               Loss/Loss_state_action_metric |            2.25 |
|                      Loss/Loss_state_metric |           0.515 |
|             Loss/Loss_state_action_to_state |         0.00852 |
|                           Loss/Act_rep_loss |          -0.291 |
|                                   SAC/Alpha |          0.0895 |
|                              SAC/LogPi_mean |            1.95 |
|                                 SAC/Q1_mean |            36.7 |
|                                 SAC/Q2_mean |            36.7 |
|                            Norm/actor_model |             102 |
|                           Norm/critic_model |             135 |
|              Norm/state_action_metric_model |            89.5 |
|                     Norm/state_metric_model |              84 |
|        Norm/state_action_state_metric_model |            89.5 |
|                  Metric/self_state_distance |         0.00997 |
|                 Metric/cross_state_distance |            1.96 |
|           Metric/self_state_action_distance |          0.0328 |
|          Metric/cross_state_action_distance |            2.86 |
|             Metric/avg_self_state_asymmetry |               0 |
|            Metric/avg_cross_state_asymmetry |          0.0704 |
|                Metric/avg_self_sa_asymmetry |               0 |
|               Metric/avg_cross_sa_asymmetry |           0.124 |
|  Metric/self_state_action_to_state_distance |          0.0065 |
| Metric/cross_state_action_to_state_distance |            2.84 |
|                   Metric/h_lambda_diff_self |          0.0281 |
|                  Metric/h_lambda_diff_cross |           0.129 |
|                                 Eval/Return |             599 |
-----------------------------------------------------------------
-----------------------------------------------------------------
|                                 Train/Steps |        2.18e+06 |
|                            Loss/Loss_critic |            5.01 |
|                             Loss/Loss_actor |             -39 |
|                             Loss/Loss_alpha |         0.00285 |
|               Loss/Loss_state_action_metric |             2.2 |
|                      Loss/Loss_state_metric |           0.536 |
|             Loss/Loss_state_action_to_state |          0.0106 |
|                           Loss/Act_rep_loss |            -0.3 |
|                                   SAC/Alpha |          0.0891 |
|                              SAC/LogPi_mean |            1.97 |
|                                 SAC/Q1_mean |            38.7 |
|                                 SAC/Q2_mean |            38.7 |
|                            Norm/actor_model |             106 |
|                           Norm/critic_model |             139 |
|              Norm/state_action_metric_model |            94.3 |
|                     Norm/state_metric_model |            88.8 |
|        Norm/state_action_state_metric_model |            93.6 |
|                  Metric/self_state_distance |          0.0101 |
|                 Metric/cross_state_distance |            1.98 |
|           Metric/self_state_action_distance |          0.0291 |
|          Metric/cross_state_action_distance |            2.99 |
|             Metric/avg_self_state_asymmetry |               0 |
|            Metric/avg_cross_state_asymmetry |          0.0654 |
|                Metric/avg_self_sa_asymmetry |               0 |
|               Metric/avg_cross_sa_asymmetry |           0.121 |
|  Metric/self_state_action_to_state_distance |          0.0162 |
| Metric/cross_state_action_to_state_distance |            3.01 |
|                   Metric/h_lambda_diff_self |          0.0215 |
|                  Metric/h_lambda_diff_cross |           0.135 |
|                                 Eval/Return |             669 |
-----------------------------------------------------------------
-----------------------------------------------------------------
|                                 Train/Steps |         2.3e+06 |
|                            Loss/Loss_critic |            3.61 |
|                             Loss/Loss_actor |           -40.5 |
|                             Loss/Loss_alpha |          0.0102 |
|               Loss/Loss_state_action_metric |            2.39 |
|                      Loss/Loss_state_metric |           0.641 |
|             Loss/Loss_state_action_to_state |         0.00698 |
|                           Loss/Act_rep_loss |          -0.306 |
|                                   SAC/Alpha |          0.0961 |
|                              SAC/LogPi_mean |            1.89 |
|                                 SAC/Q1_mean |            40.1 |
|                                 SAC/Q2_mean |            40.1 |
|                            Norm/actor_model |             111 |
|                           Norm/critic_model |             144 |
|              Norm/state_action_metric_model |            98.9 |
|                     Norm/state_metric_model |            93.6 |
|        Norm/state_action_state_metric_model |            97.5 |
|                  Metric/self_state_distance |         0.00949 |
|                 Metric/cross_state_distance |            2.06 |
|           Metric/self_state_action_distance |          0.0365 |
|          Metric/cross_state_action_distance |            3.14 |
|             Metric/avg_self_state_asymmetry |               0 |
|            Metric/avg_cross_state_asymmetry |          0.0637 |
|                Metric/avg_self_sa_asymmetry |               0 |
|               Metric/avg_cross_sa_asymmetry |           0.119 |
|  Metric/self_state_action_to_state_distance |         0.00945 |
| Metric/cross_state_action_to_state_distance |            3.08 |
|                   Metric/h_lambda_diff_self |          0.0298 |
|                  Metric/h_lambda_diff_cross |            0.14 |
|                                 Eval/Return |             662 |
-----------------------------------------------------------------
-----------------------------------------------------------------
|                                 Train/Steps |        2.43e+06 |
|                            Loss/Loss_critic |            4.94 |
|                             Loss/Loss_actor |             -43 |
|                             Loss/Loss_alpha |        1.72e-05 |
|               Loss/Loss_state_action_metric |            2.34 |
|                      Loss/Loss_state_metric |           0.476 |
|             Loss/Loss_state_action_to_state |         0.00855 |
|                           Loss/Act_rep_loss |          -0.308 |
|                                   SAC/Alpha |           0.098 |
|                              SAC/LogPi_mean |               2 |
|                                 SAC/Q1_mean |            42.6 |
|                                 SAC/Q2_mean |            42.6 |
|                            Norm/actor_model |             115 |
|                           Norm/critic_model |             149 |
|              Norm/state_action_metric_model |             103 |
|                     Norm/state_metric_model |            98.6 |
|        Norm/state_action_state_metric_model |             101 |
|                  Metric/self_state_distance |         0.00649 |
|                 Metric/cross_state_distance |            1.98 |
|           Metric/self_state_action_distance |          0.0245 |
|          Metric/cross_state_action_distance |            3.02 |
|             Metric/avg_self_state_asymmetry |               0 |
|            Metric/avg_cross_state_asymmetry |          0.0742 |
|                Metric/avg_self_sa_asymmetry |               0 |
|               Metric/avg_cross_sa_asymmetry |           0.128 |
|  Metric/self_state_action_to_state_distance |          0.0097 |
| Metric/cross_state_action_to_state_distance |               3 |
|                   Metric/h_lambda_diff_self |          0.0181 |
|                  Metric/h_lambda_diff_cross |           0.135 |
|                                 Eval/Return |             697 |
-----------------------------------------------------------------
-----------------------------------------------------------------
|                                 Train/Steps |        2.56e+06 |
|                            Loss/Loss_critic |             5.6 |
|                             Loss/Loss_actor |           -45.3 |
|                             Loss/Loss_alpha |          0.0027 |
|               Loss/Loss_state_action_metric |            2.33 |
|                      Loss/Loss_state_metric |           0.449 |
|             Loss/Loss_state_action_to_state |          0.0104 |
|                           Loss/Act_rep_loss |          -0.298 |
|                                   SAC/Alpha |           0.102 |
|                              SAC/LogPi_mean |            1.97 |
|                                 SAC/Q1_mean |              45 |
|                                 SAC/Q2_mean |              45 |
|                            Norm/actor_model |             120 |
|                           Norm/critic_model |             153 |
|              Norm/state_action_metric_model |             108 |
|                     Norm/state_metric_model |             104 |
|        Norm/state_action_state_metric_model |             105 |
|                  Metric/self_state_distance |          0.0139 |
|                 Metric/cross_state_distance |            1.86 |
|           Metric/self_state_action_distance |          0.0543 |
|          Metric/cross_state_action_distance |            2.92 |
|             Metric/avg_self_state_asymmetry |               0 |
|            Metric/avg_cross_state_asymmetry |          0.0646 |
|                Metric/avg_self_sa_asymmetry |               0 |
|               Metric/avg_cross_sa_asymmetry |            0.13 |
|  Metric/self_state_action_to_state_distance |         0.00822 |
| Metric/cross_state_action_to_state_distance |            2.93 |
|                   Metric/h_lambda_diff_self |          0.0495 |
|                  Metric/h_lambda_diff_cross |           0.131 |
|                                 Eval/Return |             707 |
-----------------------------------------------------------------
-----------------------------------------------------------------
|                                 Train/Steps |        2.69e+06 |
|                            Loss/Loss_critic |            4.83 |
|                             Loss/Loss_actor |           -46.9 |
|                             Loss/Loss_alpha |          -0.011 |
|               Loss/Loss_state_action_metric |            2.51 |
|                      Loss/Loss_state_metric |           0.641 |
|             Loss/Loss_state_action_to_state |         0.00848 |
|                           Loss/Act_rep_loss |          -0.324 |
|                                   SAC/Alpha |           0.113 |
|                              SAC/LogPi_mean |             2.1 |
|                                 SAC/Q1_mean |            46.5 |
|                                 SAC/Q2_mean |            46.5 |
|                            Norm/actor_model |             124 |
|                           Norm/critic_model |             157 |
|              Norm/state_action_metric_model |             112 |
|                     Norm/state_metric_model |             109 |
|        Norm/state_action_state_metric_model |             108 |
|                  Metric/self_state_distance |         0.00424 |
|                 Metric/cross_state_distance |             2.1 |
|           Metric/self_state_action_distance |          0.0121 |
|          Metric/cross_state_action_distance |            3.18 |
|             Metric/avg_self_state_asymmetry |               0 |
|            Metric/avg_cross_state_asymmetry |          0.0649 |
|                Metric/avg_self_sa_asymmetry |               0 |
|               Metric/avg_cross_sa_asymmetry |           0.131 |
|  Metric/self_state_action_to_state_distance |         0.00711 |
| Metric/cross_state_action_to_state_distance |             3.2 |
|                   Metric/h_lambda_diff_self |          0.0107 |
|                  Metric/h_lambda_diff_cross |           0.121 |
|                                 Eval/Return |             706 |
-----------------------------------------------------------------
-----------------------------------------------------------------
|                                 Train/Steps |        2.82e+06 |
|                            Loss/Loss_critic |            3.92 |
|                             Loss/Loss_actor |           -47.9 |
|                             Loss/Loss_alpha |       -0.000378 |
|               Loss/Loss_state_action_metric |            2.43 |
|                      Loss/Loss_state_metric |            0.54 |
|             Loss/Loss_state_action_to_state |          0.0192 |
|                           Loss/Act_rep_loss |          -0.321 |
|                                   SAC/Alpha |           0.113 |
|                              SAC/LogPi_mean |               2 |
|                                 SAC/Q1_mean |            47.5 |
|                                 SAC/Q2_mean |            47.5 |
|                            Norm/actor_model |             128 |
|                           Norm/critic_model |             161 |
|              Norm/state_action_metric_model |             117 |
|                     Norm/state_metric_model |             113 |
|        Norm/state_action_state_metric_model |             112 |
|                  Metric/self_state_distance |          0.0114 |
|                 Metric/cross_state_distance |            1.98 |
|           Metric/self_state_action_distance |           0.028 |
|          Metric/cross_state_action_distance |            3.04 |
|             Metric/avg_self_state_asymmetry |               0 |
|            Metric/avg_cross_state_asymmetry |          0.0651 |
|                Metric/avg_self_sa_asymmetry |               0 |
|               Metric/avg_cross_sa_asymmetry |           0.142 |
|  Metric/self_state_action_to_state_distance |         0.00612 |
| Metric/cross_state_action_to_state_distance |            3.08 |
|                   Metric/h_lambda_diff_self |          0.0243 |
|                  Metric/h_lambda_diff_cross |           0.135 |
|                                 Eval/Return |             731 |
-----------------------------------------------------------------
-----------------------------------------------------------------
|                                 Train/Steps |        2.94e+06 |
|                            Loss/Loss_critic |            4.68 |
|                             Loss/Loss_actor |           -49.5 |
|                             Loss/Loss_alpha |           0.016 |
|               Loss/Loss_state_action_metric |            2.24 |
|                      Loss/Loss_state_metric |           0.659 |
|             Loss/Loss_state_action_to_state |         0.00778 |
|                           Loss/Act_rep_loss |           -0.32 |
|                                   SAC/Alpha |           0.113 |
|                              SAC/LogPi_mean |            1.86 |
|                                 SAC/Q1_mean |            49.1 |
|                                 SAC/Q2_mean |            49.2 |
|                            Norm/actor_model |             132 |
|                           Norm/critic_model |             165 |
|              Norm/state_action_metric_model |             121 |
|                     Norm/state_metric_model |             118 |
|        Norm/state_action_state_metric_model |             115 |
|                  Metric/self_state_distance |         0.00618 |
|                 Metric/cross_state_distance |            2.09 |
|           Metric/self_state_action_distance |          0.0181 |
|          Metric/cross_state_action_distance |            3.11 |
|             Metric/avg_self_state_asymmetry |               0 |
|            Metric/avg_cross_state_asymmetry |          0.0675 |
|                Metric/avg_self_sa_asymmetry |               0 |
|               Metric/avg_cross_sa_asymmetry |           0.146 |
|  Metric/self_state_action_to_state_distance |         0.00663 |
| Metric/cross_state_action_to_state_distance |             3.1 |
|                   Metric/h_lambda_diff_self |          0.0137 |
|                  Metric/h_lambda_diff_cross |           0.135 |
|                                 Eval/Return |             746 |
-----------------------------------------------------------------
-----------------------------------------------------------------
|                                 Train/Steps |        3.07e+06 |
|                            Loss/Loss_critic |            5.55 |
|                             Loss/Loss_actor |           -50.4 |
|                             Loss/Loss_alpha |         0.00301 |
|               Loss/Loss_state_action_metric |            2.41 |
|                      Loss/Loss_state_metric |           0.528 |
|             Loss/Loss_state_action_to_state |          0.0121 |
|                           Loss/Act_rep_loss |          -0.323 |
|                                   SAC/Alpha |           0.113 |
|                              SAC/LogPi_mean |            1.97 |
|                                 SAC/Q1_mean |              50 |
|                                 SAC/Q2_mean |            49.9 |
|                            Norm/actor_model |             136 |
|                           Norm/critic_model |             169 |
|              Norm/state_action_metric_model |             126 |
|                     Norm/state_metric_model |             123 |
|        Norm/state_action_state_metric_model |             118 |
|                  Metric/self_state_distance |          0.0104 |
|                 Metric/cross_state_distance |            2.02 |
|           Metric/self_state_action_distance |            0.03 |
|          Metric/cross_state_action_distance |            3.08 |
|             Metric/avg_self_state_asymmetry |               0 |
|            Metric/avg_cross_state_asymmetry |          0.0681 |
|                Metric/avg_self_sa_asymmetry |               0 |
|               Metric/avg_cross_sa_asymmetry |           0.149 |
|  Metric/self_state_action_to_state_distance |         0.00959 |
| Metric/cross_state_action_to_state_distance |            3.05 |
|                   Metric/h_lambda_diff_self |          0.0249 |
|                  Metric/h_lambda_diff_cross |            0.14 |
|                                 Eval/Return |             768 |
-----------------------------------------------------------------
-----------------------------------------------------------------
|                                 Train/Steps |         3.2e+06 |
|                            Loss/Loss_critic |            5.36 |
|                             Loss/Loss_actor |           -52.9 |
|                             Loss/Loss_alpha |        -0.00683 |
|               Loss/Loss_state_action_metric |            2.31 |
|                      Loss/Loss_state_metric |           0.657 |
|             Loss/Loss_state_action_to_state |          0.0131 |
|                           Loss/Act_rep_loss |          -0.324 |
|                                   SAC/Alpha |           0.117 |
|                              SAC/LogPi_mean |            2.06 |
|                                 SAC/Q1_mean |            52.4 |
|                                 SAC/Q2_mean |            52.4 |
|                            Norm/actor_model |             140 |
|                           Norm/critic_model |             173 |
|              Norm/state_action_metric_model |             130 |
|                     Norm/state_metric_model |             127 |
|        Norm/state_action_state_metric_model |             121 |
|                  Metric/self_state_distance |         0.00473 |
|                 Metric/cross_state_distance |            2.09 |
|           Metric/self_state_action_distance |          0.0181 |
|          Metric/cross_state_action_distance |            3.23 |
|             Metric/avg_self_state_asymmetry |               0 |
|            Metric/avg_cross_state_asymmetry |          0.0613 |
|                Metric/avg_self_sa_asymmetry |               0 |
|               Metric/avg_cross_sa_asymmetry |           0.132 |
|  Metric/self_state_action_to_state_distance |         0.00539 |
| Metric/cross_state_action_to_state_distance |            3.21 |
|                   Metric/h_lambda_diff_self |           0.015 |
|                  Metric/h_lambda_diff_cross |           0.139 |
|                                 Eval/Return |             775 |
-----------------------------------------------------------------
-----------------------------------------------------------------
|                                 Train/Steps |        3.33e+06 |
|                            Loss/Loss_critic |            11.7 |
|                             Loss/Loss_actor |           -53.8 |
|                             Loss/Loss_alpha |          0.0192 |
|               Loss/Loss_state_action_metric |             2.5 |
|                      Loss/Loss_state_metric |            0.39 |
|             Loss/Loss_state_action_to_state |          0.0135 |
|                           Loss/Act_rep_loss |           -0.33 |
|                                   SAC/Alpha |           0.125 |
|                              SAC/LogPi_mean |            1.85 |
|                                 SAC/Q1_mean |            53.4 |
|                                 SAC/Q2_mean |            53.5 |
|                            Norm/actor_model |             144 |
|                           Norm/critic_model |             176 |
|              Norm/state_action_metric_model |             134 |
|                     Norm/state_metric_model |             131 |
|        Norm/state_action_state_metric_model |             125 |
|                  Metric/self_state_distance |         0.00713 |
|                 Metric/cross_state_distance |            2.05 |
|           Metric/self_state_action_distance |          0.0175 |
|          Metric/cross_state_action_distance |            3.22 |
|             Metric/avg_self_state_asymmetry |               0 |
|            Metric/avg_cross_state_asymmetry |           0.059 |
|                Metric/avg_self_sa_asymmetry |               0 |
|               Metric/avg_cross_sa_asymmetry |           0.126 |
|  Metric/self_state_action_to_state_distance |          0.0119 |
| Metric/cross_state_action_to_state_distance |            3.23 |
|                   Metric/h_lambda_diff_self |          0.0138 |
|                  Metric/h_lambda_diff_cross |           0.121 |
|                                 Eval/Return |             786 |
-----------------------------------------------------------------
-----------------------------------------------------------------
|                                 Train/Steps |        3.46e+06 |
|                            Loss/Loss_critic |            10.4 |
|                             Loss/Loss_actor |           -54.6 |
|                             Loss/Loss_alpha |         -0.0115 |
|               Loss/Loss_state_action_metric |            2.63 |
|                      Loss/Loss_state_metric |           0.608 |
|             Loss/Loss_state_action_to_state |          0.0117 |
|                           Loss/Act_rep_loss |          -0.335 |
|                                   SAC/Alpha |           0.121 |
|                              SAC/LogPi_mean |             2.1 |
|                                 SAC/Q1_mean |            54.3 |
|                                 SAC/Q2_mean |            54.3 |
|                            Norm/actor_model |             147 |
|                           Norm/critic_model |             180 |
|              Norm/state_action_metric_model |             138 |
|                     Norm/state_metric_model |             135 |
|        Norm/state_action_state_metric_model |             128 |
|                  Metric/self_state_distance |         0.00507 |
|                 Metric/cross_state_distance |            2.02 |
|           Metric/self_state_action_distance |         0.00918 |
|          Metric/cross_state_action_distance |            3.27 |
|             Metric/avg_self_state_asymmetry |               0 |
|            Metric/avg_cross_state_asymmetry |          0.0609 |
|                Metric/avg_self_sa_asymmetry |               0 |
|               Metric/avg_cross_sa_asymmetry |           0.126 |
|  Metric/self_state_action_to_state_distance |         0.00992 |
| Metric/cross_state_action_to_state_distance |            3.26 |
|                   Metric/h_lambda_diff_self |          0.0101 |
|                  Metric/h_lambda_diff_cross |           0.116 |
|                                 Eval/Return |             809 |
-----------------------------------------------------------------
-----------------------------------------------------------------
|                                 Train/Steps |        3.58e+06 |
|                            Loss/Loss_critic |            5.49 |
|                             Loss/Loss_actor |           -55.3 |
|                             Loss/Loss_alpha |        -0.00918 |
|               Loss/Loss_state_action_metric |             2.7 |
|                      Loss/Loss_state_metric |           0.713 |
|             Loss/Loss_state_action_to_state |          0.0134 |
|                           Loss/Act_rep_loss |          -0.343 |
|                                   SAC/Alpha |           0.126 |
|                              SAC/LogPi_mean |            2.07 |
|                                 SAC/Q1_mean |            54.9 |
|                                 SAC/Q2_mean |              55 |
|                            Norm/actor_model |             151 |
|                           Norm/critic_model |             183 |
|              Norm/state_action_metric_model |             143 |
|                     Norm/state_metric_model |             139 |
|        Norm/state_action_state_metric_model |             131 |
|                  Metric/self_state_distance |         0.00583 |
|                 Metric/cross_state_distance |            2.18 |
|           Metric/self_state_action_distance |          0.0103 |
|          Metric/cross_state_action_distance |            3.25 |
|             Metric/avg_self_state_asymmetry |               0 |
|            Metric/avg_cross_state_asymmetry |          0.0661 |
|                Metric/avg_self_sa_asymmetry |               0 |
|               Metric/avg_cross_sa_asymmetry |           0.136 |
|  Metric/self_state_action_to_state_distance |         0.00943 |
| Metric/cross_state_action_to_state_distance |            3.27 |
|                   Metric/h_lambda_diff_self |          0.0108 |
|                  Metric/h_lambda_diff_cross |           0.126 |
|                                 Eval/Return |             826 |
-----------------------------------------------------------------
-----------------------------------------------------------------
|                                 Train/Steps |        3.71e+06 |
|                            Loss/Loss_critic |            4.98 |
|                             Loss/Loss_actor |           -56.9 |
|                             Loss/Loss_alpha |        0.000953 |
|               Loss/Loss_state_action_metric |            2.29 |
|                      Loss/Loss_state_metric |           0.622 |
|             Loss/Loss_state_action_to_state |         0.00939 |
|                           Loss/Act_rep_loss |          -0.323 |
|                                   SAC/Alpha |           0.122 |
|                              SAC/LogPi_mean |            1.99 |
|                                 SAC/Q1_mean |            56.6 |
|                                 SAC/Q2_mean |            56.6 |
|                            Norm/actor_model |             155 |
|                           Norm/critic_model |             187 |
|              Norm/state_action_metric_model |             147 |
|                     Norm/state_metric_model |             142 |
|        Norm/state_action_state_metric_model |             134 |
|                  Metric/self_state_distance |          0.0102 |
|                 Metric/cross_state_distance |            2.11 |
|           Metric/self_state_action_distance |         0.00664 |
|          Metric/cross_state_action_distance |            3.29 |
|             Metric/avg_self_state_asymmetry |               0 |
|            Metric/avg_cross_state_asymmetry |          0.0636 |
|                Metric/avg_self_sa_asymmetry |               0 |
|               Metric/avg_cross_sa_asymmetry |           0.112 |
|  Metric/self_state_action_to_state_distance |         0.00705 |
| Metric/cross_state_action_to_state_distance |             3.3 |
|                   Metric/h_lambda_diff_self |         0.00946 |
|                  Metric/h_lambda_diff_cross |            0.12 |
|                                 Eval/Return |             833 |
-----------------------------------------------------------------
-----------------------------------------------------------------
|                                 Train/Steps |        3.84e+06 |
|                            Loss/Loss_critic |            4.38 |
|                             Loss/Loss_actor |           -58.6 |
|                             Loss/Loss_alpha |         0.00252 |
|               Loss/Loss_state_action_metric |            2.48 |
|                      Loss/Loss_state_metric |           0.685 |
|             Loss/Loss_state_action_to_state |          0.0122 |
|                           Loss/Act_rep_loss |          -0.339 |
|                                   SAC/Alpha |           0.129 |
|                              SAC/LogPi_mean |            1.98 |
|                                 SAC/Q1_mean |            58.3 |
|                                 SAC/Q2_mean |            58.3 |
|                            Norm/actor_model |             158 |
|                           Norm/critic_model |             190 |
|              Norm/state_action_metric_model |             151 |
|                     Norm/state_metric_model |             146 |
|        Norm/state_action_state_metric_model |             137 |
|                  Metric/self_state_distance |          0.0047 |
|                 Metric/cross_state_distance |            2.13 |
|           Metric/self_state_action_distance |          0.0248 |
|          Metric/cross_state_action_distance |            3.35 |
|             Metric/avg_self_state_asymmetry |               0 |
|            Metric/avg_cross_state_asymmetry |          0.0628 |
|                Metric/avg_self_sa_asymmetry |               0 |
|               Metric/avg_cross_sa_asymmetry |           0.135 |
|  Metric/self_state_action_to_state_distance |         0.00438 |
| Metric/cross_state_action_to_state_distance |            3.26 |
|                   Metric/h_lambda_diff_self |          0.0247 |
|                  Metric/h_lambda_diff_cross |           0.136 |
|                                 Eval/Return |             834 |
-----------------------------------------------------------------
[32mSaving model …[0m
[32mDone.[0m
[32mSaving model …[0m
[32mDone.[0m
-----------------------------------------------------------------
|                                 Train/Steps |        3.97e+06 |
|                            Loss/Loss_critic |            6.15 |
|                             Loss/Loss_actor |           -58.5 |
|                             Loss/Loss_alpha |          0.0101 |
|               Loss/Loss_state_action_metric |            2.28 |
|                      Loss/Loss_state_metric |           0.713 |
|             Loss/Loss_state_action_to_state |         0.00999 |
|                           Loss/Act_rep_loss |          -0.339 |
|                                   SAC/Alpha |           0.127 |
|                              SAC/LogPi_mean |            1.92 |
|                                 SAC/Q1_mean |            58.2 |
|                                 SAC/Q2_mean |            58.3 |
|                            Norm/actor_model |             162 |
|                           Norm/critic_model |             194 |
|              Norm/state_action_metric_model |             155 |
|                     Norm/state_metric_model |             150 |
|        Norm/state_action_state_metric_model |             140 |
|                  Metric/self_state_distance |          0.0066 |
|                 Metric/cross_state_distance |            2.15 |
|           Metric/self_state_action_distance |          0.0088 |
|          Metric/cross_state_action_distance |            3.32 |
|             Metric/avg_self_state_asymmetry |               0 |
|            Metric/avg_cross_state_asymmetry |          0.0571 |
|                Metric/avg_self_sa_asymmetry |               0 |
|               Metric/avg_cross_sa_asymmetry |           0.113 |
|  Metric/self_state_action_to_state_distance |         0.00655 |
| Metric/cross_state_action_to_state_distance |            3.29 |
|                   Metric/h_lambda_diff_self |          0.0112 |
|                  Metric/h_lambda_diff_cross |           0.112 |
|                                 Eval/Return |             844 |
-----------------------------------------------------------------
-----------------------------------------------------------------
|                                 Train/Steps |         4.1e+06 |
|                            Loss/Loss_critic |            6.19 |
|                             Loss/Loss_actor |           -59.9 |
|                             Loss/Loss_alpha |         0.00696 |
|               Loss/Loss_state_action_metric |            2.44 |
|                      Loss/Loss_state_metric |           0.679 |
|             Loss/Loss_state_action_to_state |         0.00576 |
|                           Loss/Act_rep_loss |          -0.325 |
|                                   SAC/Alpha |           0.129 |
|                              SAC/LogPi_mean |            1.95 |
|                                 SAC/Q1_mean |            59.5 |
|                                 SAC/Q2_mean |            59.5 |
|                            Norm/actor_model |             166 |
|                           Norm/critic_model |             197 |
|              Norm/state_action_metric_model |             159 |
|                     Norm/state_metric_model |             154 |
|        Norm/state_action_state_metric_model |             143 |
|                  Metric/self_state_distance |         0.00438 |
|                 Metric/cross_state_distance |            2.11 |
|           Metric/self_state_action_distance |          0.0125 |
|          Metric/cross_state_action_distance |            3.33 |
|             Metric/avg_self_state_asymmetry |               0 |
|            Metric/avg_cross_state_asymmetry |          0.0576 |
|                Metric/avg_self_sa_asymmetry |               0 |
|               Metric/avg_cross_sa_asymmetry |           0.129 |
|  Metric/self_state_action_to_state_distance |         0.00134 |
| Metric/cross_state_action_to_state_distance |            3.32 |
|                   Metric/h_lambda_diff_self |          0.0117 |
|                  Metric/h_lambda_diff_cross |           0.117 |
|                                 Eval/Return |             860 |
-----------------------------------------------------------------
-----------------------------------------------------------------
|                                 Train/Steps |        4.22e+06 |
|                            Loss/Loss_critic |            5.06 |
|                             Loss/Loss_actor |             -62 |
|                             Loss/Loss_alpha |        -0.00138 |
|               Loss/Loss_state_action_metric |            2.51 |
|                      Loss/Loss_state_metric |           0.721 |
|             Loss/Loss_state_action_to_state |         0.00329 |
|                           Loss/Act_rep_loss |          -0.335 |
|                                   SAC/Alpha |           0.127 |
|                              SAC/LogPi_mean |            2.01 |
|                                 SAC/Q1_mean |            61.7 |
|                                 SAC/Q2_mean |            61.7 |
|                            Norm/actor_model |             169 |
|                           Norm/critic_model |             200 |
|              Norm/state_action_metric_model |             163 |
|                     Norm/state_metric_model |             158 |
|        Norm/state_action_state_metric_model |             145 |
|                  Metric/self_state_distance |         0.00413 |
|                 Metric/cross_state_distance |            2.17 |
|           Metric/self_state_action_distance |          0.0138 |
|          Metric/cross_state_action_distance |            3.34 |
|             Metric/avg_self_state_asymmetry |               0 |
|            Metric/avg_cross_state_asymmetry |          0.0583 |
|                Metric/avg_self_sa_asymmetry |               0 |
|               Metric/avg_cross_sa_asymmetry |           0.115 |
|  Metric/self_state_action_to_state_distance |          0.0049 |
| Metric/cross_state_action_to_state_distance |            3.27 |
|                   Metric/h_lambda_diff_self |          0.0149 |
|                  Metric/h_lambda_diff_cross |           0.138 |
|                                 Eval/Return |             875 |
-----------------------------------------------------------------
-----------------------------------------------------------------
|                                 Train/Steps |        4.35e+06 |
|                            Loss/Loss_critic |            4.47 |
|                             Loss/Loss_actor |           -63.7 |
|                             Loss/Loss_alpha |        0.000597 |
|               Loss/Loss_state_action_metric |            2.37 |
|                      Loss/Loss_state_metric |           0.651 |
|             Loss/Loss_state_action_to_state |          0.0111 |
|                           Loss/Act_rep_loss |          -0.316 |
|                                   SAC/Alpha |           0.126 |
|                              SAC/LogPi_mean |               2 |
|                                 SAC/Q1_mean |            63.5 |
|                                 SAC/Q2_mean |            63.5 |
|                            Norm/actor_model |             173 |
|                           Norm/critic_model |             203 |
|              Norm/state_action_metric_model |             166 |
|                     Norm/state_metric_model |             162 |
|        Norm/state_action_state_metric_model |             148 |
|                  Metric/self_state_distance |         0.00574 |
|                 Metric/cross_state_distance |            2.07 |
|           Metric/self_state_action_distance |         0.00512 |
|          Metric/cross_state_action_distance |            3.28 |
|             Metric/avg_self_state_asymmetry |               0 |
|            Metric/avg_cross_state_asymmetry |          0.0544 |
|                Metric/avg_self_sa_asymmetry |               0 |
|               Metric/avg_cross_sa_asymmetry |           0.127 |
|  Metric/self_state_action_to_state_distance |         0.00459 |
| Metric/cross_state_action_to_state_distance |            3.28 |
|                   Metric/h_lambda_diff_self |         0.00666 |
|                  Metric/h_lambda_diff_cross |           0.116 |
|                                 Eval/Return |             878 |
-----------------------------------------------------------------
-----------------------------------------------------------------
|                                 Train/Steps |        4.48e+06 |
|                            Loss/Loss_critic |            4.45 |
|                             Loss/Loss_actor |           -65.5 |
|                             Loss/Loss_alpha |         0.00906 |
|               Loss/Loss_state_action_metric |            2.11 |
|                      Loss/Loss_state_metric |           0.478 |
|             Loss/Loss_state_action_to_state |          0.0127 |
|                           Loss/Act_rep_loss |          -0.329 |
|                                   SAC/Alpha |           0.132 |
|                              SAC/LogPi_mean |            1.93 |
|                                 SAC/Q1_mean |            65.4 |
|                                 SAC/Q2_mean |            65.4 |
|                            Norm/actor_model |             176 |
|                           Norm/critic_model |             206 |
|              Norm/state_action_metric_model |             170 |
|                     Norm/state_metric_model |             166 |
|        Norm/state_action_state_metric_model |             151 |
|                  Metric/self_state_distance |         0.00255 |
|                 Metric/cross_state_distance |            1.93 |
|           Metric/self_state_action_distance |          0.0178 |
|          Metric/cross_state_action_distance |            3.15 |
|             Metric/avg_self_state_asymmetry |               0 |
|            Metric/avg_cross_state_asymmetry |          0.0589 |
|                Metric/avg_self_sa_asymmetry |               0 |
|               Metric/avg_cross_sa_asymmetry |           0.118 |
|  Metric/self_state_action_to_state_distance |         0.00214 |
| Metric/cross_state_action_to_state_distance |            3.15 |
|                   Metric/h_lambda_diff_self |          0.0167 |
|                  Metric/h_lambda_diff_cross |           0.119 |
|                                 Eval/Return |             878 |
-----------------------------------------------------------------
-----------------------------------------------------------------
|                                 Train/Steps |        4.61e+06 |
|                            Loss/Loss_critic |            12.4 |
|                             Loss/Loss_actor |             -67 |
|                             Loss/Loss_alpha |        -0.00283 |
|               Loss/Loss_state_action_metric |            2.41 |
|                      Loss/Loss_state_metric |           0.468 |
|             Loss/Loss_state_action_to_state |          0.0146 |
|                           Loss/Act_rep_loss |          -0.323 |
|                                   SAC/Alpha |           0.129 |
|                              SAC/LogPi_mean |            2.02 |
|                                 SAC/Q1_mean |            66.9 |
|                                 SAC/Q2_mean |            66.9 |
|                            Norm/actor_model |             180 |
|                           Norm/critic_model |             209 |
|              Norm/state_action_metric_model |             174 |
|                     Norm/state_metric_model |             170 |
|        Norm/state_action_state_metric_model |             154 |
|                  Metric/self_state_distance |         0.00617 |
|                 Metric/cross_state_distance |            1.89 |
|           Metric/self_state_action_distance |          0.0169 |
|          Metric/cross_state_action_distance |            3.03 |
|             Metric/avg_self_state_asymmetry |               0 |
|            Metric/avg_cross_state_asymmetry |          0.0525 |
|                Metric/avg_self_sa_asymmetry |               0 |
|               Metric/avg_cross_sa_asymmetry |           0.139 |
|  Metric/self_state_action_to_state_distance |         0.00599 |
| Metric/cross_state_action_to_state_distance |            2.98 |
|                   Metric/h_lambda_diff_self |          0.0127 |
|                  Metric/h_lambda_diff_cross |           0.135 |
|                                 Eval/Return |             884 |
-----------------------------------------------------------------
-----------------------------------------------------------------
|                                 Train/Steps |        4.74e+06 |
|                            Loss/Loss_critic |            8.59 |
|                             Loss/Loss_actor |           -67.7 |
|                             Loss/Loss_alpha |        -0.00298 |
|               Loss/Loss_state_action_metric |            2.11 |
|                      Loss/Loss_state_metric |           0.515 |
|             Loss/Loss_state_action_to_state |          0.0121 |
|                           Loss/Act_rep_loss |          -0.326 |
|                                   SAC/Alpha |           0.128 |
|                              SAC/LogPi_mean |            2.02 |
|                                 SAC/Q1_mean |            67.7 |
|                                 SAC/Q2_mean |            67.7 |
|                            Norm/actor_model |             183 |
|                           Norm/critic_model |             212 |
|              Norm/state_action_metric_model |             178 |
|                     Norm/state_metric_model |             174 |
|        Norm/state_action_state_metric_model |             156 |
|                  Metric/self_state_distance |         0.00284 |
|                 Metric/cross_state_distance |            2.03 |
|           Metric/self_state_action_distance |         0.00701 |
|          Metric/cross_state_action_distance |            3.13 |
|             Metric/avg_self_state_asymmetry |               0 |
|            Metric/avg_cross_state_asymmetry |           0.061 |
|                Metric/avg_self_sa_asymmetry |               0 |
|               Metric/avg_cross_sa_asymmetry |            0.13 |
|  Metric/self_state_action_to_state_distance |         0.00545 |
| Metric/cross_state_action_to_state_distance |            3.14 |
|                   Metric/h_lambda_diff_self |         0.00824 |
|                  Metric/h_lambda_diff_cross |            0.13 |
|                                 Eval/Return |             896 |
-----------------------------------------------------------------
-----------------------------------------------------------------
|                                 Train/Steps |        4.86e+06 |
|                            Loss/Loss_critic |            6.67 |
|                             Loss/Loss_actor |           -69.6 |
|                             Loss/Loss_alpha |         -0.0033 |
|               Loss/Loss_state_action_metric |            1.97 |
|                      Loss/Loss_state_metric |           0.432 |
|             Loss/Loss_state_action_to_state |          0.0116 |
|                           Loss/Act_rep_loss |          -0.305 |
|                                   SAC/Alpha |           0.123 |
|                              SAC/LogPi_mean |            2.03 |
|                                 SAC/Q1_mean |            69.6 |
|                                 SAC/Q2_mean |            69.7 |
|                            Norm/actor_model |             187 |
|                           Norm/critic_model |             215 |
|              Norm/state_action_metric_model |             182 |
|                     Norm/state_metric_model |             178 |
|        Norm/state_action_state_metric_model |             159 |
|                  Metric/self_state_distance |         0.00381 |
|                 Metric/cross_state_distance |            1.85 |
|           Metric/self_state_action_distance |          0.0113 |
|          Metric/cross_state_action_distance |            2.92 |
|             Metric/avg_self_state_asymmetry |               0 |
|            Metric/avg_cross_state_asymmetry |          0.0516 |
|                Metric/avg_self_sa_asymmetry |               0 |
|               Metric/avg_cross_sa_asymmetry |           0.115 |
|  Metric/self_state_action_to_state_distance |         0.00336 |
| Metric/cross_state_action_to_state_distance |            2.91 |
|                   Metric/h_lambda_diff_self |          0.0102 |
|                  Metric/h_lambda_diff_cross |           0.112 |
|                                 Eval/Return |             891 |
-----------------------------------------------------------------
-----------------------------------------------------------------
|                                 Train/Steps |        4.99e+06 |
|                            Loss/Loss_critic |             4.5 |
|                             Loss/Loss_actor |           -71.4 |
|                             Loss/Loss_alpha |         -0.0106 |
|               Loss/Loss_state_action_metric |            1.56 |
|                      Loss/Loss_state_metric |           0.425 |
|             Loss/Loss_state_action_to_state |         0.00779 |
|                           Loss/Act_rep_loss |           -0.31 |
|                                   SAC/Alpha |           0.119 |
|                              SAC/LogPi_mean |            2.09 |
|                                 SAC/Q1_mean |            71.4 |
|                                 SAC/Q2_mean |            71.3 |
|                            Norm/actor_model |             190 |
|                           Norm/critic_model |             218 |
|              Norm/state_action_metric_model |             186 |
|                     Norm/state_metric_model |             182 |
|        Norm/state_action_state_metric_model |             162 |
|                  Metric/self_state_distance |         0.00382 |
|                 Metric/cross_state_distance |            1.84 |
|           Metric/self_state_action_distance |          0.0213 |
|          Metric/cross_state_action_distance |            2.79 |
|             Metric/avg_self_state_asymmetry |               0 |
|            Metric/avg_cross_state_asymmetry |          0.0533 |
|                Metric/avg_self_sa_asymmetry |               0 |
|               Metric/avg_cross_sa_asymmetry |           0.123 |
|  Metric/self_state_action_to_state_distance |         0.00416 |
| Metric/cross_state_action_to_state_distance |            2.77 |
|                   Metric/h_lambda_diff_self |          0.0185 |
|                  Metric/h_lambda_diff_cross |            0.11 |
|                                 Eval/Return |             908 |
-----------------------------------------------------------------
-----------------------------------------------------------------
|                                 Train/Steps |        5.12e+06 |
|                            Loss/Loss_critic |            3.38 |
|                             Loss/Loss_actor |           -72.8 |
|                             Loss/Loss_alpha |          0.0135 |
|               Loss/Loss_state_action_metric |            1.69 |
|                      Loss/Loss_state_metric |           0.364 |
|             Loss/Loss_state_action_to_state |          0.0097 |
|                           Loss/Act_rep_loss |          -0.303 |
|                                   SAC/Alpha |           0.113 |
|                              SAC/LogPi_mean |            1.88 |
|                                 SAC/Q1_mean |            72.8 |
|                                 SAC/Q2_mean |            72.7 |
|                            Norm/actor_model |             194 |
|                           Norm/critic_model |             221 |
|              Norm/state_action_metric_model |             190 |
|                     Norm/state_metric_model |             186 |
|        Norm/state_action_state_metric_model |             164 |
|                  Metric/self_state_distance |         0.00216 |
|                 Metric/cross_state_distance |            1.82 |
|           Metric/self_state_action_distance |           0.017 |
|          Metric/cross_state_action_distance |            2.79 |
|             Metric/avg_self_state_asymmetry |               0 |
|            Metric/avg_cross_state_asymmetry |          0.0551 |
|                Metric/avg_self_sa_asymmetry |               0 |
|               Metric/avg_cross_sa_asymmetry |            0.14 |
|  Metric/self_state_action_to_state_distance |         0.00436 |
| Metric/cross_state_action_to_state_distance |            2.75 |
|                   Metric/h_lambda_diff_self |          0.0168 |
|                  Metric/h_lambda_diff_cross |           0.115 |
|                                 Eval/Return |             912 |
-----------------------------------------------------------------
[32mSaving model …[0m
[32mDone.[0m
[32mSaving model …[0m
[32mDone.[0m
E0822 17:09:11.032449  298735 cuda_executor.cc:1526] Could not get kernel mode driver version: (INVALID_ARGUMENT: Version does not match the format X.Y.Z)
E0822 17:09:11.041030  298624 cuda_executor.cc:1526] Could not get kernel mode driver version: (INVALID_ARGUMENT: Version does not match the format X.Y.Z)
[32mStart prefilling replay buffer[0m
[32mStart SAC training[0m
-----------------------------------------------------------------
|                                 Train/Steps |        7.68e+05 |
|                            Loss/Loss_critic |        3.47e-05 |
|                             Loss/Loss_actor |          -0.361 |
|                             Loss/Loss_alpha |         0.00515 |
|               Loss/Loss_state_action_metric |         0.00247 |
|                      Loss/Loss_state_metric |         0.00188 |
|             Loss/Loss_state_action_to_state |        1.81e-05 |
|                           Loss/Act_rep_loss |          -0.764 |
|                                   SAC/Alpha |         0.00155 |
|                              SAC/LogPi_mean |           -1.33 |
|                                 SAC/Q1_mean |            0.36 |
|                                 SAC/Q2_mean |           0.359 |
|                            Norm/actor_model |              28 |
|                           Norm/critic_model |            50.6 |
|              Norm/state_action_metric_model |            34.9 |
|                     Norm/state_metric_model |            33.3 |
|        Norm/state_action_state_metric_model |            34.7 |
|                  Metric/self_state_distance |         0.00592 |
|                 Metric/cross_state_distance |           0.922 |
|           Metric/self_state_action_distance |         0.00547 |
|          Metric/cross_state_action_distance |           0.905 |
|             Metric/avg_self_state_asymmetry |               0 |
|            Metric/avg_cross_state_asymmetry |         0.00244 |
|                Metric/avg_self_sa_asymmetry |               0 |
|               Metric/avg_cross_sa_asymmetry |         0.00215 |
|  Metric/self_state_action_to_state_distance |         0.00342 |
| Metric/cross_state_action_to_state_distance |           0.905 |
|                   Metric/h_lambda_diff_self |         0.00298 |
|                  Metric/h_lambda_diff_cross |          0.0024 |
|                                 Eval/Return |               0 |
-----------------------------------------------------------------
-----------------------------------------------------------------
|                                 Train/Steps |        8.96e+05 |
|                            Loss/Loss_critic |        0.000405 |
|                             Loss/Loss_actor |           -0.12 |
|                             Loss/Loss_alpha |       -9.81e-05 |
|               Loss/Loss_state_action_metric |          0.0029 |
|                      Loss/Loss_state_metric |         0.00213 |
|             Loss/Loss_state_action_to_state |        5.32e-05 |
|                           Loss/Act_rep_loss |          -0.791 |
|                                   SAC/Alpha |        0.000178 |
|                              SAC/LogPi_mean |            2.55 |
|                                 SAC/Q1_mean |           0.119 |
|                                 SAC/Q2_mean |           0.115 |
|                            Norm/actor_model |            37.3 |
|                           Norm/critic_model |              62 |
|              Norm/state_action_metric_model |            40.1 |
|                     Norm/state_metric_model |            36.2 |
|        Norm/state_action_state_metric_model |            38.4 |
|                  Metric/self_state_distance |          0.0022 |
|                 Metric/cross_state_distance |           0.925 |
|           Metric/self_state_action_distance |         0.00312 |
|          Metric/cross_state_action_distance |           0.911 |
|             Metric/avg_self_state_asymmetry |               0 |
|            Metric/avg_cross_state_asymmetry |         0.00497 |
|                Metric/avg_self_sa_asymmetry |               0 |
|               Metric/avg_cross_sa_asymmetry |         0.00743 |
|  Metric/self_state_action_to_state_distance |         0.00231 |
| Metric/cross_state_action_to_state_distance |            0.91 |
|                   Metric/h_lambda_diff_self |         0.00205 |
|                  Metric/h_lambda_diff_cross |           0.006 |
|                                 Eval/Return |             5.5 |
-----------------------------------------------------------------
-----------------------------------------------------------------
|                                 Train/Steps |        1.02e+06 |
|                            Loss/Loss_critic |           0.632 |
|                             Loss/Loss_actor |           -2.88 |
|                             Loss/Loss_alpha |        -0.00319 |
|               Loss/Loss_state_action_metric |           0.582 |
|                      Loss/Loss_state_metric |          0.0338 |
|             Loss/Loss_state_action_to_state |          0.0189 |
|                           Loss/Act_rep_loss |           -1.42 |
|                                   SAC/Alpha |          0.0182 |
|                              SAC/LogPi_mean |            2.17 |
|                                 SAC/Q1_mean |            2.69 |
|                                 SAC/Q2_mean |            2.69 |
|                            Norm/actor_model |            51.6 |
|                           Norm/critic_model |            82.5 |
|              Norm/state_action_metric_model |            47.3 |
|                     Norm/state_metric_model |            40.5 |
|        Norm/state_action_state_metric_model |            43.5 |
|                  Metric/self_state_distance |          0.0113 |
|                 Metric/cross_state_distance |            1.07 |
|           Metric/self_state_action_distance |          0.0428 |
|          Metric/cross_state_action_distance |            1.22 |
|             Metric/avg_self_state_asymmetry |               0 |
|            Metric/avg_cross_state_asymmetry |          0.0274 |
|                Metric/avg_self_sa_asymmetry |               0 |
|               Metric/avg_cross_sa_asymmetry |          0.0436 |
|  Metric/self_state_action_to_state_distance |          0.0115 |
| Metric/cross_state_action_to_state_distance |            1.18 |
|                   Metric/h_lambda_diff_self |          0.0342 |
|                  Metric/h_lambda_diff_cross |          0.0869 |
|                                 Eval/Return |             317 |
-----------------------------------------------------------------
-----------------------------------------------------------------
|                                 Train/Steps |        1.15e+06 |
|                            Loss/Loss_critic |           0.866 |
|                             Loss/Loss_actor |           -11.8 |
|                             Loss/Loss_alpha |         0.00262 |
|               Loss/Loss_state_action_metric |           0.611 |
|                      Loss/Loss_state_metric |           0.165 |
|             Loss/Loss_state_action_to_state |          0.0136 |
|                           Loss/Act_rep_loss |           -1.61 |
|                                   SAC/Alpha |          0.0548 |
|                              SAC/LogPi_mean |            1.95 |
|                                 SAC/Q1_mean |            11.4 |
|                                 SAC/Q2_mean |            11.5 |
|                            Norm/actor_model |            58.9 |
|                           Norm/critic_model |            91.4 |
|              Norm/state_action_metric_model |            53.8 |
|                     Norm/state_metric_model |            48.8 |
|        Norm/state_action_state_metric_model |            53.3 |
|                  Metric/self_state_distance |         0.00874 |
|                 Metric/cross_state_distance |            1.31 |
|           Metric/self_state_action_distance |          0.0292 |
|          Metric/cross_state_action_distance |            1.61 |
|             Metric/avg_self_state_asymmetry |               0 |
|            Metric/avg_cross_state_asymmetry |          0.0458 |
|                Metric/avg_self_sa_asymmetry |               0 |
|               Metric/avg_cross_sa_asymmetry |          0.0607 |
|  Metric/self_state_action_to_state_distance |          0.0258 |
| Metric/cross_state_action_to_state_distance |            1.58 |
|                   Metric/h_lambda_diff_self |          0.0264 |
|                  Metric/h_lambda_diff_cross |           0.102 |
|                                 Eval/Return |             434 |
-----------------------------------------------------------------
-----------------------------------------------------------------
|                                 Train/Steps |        1.28e+06 |
|                            Loss/Loss_critic |           0.821 |
|                             Loss/Loss_actor |           -20.4 |
|                             Loss/Loss_alpha |         0.00435 |
|               Loss/Loss_state_action_metric |           0.888 |
|                      Loss/Loss_state_metric |           0.336 |
|             Loss/Loss_state_action_to_state |          0.0082 |
|                           Loss/Act_rep_loss |           -2.08 |
|                                   SAC/Alpha |          0.0702 |
|                              SAC/LogPi_mean |            1.94 |
|                                 SAC/Q1_mean |              20 |
|                                 SAC/Q2_mean |              20 |
|                            Norm/actor_model |            64.6 |
|                           Norm/critic_model |              98 |
|              Norm/state_action_metric_model |            59.3 |
|                     Norm/state_metric_model |            55.2 |
|        Norm/state_action_state_metric_model |            61.1 |
|                  Metric/self_state_distance |         0.00711 |
|                 Metric/cross_state_distance |            1.56 |
|           Metric/self_state_action_distance |          0.0265 |
|          Metric/cross_state_action_distance |            2.07 |
|             Metric/avg_self_state_asymmetry |               0 |
|            Metric/avg_cross_state_asymmetry |          0.0388 |
|                Metric/avg_self_sa_asymmetry |               0 |
|               Metric/avg_cross_sa_asymmetry |          0.0692 |
|  Metric/self_state_action_to_state_distance |          0.0201 |
| Metric/cross_state_action_to_state_distance |            2.01 |
|                   Metric/h_lambda_diff_self |          0.0231 |
|                  Metric/h_lambda_diff_cross |            0.11 |
|                                 Eval/Return |             473 |
-----------------------------------------------------------------
-----------------------------------------------------------------
|                                 Train/Steps |        1.41e+06 |
|                            Loss/Loss_critic |           0.813 |
|                             Loss/Loss_actor |           -24.9 |
|                             Loss/Loss_alpha |         0.00905 |
|               Loss/Loss_state_action_metric |            1.05 |
|                      Loss/Loss_state_metric |           0.389 |
|             Loss/Loss_state_action_to_state |         0.00911 |
|                           Loss/Act_rep_loss |           -2.35 |
|                                   SAC/Alpha |          0.0737 |
|                              SAC/LogPi_mean |            1.88 |
|                                 SAC/Q1_mean |            24.5 |
|                                 SAC/Q2_mean |            24.5 |
|                            Norm/actor_model |            69.3 |
|                           Norm/critic_model |             104 |
|              Norm/state_action_metric_model |            64.7 |
|                     Norm/state_metric_model |              61 |
|        Norm/state_action_state_metric_model |              68 |
|                  Metric/self_state_distance |         0.00634 |
|                 Metric/cross_state_distance |            1.59 |
|           Metric/self_state_action_distance |          0.0248 |
|          Metric/cross_state_action_distance |             2.1 |
|             Metric/avg_self_state_asymmetry |               0 |
|            Metric/avg_cross_state_asymmetry |           0.037 |
|                Metric/avg_self_sa_asymmetry |               0 |
|               Metric/avg_cross_sa_asymmetry |          0.0744 |
|  Metric/self_state_action_to_state_distance |          0.0124 |
| Metric/cross_state_action_to_state_distance |             2.1 |
|                   Metric/h_lambda_diff_self |          0.0226 |
|                  Metric/h_lambda_diff_cross |          0.0782 |
|                                 Eval/Return |             506 |
-----------------------------------------------------------------
-----------------------------------------------------------------
|                                 Train/Steps |        1.54e+06 |
|                            Loss/Loss_critic |            1.43 |
|                             Loss/Loss_actor |           -28.6 |
|                             Loss/Loss_alpha |         0.00653 |
|               Loss/Loss_state_action_metric |             1.3 |
|                      Loss/Loss_state_metric |           0.556 |
|             Loss/Loss_state_action_to_state |          0.0067 |
|                           Loss/Act_rep_loss |           -2.51 |
|                                   SAC/Alpha |          0.0759 |
|                              SAC/LogPi_mean |            1.91 |
|                                 SAC/Q1_mean |            28.3 |
|                                 SAC/Q2_mean |            28.2 |
|                            Norm/actor_model |            73.8 |
|                           Norm/critic_model |             109 |
|              Norm/state_action_metric_model |            70.3 |
|                     Norm/state_metric_model |            67.1 |
|        Norm/state_action_state_metric_model |            73.5 |
|                  Metric/self_state_distance |         0.00655 |
|                 Metric/cross_state_distance |             1.8 |
|           Metric/self_state_action_distance |          0.0393 |
|          Metric/cross_state_action_distance |            2.49 |
|             Metric/avg_self_state_asymmetry |               0 |
|            Metric/avg_cross_state_asymmetry |          0.0412 |
|                Metric/avg_self_sa_asymmetry |               0 |
|               Metric/avg_cross_sa_asymmetry |          0.0834 |
|  Metric/self_state_action_to_state_distance |          0.0174 |
| Metric/cross_state_action_to_state_distance |            2.47 |
|                   Metric/h_lambda_diff_self |          0.0303 |
|                  Metric/h_lambda_diff_cross |          0.0884 |
|                                 Eval/Return |             504 |
-----------------------------------------------------------------
-----------------------------------------------------------------
|                                 Train/Steps |        1.66e+06 |
|                            Loss/Loss_critic |           0.851 |
|                             Loss/Loss_actor |           -31.7 |
|                             Loss/Loss_alpha |         -0.0135 |
|               Loss/Loss_state_action_metric |             1.5 |
|                      Loss/Loss_state_metric |           0.504 |
|             Loss/Loss_state_action_to_state |         0.00656 |
|                           Loss/Act_rep_loss |           -2.53 |
|                                   SAC/Alpha |          0.0751 |
|                              SAC/LogPi_mean |            2.18 |
|                                 SAC/Q1_mean |            31.3 |
|                                 SAC/Q2_mean |            31.3 |
|                            Norm/actor_model |              78 |
|                           Norm/critic_model |             114 |
|              Norm/state_action_metric_model |            75.8 |
|                     Norm/state_metric_model |            73.1 |
|        Norm/state_action_state_metric_model |            78.2 |
|                  Metric/self_state_distance |         0.00345 |
|                 Metric/cross_state_distance |            1.97 |
|           Metric/self_state_action_distance |          0.0151 |
|          Metric/cross_state_action_distance |             2.7 |
|             Metric/avg_self_state_asymmetry |               0 |
|            Metric/avg_cross_state_asymmetry |          0.0478 |
|                Metric/avg_self_sa_asymmetry |               0 |
|               Metric/avg_cross_sa_asymmetry |          0.0722 |
|  Metric/self_state_action_to_state_distance |         0.00532 |
| Metric/cross_state_action_to_state_distance |            2.67 |
|                   Metric/h_lambda_diff_self |          0.0118 |
|                  Metric/h_lambda_diff_cross |          0.0909 |
|                                 Eval/Return |             499 |
-----------------------------------------------------------------
-----------------------------------------------------------------
|                                 Train/Steps |        1.79e+06 |
|                            Loss/Loss_critic |            1.03 |
|                             Loss/Loss_actor |           -33.3 |
|                             Loss/Loss_alpha |        0.000976 |
|               Loss/Loss_state_action_metric |             1.6 |
|                      Loss/Loss_state_metric |           0.654 |
|             Loss/Loss_state_action_to_state |         0.00692 |
|                           Loss/Act_rep_loss |           -2.77 |
|                                   SAC/Alpha |          0.0759 |
|                              SAC/LogPi_mean |            1.99 |
|                                 SAC/Q1_mean |            32.8 |
|                                 SAC/Q2_mean |            32.8 |
|                            Norm/actor_model |            82.2 |
|                           Norm/critic_model |             119 |
|              Norm/state_action_metric_model |              81 |
|                     Norm/state_metric_model |            79.2 |
|        Norm/state_action_state_metric_model |            82.5 |
|                  Metric/self_state_distance |         0.00693 |
|                 Metric/cross_state_distance |            1.97 |
|           Metric/self_state_action_distance |          0.0246 |
|          Metric/cross_state_action_distance |            2.68 |
|             Metric/avg_self_state_asymmetry |               0 |
|            Metric/avg_cross_state_asymmetry |          0.0397 |
|                Metric/avg_self_sa_asymmetry |               0 |
|               Metric/avg_cross_sa_asymmetry |          0.0776 |
|  Metric/self_state_action_to_state_distance |         0.00556 |
| Metric/cross_state_action_to_state_distance |            2.67 |
|                   Metric/h_lambda_diff_self |           0.021 |
|                  Metric/h_lambda_diff_cross |          0.0794 |
|                                 Eval/Return |             522 |
-----------------------------------------------------------------
-----------------------------------------------------------------
|                                 Train/Steps |        1.92e+06 |
|                            Loss/Loss_critic |            2.03 |
|                             Loss/Loss_actor |           -34.7 |
|                             Loss/Loss_alpha |        -0.00722 |
|               Loss/Loss_state_action_metric |            1.69 |
|                      Loss/Loss_state_metric |           0.718 |
|             Loss/Loss_state_action_to_state |         0.00484 |
|                           Loss/Act_rep_loss |           -2.89 |
|                                   SAC/Alpha |          0.0763 |
|                              SAC/LogPi_mean |            2.09 |
|                                 SAC/Q1_mean |            34.4 |
|                                 SAC/Q2_mean |            34.4 |
|                            Norm/actor_model |            86.1 |
|                           Norm/critic_model |             124 |
|              Norm/state_action_metric_model |            85.7 |
|                     Norm/state_metric_model |            85.2 |
|        Norm/state_action_state_metric_model |            86.3 |
|                  Metric/self_state_distance |          0.0124 |
|                 Metric/cross_state_distance |             2.1 |
|           Metric/self_state_action_distance |          0.0214 |
|          Metric/cross_state_action_distance |            2.96 |
|             Metric/avg_self_state_asymmetry |               0 |
|            Metric/avg_cross_state_asymmetry |          0.0374 |
|                Metric/avg_self_sa_asymmetry |               0 |
|               Metric/avg_cross_sa_asymmetry |          0.0731 |
|  Metric/self_state_action_to_state_distance |         0.00807 |
| Metric/cross_state_action_to_state_distance |            2.95 |
|                   Metric/h_lambda_diff_self |          0.0189 |
|                  Metric/h_lambda_diff_cross |          0.0745 |
|                                 Eval/Return |             512 |
-----------------------------------------------------------------
-----------------------------------------------------------------
|                                 Train/Steps |        2.05e+06 |
|                            Loss/Loss_critic |           0.659 |
|                             Loss/Loss_actor |           -36.7 |
|                             Loss/Loss_alpha |         0.00703 |
|               Loss/Loss_state_action_metric |            1.91 |
|                      Loss/Loss_state_metric |            0.84 |
|             Loss/Loss_state_action_to_state |         0.00679 |
|                           Loss/Act_rep_loss |           -3.01 |
|                                   SAC/Alpha |           0.079 |
|                              SAC/LogPi_mean |            1.91 |
|                                 SAC/Q1_mean |            36.3 |
|                                 SAC/Q2_mean |            36.3 |
|                            Norm/actor_model |            89.7 |
|                           Norm/critic_model |             129 |
|              Norm/state_action_metric_model |            90.4 |
|                     Norm/state_metric_model |            91.1 |
|        Norm/state_action_state_metric_model |              90 |
|                  Metric/self_state_distance |         0.00885 |
|                 Metric/cross_state_distance |            2.28 |
|           Metric/self_state_action_distance |          0.0182 |
|          Metric/cross_state_action_distance |            3.07 |
|             Metric/avg_self_state_asymmetry |               0 |
|            Metric/avg_cross_state_asymmetry |           0.037 |
|                Metric/avg_self_sa_asymmetry |               0 |
|               Metric/avg_cross_sa_asymmetry |          0.0787 |
|  Metric/self_state_action_to_state_distance |         0.00745 |
| Metric/cross_state_action_to_state_distance |             3.1 |
|                   Metric/h_lambda_diff_self |          0.0172 |
|                  Metric/h_lambda_diff_cross |          0.0892 |
|                                 Eval/Return |             520 |
-----------------------------------------------------------------
-----------------------------------------------------------------
|                                 Train/Steps |        2.18e+06 |
|                            Loss/Loss_critic |            1.14 |
|                             Loss/Loss_actor |           -37.4 |
|                             Loss/Loss_alpha |        0.000476 |
|               Loss/Loss_state_action_metric |            1.79 |
|                      Loss/Loss_state_metric |           0.804 |
|             Loss/Loss_state_action_to_state |         0.00741 |
|                           Loss/Act_rep_loss |           -3.01 |
|                                   SAC/Alpha |          0.0729 |
|                              SAC/LogPi_mean |            1.99 |
|                                 SAC/Q1_mean |              37 |
|                                 SAC/Q2_mean |              37 |
|                            Norm/actor_model |            93.3 |
|                           Norm/critic_model |             133 |
|              Norm/state_action_metric_model |              95 |
|                     Norm/state_metric_model |            96.4 |
|        Norm/state_action_state_metric_model |            93.5 |
|                  Metric/self_state_distance |         0.00589 |
|                 Metric/cross_state_distance |             2.2 |
|           Metric/self_state_action_distance |          0.0128 |
|          Metric/cross_state_action_distance |            3.09 |
|             Metric/avg_self_state_asymmetry |               0 |
|            Metric/avg_cross_state_asymmetry |          0.0332 |
|                Metric/avg_self_sa_asymmetry |               0 |
|               Metric/avg_cross_sa_asymmetry |          0.0746 |
|  Metric/self_state_action_to_state_distance |          0.0104 |
| Metric/cross_state_action_to_state_distance |            3.07 |
|                   Metric/h_lambda_diff_self |          0.0133 |
|                  Metric/h_lambda_diff_cross |          0.0852 |
|                                 Eval/Return |             516 |
-----------------------------------------------------------------
E0822 17:13:07.010172  301921 cuda_executor.cc:1526] Could not get kernel mode driver version: (INVALID_ARGUMENT: Version does not match the format X.Y.Z)
E0822 17:13:07.018742  301812 cuda_executor.cc:1526] Could not get kernel mode driver version: (INVALID_ARGUMENT: Version does not match the format X.Y.Z)
[32mStart prefilling replay buffer[0m
[32mStart SAC training[0m
-----------------------------------------------------------------
|                                 Train/Steps |        7.68e+05 |
|                            Loss/Loss_critic |        8.41e-05 |
|                             Loss/Loss_actor |          -0.359 |
|                             Loss/Loss_alpha |         0.00518 |
|               Loss/Loss_state_action_metric |         0.00245 |
|                      Loss/Loss_state_metric |         0.00186 |
|             Loss/Loss_state_action_to_state |        9.74e-06 |
|                           Loss/Act_rep_loss |          -0.767 |
|                                   SAC/Alpha |         0.00155 |
|                              SAC/LogPi_mean |           -1.35 |
|                                 SAC/Q1_mean |           0.356 |
|                                 SAC/Q2_mean |           0.356 |
|                            Norm/actor_model |            28.1 |
|                           Norm/critic_model |            51.4 |
|              Norm/state_action_metric_model |            34.7 |
|                     Norm/state_metric_model |            33.6 |
|        Norm/state_action_state_metric_model |            34.6 |
|                  Metric/self_state_distance |         0.00441 |
|                 Metric/cross_state_distance |           0.922 |
|           Metric/self_state_action_distance |         0.00514 |
|          Metric/cross_state_action_distance |           0.906 |
|             Metric/avg_self_state_asymmetry |               0 |
|            Metric/avg_cross_state_asymmetry |         0.00184 |
|                Metric/avg_self_sa_asymmetry |               0 |
|               Metric/avg_cross_sa_asymmetry |         0.00209 |
|  Metric/self_state_action_to_state_distance |         0.00244 |
| Metric/cross_state_action_to_state_distance |           0.905 |
|                   Metric/h_lambda_diff_self |         0.00304 |
|                  Metric/h_lambda_diff_cross |         0.00242 |
|                                 Eval/Return |               0 |
-----------------------------------------------------------------
-----------------------------------------------------------------
|                                 Train/Steps |        8.96e+05 |
|                            Loss/Loss_critic |         0.00168 |
|                             Loss/Loss_actor |          -0.117 |
|                             Loss/Loss_alpha |       -5.81e-05 |
|               Loss/Loss_state_action_metric |         0.00309 |
|                      Loss/Loss_state_metric |         0.00227 |
|             Loss/Loss_state_action_to_state |        5.19e-05 |
|                           Loss/Act_rep_loss |          -0.769 |
|                                   SAC/Alpha |        0.000131 |
|                              SAC/LogPi_mean |            2.44 |
|                                 SAC/Q1_mean |           0.115 |
|                                 SAC/Q2_mean |           0.116 |
|                            Norm/actor_model |            36.2 |
|                           Norm/critic_model |            61.9 |
|              Norm/state_action_metric_model |            39.6 |
|                     Norm/state_metric_model |            35.8 |
|        Norm/state_action_state_metric_model |              40 |
|                  Metric/self_state_distance |         0.00268 |
|                 Metric/cross_state_distance |           0.922 |
|           Metric/self_state_action_distance |         0.00481 |
|          Metric/cross_state_action_distance |           0.904 |
|             Metric/avg_self_state_asymmetry |               0 |
|            Metric/avg_cross_state_asymmetry |          0.0032 |
|                Metric/avg_self_sa_asymmetry |               0 |
|               Metric/avg_cross_sa_asymmetry |         0.00341 |
|  Metric/self_state_action_to_state_distance |         0.00424 |
| Metric/cross_state_action_to_state_distance |           0.908 |
|                   Metric/h_lambda_diff_self |         0.00411 |
|                  Metric/h_lambda_diff_cross |         0.00554 |
|                                 Eval/Return |            10.1 |
-----------------------------------------------------------------
-----------------------------------------------------------------
|                                 Train/Steps |        1.02e+06 |
|                            Loss/Loss_critic |           0.336 |
|                             Loss/Loss_actor |           -1.26 |
|                             Loss/Loss_alpha |        -0.00449 |
|               Loss/Loss_state_action_metric |           0.309 |
|                      Loss/Loss_state_metric |          0.0145 |
|             Loss/Loss_state_action_to_state |         0.00285 |
|                           Loss/Act_rep_loss |           -1.05 |
|                                   SAC/Alpha |          0.0109 |
|                              SAC/LogPi_mean |            2.41 |
|                                 SAC/Q1_mean |            1.17 |
|                                 SAC/Q2_mean |            1.18 |
|                            Norm/actor_model |            49.8 |
|                           Norm/critic_model |            82.1 |
|              Norm/state_action_metric_model |            45.5 |
|                     Norm/state_metric_model |            39.5 |
|        Norm/state_action_state_metric_model |            43.3 |
|                  Metric/self_state_distance |         0.00637 |
|                 Metric/cross_state_distance |            1.04 |
|           Metric/self_state_action_distance |          0.0199 |
|          Metric/cross_state_action_distance |            1.04 |
|             Metric/avg_self_state_asymmetry |               0 |
|            Metric/avg_cross_state_asymmetry |          0.0143 |
|                Metric/avg_self_sa_asymmetry |               0 |
|               Metric/avg_cross_sa_asymmetry |          0.0257 |
|  Metric/self_state_action_to_state_distance |          0.0088 |
| Metric/cross_state_action_to_state_distance |            1.04 |
|                   Metric/h_lambda_diff_self |          0.0156 |
|                  Metric/h_lambda_diff_cross |          0.0392 |
|                                 Eval/Return |             192 |
-----------------------------------------------------------------
-----------------------------------------------------------------
|                                 Train/Steps |        1.15e+06 |
|                            Loss/Loss_critic |            2.46 |
|                             Loss/Loss_actor |           -8.33 |
|                             Loss/Loss_alpha |          0.0111 |
|               Loss/Loss_state_action_metric |            1.02 |
|                      Loss/Loss_state_metric |           0.132 |
|             Loss/Loss_state_action_to_state |         0.00667 |
|                           Loss/Act_rep_loss |           -1.44 |
|                                   SAC/Alpha |          0.0423 |
|                              SAC/LogPi_mean |            1.74 |
|                                 SAC/Q1_mean |               8 |
|                                 SAC/Q2_mean |            8.01 |
|                            Norm/actor_model |            58.1 |
|                           Norm/critic_model |            92.9 |
|              Norm/state_action_metric_model |            52.1 |
|                     Norm/state_metric_model |            47.5 |
|        Norm/state_action_state_metric_model |            51.5 |
|                  Metric/self_state_distance |          0.0061 |
|                 Metric/cross_state_distance |            1.25 |
|           Metric/self_state_action_distance |          0.0377 |
|          Metric/cross_state_action_distance |            1.42 |
|             Metric/avg_self_state_asymmetry |               0 |
|            Metric/avg_cross_state_asymmetry |          0.0223 |
|                Metric/avg_self_sa_asymmetry |               0 |
|               Metric/avg_cross_sa_asymmetry |          0.0546 |
|  Metric/self_state_action_to_state_distance |          0.0143 |
| Metric/cross_state_action_to_state_distance |            1.38 |
|                   Metric/h_lambda_diff_self |          0.0311 |
|                  Metric/h_lambda_diff_cross |          0.0738 |
|                                 Eval/Return |             386 |
-----------------------------------------------------------------
-----------------------------------------------------------------
|                                 Train/Steps |        1.28e+06 |
|                            Loss/Loss_critic |            2.44 |
|                             Loss/Loss_actor |           -17.5 |
|                             Loss/Loss_alpha |        -0.00241 |
|               Loss/Loss_state_action_metric |            1.21 |
|                      Loss/Loss_state_metric |           0.237 |
|             Loss/Loss_state_action_to_state |         0.00437 |
|                           Loss/Act_rep_loss |           -2.04 |
|                                   SAC/Alpha |          0.0567 |
|                              SAC/LogPi_mean |            2.04 |
|                                 SAC/Q1_mean |            17.2 |
|                                 SAC/Q2_mean |            17.1 |
|                            Norm/actor_model |            65.1 |
|                           Norm/critic_model |             101 |
|              Norm/state_action_metric_model |              59 |
|                     Norm/state_metric_model |            53.7 |
|        Norm/state_action_state_metric_model |            58.9 |
|                  Metric/self_state_distance |         0.00713 |
|                 Metric/cross_state_distance |            1.46 |
|           Metric/self_state_action_distance |          0.0383 |
|          Metric/cross_state_action_distance |             1.8 |
|             Metric/avg_self_state_asymmetry |               0 |
|            Metric/avg_cross_state_asymmetry |           0.038 |
|                Metric/avg_self_sa_asymmetry |               0 |
|               Metric/avg_cross_sa_asymmetry |          0.0906 |
|  Metric/self_state_action_to_state_distance |          0.0114 |
| Metric/cross_state_action_to_state_distance |            1.78 |
|                   Metric/h_lambda_diff_self |           0.033 |
|                  Metric/h_lambda_diff_cross |          0.0985 |
|                                 Eval/Return |             460 |
-----------------------------------------------------------------
-----------------------------------------------------------------
|                                 Train/Steps |        1.41e+06 |
|                            Loss/Loss_critic |            2.71 |
|                             Loss/Loss_actor |           -23.4 |
|                             Loss/Loss_alpha |          0.0115 |
|               Loss/Loss_state_action_metric |            1.44 |
|                      Loss/Loss_state_metric |           0.214 |
|             Loss/Loss_state_action_to_state |          0.0111 |
|                           Loss/Act_rep_loss |           -2.22 |
|                                   SAC/Alpha |          0.0714 |
|                              SAC/LogPi_mean |            1.84 |
|                                 SAC/Q1_mean |              23 |
|                                 SAC/Q2_mean |              23 |
|                            Norm/actor_model |            71.5 |
|                           Norm/critic_model |             108 |
|              Norm/state_action_metric_model |            65.6 |
|                     Norm/state_metric_model |            59.7 |
|        Norm/state_action_state_metric_model |            64.7 |
|                  Metric/self_state_distance |         0.00584 |
|                 Metric/cross_state_distance |            1.47 |
|           Metric/self_state_action_distance |          0.0329 |
|          Metric/cross_state_action_distance |            1.92 |
|             Metric/avg_self_state_asymmetry |               0 |
|            Metric/avg_cross_state_asymmetry |          0.0407 |
|                Metric/avg_self_sa_asymmetry |               0 |
|               Metric/avg_cross_sa_asymmetry |          0.0971 |
|  Metric/self_state_action_to_state_distance |          0.0137 |
| Metric/cross_state_action_to_state_distance |             1.9 |
|                   Metric/h_lambda_diff_self |          0.0298 |
|                  Metric/h_lambda_diff_cross |          0.0977 |
|                                 Eval/Return |             550 |
-----------------------------------------------------------------
-----------------------------------------------------------------
|                                 Train/Steps |        1.54e+06 |
|                            Loss/Loss_critic |            7.52 |
|                             Loss/Loss_actor |           -29.2 |
|                             Loss/Loss_alpha |        -0.00512 |
|               Loss/Loss_state_action_metric |            2.01 |
|                      Loss/Loss_state_metric |           0.327 |
|             Loss/Loss_state_action_to_state |         0.00926 |
|                           Loss/Act_rep_loss |           -2.28 |
|                                   SAC/Alpha |          0.0831 |
|                              SAC/LogPi_mean |            2.06 |
|                                 SAC/Q1_mean |            28.8 |
|                                 SAC/Q2_mean |            28.7 |
|                            Norm/actor_model |            77.5 |
|                           Norm/critic_model |             114 |
|              Norm/state_action_metric_model |            71.5 |
|                     Norm/state_metric_model |            65.5 |
|        Norm/state_action_state_metric_model |              70 |
|                  Metric/self_state_distance |         0.00547 |
|                 Metric/cross_state_distance |            1.59 |
|           Metric/self_state_action_distance |          0.0316 |
|          Metric/cross_state_action_distance |            2.17 |
|             Metric/avg_self_state_asymmetry |               0 |
|            Metric/avg_cross_state_asymmetry |          0.0597 |
|                Metric/avg_self_sa_asymmetry |               0 |
|               Metric/avg_cross_sa_asymmetry |          0.0963 |
|  Metric/self_state_action_to_state_distance |          0.0138 |
| Metric/cross_state_action_to_state_distance |            2.15 |
|                   Metric/h_lambda_diff_self |           0.025 |
|                  Metric/h_lambda_diff_cross |           0.109 |
|                                 Eval/Return |             627 |
-----------------------------------------------------------------
-----------------------------------------------------------------
|                                 Train/Steps |        1.66e+06 |
|                            Loss/Loss_critic |            5.38 |
|                             Loss/Loss_actor |           -35.1 |
|                             Loss/Loss_alpha |         0.00082 |
|               Loss/Loss_state_action_metric |            1.92 |
|                      Loss/Loss_state_metric |           0.406 |
|             Loss/Loss_state_action_to_state |         0.00906 |
|                           Loss/Act_rep_loss |           -2.53 |
|                                   SAC/Alpha |          0.0898 |
|                              SAC/LogPi_mean |            1.99 |
|                                 SAC/Q1_mean |            34.6 |
|                                 SAC/Q2_mean |            34.6 |
|                            Norm/actor_model |            82.7 |
|                           Norm/critic_model |             120 |
|              Norm/state_action_metric_model |            77.6 |
|                     Norm/state_metric_model |              71 |
|        Norm/state_action_state_metric_model |            75.4 |
|                  Metric/self_state_distance |         0.00521 |
|                 Metric/cross_state_distance |            1.75 |
|           Metric/self_state_action_distance |          0.0147 |
|          Metric/cross_state_action_distance |            2.54 |
|             Metric/avg_self_state_asymmetry |               0 |
|            Metric/avg_cross_state_asymmetry |          0.0462 |
|                Metric/avg_self_sa_asymmetry |               0 |
|               Metric/avg_cross_sa_asymmetry |           0.108 |
|  Metric/self_state_action_to_state_distance |         0.00938 |
| Metric/cross_state_action_to_state_distance |            2.51 |
|                   Metric/h_lambda_diff_self |          0.0144 |
|                  Metric/h_lambda_diff_cross |          0.0963 |
|                                 Eval/Return |             666 |
-----------------------------------------------------------------
-----------------------------------------------------------------
|                                 Train/Steps |        1.79e+06 |
|                            Loss/Loss_critic |            5.83 |
|                             Loss/Loss_actor |           -38.7 |
|                             Loss/Loss_alpha |         0.00173 |
|               Loss/Loss_state_action_metric |            2.07 |
|                      Loss/Loss_state_metric |           0.486 |
|             Loss/Loss_state_action_to_state |          0.0119 |
|                           Loss/Act_rep_loss |           -2.76 |
|                                   SAC/Alpha |          0.0954 |
|                              SAC/LogPi_mean |            1.98 |
|                                 SAC/Q1_mean |            38.1 |
|                                 SAC/Q2_mean |            38.2 |
|                            Norm/actor_model |            87.7 |
|                           Norm/critic_model |             125 |
|              Norm/state_action_metric_model |              84 |
|                     Norm/state_metric_model |              77 |
|        Norm/state_action_state_metric_model |            80.6 |
|                  Metric/self_state_distance |         0.00834 |
|                 Metric/cross_state_distance |            1.83 |
|           Metric/self_state_action_distance |          0.0268 |
|          Metric/cross_state_action_distance |            2.68 |
|             Metric/avg_self_state_asymmetry |               0 |
|            Metric/avg_cross_state_asymmetry |          0.0491 |
|                Metric/avg_self_sa_asymmetry |               0 |
|               Metric/avg_cross_sa_asymmetry |          0.0976 |
|  Metric/self_state_action_to_state_distance |          0.0129 |
| Metric/cross_state_action_to_state_distance |            2.65 |
|                   Metric/h_lambda_diff_self |          0.0217 |
|                  Metric/h_lambda_diff_cross |           0.103 |
|                                 Eval/Return |             694 |
-----------------------------------------------------------------
-----------------------------------------------------------------
|                                 Train/Steps |        1.92e+06 |
|                            Loss/Loss_critic |            5.46 |
|                             Loss/Loss_actor |             -42 |
|                             Loss/Loss_alpha |        -0.00523 |
|               Loss/Loss_state_action_metric |             2.5 |
|                      Loss/Loss_state_metric |           0.571 |
|             Loss/Loss_state_action_to_state |          0.0114 |
|                           Loss/Act_rep_loss |           -3.03 |
|                                   SAC/Alpha |           0.108 |
|                              SAC/LogPi_mean |            2.05 |
|                                 SAC/Q1_mean |            41.4 |
|                                 SAC/Q2_mean |            41.5 |
|                            Norm/actor_model |            92.5 |
|                           Norm/critic_model |             130 |
|              Norm/state_action_metric_model |            90.5 |
|                     Norm/state_metric_model |            83.4 |
|        Norm/state_action_state_metric_model |            85.6 |
|                  Metric/self_state_distance |         0.00864 |
|                 Metric/cross_state_distance |            2.01 |
|           Metric/self_state_action_distance |          0.0318 |
|          Metric/cross_state_action_distance |               3 |
|             Metric/avg_self_state_asymmetry |               0 |
|            Metric/avg_cross_state_asymmetry |          0.0559 |
|                Metric/avg_self_sa_asymmetry |               0 |
|               Metric/avg_cross_sa_asymmetry |           0.125 |
|  Metric/self_state_action_to_state_distance |          0.0169 |
| Metric/cross_state_action_to_state_distance |            2.91 |
|                   Metric/h_lambda_diff_self |          0.0225 |
|                  Metric/h_lambda_diff_cross |           0.146 |
|                                 Eval/Return |             719 |
-----------------------------------------------------------------
-----------------------------------------------------------------
|                                 Train/Steps |        2.05e+06 |
|                            Loss/Loss_critic |            5.97 |
|                             Loss/Loss_actor |           -45.6 |
|                             Loss/Loss_alpha |        -0.00523 |
|               Loss/Loss_state_action_metric |            2.43 |
|                      Loss/Loss_state_metric |           0.496 |
|             Loss/Loss_state_action_to_state |         0.00842 |
|                           Loss/Act_rep_loss |           -3.09 |
|                                   SAC/Alpha |           0.107 |
|                              SAC/LogPi_mean |            2.05 |
|                                 SAC/Q1_mean |              45 |
|                                 SAC/Q2_mean |              45 |
|                            Norm/actor_model |            97.2 |
|                           Norm/critic_model |             135 |
|              Norm/state_action_metric_model |            96.8 |
|                     Norm/state_metric_model |            89.8 |
|        Norm/state_action_state_metric_model |            90.4 |
|                  Metric/self_state_distance |          0.0101 |
|                 Metric/cross_state_distance |            1.99 |
|           Metric/self_state_action_distance |           0.039 |
|          Metric/cross_state_action_distance |            3.13 |
|             Metric/avg_self_state_asymmetry |               0 |
|            Metric/avg_cross_state_asymmetry |          0.0573 |
|                Metric/avg_self_sa_asymmetry |               0 |
|               Metric/avg_cross_sa_asymmetry |           0.131 |
|  Metric/self_state_action_to_state_distance |          0.0139 |
| Metric/cross_state_action_to_state_distance |            3.15 |
|                   Metric/h_lambda_diff_self |          0.0325 |
|                  Metric/h_lambda_diff_cross |            0.14 |
|                                 Eval/Return |             741 |
-----------------------------------------------------------------
-----------------------------------------------------------------
|                                 Train/Steps |        2.18e+06 |
|                            Loss/Loss_critic |            7.28 |
|                             Loss/Loss_actor |           -47.5 |
|                             Loss/Loss_alpha |         0.00515 |
|               Loss/Loss_state_action_metric |            2.33 |
|                      Loss/Loss_state_metric |           0.594 |
|             Loss/Loss_state_action_to_state |         0.00984 |
|                           Loss/Act_rep_loss |           -3.13 |
|                                   SAC/Alpha |           0.109 |
|                              SAC/LogPi_mean |            1.95 |
|                                 SAC/Q1_mean |              47 |
|                                 SAC/Q2_mean |              47 |
|                            Norm/actor_model |             102 |
|                           Norm/critic_model |             140 |
|              Norm/state_action_metric_model |             102 |
|                     Norm/state_metric_model |            96.3 |
|        Norm/state_action_state_metric_model |            95.1 |
|                  Metric/self_state_distance |         0.00977 |
|                 Metric/cross_state_distance |            1.98 |
|           Metric/self_state_action_distance |          0.0245 |
|          Metric/cross_state_action_distance |            3.08 |
|             Metric/avg_self_state_asymmetry |               0 |
|            Metric/avg_cross_state_asymmetry |          0.0529 |
|                Metric/avg_self_sa_asymmetry |               0 |
|               Metric/avg_cross_sa_asymmetry |            0.11 |
|  Metric/self_state_action_to_state_distance |         0.00896 |
| Metric/cross_state_action_to_state_distance |            3.07 |
|                   Metric/h_lambda_diff_self |          0.0204 |
|                  Metric/h_lambda_diff_cross |           0.121 |
|                                 Eval/Return |             751 |
-----------------------------------------------------------------
-----------------------------------------------------------------
|                                 Train/Steps |         2.3e+06 |
|                            Loss/Loss_critic |            5.51 |
|                             Loss/Loss_actor |           -49.4 |
|                             Loss/Loss_alpha |          0.0191 |
|               Loss/Loss_state_action_metric |            2.31 |
|                      Loss/Loss_state_metric |           0.646 |
|             Loss/Loss_state_action_to_state |          0.0103 |
|                           Loss/Act_rep_loss |           -3.28 |
|                                   SAC/Alpha |           0.108 |
|                              SAC/LogPi_mean |            1.82 |
|                                 SAC/Q1_mean |              49 |
|                                 SAC/Q2_mean |              49 |
|                            Norm/actor_model |             107 |
|                           Norm/critic_model |             144 |
|              Norm/state_action_metric_model |             108 |
|                     Norm/state_metric_model |             103 |
|        Norm/state_action_state_metric_model |            99.5 |
|                  Metric/self_state_distance |         0.00794 |
|                 Metric/cross_state_distance |            2.09 |
|           Metric/self_state_action_distance |          0.0358 |
|          Metric/cross_state_action_distance |             3.2 |
|             Metric/avg_self_state_asymmetry |               0 |
|            Metric/avg_cross_state_asymmetry |          0.0536 |
|                Metric/avg_self_sa_asymmetry |               0 |
|               Metric/avg_cross_sa_asymmetry |           0.119 |
|  Metric/self_state_action_to_state_distance |          0.0128 |
| Metric/cross_state_action_to_state_distance |            3.17 |
|                   Metric/h_lambda_diff_self |           0.028 |
|                  Metric/h_lambda_diff_cross |           0.106 |
|                                 Eval/Return |             782 |
-----------------------------------------------------------------
-----------------------------------------------------------------
|                                 Train/Steps |        2.43e+06 |
|                            Loss/Loss_critic |            6.51 |
|                             Loss/Loss_actor |           -51.7 |
|                             Loss/Loss_alpha |          0.0133 |
|               Loss/Loss_state_action_metric |            2.65 |
|                      Loss/Loss_state_metric |           0.732 |
|             Loss/Loss_state_action_to_state |          0.0098 |
|                           Loss/Act_rep_loss |           -3.44 |
|                                   SAC/Alpha |            0.11 |
|                              SAC/LogPi_mean |            1.88 |
|                                 SAC/Q1_mean |            51.1 |
|                                 SAC/Q2_mean |            51.1 |
|                            Norm/actor_model |             111 |
|                           Norm/critic_model |             148 |
|              Norm/state_action_metric_model |             113 |
|                     Norm/state_metric_model |             109 |
|        Norm/state_action_state_metric_model |             104 |
|                  Metric/self_state_distance |         0.00689 |
|                 Metric/cross_state_distance |            2.14 |
|           Metric/self_state_action_distance |          0.0239 |
|          Metric/cross_state_action_distance |            3.25 |
|             Metric/avg_self_state_asymmetry |               0 |
|            Metric/avg_cross_state_asymmetry |          0.0482 |
|                Metric/avg_self_sa_asymmetry |               0 |
|               Metric/avg_cross_sa_asymmetry |            0.12 |
|  Metric/self_state_action_to_state_distance |          0.0115 |
| Metric/cross_state_action_to_state_distance |             3.2 |
|                   Metric/h_lambda_diff_self |          0.0166 |
|                  Metric/h_lambda_diff_cross |            0.12 |
|                                 Eval/Return |             784 |
-----------------------------------------------------------------
-----------------------------------------------------------------
|                                 Train/Steps |        2.56e+06 |
|                            Loss/Loss_critic |            6.68 |
|                             Loss/Loss_actor |           -54.1 |
|                             Loss/Loss_alpha |         0.00419 |
|               Loss/Loss_state_action_metric |            2.25 |
|                      Loss/Loss_state_metric |           0.574 |
|             Loss/Loss_state_action_to_state |         0.00783 |
|                           Loss/Act_rep_loss |           -3.26 |
|                                   SAC/Alpha |           0.111 |
|                              SAC/LogPi_mean |            1.96 |
|                                 SAC/Q1_mean |            53.6 |
|                                 SAC/Q2_mean |            53.7 |
|                            Norm/actor_model |             116 |
|                           Norm/critic_model |             152 |
|              Norm/state_action_metric_model |             118 |
|                     Norm/state_metric_model |             114 |
|        Norm/state_action_state_metric_model |             108 |
|                  Metric/self_state_distance |          0.0112 |
|                 Metric/cross_state_distance |            1.92 |
|           Metric/self_state_action_distance |          0.0176 |
|          Metric/cross_state_action_distance |            3.07 |
|             Metric/avg_self_state_asymmetry |               0 |
|            Metric/avg_cross_state_asymmetry |          0.0578 |
|                Metric/avg_self_sa_asymmetry |               0 |
|               Metric/avg_cross_sa_asymmetry |            0.11 |
|  Metric/self_state_action_to_state_distance |         0.00366 |
| Metric/cross_state_action_to_state_distance |            3.08 |
|                   Metric/h_lambda_diff_self |          0.0146 |
|                  Metric/h_lambda_diff_cross |            0.13 |
|                                 Eval/Return |             809 |
-----------------------------------------------------------------
-----------------------------------------------------------------
|                                 Train/Steps |        2.69e+06 |
|                            Loss/Loss_critic |            6.14 |
|                             Loss/Loss_actor |           -55.5 |
|                             Loss/Loss_alpha |         -0.0216 |
|               Loss/Loss_state_action_metric |            2.67 |
|                      Loss/Loss_state_metric |           0.665 |
|             Loss/Loss_state_action_to_state |          0.0125 |
|                           Loss/Act_rep_loss |           -3.35 |
|                                   SAC/Alpha |           0.112 |
|                              SAC/LogPi_mean |            2.19 |
|                                 SAC/Q1_mean |              55 |
|                                 SAC/Q2_mean |            55.1 |
|                            Norm/actor_model |             120 |
|                           Norm/critic_model |             156 |
|              Norm/state_action_metric_model |             123 |
|                     Norm/state_metric_model |             120 |
|        Norm/state_action_state_metric_model |             112 |
|                  Metric/self_state_distance |         0.00871 |
|                 Metric/cross_state_distance |            2.15 |
|           Metric/self_state_action_distance |          0.0107 |
|          Metric/cross_state_action_distance |            3.31 |
|             Metric/avg_self_state_asymmetry |               0 |
|            Metric/avg_cross_state_asymmetry |          0.0553 |
|                Metric/avg_self_sa_asymmetry |               0 |
|               Metric/avg_cross_sa_asymmetry |           0.134 |
|  Metric/self_state_action_to_state_distance |          0.0116 |
| Metric/cross_state_action_to_state_distance |            3.26 |
|                   Metric/h_lambda_diff_self |         0.00921 |
|                  Metric/h_lambda_diff_cross |           0.143 |
|                                 Eval/Return |             828 |
-----------------------------------------------------------------
-----------------------------------------------------------------
|                                 Train/Steps |        2.82e+06 |
|                            Loss/Loss_critic |            8.32 |
|                             Loss/Loss_actor |             -57 |
|                             Loss/Loss_alpha |        -0.00125 |
|               Loss/Loss_state_action_metric |            2.66 |
|                      Loss/Loss_state_metric |           0.797 |
|             Loss/Loss_state_action_to_state |         0.00958 |
|                           Loss/Act_rep_loss |           -3.44 |
|                                   SAC/Alpha |           0.114 |
|                              SAC/LogPi_mean |            2.01 |
|                                 SAC/Q1_mean |            56.5 |
|                                 SAC/Q2_mean |            56.5 |
|                            Norm/actor_model |             124 |
|                           Norm/critic_model |             160 |
|              Norm/state_action_metric_model |             128 |
|                     Norm/state_metric_model |             126 |
|        Norm/state_action_state_metric_model |             116 |
|                  Metric/self_state_distance |         0.00774 |
|                 Metric/cross_state_distance |            2.17 |
|           Metric/self_state_action_distance |          0.0298 |
|          Metric/cross_state_action_distance |            3.27 |
|             Metric/avg_self_state_asymmetry |               0 |
|            Metric/avg_cross_state_asymmetry |          0.0505 |
|                Metric/avg_self_sa_asymmetry |               0 |
|               Metric/avg_cross_sa_asymmetry |           0.129 |
|  Metric/self_state_action_to_state_distance |         0.00577 |
| Metric/cross_state_action_to_state_distance |            3.22 |
|                   Metric/h_lambda_diff_self |           0.026 |
|                  Metric/h_lambda_diff_cross |           0.134 |
|                                 Eval/Return |             825 |
-----------------------------------------------------------------
-----------------------------------------------------------------
|                                 Train/Steps |        2.94e+06 |
|                            Loss/Loss_critic |            5.51 |
|                             Loss/Loss_actor |           -58.2 |
|                             Loss/Loss_alpha |           0.023 |
|               Loss/Loss_state_action_metric |            2.38 |
|                      Loss/Loss_state_metric |           0.698 |
|             Loss/Loss_state_action_to_state |           0.008 |
|                           Loss/Act_rep_loss |            -3.4 |
|                                   SAC/Alpha |           0.115 |
|                              SAC/LogPi_mean |             1.8 |
|                                 SAC/Q1_mean |            57.7 |
|                                 SAC/Q2_mean |            57.7 |
|                            Norm/actor_model |             128 |
|                           Norm/critic_model |             164 |
|              Norm/state_action_metric_model |             132 |
|                     Norm/state_metric_model |             131 |
|        Norm/state_action_state_metric_model |             119 |
|                  Metric/self_state_distance |         0.00943 |
|                 Metric/cross_state_distance |            2.19 |
|           Metric/self_state_action_distance |          0.0169 |
|          Metric/cross_state_action_distance |            3.35 |
|             Metric/avg_self_state_asymmetry |               0 |
|            Metric/avg_cross_state_asymmetry |          0.0515 |
|                Metric/avg_self_sa_asymmetry |               0 |
|               Metric/avg_cross_sa_asymmetry |           0.116 |
|  Metric/self_state_action_to_state_distance |         0.00727 |
| Metric/cross_state_action_to_state_distance |            3.33 |
|                   Metric/h_lambda_diff_self |          0.0119 |
|                  Metric/h_lambda_diff_cross |           0.113 |
|                                 Eval/Return |             831 |
-----------------------------------------------------------------
-----------------------------------------------------------------
|                                 Train/Steps |        3.07e+06 |
|                            Loss/Loss_critic |            4.42 |
|                             Loss/Loss_actor |           -59.4 |
|                             Loss/Loss_alpha |         0.00316 |
|               Loss/Loss_state_action_metric |            2.77 |
|                      Loss/Loss_state_metric |           0.787 |
|             Loss/Loss_state_action_to_state |         0.00978 |
|                           Loss/Act_rep_loss |           -3.24 |
|                                   SAC/Alpha |           0.113 |
|                              SAC/LogPi_mean |            1.97 |
|                                 SAC/Q1_mean |            59.1 |
|                                 SAC/Q2_mean |            59.1 |
|                            Norm/actor_model |             133 |
|                           Norm/critic_model |             168 |
|              Norm/state_action_metric_model |             136 |
|                     Norm/state_metric_model |             136 |
|        Norm/state_action_state_metric_model |             123 |
|                  Metric/self_state_distance |         0.00512 |
|                 Metric/cross_state_distance |             2.2 |
|           Metric/self_state_action_distance |          0.0267 |
|          Metric/cross_state_action_distance |            3.35 |
|             Metric/avg_self_state_asymmetry |               0 |
|            Metric/avg_cross_state_asymmetry |           0.053 |
|                Metric/avg_self_sa_asymmetry |               0 |
|               Metric/avg_cross_sa_asymmetry |           0.116 |
|  Metric/self_state_action_to_state_distance |          0.0113 |
| Metric/cross_state_action_to_state_distance |            3.33 |
|                   Metric/h_lambda_diff_self |          0.0207 |
|                  Metric/h_lambda_diff_cross |           0.107 |
|                                 Eval/Return |             846 |
-----------------------------------------------------------------
-----------------------------------------------------------------
|                                 Train/Steps |         3.2e+06 |
|                            Loss/Loss_critic |            5.76 |
|                             Loss/Loss_actor |           -61.2 |
|                             Loss/Loss_alpha |        -0.00154 |
|               Loss/Loss_state_action_metric |            2.39 |
|                      Loss/Loss_state_metric |           0.693 |
|             Loss/Loss_state_action_to_state |          0.0098 |
|                           Loss/Act_rep_loss |           -3.34 |
|                                   SAC/Alpha |           0.113 |
|                              SAC/LogPi_mean |            2.01 |
|                                 SAC/Q1_mean |            60.7 |
|                                 SAC/Q2_mean |            60.8 |
|                            Norm/actor_model |             137 |
|                           Norm/critic_model |             171 |
|              Norm/state_action_metric_model |             141 |
|                     Norm/state_metric_model |             140 |
|        Norm/state_action_state_metric_model |             126 |
|                  Metric/self_state_distance |         0.00798 |
|                 Metric/cross_state_distance |            2.13 |
|           Metric/self_state_action_distance |         0.00867 |
|          Metric/cross_state_action_distance |            3.29 |
|             Metric/avg_self_state_asymmetry |               0 |
|            Metric/avg_cross_state_asymmetry |          0.0532 |
|                Metric/avg_self_sa_asymmetry |               0 |
|               Metric/avg_cross_sa_asymmetry |           0.114 |
|  Metric/self_state_action_to_state_distance |         0.00677 |
| Metric/cross_state_action_to_state_distance |            3.27 |
|                   Metric/h_lambda_diff_self |         0.00671 |
|                  Metric/h_lambda_diff_cross |           0.116 |
|                                 Eval/Return |             845 |
-----------------------------------------------------------------
-----------------------------------------------------------------
|                                 Train/Steps |        3.33e+06 |
|                            Loss/Loss_critic |             9.2 |
|                             Loss/Loss_actor |           -62.7 |
|                             Loss/Loss_alpha |         -0.0101 |
|               Loss/Loss_state_action_metric |            2.72 |
|                      Loss/Loss_state_metric |           0.748 |
|             Loss/Loss_state_action_to_state |         0.00936 |
|                           Loss/Act_rep_loss |           -3.51 |
|                                   SAC/Alpha |           0.114 |
|                              SAC/LogPi_mean |            2.09 |
|                                 SAC/Q1_mean |            62.3 |
|                                 SAC/Q2_mean |            62.3 |
|                            Norm/actor_model |             141 |
|                           Norm/critic_model |             175 |
|              Norm/state_action_metric_model |             145 |
|                     Norm/state_metric_model |             145 |
|        Norm/state_action_state_metric_model |             129 |
|                  Metric/self_state_distance |          0.0059 |
|                 Metric/cross_state_distance |            2.16 |
|           Metric/self_state_action_distance |         0.00521 |
|          Metric/cross_state_action_distance |            3.32 |
|             Metric/avg_self_state_asymmetry |               0 |
|            Metric/avg_cross_state_asymmetry |          0.0477 |
|                Metric/avg_self_sa_asymmetry |               0 |
|               Metric/avg_cross_sa_asymmetry |           0.113 |
|  Metric/self_state_action_to_state_distance |          0.0141 |
| Metric/cross_state_action_to_state_distance |             3.3 |
|                   Metric/h_lambda_diff_self |          0.0143 |
|                  Metric/h_lambda_diff_cross |           0.106 |
|                                 Eval/Return |             858 |
-----------------------------------------------------------------
-----------------------------------------------------------------
|                                 Train/Steps |        3.46e+06 |
|                            Loss/Loss_critic |            8.31 |
|                             Loss/Loss_actor |           -63.2 |
|                             Loss/Loss_alpha |         -0.0194 |
|               Loss/Loss_state_action_metric |            2.64 |
|                      Loss/Loss_state_metric |           0.766 |
|             Loss/Loss_state_action_to_state |         0.00813 |
|                           Loss/Act_rep_loss |            -3.5 |
|                                   SAC/Alpha |           0.109 |
|                              SAC/LogPi_mean |            2.18 |
|                                 SAC/Q1_mean |            62.7 |
|                                 SAC/Q2_mean |            62.7 |
|                            Norm/actor_model |             145 |
|                           Norm/critic_model |             179 |
|              Norm/state_action_metric_model |             149 |
|                     Norm/state_metric_model |             149 |
|        Norm/state_action_state_metric_model |             132 |
|                  Metric/self_state_distance |          0.0072 |
|                 Metric/cross_state_distance |            2.21 |
|           Metric/self_state_action_distance |         0.00812 |
|          Metric/cross_state_action_distance |            3.41 |
|             Metric/avg_self_state_asymmetry |               0 |
|            Metric/avg_cross_state_asymmetry |          0.0552 |
|                Metric/avg_self_sa_asymmetry |               0 |
|               Metric/avg_cross_sa_asymmetry |           0.111 |
|  Metric/self_state_action_to_state_distance |         0.00801 |
| Metric/cross_state_action_to_state_distance |            3.39 |
|                   Metric/h_lambda_diff_self |          0.0087 |
|                  Metric/h_lambda_diff_cross |           0.125 |
|                                 Eval/Return |             858 |
-----------------------------------------------------------------
-----------------------------------------------------------------
|                                 Train/Steps |        3.58e+06 |
|                            Loss/Loss_critic |            5.87 |
|                             Loss/Loss_actor |           -64.3 |
|                             Loss/Loss_alpha |        -0.00275 |
|               Loss/Loss_state_action_metric |             2.6 |
|                      Loss/Loss_state_metric |           0.745 |
|             Loss/Loss_state_action_to_state |         0.00607 |
|                           Loss/Act_rep_loss |           -3.39 |
|                                   SAC/Alpha |           0.112 |
|                              SAC/LogPi_mean |            2.02 |
|                                 SAC/Q1_mean |            63.9 |
|                                 SAC/Q2_mean |            63.9 |
|                            Norm/actor_model |             149 |
|                           Norm/critic_model |             182 |
|              Norm/state_action_metric_model |             152 |
|                     Norm/state_metric_model |             153 |
|        Norm/state_action_state_metric_model |             135 |
|                  Metric/self_state_distance |         0.00473 |
|                 Metric/cross_state_distance |            2.26 |
|           Metric/self_state_action_distance |          0.0149 |
|          Metric/cross_state_action_distance |            3.41 |
|             Metric/avg_self_state_asymmetry |               0 |
|            Metric/avg_cross_state_asymmetry |          0.0515 |
|                Metric/avg_self_sa_asymmetry |               0 |
|               Metric/avg_cross_sa_asymmetry |           0.122 |
|  Metric/self_state_action_to_state_distance |         0.00844 |
| Metric/cross_state_action_to_state_distance |            3.38 |
|                   Metric/h_lambda_diff_self |          0.0124 |
|                  Metric/h_lambda_diff_cross |           0.118 |
|                                 Eval/Return |             859 |
-----------------------------------------------------------------
-----------------------------------------------------------------
|                                 Train/Steps |        3.71e+06 |
|                            Loss/Loss_critic |            5.44 |
|                             Loss/Loss_actor |           -65.3 |
|                             Loss/Loss_alpha |          0.0101 |
|               Loss/Loss_state_action_metric |            2.31 |
|                      Loss/Loss_state_metric |            0.75 |
|             Loss/Loss_state_action_to_state |          0.0112 |
|                           Loss/Act_rep_loss |           -3.35 |
|                                   SAC/Alpha |           0.108 |
|                              SAC/LogPi_mean |            1.91 |
|                                 SAC/Q1_mean |            64.9 |
|                                 SAC/Q2_mean |            64.9 |
|                            Norm/actor_model |             152 |
|                           Norm/critic_model |             185 |
|              Norm/state_action_metric_model |             156 |
|                     Norm/state_metric_model |             157 |
|        Norm/state_action_state_metric_model |             138 |
|                  Metric/self_state_distance |         0.00721 |
|                 Metric/cross_state_distance |            2.18 |
|           Metric/self_state_action_distance |         0.00427 |
|          Metric/cross_state_action_distance |            3.35 |
|             Metric/avg_self_state_asymmetry |               0 |
|            Metric/avg_cross_state_asymmetry |          0.0497 |
|                Metric/avg_self_sa_asymmetry |               0 |
|               Metric/avg_cross_sa_asymmetry |           0.117 |
|  Metric/self_state_action_to_state_distance |         0.00497 |
| Metric/cross_state_action_to_state_distance |            3.35 |
|                   Metric/h_lambda_diff_self |         0.00605 |
|                  Metric/h_lambda_diff_cross |           0.105 |
|                                 Eval/Return |             873 |
-----------------------------------------------------------------
-----------------------------------------------------------------
|                                 Train/Steps |        3.84e+06 |
|                            Loss/Loss_critic |            4.08 |
|                             Loss/Loss_actor |           -66.8 |
|                             Loss/Loss_alpha |         0.00265 |
|               Loss/Loss_state_action_metric |            2.34 |
|                      Loss/Loss_state_metric |           0.827 |
|             Loss/Loss_state_action_to_state |         0.00753 |
|                           Loss/Act_rep_loss |           -3.35 |
|                                   SAC/Alpha |           0.107 |
|                              SAC/LogPi_mean |            1.98 |
|                                 SAC/Q1_mean |            66.5 |
|                                 SAC/Q2_mean |            66.5 |
|                            Norm/actor_model |             156 |
|                           Norm/critic_model |             189 |
|              Norm/state_action_metric_model |             160 |
|                     Norm/state_metric_model |             160 |
|        Norm/state_action_state_metric_model |             141 |
|                  Metric/self_state_distance |         0.00353 |
|                 Metric/cross_state_distance |            2.18 |
|           Metric/self_state_action_distance |          0.0103 |
|          Metric/cross_state_action_distance |            3.33 |
|             Metric/avg_self_state_asymmetry |               0 |
|            Metric/avg_cross_state_asymmetry |          0.0493 |
|                Metric/avg_self_sa_asymmetry |               0 |
|               Metric/avg_cross_sa_asymmetry |           0.114 |
|  Metric/self_state_action_to_state_distance |         0.00936 |
| Metric/cross_state_action_to_state_distance |            3.34 |
|                   Metric/h_lambda_diff_self |          0.0127 |
|                  Metric/h_lambda_diff_cross |           0.111 |
|                                 Eval/Return |             861 |
-----------------------------------------------------------------
[32mSaving model …[0m
[32mDone.[0m
[32mSaving model …[0m
[32mDone.[0m
-----------------------------------------------------------------
|                                 Train/Steps |        3.97e+06 |
|                            Loss/Loss_critic |            9.46 |
|                             Loss/Loss_actor |           -66.5 |
|                             Loss/Loss_alpha |        -0.00851 |
|               Loss/Loss_state_action_metric |            2.74 |
|                      Loss/Loss_state_metric |           0.798 |
|             Loss/Loss_state_action_to_state |         0.00885 |
|                           Loss/Act_rep_loss |           -3.37 |
|                                   SAC/Alpha |           0.105 |
|                              SAC/LogPi_mean |            2.08 |
|                                 SAC/Q1_mean |            66.1 |
|                                 SAC/Q2_mean |            66.2 |
|                            Norm/actor_model |             160 |
|                           Norm/critic_model |             192 |
|              Norm/state_action_metric_model |             163 |
|                     Norm/state_metric_model |             164 |
|        Norm/state_action_state_metric_model |             143 |
|                  Metric/self_state_distance |         0.00453 |
|                 Metric/cross_state_distance |            2.16 |
|           Metric/self_state_action_distance |          0.0128 |
|          Metric/cross_state_action_distance |            3.33 |
|             Metric/avg_self_state_asymmetry |               0 |
|            Metric/avg_cross_state_asymmetry |          0.0454 |
|                Metric/avg_self_sa_asymmetry |               0 |
|               Metric/avg_cross_sa_asymmetry |            0.11 |
|  Metric/self_state_action_to_state_distance |         0.00276 |
| Metric/cross_state_action_to_state_distance |            3.32 |
|                   Metric/h_lambda_diff_self |           0.011 |
|                  Metric/h_lambda_diff_cross |            0.11 |
|                                 Eval/Return |             878 |
-----------------------------------------------------------------
-----------------------------------------------------------------
|                                 Train/Steps |         4.1e+06 |
|                            Loss/Loss_critic |            5.41 |
|                             Loss/Loss_actor |           -67.7 |
|                             Loss/Loss_alpha |         -0.0132 |
|               Loss/Loss_state_action_metric |            2.47 |
|                      Loss/Loss_state_metric |           0.826 |
|             Loss/Loss_state_action_to_state |         0.00794 |
|                           Loss/Act_rep_loss |           -3.32 |
|                                   SAC/Alpha |           0.102 |
|                              SAC/LogPi_mean |            2.13 |
|                                 SAC/Q1_mean |            67.4 |
|                                 SAC/Q2_mean |            67.4 |
|                            Norm/actor_model |             163 |
|                           Norm/critic_model |             195 |
|              Norm/state_action_metric_model |             167 |
|                     Norm/state_metric_model |             167 |
|        Norm/state_action_state_metric_model |             146 |
|                  Metric/self_state_distance |         0.00398 |
|                 Metric/cross_state_distance |            2.22 |
|           Metric/self_state_action_distance |          0.0101 |
|          Metric/cross_state_action_distance |            3.31 |
|             Metric/avg_self_state_asymmetry |               0 |
|            Metric/avg_cross_state_asymmetry |          0.0548 |
|                Metric/avg_self_sa_asymmetry |               0 |
|               Metric/avg_cross_sa_asymmetry |            0.12 |
|  Metric/self_state_action_to_state_distance |         0.00509 |
| Metric/cross_state_action_to_state_distance |            3.31 |
|                   Metric/h_lambda_diff_self |         0.00993 |
|                  Metric/h_lambda_diff_cross |           0.107 |
|                                 Eval/Return |             879 |
-----------------------------------------------------------------
-----------------------------------------------------------------
|                                 Train/Steps |        4.22e+06 |
|                            Loss/Loss_critic |            6.65 |
|                             Loss/Loss_actor |           -69.4 |
|                             Loss/Loss_alpha |        -0.00154 |
|               Loss/Loss_state_action_metric |             2.4 |
|                      Loss/Loss_state_metric |           0.793 |
|             Loss/Loss_state_action_to_state |         0.00935 |
|                           Loss/Act_rep_loss |           -3.43 |
|                                   SAC/Alpha |           0.099 |
|                              SAC/LogPi_mean |            2.02 |
|                                 SAC/Q1_mean |            69.1 |
|                                 SAC/Q2_mean |            69.2 |
|                            Norm/actor_model |             167 |
|                           Norm/critic_model |             198 |
|              Norm/state_action_metric_model |             170 |
|                     Norm/state_metric_model |             171 |
|        Norm/state_action_state_metric_model |             149 |
|                  Metric/self_state_distance |         0.00584 |
|                 Metric/cross_state_distance |            2.15 |
|           Metric/self_state_action_distance |          0.0107 |
|          Metric/cross_state_action_distance |            3.29 |
|             Metric/avg_self_state_asymmetry |               0 |
|            Metric/avg_cross_state_asymmetry |          0.0535 |
|                Metric/avg_self_sa_asymmetry |               0 |
|               Metric/avg_cross_sa_asymmetry |            0.13 |
|  Metric/self_state_action_to_state_distance |          0.0072 |
| Metric/cross_state_action_to_state_distance |            3.27 |
|                   Metric/h_lambda_diff_self |         0.00866 |
|                  Metric/h_lambda_diff_cross |           0.111 |
|                                 Eval/Return |             878 |
-----------------------------------------------------------------
-----------------------------------------------------------------
|                                 Train/Steps |        4.35e+06 |
|                            Loss/Loss_critic |            4.72 |
|                             Loss/Loss_actor |           -71.3 |
|                             Loss/Loss_alpha |         0.00475 |
|               Loss/Loss_state_action_metric |            2.15 |
|                      Loss/Loss_state_metric |           0.636 |
|             Loss/Loss_state_action_to_state |         0.00632 |
|                           Loss/Act_rep_loss |           -3.42 |
|                                   SAC/Alpha |          0.0917 |
|                              SAC/LogPi_mean |            1.95 |
|                                 SAC/Q1_mean |            70.9 |
|                                 SAC/Q2_mean |              71 |
|                            Norm/actor_model |             171 |
|                           Norm/critic_model |             201 |
|              Norm/state_action_metric_model |             174 |
|                     Norm/state_metric_model |             174 |
|        Norm/state_action_state_metric_model |             151 |
|                  Metric/self_state_distance |         0.00452 |
|                 Metric/cross_state_distance |            2.04 |
|           Metric/self_state_action_distance |         0.00824 |
|          Metric/cross_state_action_distance |            3.16 |
|             Metric/avg_self_state_asymmetry |               0 |
|            Metric/avg_cross_state_asymmetry |          0.0477 |
|                Metric/avg_self_sa_asymmetry |               0 |
|               Metric/avg_cross_sa_asymmetry |           0.112 |
|  Metric/self_state_action_to_state_distance |         0.00611 |
| Metric/cross_state_action_to_state_distance |            3.19 |
|                   Metric/h_lambda_diff_self |         0.00722 |
|                  Metric/h_lambda_diff_cross |           0.112 |
|                                 Eval/Return |             892 |
-----------------------------------------------------------------
-----------------------------------------------------------------
|                                 Train/Steps |        4.48e+06 |
|                            Loss/Loss_critic |            5.14 |
|                             Loss/Loss_actor |           -73.2 |
|                             Loss/Loss_alpha |         0.00841 |
|               Loss/Loss_state_action_metric |            1.98 |
|                      Loss/Loss_state_metric |           0.547 |
|             Loss/Loss_state_action_to_state |         0.00809 |
|                           Loss/Act_rep_loss |           -3.36 |
|                                   SAC/Alpha |          0.0882 |
|                              SAC/LogPi_mean |             1.9 |
|                                 SAC/Q1_mean |              73 |
|                                 SAC/Q2_mean |              73 |
|                            Norm/actor_model |             174 |
|                           Norm/critic_model |             204 |
|              Norm/state_action_metric_model |             177 |
|                     Norm/state_metric_model |             178 |
|        Norm/state_action_state_metric_model |             154 |
|                  Metric/self_state_distance |         0.00348 |
|                 Metric/cross_state_distance |            1.95 |
|           Metric/self_state_action_distance |          0.0047 |
|          Metric/cross_state_action_distance |            3.08 |
|             Metric/avg_self_state_asymmetry |               0 |
|            Metric/avg_cross_state_asymmetry |          0.0471 |
|                Metric/avg_self_sa_asymmetry |               0 |
|               Metric/avg_cross_sa_asymmetry |           0.114 |
|  Metric/self_state_action_to_state_distance |         0.00771 |
| Metric/cross_state_action_to_state_distance |            3.03 |
|                   Metric/h_lambda_diff_self |         0.00715 |
|                  Metric/h_lambda_diff_cross |           0.108 |
|                                 Eval/Return |             893 |
-----------------------------------------------------------------
-----------------------------------------------------------------
|                                 Train/Steps |        4.61e+06 |
|                            Loss/Loss_critic |            10.2 |
|                             Loss/Loss_actor |           -74.6 |
|                             Loss/Loss_alpha |        -0.00922 |
|               Loss/Loss_state_action_metric |            1.75 |
|                      Loss/Loss_state_metric |           0.442 |
|             Loss/Loss_state_action_to_state |         0.00915 |
|                           Loss/Act_rep_loss |           -3.37 |
|                                   SAC/Alpha |          0.0849 |
|                              SAC/LogPi_mean |            2.11 |
|                                 SAC/Q1_mean |            74.4 |
|                                 SAC/Q2_mean |            74.4 |
|                            Norm/actor_model |             178 |
|                           Norm/critic_model |             207 |
|              Norm/state_action_metric_model |             181 |
|                     Norm/state_metric_model |             181 |
|        Norm/state_action_state_metric_model |             157 |
|                  Metric/self_state_distance |         0.00481 |
|                 Metric/cross_state_distance |            1.92 |
|           Metric/self_state_action_distance |         0.00529 |
|          Metric/cross_state_action_distance |            2.91 |
|             Metric/avg_self_state_asymmetry |               0 |
|            Metric/avg_cross_state_asymmetry |          0.0486 |
|                Metric/avg_self_sa_asymmetry |               0 |
|               Metric/avg_cross_sa_asymmetry |           0.115 |
|  Metric/self_state_action_to_state_distance |         0.00332 |
| Metric/cross_state_action_to_state_distance |             2.9 |
|                   Metric/h_lambda_diff_self |         0.00428 |
|                  Metric/h_lambda_diff_cross |           0.116 |
|                                 Eval/Return |             894 |
-----------------------------------------------------------------
-----------------------------------------------------------------
|                                 Train/Steps |        4.74e+06 |
|                            Loss/Loss_critic |            7.76 |
|                             Loss/Loss_actor |           -75.1 |
|                             Loss/Loss_alpha |         0.00861 |
|               Loss/Loss_state_action_metric |            1.91 |
|                      Loss/Loss_state_metric |           0.515 |
|             Loss/Loss_state_action_to_state |         0.00788 |
|                           Loss/Act_rep_loss |           -3.44 |
|                                   SAC/Alpha |          0.0763 |
|                              SAC/LogPi_mean |            1.89 |
|                                 SAC/Q1_mean |            74.8 |
|                                 SAC/Q2_mean |            74.8 |
|                            Norm/actor_model |             181 |
|                           Norm/critic_model |             210 |
|              Norm/state_action_metric_model |             184 |
|                     Norm/state_metric_model |             185 |
|        Norm/state_action_state_metric_model |             160 |
|                  Metric/self_state_distance |         0.00619 |
|                 Metric/cross_state_distance |            1.89 |
|           Metric/self_state_action_distance |         0.00316 |
|          Metric/cross_state_action_distance |            2.97 |
|             Metric/avg_self_state_asymmetry |               0 |
|            Metric/avg_cross_state_asymmetry |          0.0448 |
|                Metric/avg_self_sa_asymmetry |               0 |
|               Metric/avg_cross_sa_asymmetry |            0.12 |
|  Metric/self_state_action_to_state_distance |         0.00848 |
| Metric/cross_state_action_to_state_distance |             2.9 |
|                   Metric/h_lambda_diff_self |         0.00735 |
|                  Metric/h_lambda_diff_cross |           0.123 |
|                                 Eval/Return |             903 |
-----------------------------------------------------------------
-----------------------------------------------------------------
|                                 Train/Steps |        4.86e+06 |
|                            Loss/Loss_critic |            4.59 |
|                             Loss/Loss_actor |           -77.3 |
|                             Loss/Loss_alpha |         0.00772 |
|               Loss/Loss_state_action_metric |            1.73 |
|                      Loss/Loss_state_metric |           0.417 |
|             Loss/Loss_state_action_to_state |         0.00903 |
|                           Loss/Act_rep_loss |           -3.36 |
|                                   SAC/Alpha |          0.0761 |
|                              SAC/LogPi_mean |             1.9 |
|                                 SAC/Q1_mean |            77.1 |
|                                 SAC/Q2_mean |            77.1 |
|                            Norm/actor_model |             185 |
|                           Norm/critic_model |             213 |
|              Norm/state_action_metric_model |             188 |
|                     Norm/state_metric_model |             189 |
|        Norm/state_action_state_metric_model |             162 |
|                  Metric/self_state_distance |         0.00515 |
|                 Metric/cross_state_distance |            1.85 |
|           Metric/self_state_action_distance |         0.00798 |
|          Metric/cross_state_action_distance |            2.77 |
|             Metric/avg_self_state_asymmetry |               0 |
|            Metric/avg_cross_state_asymmetry |          0.0464 |
|                Metric/avg_self_sa_asymmetry |               0 |
|               Metric/avg_cross_sa_asymmetry |           0.109 |
|  Metric/self_state_action_to_state_distance |         0.00486 |
| Metric/cross_state_action_to_state_distance |            2.74 |
|                   Metric/h_lambda_diff_self |         0.00637 |
|                  Metric/h_lambda_diff_cross |          0.0968 |
|                                 Eval/Return |             903 |
-----------------------------------------------------------------
-----------------------------------------------------------------
|                                 Train/Steps |        4.99e+06 |
|                            Loss/Loss_critic |            5.14 |
|                             Loss/Loss_actor |           -78.5 |
|                             Loss/Loss_alpha |         0.00336 |
|               Loss/Loss_state_action_metric |            1.33 |
|                      Loss/Loss_state_metric |           0.317 |
|             Loss/Loss_state_action_to_state |         0.00674 |
|                           Loss/Act_rep_loss |           -3.25 |
|                                   SAC/Alpha |          0.0699 |
|                              SAC/LogPi_mean |            1.95 |
|                                 SAC/Q1_mean |            78.5 |
|                                 SAC/Q2_mean |            78.5 |
|                            Norm/actor_model |             188 |
|                           Norm/critic_model |             216 |
|              Norm/state_action_metric_model |             191 |
|                     Norm/state_metric_model |             193 |
|        Norm/state_action_state_metric_model |             165 |
|                  Metric/self_state_distance |         0.00512 |
|                 Metric/cross_state_distance |             1.6 |
|           Metric/self_state_action_distance |         0.00323 |
|          Metric/cross_state_action_distance |            2.45 |
|             Metric/avg_self_state_asymmetry |               0 |
|            Metric/avg_cross_state_asymmetry |          0.0382 |
|                Metric/avg_self_sa_asymmetry |               0 |
|               Metric/avg_cross_sa_asymmetry |           0.102 |
|  Metric/self_state_action_to_state_distance |         0.00566 |
| Metric/cross_state_action_to_state_distance |            2.45 |
|                   Metric/h_lambda_diff_self |         0.00673 |
|                  Metric/h_lambda_diff_cross |          0.0868 |
|                                 Eval/Return |             915 |
-----------------------------------------------------------------
-----------------------------------------------------------------
|                                 Train/Steps |        5.12e+06 |
|                            Loss/Loss_critic |            3.81 |
|                             Loss/Loss_actor |           -79.5 |
|                             Loss/Loss_alpha |          0.0071 |
|               Loss/Loss_state_action_metric |            1.29 |
|                      Loss/Loss_state_metric |           0.362 |
|             Loss/Loss_state_action_to_state |         0.00643 |
|                           Loss/Act_rep_loss |           -3.17 |
|                                   SAC/Alpha |          0.0609 |
|                              SAC/LogPi_mean |            1.88 |
|                                 SAC/Q1_mean |            79.6 |
|                                 SAC/Q2_mean |            79.5 |
|                            Norm/actor_model |             192 |
|                           Norm/critic_model |             219 |
|              Norm/state_action_metric_model |             195 |
|                     Norm/state_metric_model |             197 |
|        Norm/state_action_state_metric_model |             168 |
|                  Metric/self_state_distance |         0.00246 |
|                 Metric/cross_state_distance |            1.71 |
|           Metric/self_state_action_distance |         0.00919 |
|          Metric/cross_state_action_distance |            2.44 |
|             Metric/avg_self_state_asymmetry |               0 |
|            Metric/avg_cross_state_asymmetry |          0.0431 |
|                Metric/avg_self_sa_asymmetry |               0 |
|               Metric/avg_cross_sa_asymmetry |          0.0985 |
|  Metric/self_state_action_to_state_distance |         0.00405 |
| Metric/cross_state_action_to_state_distance |            2.45 |
|                   Metric/h_lambda_diff_self |         0.00904 |
|                  Metric/h_lambda_diff_cross |          0.0952 |
|                                 Eval/Return |             914 |
-----------------------------------------------------------------
[32mSaving model …[0m
[32mDone.[0m
[32mSaving model …[0m
[32mDone.[0m
