E0905 00:49:43.927568  631779 cuda_executor.cc:1526] Could not get kernel mode driver version: (INVALID_ARGUMENT: Version does not match the format X.Y.Z)
E0905 00:49:43.936047  631670 cuda_executor.cc:1526] Could not get kernel mode driver version: (INVALID_ARGUMENT: Version does not match the format X.Y.Z)
[32mStart prefilling replay buffer[0m
[32mStart SAC training[0m
[32m{'log_freq': 1000, 'save_freq': 1000000, 'eval_episode_freq': 10, 'hidden_size': 256, 'lr': 0.001, 'max_grad_norm': 0.0, 'gamma': 0.99, 'update_tau': 0.005, 'train_per_step': 8, 'episode_length': 1000, 'warmup_samples': 8192, 'max_replay_size': 4000000, 'batch_size': 512, 'total_env_steps': 2000000, 'init_temperature': 0.1, 'nstep': 3, 'bootstrap_on_truncation': True, 'rep_lr_scale': 1.5, 'critic_rep_metric_scale': 1.0, 'critic_rep_scale': 0.01, 'vis_feq': 100000, 'n_vis_frames': 4, 'num_envs': 128, 'grad_steps': 50, 'transfer_freq': 10, 'transfer_steps': 8, 'reward_scaling': 1.0, 'num_eval_envs': 128, 'target_entropy': -3.0}[0m
[32m[nstep] nstep=3 bootstrap_on_truncation=True (discount from the buffer already contains gamma^nstep)[0m
-----------------------------------------------------------------
|                                 Train/Steps |        1.36e+05 |
|                            Loss/Loss_critic |           0.115 |
|                             Loss/Loss_actor |           -12.7 |
|                             Loss/Loss_alpha |        -0.00198 |
|               Loss/Loss_state_action_metric |           0.895 |
|                      Loss/Loss_state_metric |           0.469 |
|             Loss/Loss_state_action_to_state |         0.00162 |
|                           Loss/Act_rep_loss |         0.00289 |
|                        Loss/Critic_rep_loss |            7.75 |
|                                   SAC/Alpha |          0.0138 |
|                              SAC/LogPi_mean |            3.13 |
|                                 SAC/Q1_mean |            12.6 |
|                                 SAC/Q2_mean |            12.6 |
|                            Norm/actor_model |            44.1 |
|                           Norm/critic_model |              51 |
|              Norm/state_action_metric_model |              31 |
|                     Norm/state_metric_model |            30.1 |
|        Norm/state_action_state_metric_model |              31 |
|                  Metric/self_state_distance |         0.00536 |
|                 Metric/cross_state_distance |            1.96 |
|           Metric/self_state_action_distance |          0.0247 |
|          Metric/cross_state_action_distance |            2.39 |
|             Metric/avg_self_state_asymmetry |               0 |
|            Metric/avg_cross_state_asymmetry |          0.0189 |
|                Metric/avg_self_sa_asymmetry |               0 |
|               Metric/avg_cross_sa_asymmetry |          0.0288 |
|  Metric/self_state_action_to_state_distance |         0.00148 |
| Metric/cross_state_action_to_state_distance |             2.4 |
|                   Metric/h_lambda_diff_self |          0.0232 |
|                  Metric/h_lambda_diff_cross |          0.0509 |
|                                 Eval/Return |             630 |
-----------------------------------------------------------------
-----------------------------------------------------------------
|                                 Train/Steps |        2.64e+05 |
|                            Loss/Loss_critic |           0.146 |
|                             Loss/Loss_actor |           -35.1 |
|                             Loss/Loss_alpha |       -0.000535 |
|               Loss/Loss_state_action_metric |            1.81 |
|                      Loss/Loss_state_metric |           0.724 |
|             Loss/Loss_state_action_to_state |         0.00187 |
|                           Loss/Act_rep_loss |        0.000656 |
|                        Loss/Critic_rep_loss |              18 |
|                                   SAC/Alpha |          0.0214 |
|                              SAC/LogPi_mean |            2.82 |
|                                 SAC/Q1_mean |              35 |
|                                 SAC/Q2_mean |              35 |
|                            Norm/actor_model |            58.6 |
|                           Norm/critic_model |            67.4 |
|              Norm/state_action_metric_model |            33.2 |
|                     Norm/state_metric_model |            33.4 |
|        Norm/state_action_state_metric_model |            32.7 |
|                  Metric/self_state_distance |         0.00225 |
|                 Metric/cross_state_distance |            2.17 |
|           Metric/self_state_action_distance |         0.00945 |
|          Metric/cross_state_action_distance |             3.1 |
|             Metric/avg_self_state_asymmetry |               0 |
|            Metric/avg_cross_state_asymmetry |          0.0269 |
|                Metric/avg_self_sa_asymmetry |               0 |
|               Metric/avg_cross_sa_asymmetry |          0.0269 |
|  Metric/self_state_action_to_state_distance |         0.00102 |
| Metric/cross_state_action_to_state_distance |            3.08 |
|                   Metric/h_lambda_diff_self |         0.00856 |
|                  Metric/h_lambda_diff_cross |          0.0504 |
|                                 Eval/Return |             747 |
-----------------------------------------------------------------
-----------------------------------------------------------------
|                                 Train/Steps |        3.92e+05 |
|                            Loss/Loss_critic |           0.155 |
|                             Loss/Loss_actor |           -49.5 |
|                             Loss/Loss_alpha |         0.00456 |
|               Loss/Loss_state_action_metric |            1.35 |
|                      Loss/Loss_state_metric |           0.724 |
|             Loss/Loss_state_action_to_state |         0.00145 |
|                           Loss/Act_rep_loss |        0.000742 |
|                        Loss/Critic_rep_loss |            18.3 |
|                                   SAC/Alpha |          0.0225 |
|                              SAC/LogPi_mean |            2.69 |
|                                 SAC/Q1_mean |            49.5 |
|                                 SAC/Q2_mean |            49.4 |
|                            Norm/actor_model |            67.8 |
|                           Norm/critic_model |              78 |
|              Norm/state_action_metric_model |            35.7 |
|                     Norm/state_metric_model |            37.9 |
|        Norm/state_action_state_metric_model |            34.7 |
|                  Metric/self_state_distance |        0.000464 |
|                 Metric/cross_state_distance |            2.11 |
|           Metric/self_state_action_distance |         0.00417 |
|          Metric/cross_state_action_distance |            2.81 |
|             Metric/avg_self_state_asymmetry |               0 |
|            Metric/avg_cross_state_asymmetry |          0.0199 |
|                Metric/avg_self_sa_asymmetry |               0 |
|               Metric/avg_cross_sa_asymmetry |          0.0224 |
|  Metric/self_state_action_to_state_distance |          0.0016 |
| Metric/cross_state_action_to_state_distance |            2.79 |
|                   Metric/h_lambda_diff_self |         0.00405 |
|                  Metric/h_lambda_diff_cross |          0.0404 |
|                                 Eval/Return |             772 |
-----------------------------------------------------------------
-----------------------------------------------------------------
|                                 Train/Steps |         5.2e+05 |
|                            Loss/Loss_critic |           0.152 |
|                             Loss/Loss_actor |           -58.1 |
|                             Loss/Loss_alpha |       -0.000559 |
|               Loss/Loss_state_action_metric |            1.35 |
|                      Loss/Loss_state_metric |            0.67 |
|             Loss/Loss_state_action_to_state |         0.00106 |
|                           Loss/Act_rep_loss |        0.000129 |
|                        Loss/Critic_rep_loss |              19 |
|                                   SAC/Alpha |          0.0211 |
|                              SAC/LogPi_mean |            3.09 |
|                                 SAC/Q1_mean |            58.1 |
|                                 SAC/Q2_mean |              58 |
|                            Norm/actor_model |              75 |
|                           Norm/critic_model |            85.4 |
|              Norm/state_action_metric_model |            38.6 |
|                     Norm/state_metric_model |            42.3 |
|        Norm/state_action_state_metric_model |            37.1 |
|                  Metric/self_state_distance |         0.00148 |
|                 Metric/cross_state_distance |            2.04 |
|           Metric/self_state_action_distance |         0.00216 |
|          Metric/cross_state_action_distance |            2.68 |
|             Metric/avg_self_state_asymmetry |               0 |
|            Metric/avg_cross_state_asymmetry |          0.0196 |
|                Metric/avg_self_sa_asymmetry |               0 |
|               Metric/avg_cross_sa_asymmetry |          0.0215 |
|  Metric/self_state_action_to_state_distance |         0.00259 |
| Metric/cross_state_action_to_state_distance |            2.69 |
|                   Metric/h_lambda_diff_self |         0.00317 |
|                  Metric/h_lambda_diff_cross |          0.0417 |
|                                 Eval/Return |             810 |
-----------------------------------------------------------------
-----------------------------------------------------------------
|                                 Train/Steps |        6.48e+05 |
|                            Loss/Loss_critic |           0.118 |
|                             Loss/Loss_actor |           -63.9 |
|                             Loss/Loss_alpha |         0.00579 |
|               Loss/Loss_state_action_metric |            1.29 |
|                      Loss/Loss_state_metric |           0.625 |
|             Loss/Loss_state_action_to_state |         0.00119 |
|                           Loss/Act_rep_loss |        0.000247 |
|                        Loss/Critic_rep_loss |            17.4 |
|                                   SAC/Alpha |          0.0198 |
|                              SAC/LogPi_mean |            2.72 |
|                                 SAC/Q1_mean |            63.9 |
|                                 SAC/Q2_mean |            63.9 |
|                            Norm/actor_model |            80.7 |
|                           Norm/critic_model |            91.6 |
|              Norm/state_action_metric_model |            41.5 |
|                     Norm/state_metric_model |            46.9 |
|        Norm/state_action_state_metric_model |            39.6 |
|                  Metric/self_state_distance |         0.00152 |
|                 Metric/cross_state_distance |               2 |
|           Metric/self_state_action_distance |         0.00675 |
|          Metric/cross_state_action_distance |            2.59 |
|             Metric/avg_self_state_asymmetry |               0 |
|            Metric/avg_cross_state_asymmetry |          0.0172 |
|                Metric/avg_self_sa_asymmetry |               0 |
|               Metric/avg_cross_sa_asymmetry |          0.0209 |
|  Metric/self_state_action_to_state_distance |         0.00079 |
| Metric/cross_state_action_to_state_distance |            2.59 |
|                   Metric/h_lambda_diff_self |         0.00614 |
|                  Metric/h_lambda_diff_cross |          0.0278 |
|                                 Eval/Return |             827 |
-----------------------------------------------------------------
-----------------------------------------------------------------
|                                 Train/Steps |        7.76e+05 |
|                            Loss/Loss_critic |          0.0856 |
|                             Loss/Loss_actor |           -67.4 |
|                             Loss/Loss_alpha |        0.000938 |
|               Loss/Loss_state_action_metric |            1.11 |
|                      Loss/Loss_state_metric |           0.504 |
|             Loss/Loss_state_action_to_state |         0.00146 |
|                           Loss/Act_rep_loss |        2.57e-05 |
|                        Loss/Critic_rep_loss |            16.6 |
|                                   SAC/Alpha |          0.0191 |
|                              SAC/LogPi_mean |            2.98 |
|                                 SAC/Q1_mean |            67.4 |
|                                 SAC/Q2_mean |            67.5 |
|                            Norm/actor_model |            85.6 |
|                           Norm/critic_model |              97 |
|              Norm/state_action_metric_model |            44.3 |
|                     Norm/state_metric_model |            51.2 |
|        Norm/state_action_state_metric_model |              42 |
|                  Metric/self_state_distance |         0.00131 |
|                 Metric/cross_state_distance |            1.86 |
|           Metric/self_state_action_distance |          0.0029 |
|          Metric/cross_state_action_distance |            2.41 |
|             Metric/avg_self_state_asymmetry |               0 |
|            Metric/avg_cross_state_asymmetry |          0.0166 |
|                Metric/avg_self_sa_asymmetry |               0 |
|               Metric/avg_cross_sa_asymmetry |          0.0189 |
|  Metric/self_state_action_to_state_distance |        0.000141 |
| Metric/cross_state_action_to_state_distance |            2.44 |
|                   Metric/h_lambda_diff_self |         0.00276 |
|                  Metric/h_lambda_diff_cross |          0.0402 |
|                                 Eval/Return |             843 |
-----------------------------------------------------------------
-----------------------------------------------------------------
|                                 Train/Steps |        9.04e+05 |
|                            Loss/Loss_critic |          0.0738 |
|                             Loss/Loss_actor |           -70.8 |
|                             Loss/Loss_alpha |         0.00221 |
|               Loss/Loss_state_action_metric |            1.11 |
|                      Loss/Loss_state_metric |           0.493 |
|             Loss/Loss_state_action_to_state |        0.000424 |
|                           Loss/Act_rep_loss |         7.6e-05 |
|                        Loss/Critic_rep_loss |            15.9 |
|                                   SAC/Alpha |          0.0185 |
|                              SAC/LogPi_mean |            2.82 |
|                                 SAC/Q1_mean |            70.9 |
|                                 SAC/Q2_mean |            70.8 |
|                            Norm/actor_model |              90 |
|                           Norm/critic_model |             102 |
|              Norm/state_action_metric_model |              47 |
|                     Norm/state_metric_model |            55.2 |
|        Norm/state_action_state_metric_model |            44.3 |
|                  Metric/self_state_distance |         0.00168 |
|                 Metric/cross_state_distance |            1.79 |
|           Metric/self_state_action_distance |         0.00232 |
|          Metric/cross_state_action_distance |            2.44 |
|             Metric/avg_self_state_asymmetry |               0 |
|            Metric/avg_cross_state_asymmetry |          0.0143 |
|                Metric/avg_self_sa_asymmetry |               0 |
|               Metric/avg_cross_sa_asymmetry |          0.0158 |
|  Metric/self_state_action_to_state_distance |         0.00115 |
| Metric/cross_state_action_to_state_distance |            2.45 |
|                   Metric/h_lambda_diff_self |         0.00254 |
|                  Metric/h_lambda_diff_cross |          0.0244 |
|                                 Eval/Return |             858 |
-----------------------------------------------------------------
-----------------------------------------------------------------
|                                 Train/Steps |        1.03e+06 |
|                            Loss/Loss_critic |           0.148 |
|                             Loss/Loss_actor |           -71.7 |
|                             Loss/Loss_alpha |         0.00174 |
|               Loss/Loss_state_action_metric |            1.25 |
|                      Loss/Loss_state_metric |           0.489 |
|             Loss/Loss_state_action_to_state |        0.000448 |
|                           Loss/Act_rep_loss |        0.000134 |
|                        Loss/Critic_rep_loss |            17.1 |
|                                   SAC/Alpha |          0.0195 |
|                              SAC/LogPi_mean |            2.81 |
|                                 SAC/Q1_mean |            71.7 |
|                                 SAC/Q2_mean |            71.7 |
|                            Norm/actor_model |              94 |
|                           Norm/critic_model |             106 |
|              Norm/state_action_metric_model |            49.5 |
|                     Norm/state_metric_model |            59.3 |
|        Norm/state_action_state_metric_model |            46.6 |
|                  Metric/self_state_distance |         0.00259 |
|                 Metric/cross_state_distance |            1.81 |
|           Metric/self_state_action_distance |         0.00183 |
|          Metric/cross_state_action_distance |            2.43 |
|             Metric/avg_self_state_asymmetry |               0 |
|            Metric/avg_cross_state_asymmetry |          0.0216 |
|                Metric/avg_self_sa_asymmetry |               0 |
|               Metric/avg_cross_sa_asymmetry |          0.0193 |
|  Metric/self_state_action_to_state_distance |        0.000668 |
| Metric/cross_state_action_to_state_distance |            2.43 |
|                   Metric/h_lambda_diff_self |         0.00146 |
|                  Metric/h_lambda_diff_cross |          0.0258 |
|                                 Eval/Return |             878 |
-----------------------------------------------------------------
E0905 15:15:33.692379  778700 cuda_executor.cc:1526] Could not get kernel mode driver version: (INVALID_ARGUMENT: Version does not match the format X.Y.Z)
E0905 15:15:33.700836  778591 cuda_executor.cc:1526] Could not get kernel mode driver version: (INVALID_ARGUMENT: Version does not match the format X.Y.Z)
[32mStart prefilling replay buffer[0m
[32mStart SAC training[0m
[32m{'log_freq': 1000, 'save_freq': 1000000, 'eval_episode_freq': 10, 'hidden_size': 256, 'lr': 0.001, 'max_grad_norm': 0.0, 'gamma': 0.99, 'update_tau': 0.005, 'train_per_step': 8, 'episode_length': 1000, 'warmup_samples': 8192, 'max_replay_size': 4000000, 'batch_size': 512, 'total_env_steps': 5000000, 'init_temperature': 0.1, 'nstep': 3, 'bootstrap_on_truncation': True, 'rep_lr_scale': 1.5, 'vis_feq': 100000, 'n_vis_frames': 4, 'num_envs': 128, 'grad_steps': 50, 'transfer_freq': 10, 'transfer_steps': 8, 'reward_scaling': 1.0, 'num_eval_envs': 128, 'target_entropy': -3.0}[0m
[32m[nstep] nstep=3 bootstrap_on_truncation=True (discount from the buffer already contains gamma^nstep)[0m
-----------------------------------------------------------------
|                                 Train/Steps |        1.36e+05 |
|                            Loss/Loss_critic |           0.108 |
|                             Loss/Loss_actor |           -12.5 |
|                             Loss/Loss_alpha |        -0.00101 |
|               Loss/Loss_state_action_metric |           0.753 |
|                      Loss/Loss_state_metric |           0.427 |
|             Loss/Loss_state_action_to_state |         0.00189 |
|                           Loss/Act_rep_loss |           -2.35 |
|                                   SAC/Alpha |           0.016 |
|                              SAC/LogPi_mean |            3.11 |
|                                 SAC/Q1_mean |            12.3 |
|                                 SAC/Q2_mean |            12.4 |
|                            Norm/actor_model |            45.5 |
|                           Norm/critic_model |            51.7 |
|              Norm/state_action_metric_model |              31 |
|                     Norm/state_metric_model |            30.1 |
|        Norm/state_action_state_metric_model |            30.9 |
|                  Metric/self_state_distance |         0.00688 |
|                 Metric/cross_state_distance |            1.87 |
|           Metric/self_state_action_distance |          0.0261 |
|          Metric/cross_state_action_distance |            2.34 |
|             Metric/avg_self_state_asymmetry |               0 |
|            Metric/avg_cross_state_asymmetry |          0.0248 |
|                Metric/avg_self_sa_asymmetry |               0 |
|               Metric/avg_cross_sa_asymmetry |          0.0334 |
|  Metric/self_state_action_to_state_distance |         0.00721 |
| Metric/cross_state_action_to_state_distance |            2.34 |
|                   Metric/h_lambda_diff_self |          0.0189 |
|                  Metric/h_lambda_diff_cross |          0.0425 |
|                                 Eval/Return |             306 |
-----------------------------------------------------------------
-----------------------------------------------------------------
|                                 Train/Steps |        2.64e+05 |
|                            Loss/Loss_critic |           0.146 |
|                             Loss/Loss_actor |           -31.6 |
|                             Loss/Loss_alpha |         0.00189 |
|               Loss/Loss_state_action_metric |            1.59 |
|                      Loss/Loss_state_metric |           0.752 |
|             Loss/Loss_state_action_to_state |         0.00114 |
|                           Loss/Act_rep_loss |           -2.95 |
|                                   SAC/Alpha |          0.0229 |
|                              SAC/LogPi_mean |            2.78 |
|                                 SAC/Q1_mean |            31.6 |
|                                 SAC/Q2_mean |            31.5 |
|                            Norm/actor_model |            61.8 |
|                           Norm/critic_model |            69.5 |
|              Norm/state_action_metric_model |            33.2 |
|                     Norm/state_metric_model |            33.6 |
|        Norm/state_action_state_metric_model |            32.9 |
|                  Metric/self_state_distance |         0.00439 |
|                 Metric/cross_state_distance |            2.29 |
|           Metric/self_state_action_distance |          0.0144 |
|          Metric/cross_state_action_distance |            2.94 |
|             Metric/avg_self_state_asymmetry |               0 |
|            Metric/avg_cross_state_asymmetry |          0.0341 |
|                Metric/avg_self_sa_asymmetry |               0 |
|               Metric/avg_cross_sa_asymmetry |          0.0284 |
|  Metric/self_state_action_to_state_distance |         0.00299 |
| Metric/cross_state_action_to_state_distance |             2.9 |
|                   Metric/h_lambda_diff_self |          0.0116 |
|                  Metric/h_lambda_diff_cross |          0.0528 |
|                                 Eval/Return |             700 |
-----------------------------------------------------------------
-----------------------------------------------------------------
|                                 Train/Steps |        3.92e+05 |
|                            Loss/Loss_critic |           0.184 |
|                             Loss/Loss_actor |           -45.7 |
|                             Loss/Loss_alpha |        -0.00059 |
|               Loss/Loss_state_action_metric |            1.16 |
|                      Loss/Loss_state_metric |           0.566 |
|             Loss/Loss_state_action_to_state |         0.00117 |
|                           Loss/Act_rep_loss |           -2.72 |
|                                   SAC/Alpha |          0.0257 |
|                              SAC/LogPi_mean |            2.87 |
|                                 SAC/Q1_mean |            45.7 |
|                                 SAC/Q2_mean |            45.6 |
|                            Norm/actor_model |            71.9 |
|                           Norm/critic_model |            81.1 |
|              Norm/state_action_metric_model |            35.8 |
|                     Norm/state_metric_model |            40.3 |
|        Norm/state_action_state_metric_model |              35 |
|                  Metric/self_state_distance |         0.00177 |
|                 Metric/cross_state_distance |            1.98 |
|           Metric/self_state_action_distance |         0.00434 |
|          Metric/cross_state_action_distance |            2.72 |
|             Metric/avg_self_state_asymmetry |               0 |
|            Metric/avg_cross_state_asymmetry |          0.0269 |
|                Metric/avg_self_sa_asymmetry |               0 |
|               Metric/avg_cross_sa_asymmetry |          0.0304 |
|  Metric/self_state_action_to_state_distance |          0.0015 |
| Metric/cross_state_action_to_state_distance |             2.7 |
|                   Metric/h_lambda_diff_self |          0.0042 |
|                  Metric/h_lambda_diff_cross |          0.0393 |
|                                 Eval/Return |             780 |
-----------------------------------------------------------------
-----------------------------------------------------------------
|                                 Train/Steps |         5.2e+05 |
|                            Loss/Loss_critic |           0.215 |
|                             Loss/Loss_actor |           -54.9 |
|                             Loss/Loss_alpha |         -0.0075 |
|               Loss/Loss_state_action_metric |            1.28 |
|                      Loss/Loss_state_metric |           0.648 |
|             Loss/Loss_state_action_to_state |        0.000639 |
|                           Loss/Act_rep_loss |           -2.71 |
|                                   SAC/Alpha |          0.0245 |
|                              SAC/LogPi_mean |            3.24 |
|                                 SAC/Q1_mean |            54.9 |
|                                 SAC/Q2_mean |            54.9 |
|                            Norm/actor_model |            79.4 |
|                           Norm/critic_model |            89.3 |
|              Norm/state_action_metric_model |            38.5 |
|                     Norm/state_metric_model |              46 |
|        Norm/state_action_state_metric_model |            37.3 |
|                  Metric/self_state_distance |         0.00165 |
|                 Metric/cross_state_distance |            2.09 |
|           Metric/self_state_action_distance |         0.00163 |
|          Metric/cross_state_action_distance |            2.69 |
|             Metric/avg_self_state_asymmetry |               0 |
|            Metric/avg_cross_state_asymmetry |          0.0251 |
|                Metric/avg_self_sa_asymmetry |               0 |
|               Metric/avg_cross_sa_asymmetry |          0.0205 |
|  Metric/self_state_action_to_state_distance |         0.00108 |
| Metric/cross_state_action_to_state_distance |             2.7 |
|                   Metric/h_lambda_diff_self |         0.00213 |
|                  Metric/h_lambda_diff_cross |          0.0358 |
|                                 Eval/Return |             797 |
-----------------------------------------------------------------
-----------------------------------------------------------------
|                                 Train/Steps |        6.48e+05 |
|                            Loss/Loss_critic |           0.212 |
|                             Loss/Loss_actor |           -61.4 |
|                             Loss/Loss_alpha |        -0.00616 |
|               Loss/Loss_state_action_metric |            1.36 |
|                      Loss/Loss_state_metric |           0.597 |
|             Loss/Loss_state_action_to_state |        0.000627 |
|                           Loss/Act_rep_loss |           -2.66 |
|                                   SAC/Alpha |          0.0237 |
|                              SAC/LogPi_mean |            3.08 |
|                                 SAC/Q1_mean |            61.4 |
|                                 SAC/Q2_mean |            61.4 |
|                            Norm/actor_model |            85.8 |
|                           Norm/critic_model |            95.7 |
|              Norm/state_action_metric_model |            41.2 |
|                     Norm/state_metric_model |            51.3 |
|        Norm/state_action_state_metric_model |            39.6 |
|                  Metric/self_state_distance |         0.00288 |
|                 Metric/cross_state_distance |            1.95 |
|           Metric/self_state_action_distance |         0.00484 |
|          Metric/cross_state_action_distance |            2.69 |
|             Metric/avg_self_state_asymmetry |               0 |
|            Metric/avg_cross_state_asymmetry |          0.0263 |
|                Metric/avg_self_sa_asymmetry |               0 |
|               Metric/avg_cross_sa_asymmetry |          0.0212 |
|  Metric/self_state_action_to_state_distance |         6.1e-05 |
| Metric/cross_state_action_to_state_distance |            2.68 |
|                   Metric/h_lambda_diff_self |         0.00478 |
|                  Metric/h_lambda_diff_cross |          0.0306 |
|                                 Eval/Return |             851 |
-----------------------------------------------------------------
-----------------------------------------------------------------
|                                 Train/Steps |        7.76e+05 |
|                            Loss/Loss_critic |           0.171 |
|                             Loss/Loss_actor |           -65.9 |
|                             Loss/Loss_alpha |         0.00623 |
|               Loss/Loss_state_action_metric |            1.12 |
|                      Loss/Loss_state_metric |           0.496 |
|             Loss/Loss_state_action_to_state |        0.000636 |
|                           Loss/Act_rep_loss |           -2.47 |
|                                   SAC/Alpha |          0.0224 |
|                              SAC/LogPi_mean |            2.97 |
|                                 SAC/Q1_mean |            65.9 |
|                                 SAC/Q2_mean |            65.8 |
|                            Norm/actor_model |            91.4 |
|                           Norm/critic_model |             101 |
|              Norm/state_action_metric_model |              44 |
|                     Norm/state_metric_model |            56.5 |
|        Norm/state_action_state_metric_model |              42 |
|                  Metric/self_state_distance |         0.00328 |
|                 Metric/cross_state_distance |            1.88 |
|           Metric/self_state_action_distance |         0.00683 |
|          Metric/cross_state_action_distance |            2.46 |
|             Metric/avg_self_state_asymmetry |               0 |
|            Metric/avg_cross_state_asymmetry |          0.0172 |
|                Metric/avg_self_sa_asymmetry |               0 |
|               Metric/avg_cross_sa_asymmetry |          0.0179 |
|  Metric/self_state_action_to_state_distance |        0.000895 |
| Metric/cross_state_action_to_state_distance |            2.48 |
|                   Metric/h_lambda_diff_self |         0.00648 |
|                  Metric/h_lambda_diff_cross |          0.0333 |
|                                 Eval/Return |             834 |
-----------------------------------------------------------------
-----------------------------------------------------------------
|                                 Train/Steps |        9.04e+05 |
|                            Loss/Loss_critic |           0.151 |
|                             Loss/Loss_actor |           -68.4 |
|                             Loss/Loss_alpha |         0.00468 |
|               Loss/Loss_state_action_metric |            1.23 |
|                      Loss/Loss_state_metric |           0.491 |
|             Loss/Loss_state_action_to_state |         0.00053 |
|                           Loss/Act_rep_loss |           -2.56 |
|                                   SAC/Alpha |          0.0234 |
|                              SAC/LogPi_mean |            3.05 |
|                                 SAC/Q1_mean |            68.4 |
|                                 SAC/Q2_mean |            68.3 |
|                            Norm/actor_model |            96.6 |
|                           Norm/critic_model |             106 |
|              Norm/state_action_metric_model |            46.7 |
|                     Norm/state_metric_model |            61.6 |
|        Norm/state_action_state_metric_model |            44.2 |
|                  Metric/self_state_distance |         0.00177 |
|                 Metric/cross_state_distance |            1.84 |
|           Metric/self_state_action_distance |         0.00208 |
|          Metric/cross_state_action_distance |            2.54 |
|             Metric/avg_self_state_asymmetry |               0 |
|            Metric/avg_cross_state_asymmetry |          0.0271 |
|                Metric/avg_self_sa_asymmetry |               0 |
|               Metric/avg_cross_sa_asymmetry |          0.0172 |
|  Metric/self_state_action_to_state_distance |        0.000773 |
| Metric/cross_state_action_to_state_distance |            2.57 |
|                   Metric/h_lambda_diff_self |         0.00169 |
|                  Metric/h_lambda_diff_cross |           0.036 |
|                                 Eval/Return |             884 |
-----------------------------------------------------------------
E0905 15:24:08.893791  781475 cuda_executor.cc:1526] Could not get kernel mode driver version: (INVALID_ARGUMENT: Version does not match the format X.Y.Z)
E0905 15:24:08.902339  781364 cuda_executor.cc:1526] Could not get kernel mode driver version: (INVALID_ARGUMENT: Version does not match the format X.Y.Z)
[32mStart prefilling replay buffer[0m
[32mStart SAC training[0m
[32m{'log_freq': 1000, 'save_freq': 1000000, 'eval_episode_freq': 10, 'hidden_size': 256, 'lr': 0.001, 'max_grad_norm': 0.0, 'gamma': 0.99, 'update_tau': 0.005, 'train_per_step': 8, 'episode_length': 1000, 'warmup_samples': 8192, 'max_replay_size': 4000000, 'batch_size': 512, 'total_env_steps': 5000000, 'init_temperature': 0.1, 'nstep': 3, 'bootstrap_on_truncation': True, 'rep_lr_scale': 1.5, 'vis_feq': 100000, 'n_vis_frames': 4, 'num_envs': 128, 'grad_steps': 50, 'transfer_freq': 10, 'transfer_steps': 8, 'reward_scaling': 1.0, 'num_eval_envs': 128, 'target_entropy': -2.0}[0m
[32m[nstep] nstep=3 bootstrap_on_truncation=True (discount from the buffer already contains gamma^nstep)[0m
-----------------------------------------------------------------
|                                 Train/Steps |        1.36e+05 |
|                            Loss/Loss_critic |        0.000412 |
|                             Loss/Loss_actor |          -0.662 |
|                             Loss/Loss_alpha |         0.00681 |
|               Loss/Loss_state_action_metric |         0.00492 |
|                      Loss/Loss_state_metric |         0.00254 |
|             Loss/Loss_state_action_to_state |        4.91e-05 |
|                           Loss/Act_rep_loss |          -0.788 |
|                                   SAC/Alpha |          0.0016 |
|                              SAC/LogPi_mean |           -2.23 |
|                                 SAC/Q1_mean |           0.662 |
|                                 SAC/Q2_mean |           0.659 |
|                            Norm/actor_model |            26.8 |
|                           Norm/critic_model |            34.4 |
|              Norm/state_action_metric_model |              31 |
|                     Norm/state_metric_model |            31.2 |
|        Norm/state_action_state_metric_model |              31 |
|                  Metric/self_state_distance |         0.00104 |
|                 Metric/cross_state_distance |           0.923 |
|           Metric/self_state_action_distance |         0.00313 |
|          Metric/cross_state_action_distance |           0.916 |
|             Metric/avg_self_state_asymmetry |               0 |
|            Metric/avg_cross_state_asymmetry |         0.00316 |
|                Metric/avg_self_sa_asymmetry |               0 |
|               Metric/avg_cross_sa_asymmetry |         0.00528 |
|  Metric/self_state_action_to_state_distance |         0.00132 |
| Metric/cross_state_action_to_state_distance |           0.909 |
|                   Metric/h_lambda_diff_self |         0.00332 |
|                  Metric/h_lambda_diff_cross |         0.00818 |
|                                 Eval/Return |           0.534 |
-----------------------------------------------------------------
-----------------------------------------------------------------
|                                 Train/Steps |        2.64e+05 |
|                            Loss/Loss_critic |        0.000342 |
|                             Loss/Loss_actor |          -0.193 |
|                             Loss/Loss_alpha |        8.55e-05 |
|               Loss/Loss_state_action_metric |         0.00498 |
|                      Loss/Loss_state_metric |         0.00239 |
|             Loss/Loss_state_action_to_state |        0.000237 |
|                           Loss/Act_rep_loss |          -0.793 |
|                                   SAC/Alpha |        9.45e-05 |
|                              SAC/LogPi_mean |            1.25 |
|                                 SAC/Q1_mean |           0.193 |
|                                 SAC/Q2_mean |           0.193 |
|                            Norm/actor_model |            37.1 |
|                           Norm/critic_model |            44.7 |
|              Norm/state_action_metric_model |              33 |
|                     Norm/state_metric_model |              32 |
|        Norm/state_action_state_metric_model |              32 |
|                  Metric/self_state_distance |        0.000543 |
|                 Metric/cross_state_distance |           0.931 |
|           Metric/self_state_action_distance |         0.00347 |
|          Metric/cross_state_action_distance |           0.913 |
|             Metric/avg_self_state_asymmetry |               0 |
|            Metric/avg_cross_state_asymmetry |         0.00305 |
|                Metric/avg_self_sa_asymmetry |               0 |
|               Metric/avg_cross_sa_asymmetry |         0.00675 |
|  Metric/self_state_action_to_state_distance |        0.000223 |
| Metric/cross_state_action_to_state_distance |            0.92 |
|                   Metric/h_lambda_diff_self |         0.00331 |
|                  Metric/h_lambda_diff_cross |         0.00999 |
|                                 Eval/Return |           0.474 |
-----------------------------------------------------------------
-----------------------------------------------------------------
|                                 Train/Steps |        3.92e+05 |
|                            Loss/Loss_critic |          0.0013 |
|                             Loss/Loss_actor |         -0.0726 |
|                             Loss/Loss_alpha |       -0.000157 |
|               Loss/Loss_state_action_metric |          0.0154 |
|                      Loss/Loss_state_metric |         0.00712 |
|             Loss/Loss_state_action_to_state |        0.000412 |
|                           Loss/Act_rep_loss |          -0.845 |
|                                   SAC/Alpha |         8.8e-05 |
|                              SAC/LogPi_mean |             3.9 |
|                                 SAC/Q1_mean |          0.0748 |
|                                 SAC/Q2_mean |          0.0738 |
|                            Norm/actor_model |            42.2 |
|                           Norm/critic_model |            52.7 |
|              Norm/state_action_metric_model |              36 |
|                     Norm/state_metric_model |              35 |
|        Norm/state_action_state_metric_model |              35 |
|                  Metric/self_state_distance |        0.000811 |
|                 Metric/cross_state_distance |           0.962 |
|           Metric/self_state_action_distance |         0.00321 |
|          Metric/cross_state_action_distance |           0.945 |
|             Metric/avg_self_state_asymmetry |               0 |
|            Metric/avg_cross_state_asymmetry |          0.0052 |
|                Metric/avg_self_sa_asymmetry |               0 |
|               Metric/avg_cross_sa_asymmetry |         0.00581 |
|  Metric/self_state_action_to_state_distance |         0.00123 |
| Metric/cross_state_action_to_state_distance |           0.943 |
|                   Metric/h_lambda_diff_self |         0.00266 |
|                  Metric/h_lambda_diff_cross |         0.00887 |
|                                 Eval/Return |           0.647 |
-----------------------------------------------------------------
-----------------------------------------------------------------
|                                 Train/Steps |         5.2e+05 |
|                            Loss/Loss_critic |         0.00253 |
|                             Loss/Loss_actor |         -0.0268 |
|                             Loss/Loss_alpha |        0.000107 |
|               Loss/Loss_state_action_metric |         0.00402 |
|                      Loss/Loss_state_metric |          0.0019 |
|             Loss/Loss_state_action_to_state |        0.000182 |
|                           Loss/Act_rep_loss |          -0.816 |
|                                   SAC/Alpha |         5.6e-05 |
|                              SAC/LogPi_mean |          0.0744 |
|                                 SAC/Q1_mean |          0.0269 |
|                                 SAC/Q2_mean |          0.0271 |
|                            Norm/actor_model |            46.1 |
|                           Norm/critic_model |            58.4 |
|              Norm/state_action_metric_model |              39 |
|                     Norm/state_metric_model |            37.7 |
|        Norm/state_action_state_metric_model |            37.8 |
|                  Metric/self_state_distance |        0.000672 |
|                 Metric/cross_state_distance |           0.942 |
|           Metric/self_state_action_distance |         0.00268 |
|          Metric/cross_state_action_distance |           0.928 |
|             Metric/avg_self_state_asymmetry |               0 |
|            Metric/avg_cross_state_asymmetry |         0.00387 |
|                Metric/avg_self_sa_asymmetry |               0 |
|               Metric/avg_cross_sa_asymmetry |         0.00458 |
|  Metric/self_state_action_to_state_distance |         0.00172 |
| Metric/cross_state_action_to_state_distance |           0.927 |
|                   Metric/h_lambda_diff_self |         0.00274 |
|                  Metric/h_lambda_diff_cross |         0.00718 |
|                                 Eval/Return |           0.455 |
-----------------------------------------------------------------
-----------------------------------------------------------------
|                                 Train/Steps |        6.48e+05 |
|                            Loss/Loss_critic |        3.18e-05 |
|                             Loss/Loss_actor |         -0.0113 |
|                             Loss/Loss_alpha |       -3.43e-05 |
|               Loss/Loss_state_action_metric |         0.00855 |
|                      Loss/Loss_state_metric |         0.00609 |
|             Loss/Loss_state_action_to_state |        8.42e-05 |
|                           Loss/Act_rep_loss |          -0.829 |
|                                   SAC/Alpha |        0.000106 |
|                              SAC/LogPi_mean |            2.19 |
|                                 SAC/Q1_mean |           0.012 |
|                                 SAC/Q2_mean |          0.0117 |
|                            Norm/actor_model |            49.4 |
|                           Norm/critic_model |            64.2 |
|              Norm/state_action_metric_model |            43.1 |
|                     Norm/state_metric_model |            40.6 |
|        Norm/state_action_state_metric_model |            41.3 |
|                  Metric/self_state_distance |         0.00473 |
|                 Metric/cross_state_distance |           0.951 |
|           Metric/self_state_action_distance |          0.0022 |
|          Metric/cross_state_action_distance |           0.928 |
|             Metric/avg_self_state_asymmetry |               0 |
|            Metric/avg_cross_state_asymmetry |         0.00305 |
|                Metric/avg_self_sa_asymmetry |               0 |
|               Metric/avg_cross_sa_asymmetry |         0.00536 |
|  Metric/self_state_action_to_state_distance |         0.00156 |
| Metric/cross_state_action_to_state_distance |            0.93 |
|                   Metric/h_lambda_diff_self |           0.002 |
|                  Metric/h_lambda_diff_cross |         0.00557 |
|                                 Eval/Return |            1.21 |
-----------------------------------------------------------------
-----------------------------------------------------------------
|                                 Train/Steps |        7.76e+05 |
|                            Loss/Loss_critic |         0.00095 |
|                             Loss/Loss_actor |         -0.0237 |
|                             Loss/Loss_alpha |        4.01e-05 |
|               Loss/Loss_state_action_metric |         0.00873 |
|                      Loss/Loss_state_metric |         0.00561 |
|             Loss/Loss_state_action_to_state |        0.000467 |
|                           Loss/Act_rep_loss |          -0.857 |
|                                   SAC/Alpha |        6.59e-05 |
|                              SAC/LogPi_mean |            1.45 |
|                                 SAC/Q1_mean |           0.024 |
|                                 SAC/Q2_mean |          0.0211 |
|                            Norm/actor_model |            52.8 |
|                           Norm/critic_model |            68.9 |
|              Norm/state_action_metric_model |            46.5 |
|                     Norm/state_metric_model |            44.2 |
|        Norm/state_action_state_metric_model |              45 |
|                  Metric/self_state_distance |        0.000631 |
|                 Metric/cross_state_distance |           0.962 |
|           Metric/self_state_action_distance |         0.00331 |
|          Metric/cross_state_action_distance |           0.944 |
|             Metric/avg_self_state_asymmetry |               0 |
|            Metric/avg_cross_state_asymmetry |         0.00405 |
|                Metric/avg_self_sa_asymmetry |               0 |
|               Metric/avg_cross_sa_asymmetry |         0.00552 |
|  Metric/self_state_action_to_state_distance |        0.000613 |
| Metric/cross_state_action_to_state_distance |           0.937 |
|                   Metric/h_lambda_diff_self |         0.00311 |
|                  Metric/h_lambda_diff_cross |          0.0131 |
|                                 Eval/Return |            1.51 |
-----------------------------------------------------------------
-----------------------------------------------------------------
|                                 Train/Steps |        9.04e+05 |
|                            Loss/Loss_critic |          0.0123 |
|                             Loss/Loss_actor |          -0.679 |
|                             Loss/Loss_alpha |        0.000413 |
|               Loss/Loss_state_action_metric |          0.0195 |
|                      Loss/Loss_state_metric |          0.0126 |
|             Loss/Loss_state_action_to_state |        0.000588 |
|                           Loss/Act_rep_loss |          -0.872 |
|                                   SAC/Alpha |         0.00219 |
|                              SAC/LogPi_mean |             1.8 |
|                                 SAC/Q1_mean |           0.666 |
|                                 SAC/Q2_mean |           0.664 |
|                            Norm/actor_model |            56.3 |
|                           Norm/critic_model |            73.7 |
|              Norm/state_action_metric_model |            49.9 |
|                     Norm/state_metric_model |            46.9 |
|        Norm/state_action_state_metric_model |            48.2 |
|                  Metric/self_state_distance |         0.00108 |
|                 Metric/cross_state_distance |           0.976 |
|           Metric/self_state_action_distance |         0.00207 |
|          Metric/cross_state_action_distance |           0.964 |
|             Metric/avg_self_state_asymmetry |               0 |
|            Metric/avg_cross_state_asymmetry |         0.00344 |
|                Metric/avg_self_sa_asymmetry |               0 |
|               Metric/avg_cross_sa_asymmetry |         0.00637 |
|  Metric/self_state_action_to_state_distance |         0.00109 |
| Metric/cross_state_action_to_state_distance |            0.96 |
|                   Metric/h_lambda_diff_self |         0.00223 |
|                  Metric/h_lambda_diff_cross |         0.00913 |
|                                 Eval/Return |            3.62 |
-----------------------------------------------------------------
-----------------------------------------------------------------
|                                 Train/Steps |        1.03e+06 |
|                            Loss/Loss_critic |          0.0139 |
|                             Loss/Loss_actor |           -1.91 |
|                             Loss/Loss_alpha |        -0.00297 |
|               Loss/Loss_state_action_metric |         0.00793 |
|                      Loss/Loss_state_metric |         0.00436 |
|             Loss/Loss_state_action_to_state |          0.0005 |
|                           Loss/Act_rep_loss |          -0.878 |
|                                   SAC/Alpha |         0.00558 |
|                              SAC/LogPi_mean |            2.49 |
|                                 SAC/Q1_mean |            1.82 |
|                                 SAC/Q2_mean |            1.82 |
|                            Norm/actor_model |            61.3 |
|                           Norm/critic_model |            78.7 |
|              Norm/state_action_metric_model |            53.1 |
|                     Norm/state_metric_model |            49.7 |
|        Norm/state_action_state_metric_model |            51.4 |
|                  Metric/self_state_distance |         0.00114 |
|                 Metric/cross_state_distance |           0.965 |
|           Metric/self_state_action_distance |        0.000137 |
|          Metric/cross_state_action_distance |           0.944 |
|             Metric/avg_self_state_asymmetry |               0 |
|            Metric/avg_cross_state_asymmetry |         0.00322 |
|                Metric/avg_self_sa_asymmetry |               0 |
|               Metric/avg_cross_sa_asymmetry |         0.00651 |
|  Metric/self_state_action_to_state_distance |        0.000795 |
| Metric/cross_state_action_to_state_distance |           0.948 |
|                   Metric/h_lambda_diff_self |        0.000808 |
|                  Metric/h_lambda_diff_cross |         0.00546 |
|                                 Eval/Return |            7.56 |
-----------------------------------------------------------------
[32mSaving model …[0m
[32mDone.[0m
[32mSaving model …[0m
[32mDone.[0m
-----------------------------------------------------------------
|                                 Train/Steps |        1.16e+06 |
|                            Loss/Loss_critic |          0.0141 |
|                             Loss/Loss_actor |           -2.86 |
|                             Loss/Loss_alpha |        0.000773 |
|               Loss/Loss_state_action_metric |          0.0448 |
|                      Loss/Loss_state_metric |          0.0269 |
|             Loss/Loss_state_action_to_state |        0.000228 |
|                           Loss/Act_rep_loss |          -0.927 |
|                                   SAC/Alpha |         0.00414 |
|                              SAC/LogPi_mean |            1.85 |
|                                 SAC/Q1_mean |            2.79 |
|                                 SAC/Q2_mean |            2.78 |
|                            Norm/actor_model |            66.5 |
|                           Norm/critic_model |            82.6 |
|              Norm/state_action_metric_model |            56.4 |
|                     Norm/state_metric_model |            52.5 |
|        Norm/state_action_state_metric_model |            54.6 |
|                  Metric/self_state_distance |        0.000667 |
|                 Metric/cross_state_distance |               1 |
|           Metric/self_state_action_distance |         0.00523 |
|          Metric/cross_state_action_distance |           0.998 |
|             Metric/avg_self_state_asymmetry |               0 |
|            Metric/avg_cross_state_asymmetry |         0.00348 |
|                Metric/avg_self_sa_asymmetry |               0 |
|               Metric/avg_cross_sa_asymmetry |         0.00492 |
|  Metric/self_state_action_to_state_distance |         0.00014 |
| Metric/cross_state_action_to_state_distance |               1 |
|                   Metric/h_lambda_diff_self |          0.0051 |
|                  Metric/h_lambda_diff_cross |         0.00626 |
|                                 Eval/Return |            8.56 |
-----------------------------------------------------------------
-----------------------------------------------------------------
|                                 Train/Steps |        1.29e+06 |
|                            Loss/Loss_critic |          0.0164 |
|                             Loss/Loss_actor |           -3.17 |
|                             Loss/Loss_alpha |        -0.00135 |
|               Loss/Loss_state_action_metric |          0.0571 |
|                      Loss/Loss_state_metric |          0.0328 |
|             Loss/Loss_state_action_to_state |        0.000379 |
|                           Loss/Act_rep_loss |           -0.97 |
|                                   SAC/Alpha |         0.00383 |
|                              SAC/LogPi_mean |            2.46 |
|                                 SAC/Q1_mean |            3.09 |
|                                 SAC/Q2_mean |            3.09 |
|                            Norm/actor_model |            71.1 |
|                           Norm/critic_model |            86.1 |
|              Norm/state_action_metric_model |            59.3 |
|                     Norm/state_metric_model |            54.9 |
|        Norm/state_action_state_metric_model |            57.2 |
|                  Metric/self_state_distance |         0.00176 |
|                 Metric/cross_state_distance |            1.02 |
|           Metric/self_state_action_distance |         0.00224 |
|          Metric/cross_state_action_distance |            1.02 |
|             Metric/avg_self_state_asymmetry |               0 |
|            Metric/avg_cross_state_asymmetry |         0.00332 |
|                Metric/avg_self_sa_asymmetry |               0 |
|               Metric/avg_cross_sa_asymmetry |         0.00611 |
|  Metric/self_state_action_to_state_distance |        0.000409 |
| Metric/cross_state_action_to_state_distance |            1.02 |
|                   Metric/h_lambda_diff_self |          0.0019 |
|                  Metric/h_lambda_diff_cross |         0.00903 |
|                                 Eval/Return |            11.2 |
-----------------------------------------------------------------
-----------------------------------------------------------------
|                                 Train/Steps |        1.42e+06 |
|                            Loss/Loss_critic |          0.0133 |
|                             Loss/Loss_actor |           -3.19 |
|                             Loss/Loss_alpha |       -0.000502 |
|               Loss/Loss_state_action_metric |          0.0821 |
|                      Loss/Loss_state_metric |          0.0444 |
|             Loss/Loss_state_action_to_state |         0.00028 |
|                           Loss/Act_rep_loss |          -0.983 |
|                                   SAC/Alpha |         0.00379 |
|                              SAC/LogPi_mean |            1.97 |
|                                 SAC/Q1_mean |            3.11 |
|                                 SAC/Q2_mean |             3.1 |
|                            Norm/actor_model |            75.5 |
|                           Norm/critic_model |            89.3 |
|              Norm/state_action_metric_model |            62.1 |
|                     Norm/state_metric_model |            57.1 |
|        Norm/state_action_state_metric_model |            59.9 |
|                  Metric/self_state_distance |        0.000647 |
|                 Metric/cross_state_distance |            1.04 |
|           Metric/self_state_action_distance |         0.00205 |
|          Metric/cross_state_action_distance |            1.04 |
|             Metric/avg_self_state_asymmetry |               0 |
|            Metric/avg_cross_state_asymmetry |         0.00369 |
|                Metric/avg_self_sa_asymmetry |               0 |
|               Metric/avg_cross_sa_asymmetry |         0.00582 |
|  Metric/self_state_action_to_state_distance |        0.000312 |
| Metric/cross_state_action_to_state_distance |            1.04 |
|                   Metric/h_lambda_diff_self |         0.00186 |
|                  Metric/h_lambda_diff_cross |           0.006 |
|                                 Eval/Return |            11.9 |
-----------------------------------------------------------------
-----------------------------------------------------------------
|                                 Train/Steps |        1.54e+06 |
|                            Loss/Loss_critic |          0.0133 |
|                             Loss/Loss_actor |           -3.02 |
|                             Loss/Loss_alpha |        0.000316 |
|               Loss/Loss_state_action_metric |          0.0916 |
|                      Loss/Loss_state_metric |          0.0452 |
|             Loss/Loss_state_action_to_state |        0.000522 |
|                           Loss/Act_rep_loss |          -0.997 |
|                                   SAC/Alpha |         0.00303 |
|                              SAC/LogPi_mean |            1.92 |
|                                 SAC/Q1_mean |            2.94 |
|                                 SAC/Q2_mean |            2.94 |
|                            Norm/actor_model |            79.5 |
|                           Norm/critic_model |            92.3 |
|              Norm/state_action_metric_model |            64.9 |
|                     Norm/state_metric_model |            59.8 |
|        Norm/state_action_state_metric_model |            62.2 |
|                  Metric/self_state_distance |        0.000886 |
|                 Metric/cross_state_distance |            1.04 |
|           Metric/self_state_action_distance |          0.0075 |
|          Metric/cross_state_action_distance |            1.05 |
|             Metric/avg_self_state_asymmetry |               0 |
|            Metric/avg_cross_state_asymmetry |         0.00514 |
|                Metric/avg_self_sa_asymmetry |               0 |
|               Metric/avg_cross_sa_asymmetry |         0.00835 |
|  Metric/self_state_action_to_state_distance |        0.000802 |
| Metric/cross_state_action_to_state_distance |            1.05 |
|                   Metric/h_lambda_diff_self |         0.00682 |
|                  Metric/h_lambda_diff_cross |         0.00771 |
|                                 Eval/Return |            11.4 |
-----------------------------------------------------------------
-----------------------------------------------------------------
|                                 Train/Steps |        1.67e+06 |
|                            Loss/Loss_critic |          0.0131 |
|                             Loss/Loss_actor |           -2.93 |
|                             Loss/Loss_alpha |         0.00043 |
|               Loss/Loss_state_action_metric |          0.0701 |
|                      Loss/Loss_state_metric |          0.0394 |
|             Loss/Loss_state_action_to_state |        0.000308 |
|                           Loss/Act_rep_loss |          -0.997 |
|                                   SAC/Alpha |         0.00276 |
|                              SAC/LogPi_mean |            1.85 |
|                                 SAC/Q1_mean |            2.85 |
|                                 SAC/Q2_mean |            2.85 |
|                            Norm/actor_model |            83.5 |
|                           Norm/critic_model |            95.3 |
|              Norm/state_action_metric_model |            67.3 |
|                     Norm/state_metric_model |            62.3 |
|        Norm/state_action_state_metric_model |            64.5 |
|                  Metric/self_state_distance |          0.0015 |
|                 Metric/cross_state_distance |            1.04 |
|           Metric/self_state_action_distance |         0.00133 |
|          Metric/cross_state_action_distance |            1.04 |
|             Metric/avg_self_state_asymmetry |               0 |
|            Metric/avg_cross_state_asymmetry |         0.00466 |
|                Metric/avg_self_sa_asymmetry |               0 |
|               Metric/avg_cross_sa_asymmetry |         0.00637 |
|  Metric/self_state_action_to_state_distance |        0.000814 |
| Metric/cross_state_action_to_state_distance |            1.04 |
|                   Metric/h_lambda_diff_self |         0.00128 |
|                  Metric/h_lambda_diff_cross |         0.00758 |
|                                 Eval/Return |            11.2 |
-----------------------------------------------------------------
-----------------------------------------------------------------
|                                 Train/Steps |         1.8e+06 |
|                            Loss/Loss_critic |           0.011 |
|                             Loss/Loss_actor |           -3.16 |
|                             Loss/Loss_alpha |       -0.000581 |
|               Loss/Loss_state_action_metric |          0.0738 |
|                      Loss/Loss_state_metric |          0.0466 |
|             Loss/Loss_state_action_to_state |        0.000543 |
|                           Loss/Act_rep_loss |              -1 |
|                                   SAC/Alpha |         0.00249 |
|                              SAC/LogPi_mean |               2 |
|                                 SAC/Q1_mean |            3.08 |
|                                 SAC/Q2_mean |            3.09 |
|                            Norm/actor_model |            87.4 |
|                           Norm/critic_model |            98.3 |
|              Norm/state_action_metric_model |            70.1 |
|                     Norm/state_metric_model |            64.7 |
|        Norm/state_action_state_metric_model |            66.9 |
|                  Metric/self_state_distance |        0.000225 |
|                 Metric/cross_state_distance |            1.04 |
|           Metric/self_state_action_distance |         0.00134 |
|          Metric/cross_state_action_distance |            1.05 |
|             Metric/avg_self_state_asymmetry |               0 |
|            Metric/avg_cross_state_asymmetry |         0.00388 |
|                Metric/avg_self_sa_asymmetry |               0 |
|               Metric/avg_cross_sa_asymmetry |          0.0051 |
|  Metric/self_state_action_to_state_distance |        0.000265 |
| Metric/cross_state_action_to_state_distance |            1.04 |
|                   Metric/h_lambda_diff_self |         0.00138 |
|                  Metric/h_lambda_diff_cross |          0.0121 |
|                                 Eval/Return |            11.5 |
-----------------------------------------------------------------
-----------------------------------------------------------------
|                                 Train/Steps |        1.93e+06 |
|                            Loss/Loss_critic |          0.0125 |
|                             Loss/Loss_actor |           -2.88 |
|                             Loss/Loss_alpha |       -0.000163 |
|               Loss/Loss_state_action_metric |          0.0738 |
|                      Loss/Loss_state_metric |          0.0431 |
|             Loss/Loss_state_action_to_state |        0.000217 |
|                           Loss/Act_rep_loss |              -1 |
|                                   SAC/Alpha |         0.00213 |
|                              SAC/LogPi_mean |            2.13 |
|                                 SAC/Q1_mean |            2.81 |
|                                 SAC/Q2_mean |            2.81 |
|                            Norm/actor_model |              91 |
|                           Norm/critic_model |             101 |
|              Norm/state_action_metric_model |            72.8 |
|                     Norm/state_metric_model |            67.1 |
|        Norm/state_action_state_metric_model |            69.4 |
|                  Metric/self_state_distance |        0.000687 |
|                 Metric/cross_state_distance |            1.04 |
|           Metric/self_state_action_distance |         0.00179 |
|          Metric/cross_state_action_distance |            1.05 |
|             Metric/avg_self_state_asymmetry |               0 |
|            Metric/avg_cross_state_asymmetry |         0.00449 |
|                Metric/avg_self_sa_asymmetry |               0 |
|               Metric/avg_cross_sa_asymmetry |         0.00784 |
|  Metric/self_state_action_to_state_distance |        0.000622 |
| Metric/cross_state_action_to_state_distance |            1.05 |
|                   Metric/h_lambda_diff_self |         0.00144 |
|                  Metric/h_lambda_diff_cross |         0.00569 |
|                                 Eval/Return |            10.5 |
-----------------------------------------------------------------
-----------------------------------------------------------------
|                                 Train/Steps |        2.06e+06 |
|                            Loss/Loss_critic |         0.00641 |
|                             Loss/Loss_actor |            -2.8 |
|                             Loss/Loss_alpha |       -0.000357 |
|               Loss/Loss_state_action_metric |          0.0829 |
|                      Loss/Loss_state_metric |          0.0542 |
|             Loss/Loss_state_action_to_state |        0.000306 |
|                           Loss/Act_rep_loss |           -1.03 |
|                                   SAC/Alpha |         0.00197 |
|                              SAC/LogPi_mean |            2.11 |
|                                 SAC/Q1_mean |            2.74 |
|                                 SAC/Q2_mean |            2.74 |
|                            Norm/actor_model |            94.6 |
|                           Norm/critic_model |             104 |
|              Norm/state_action_metric_model |            75.4 |
|                     Norm/state_metric_model |            69.2 |
|        Norm/state_action_state_metric_model |            71.7 |
|                  Metric/self_state_distance |         0.00123 |
|                 Metric/cross_state_distance |            1.07 |
|           Metric/self_state_action_distance |         0.00257 |
|          Metric/cross_state_action_distance |            1.08 |
|             Metric/avg_self_state_asymmetry |               0 |
|            Metric/avg_cross_state_asymmetry |          0.0043 |
|                Metric/avg_self_sa_asymmetry |               0 |
|               Metric/avg_cross_sa_asymmetry |           0.007 |
|  Metric/self_state_action_to_state_distance |        0.000238 |
| Metric/cross_state_action_to_state_distance |            1.07 |
|                   Metric/h_lambda_diff_self |         0.00237 |
|                  Metric/h_lambda_diff_cross |         0.00664 |
|                                 Eval/Return |            9.41 |
-----------------------------------------------------------------
[32mSaving model …[0m
[32mDone.[0m
[32mSaving model …[0m
[32mDone.[0m
-----------------------------------------------------------------
|                                 Train/Steps |        2.18e+06 |
|                            Loss/Loss_critic |         0.00884 |
|                             Loss/Loss_actor |           -2.62 |
|                             Loss/Loss_alpha |       -0.000941 |
|               Loss/Loss_state_action_metric |          0.0747 |
|                      Loss/Loss_state_metric |          0.0398 |
|             Loss/Loss_state_action_to_state |        0.000294 |
|                           Loss/Act_rep_loss |          -0.999 |
|                                   SAC/Alpha |         0.00183 |
|                              SAC/LogPi_mean |             2.3 |
|                                 SAC/Q1_mean |            2.57 |
|                                 SAC/Q2_mean |            2.56 |
|                            Norm/actor_model |            97.9 |
|                           Norm/critic_model |             106 |
|              Norm/state_action_metric_model |            77.8 |
|                     Norm/state_metric_model |            71.7 |
|        Norm/state_action_state_metric_model |            74.1 |
|                  Metric/self_state_distance |         0.00186 |
|                 Metric/cross_state_distance |            1.03 |
|           Metric/self_state_action_distance |        0.000821 |
|          Metric/cross_state_action_distance |            1.05 |
|             Metric/avg_self_state_asymmetry |               0 |
|            Metric/avg_cross_state_asymmetry |         0.00416 |
|                Metric/avg_self_sa_asymmetry |               0 |
|               Metric/avg_cross_sa_asymmetry |         0.00538 |
|  Metric/self_state_action_to_state_distance |        0.000204 |
| Metric/cross_state_action_to_state_distance |            1.04 |
|                   Metric/h_lambda_diff_self |        0.000688 |
|                  Metric/h_lambda_diff_cross |         0.00695 |
|                                 Eval/Return |            11.6 |
-----------------------------------------------------------------
-----------------------------------------------------------------
|                                 Train/Steps |        2.31e+06 |
|                            Loss/Loss_critic |         0.00603 |
|                             Loss/Loss_actor |            -2.4 |
|                             Loss/Loss_alpha |       -3.48e-05 |
|               Loss/Loss_state_action_metric |           0.106 |
|                      Loss/Loss_state_metric |          0.0602 |
|             Loss/Loss_state_action_to_state |         0.00115 |
|                           Loss/Act_rep_loss |           -1.04 |
|                                   SAC/Alpha |          0.0017 |
|                              SAC/LogPi_mean |            2.13 |
|                                 SAC/Q1_mean |            2.35 |
|                                 SAC/Q2_mean |            2.35 |
|                            Norm/actor_model |             101 |
|                           Norm/critic_model |             109 |
|              Norm/state_action_metric_model |            80.3 |
|                     Norm/state_metric_model |              74 |
|        Norm/state_action_state_metric_model |            76.5 |
|                  Metric/self_state_distance |        0.000636 |
|                 Metric/cross_state_distance |            1.07 |
|           Metric/self_state_action_distance |          0.0015 |
|          Metric/cross_state_action_distance |             1.1 |
|             Metric/avg_self_state_asymmetry |               0 |
|            Metric/avg_cross_state_asymmetry |         0.00434 |
|                Metric/avg_self_sa_asymmetry |               0 |
|               Metric/avg_cross_sa_asymmetry |         0.00728 |
|  Metric/self_state_action_to_state_distance |        0.000324 |
| Metric/cross_state_action_to_state_distance |            1.09 |
|                   Metric/h_lambda_diff_self |         0.00129 |
|                  Metric/h_lambda_diff_cross |          0.0128 |
|                                 Eval/Return |              12 |
-----------------------------------------------------------------
-----------------------------------------------------------------
|                                 Train/Steps |        2.44e+06 |
|                            Loss/Loss_critic |         0.00806 |
|                             Loss/Loss_actor |           -2.21 |
|                             Loss/Loss_alpha |        7.21e-05 |
|               Loss/Loss_state_action_metric |          0.0439 |
|                      Loss/Loss_state_metric |          0.0256 |
|             Loss/Loss_state_action_to_state |        6.37e-05 |
|                           Loss/Act_rep_loss |          -0.953 |
|                                   SAC/Alpha |         0.00152 |
|                              SAC/LogPi_mean |            1.85 |
|                                 SAC/Q1_mean |            2.15 |
|                                 SAC/Q2_mean |            2.15 |
|                            Norm/actor_model |             105 |
|                           Norm/critic_model |             112 |
|              Norm/state_action_metric_model |            82.6 |
|                     Norm/state_metric_model |            76.3 |
|        Norm/state_action_state_metric_model |            78.6 |
|                  Metric/self_state_distance |        0.000148 |
|                 Metric/cross_state_distance |            1.01 |
|           Metric/self_state_action_distance |         0.00569 |
|          Metric/cross_state_action_distance |            1.01 |
|             Metric/avg_self_state_asymmetry |               0 |
|            Metric/avg_cross_state_asymmetry |         0.00329 |
|                Metric/avg_self_sa_asymmetry |               0 |
|               Metric/avg_cross_sa_asymmetry |         0.00485 |
|  Metric/self_state_action_to_state_distance |        0.000214 |
| Metric/cross_state_action_to_state_distance |            1.01 |
|                   Metric/h_lambda_diff_self |         0.00549 |
|                  Metric/h_lambda_diff_cross |         0.00672 |
|                                 Eval/Return |              12 |
-----------------------------------------------------------------
-----------------------------------------------------------------
|                                 Train/Steps |        2.57e+06 |
|                            Loss/Loss_critic |          0.0078 |
|                             Loss/Loss_actor |            -2.2 |
|                             Loss/Loss_alpha |        0.000358 |
|               Loss/Loss_state_action_metric |           0.104 |
|                      Loss/Loss_state_metric |          0.0575 |
|             Loss/Loss_state_action_to_state |        0.000841 |
|                           Loss/Act_rep_loss |           -1.02 |
|                                   SAC/Alpha |         0.00181 |
|                              SAC/LogPi_mean |            1.81 |
|                                 SAC/Q1_mean |            2.15 |
|                                 SAC/Q2_mean |            2.15 |
|                            Norm/actor_model |             107 |
|                           Norm/critic_model |             115 |
|              Norm/state_action_metric_model |              85 |
|                     Norm/state_metric_model |            78.4 |
|        Norm/state_action_state_metric_model |            80.8 |
|                  Metric/self_state_distance |        0.000856 |
|                 Metric/cross_state_distance |            1.05 |
|           Metric/self_state_action_distance |         0.00287 |
|          Metric/cross_state_action_distance |            1.07 |
|             Metric/avg_self_state_asymmetry |               0 |
|            Metric/avg_cross_state_asymmetry |          0.0044 |
|                Metric/avg_self_sa_asymmetry |               0 |
|               Metric/avg_cross_sa_asymmetry |          0.0064 |
|  Metric/self_state_action_to_state_distance |        0.000341 |
| Metric/cross_state_action_to_state_distance |            1.07 |
|                   Metric/h_lambda_diff_self |         0.00272 |
|                  Metric/h_lambda_diff_cross |         0.00837 |
|                                 Eval/Return |            11.9 |
-----------------------------------------------------------------
-----------------------------------------------------------------
|                                 Train/Steps |         2.7e+06 |
|                            Loss/Loss_critic |         0.00549 |
|                             Loss/Loss_actor |           -1.88 |
|                             Loss/Loss_alpha |           0.001 |
|               Loss/Loss_state_action_metric |           0.092 |
|                      Loss/Loss_state_metric |          0.0524 |
|             Loss/Loss_state_action_to_state |        0.000202 |
|                           Loss/Act_rep_loss |           -1.02 |
|                                   SAC/Alpha |         0.00185 |
|                              SAC/LogPi_mean |            1.38 |
|                                 SAC/Q1_mean |            1.84 |
|                                 SAC/Q2_mean |            1.85 |
|                            Norm/actor_model |             110 |
|                           Norm/critic_model |             117 |
|              Norm/state_action_metric_model |            87.5 |
|                     Norm/state_metric_model |            80.5 |
|        Norm/state_action_state_metric_model |            83.1 |
|                  Metric/self_state_distance |        0.000238 |
|                 Metric/cross_state_distance |            1.05 |
|           Metric/self_state_action_distance |         0.00104 |
|          Metric/cross_state_action_distance |            1.06 |
|             Metric/avg_self_state_asymmetry |               0 |
|            Metric/avg_cross_state_asymmetry |         0.00426 |
|                Metric/avg_self_sa_asymmetry |               0 |
|               Metric/avg_cross_sa_asymmetry |          0.0059 |
|  Metric/self_state_action_to_state_distance |        0.000585 |
| Metric/cross_state_action_to_state_distance |            1.06 |
|                   Metric/h_lambda_diff_self |          0.0012 |
|                  Metric/h_lambda_diff_cross |         0.00645 |
|                                 Eval/Return |              19 |
-----------------------------------------------------------------
-----------------------------------------------------------------
|                                 Train/Steps |        2.82e+06 |
|                            Loss/Loss_critic |         0.00905 |
|                             Loss/Loss_actor |           -2.51 |
|                             Loss/Loss_alpha |       -0.000717 |
|               Loss/Loss_state_action_metric |          0.0778 |
|                      Loss/Loss_state_metric |          0.0438 |
|             Loss/Loss_state_action_to_state |        0.000562 |
|                           Loss/Act_rep_loss |           -1.01 |
|                                   SAC/Alpha |          0.0019 |
|                              SAC/LogPi_mean |            2.57 |
|                                 SAC/Q1_mean |            2.45 |
|                                 SAC/Q2_mean |            2.45 |
|                            Norm/actor_model |             112 |
|                           Norm/critic_model |             120 |
|              Norm/state_action_metric_model |            89.5 |
|                     Norm/state_metric_model |            82.5 |
|        Norm/state_action_state_metric_model |            85.1 |
|                  Metric/self_state_distance |        0.000174 |
|                 Metric/cross_state_distance |            1.04 |
|           Metric/self_state_action_distance |         0.00127 |
|          Metric/cross_state_action_distance |            1.06 |
|             Metric/avg_self_state_asymmetry |               0 |
|            Metric/avg_cross_state_asymmetry |         0.00493 |
|                Metric/avg_self_sa_asymmetry |               0 |
|               Metric/avg_cross_sa_asymmetry |         0.00596 |
|  Metric/self_state_action_to_state_distance |        0.000275 |
| Metric/cross_state_action_to_state_distance |            1.06 |
|                   Metric/h_lambda_diff_self |         0.00119 |
|                  Metric/h_lambda_diff_cross |         0.00842 |
|                                 Eval/Return |            11.3 |
-----------------------------------------------------------------
E0905 15:31:45.983399  784038 cuda_executor.cc:1526] Could not get kernel mode driver version: (INVALID_ARGUMENT: Version does not match the format X.Y.Z)
E0905 15:31:45.992066  783925 cuda_executor.cc:1526] Could not get kernel mode driver version: (INVALID_ARGUMENT: Version does not match the format X.Y.Z)
[32mStart prefilling replay buffer[0m
[32mStart SAC training[0m
[32m{'log_freq': 1000, 'save_freq': 1000000, 'eval_episode_freq': 10, 'hidden_size': 256, 'lr': 0.001, 'max_grad_norm': 0.0, 'gamma': 0.99, 'update_tau': 0.005, 'train_per_step': 8, 'episode_length': 1000, 'warmup_samples': 8192, 'max_replay_size': 4000000, 'batch_size': 512, 'total_env_steps': 5000000, 'init_temperature': 0.1, 'nstep': 3, 'bootstrap_on_truncation': True, 'rep_lr_scale': 1.5, 'vis_feq': 100000, 'n_vis_frames': 4, 'num_envs': 128, 'grad_steps': 50, 'transfer_freq': 10, 'transfer_steps': 8, 'reward_scaling': 1.0, 'num_eval_envs': 128, 'target_entropy': -2.0}[0m
[32m[nstep] nstep=3 bootstrap_on_truncation=True (discount from the buffer already contains gamma^nstep)[0m
-----------------------------------------------------------------
|                                 Train/Steps |        1.36e+05 |
|                            Loss/Loss_critic |        0.000412 |
|                             Loss/Loss_actor |          -0.662 |
|                             Loss/Loss_alpha |         0.00681 |
|               Loss/Loss_state_action_metric |         0.00492 |
|                      Loss/Loss_state_metric |         0.00254 |
|             Loss/Loss_state_action_to_state |        4.91e-05 |
|                           Loss/Act_rep_loss |          -0.788 |
|                                   SAC/Alpha |          0.0016 |
|                              SAC/LogPi_mean |           -2.23 |
|                                 SAC/Q1_mean |           0.662 |
|                                 SAC/Q2_mean |           0.659 |
|                            Norm/actor_model |            26.8 |
|                           Norm/critic_model |            34.4 |
|              Norm/state_action_metric_model |              31 |
|                     Norm/state_metric_model |            31.2 |
|        Norm/state_action_state_metric_model |              31 |
|                  Metric/self_state_distance |         0.00104 |
|                 Metric/cross_state_distance |           0.923 |
|           Metric/self_state_action_distance |         0.00313 |
|          Metric/cross_state_action_distance |           0.916 |
|             Metric/avg_self_state_asymmetry |               0 |
|            Metric/avg_cross_state_asymmetry |         0.00316 |
|                Metric/avg_self_sa_asymmetry |               0 |
|               Metric/avg_cross_sa_asymmetry |         0.00528 |
|  Metric/self_state_action_to_state_distance |         0.00132 |
| Metric/cross_state_action_to_state_distance |           0.909 |
|                   Metric/h_lambda_diff_self |         0.00332 |
|                  Metric/h_lambda_diff_cross |         0.00818 |
|                                 Eval/Return |           0.534 |
-----------------------------------------------------------------
-----------------------------------------------------------------
|                                 Train/Steps |        2.64e+05 |
|                            Loss/Loss_critic |        0.000342 |
|                             Loss/Loss_actor |          -0.193 |
|                             Loss/Loss_alpha |        8.55e-05 |
|               Loss/Loss_state_action_metric |         0.00498 |
|                      Loss/Loss_state_metric |         0.00239 |
|             Loss/Loss_state_action_to_state |        0.000237 |
|                           Loss/Act_rep_loss |          -0.793 |
|                                   SAC/Alpha |        9.45e-05 |
|                              SAC/LogPi_mean |            1.25 |
|                                 SAC/Q1_mean |           0.193 |
|                                 SAC/Q2_mean |           0.193 |
|                            Norm/actor_model |            37.1 |
|                           Norm/critic_model |            44.7 |
|              Norm/state_action_metric_model |              33 |
|                     Norm/state_metric_model |              32 |
|        Norm/state_action_state_metric_model |              32 |
|                  Metric/self_state_distance |        0.000543 |
|                 Metric/cross_state_distance |           0.931 |
|           Metric/self_state_action_distance |         0.00347 |
|          Metric/cross_state_action_distance |           0.913 |
|             Metric/avg_self_state_asymmetry |               0 |
|            Metric/avg_cross_state_asymmetry |         0.00305 |
|                Metric/avg_self_sa_asymmetry |               0 |
|               Metric/avg_cross_sa_asymmetry |         0.00675 |
|  Metric/self_state_action_to_state_distance |        0.000223 |
| Metric/cross_state_action_to_state_distance |            0.92 |
|                   Metric/h_lambda_diff_self |         0.00331 |
|                  Metric/h_lambda_diff_cross |         0.00999 |
|                                 Eval/Return |           0.474 |
-----------------------------------------------------------------
-----------------------------------------------------------------
|                                 Train/Steps |        3.92e+05 |
|                            Loss/Loss_critic |          0.0013 |
|                             Loss/Loss_actor |         -0.0726 |
|                             Loss/Loss_alpha |       -0.000157 |
|               Loss/Loss_state_action_metric |          0.0154 |
|                      Loss/Loss_state_metric |         0.00712 |
|             Loss/Loss_state_action_to_state |        0.000412 |
|                           Loss/Act_rep_loss |          -0.845 |
|                                   SAC/Alpha |         8.8e-05 |
|                              SAC/LogPi_mean |             3.9 |
|                                 SAC/Q1_mean |          0.0748 |
|                                 SAC/Q2_mean |          0.0738 |
|                            Norm/actor_model |            42.2 |
|                           Norm/critic_model |            52.7 |
|              Norm/state_action_metric_model |              36 |
|                     Norm/state_metric_model |              35 |
|        Norm/state_action_state_metric_model |              35 |
|                  Metric/self_state_distance |        0.000811 |
|                 Metric/cross_state_distance |           0.962 |
|           Metric/self_state_action_distance |         0.00321 |
|          Metric/cross_state_action_distance |           0.945 |
|             Metric/avg_self_state_asymmetry |               0 |
|            Metric/avg_cross_state_asymmetry |          0.0052 |
|                Metric/avg_self_sa_asymmetry |               0 |
|               Metric/avg_cross_sa_asymmetry |         0.00581 |
|  Metric/self_state_action_to_state_distance |         0.00123 |
| Metric/cross_state_action_to_state_distance |           0.943 |
|                   Metric/h_lambda_diff_self |         0.00266 |
|                  Metric/h_lambda_diff_cross |         0.00887 |
|                                 Eval/Return |           0.647 |
-----------------------------------------------------------------
-----------------------------------------------------------------
|                                 Train/Steps |         5.2e+05 |
|                            Loss/Loss_critic |         0.00253 |
|                             Loss/Loss_actor |         -0.0268 |
|                             Loss/Loss_alpha |        0.000107 |
|               Loss/Loss_state_action_metric |         0.00402 |
|                      Loss/Loss_state_metric |          0.0019 |
|             Loss/Loss_state_action_to_state |        0.000182 |
|                           Loss/Act_rep_loss |          -0.816 |
|                                   SAC/Alpha |         5.6e-05 |
|                              SAC/LogPi_mean |          0.0744 |
|                                 SAC/Q1_mean |          0.0269 |
|                                 SAC/Q2_mean |          0.0271 |
|                            Norm/actor_model |            46.1 |
|                           Norm/critic_model |            58.4 |
|              Norm/state_action_metric_model |              39 |
|                     Norm/state_metric_model |            37.7 |
|        Norm/state_action_state_metric_model |            37.8 |
|                  Metric/self_state_distance |        0.000672 |
|                 Metric/cross_state_distance |           0.942 |
|           Metric/self_state_action_distance |         0.00268 |
|          Metric/cross_state_action_distance |           0.928 |
|             Metric/avg_self_state_asymmetry |               0 |
|            Metric/avg_cross_state_asymmetry |         0.00387 |
|                Metric/avg_self_sa_asymmetry |               0 |
|               Metric/avg_cross_sa_asymmetry |         0.00458 |
|  Metric/self_state_action_to_state_distance |         0.00172 |
| Metric/cross_state_action_to_state_distance |           0.927 |
|                   Metric/h_lambda_diff_self |         0.00274 |
|                  Metric/h_lambda_diff_cross |         0.00718 |
|                                 Eval/Return |           0.455 |
-----------------------------------------------------------------
-----------------------------------------------------------------
|                                 Train/Steps |        6.48e+05 |
|                            Loss/Loss_critic |        3.18e-05 |
|                             Loss/Loss_actor |         -0.0113 |
|                             Loss/Loss_alpha |       -3.43e-05 |
|               Loss/Loss_state_action_metric |         0.00855 |
|                      Loss/Loss_state_metric |         0.00609 |
|             Loss/Loss_state_action_to_state |        8.42e-05 |
|                           Loss/Act_rep_loss |          -0.829 |
|                                   SAC/Alpha |        0.000106 |
|                              SAC/LogPi_mean |            2.19 |
|                                 SAC/Q1_mean |           0.012 |
|                                 SAC/Q2_mean |          0.0117 |
|                            Norm/actor_model |            49.4 |
|                           Norm/critic_model |            64.2 |
|              Norm/state_action_metric_model |            43.1 |
|                     Norm/state_metric_model |            40.6 |
|        Norm/state_action_state_metric_model |            41.3 |
|                  Metric/self_state_distance |         0.00473 |
|                 Metric/cross_state_distance |           0.951 |
|           Metric/self_state_action_distance |          0.0022 |
|          Metric/cross_state_action_distance |           0.928 |
|             Metric/avg_self_state_asymmetry |               0 |
|            Metric/avg_cross_state_asymmetry |         0.00305 |
|                Metric/avg_self_sa_asymmetry |               0 |
|               Metric/avg_cross_sa_asymmetry |         0.00536 |
|  Metric/self_state_action_to_state_distance |         0.00156 |
| Metric/cross_state_action_to_state_distance |            0.93 |
|                   Metric/h_lambda_diff_self |           0.002 |
|                  Metric/h_lambda_diff_cross |         0.00557 |
|                                 Eval/Return |            1.21 |
-----------------------------------------------------------------
E0905 15:35:52.955327  786009 cuda_executor.cc:1526] Could not get kernel mode driver version: (INVALID_ARGUMENT: Version does not match the format X.Y.Z)
E0905 15:35:52.963948  785898 cuda_executor.cc:1526] Could not get kernel mode driver version: (INVALID_ARGUMENT: Version does not match the format X.Y.Z)
[32mStart prefilling replay buffer[0m
[32mStart SAC training[0m
[32m{'log_freq': 1000, 'save_freq': 1000000, 'eval_episode_freq': 10, 'hidden_size': 256, 'lr': 0.001, 'max_grad_norm': 0.0, 'gamma': 0.99, 'update_tau': 0.005, 'train_per_step': 8, 'episode_length': 1000, 'warmup_samples': 8192, 'max_replay_size': 4000000, 'batch_size': 512, 'total_env_steps': 5000000, 'init_temperature': 0.1, 'nstep': 3, 'bootstrap_on_truncation': True, 'rep_lr_scale': 0.5, 'vis_feq': 100000, 'n_vis_frames': 4, 'num_envs': 128, 'grad_steps': 50, 'transfer_freq': 10, 'transfer_steps': 8, 'reward_scaling': 1.0, 'num_eval_envs': 128, 'target_entropy': -2.0}[0m
[32m[nstep] nstep=3 bootstrap_on_truncation=True (discount from the buffer already contains gamma^nstep)[0m
-----------------------------------------------------------------
|                                 Train/Steps |        1.36e+05 |
|                            Loss/Loss_critic |        0.000288 |
|                             Loss/Loss_actor |          -0.652 |
|                             Loss/Loss_alpha |         0.00658 |
|               Loss/Loss_state_action_metric |         0.00379 |
|                      Loss/Loss_state_metric |         0.00296 |
|             Loss/Loss_state_action_to_state |         0.00113 |
|                           Loss/Act_rep_loss |          -0.791 |
|                                   SAC/Alpha |          0.0016 |
|                              SAC/LogPi_mean |           -2.15 |
|                                 SAC/Q1_mean |           0.652 |
|                                 SAC/Q2_mean |           0.651 |
|                            Norm/actor_model |            27.1 |
|                           Norm/critic_model |            34.9 |
|              Norm/state_action_metric_model |            30.9 |
|                     Norm/state_metric_model |            31.2 |
|        Norm/state_action_state_metric_model |              31 |
|                  Metric/self_state_distance |         0.00205 |
|                 Metric/cross_state_distance |           0.935 |
|           Metric/self_state_action_distance |         0.00574 |
|          Metric/cross_state_action_distance |           0.908 |
|             Metric/avg_self_state_asymmetry |               0 |
|            Metric/avg_cross_state_asymmetry |         0.00434 |
|                Metric/avg_self_sa_asymmetry |               0 |
|               Metric/avg_cross_sa_asymmetry |         0.00482 |
|  Metric/self_state_action_to_state_distance |         0.00259 |
| Metric/cross_state_action_to_state_distance |           0.906 |
|                   Metric/h_lambda_diff_self |         0.00612 |
|                  Metric/h_lambda_diff_cross |         0.00722 |
|                                 Eval/Return |           0.232 |
-----------------------------------------------------------------
-----------------------------------------------------------------
|                                 Train/Steps |        2.64e+05 |
|                            Loss/Loss_critic |        0.000446 |
|                             Loss/Loss_actor |          -0.199 |
|                             Loss/Loss_alpha |        0.000133 |
|               Loss/Loss_state_action_metric |          0.0082 |
|                      Loss/Loss_state_metric |         0.00368 |
|             Loss/Loss_state_action_to_state |        0.000188 |
|                           Loss/Act_rep_loss |            -0.8 |
|                                   SAC/Alpha |        7.75e-05 |
|                              SAC/LogPi_mean |           0.153 |
|                                 SAC/Q1_mean |           0.197 |
|                                 SAC/Q2_mean |           0.198 |
|                            Norm/actor_model |            37.7 |
|                           Norm/critic_model |            46.6 |
|              Norm/state_action_metric_model |            33.4 |
|                     Norm/state_metric_model |            32.6 |
|        Norm/state_action_state_metric_model |            32.5 |
|                  Metric/self_state_distance |        0.000855 |
|                 Metric/cross_state_distance |           0.937 |
|           Metric/self_state_action_distance |         0.00108 |
|          Metric/cross_state_action_distance |           0.922 |
|             Metric/avg_self_state_asymmetry |               0 |
|            Metric/avg_cross_state_asymmetry |         0.00314 |
|                Metric/avg_self_sa_asymmetry |               0 |
|               Metric/avg_cross_sa_asymmetry |         0.00655 |
|  Metric/self_state_action_to_state_distance |         0.00131 |
| Metric/cross_state_action_to_state_distance |           0.919 |
|                   Metric/h_lambda_diff_self |         0.00142 |
|                  Metric/h_lambda_diff_cross |          0.0069 |
|                                 Eval/Return |           0.369 |
-----------------------------------------------------------------
-----------------------------------------------------------------
|                                 Train/Steps |        3.92e+05 |
|                            Loss/Loss_critic |         0.00593 |
|                             Loss/Loss_actor |          -0.102 |
|                             Loss/Loss_alpha |        4.21e-05 |
|               Loss/Loss_state_action_metric |          0.0206 |
|                      Loss/Loss_state_metric |         0.00639 |
|             Loss/Loss_state_action_to_state |        0.000561 |
|                           Loss/Act_rep_loss |           -0.83 |
|                                   SAC/Alpha |        3.99e-05 |
|                              SAC/LogPi_mean |            1.03 |
|                                 SAC/Q1_mean |           0.101 |
|                                 SAC/Q2_mean |          0.0989 |
|                            Norm/actor_model |            42.8 |
|                           Norm/critic_model |            56.2 |
|              Norm/state_action_metric_model |            36.8 |
|                     Norm/state_metric_model |            35.8 |
|        Norm/state_action_state_metric_model |            35.9 |
|                  Metric/self_state_distance |         0.00115 |
|                 Metric/cross_state_distance |           0.957 |
|           Metric/self_state_action_distance |         0.00372 |
|          Metric/cross_state_action_distance |           0.944 |
|             Metric/avg_self_state_asymmetry |               0 |
|            Metric/avg_cross_state_asymmetry |         0.00493 |
|                Metric/avg_self_sa_asymmetry |               0 |
|               Metric/avg_cross_sa_asymmetry |          0.0073 |
|  Metric/self_state_action_to_state_distance |         0.00168 |
| Metric/cross_state_action_to_state_distance |           0.949 |
|                   Metric/h_lambda_diff_self |         0.00322 |
|                  Metric/h_lambda_diff_cross |         0.00957 |
|                                 Eval/Return |           0.803 |
-----------------------------------------------------------------
E0905 15:42:43.091942  788281 cuda_executor.cc:1526] Could not get kernel mode driver version: (INVALID_ARGUMENT: Version does not match the format X.Y.Z)
E0905 15:42:43.100614  788170 cuda_executor.cc:1526] Could not get kernel mode driver version: (INVALID_ARGUMENT: Version does not match the format X.Y.Z)
[32mStart prefilling replay buffer[0m
[32mStart SAC training[0m
[32m{'log_freq': 1000, 'save_freq': 1000000, 'eval_episode_freq': 10, 'hidden_size': 256, 'lr': 0.001, 'max_grad_norm': 0.0, 'gamma': 0.99, 'update_tau': 0.005, 'train_per_step': 8, 'episode_length': 1000, 'warmup_samples': 8192, 'max_replay_size': 4000000, 'batch_size': 512, 'total_env_steps': 5000000, 'init_temperature': 0.1, 'nstep': 3, 'bootstrap_on_truncation': True, 'rep_lr_scale': 0.5, 'vis_feq': 100000, 'n_vis_frames': 4, 'num_envs': 128, 'grad_steps': 50, 'transfer_freq': 10, 'transfer_steps': 8, 'reward_scaling': 1.0, 'num_eval_envs': 128, 'target_entropy': -2.0}[0m
[32m[nstep] nstep=3 bootstrap_on_truncation=True (discount from the buffer already contains gamma^nstep)[0m
-----------------------------------------------------------------
|                                 Train/Steps |        1.36e+05 |
|                            Loss/Loss_critic |         0.00118 |
|                             Loss/Loss_actor |          -0.669 |
|                             Loss/Loss_alpha |         0.00651 |
|               Loss/Loss_state_action_metric |         0.00451 |
|                      Loss/Loss_state_metric |         0.00251 |
|             Loss/Loss_state_action_to_state |        4.38e-05 |
|                           Loss/Act_rep_loss |          -0.751 |
|                                   SAC/Alpha |          0.0016 |
|                              SAC/LogPi_mean |           -2.11 |
|                                 SAC/Q1_mean |           0.666 |
|                                 SAC/Q2_mean |           0.668 |
|                            Norm/actor_model |            27.1 |
|                           Norm/critic_model |            35.6 |
|              Norm/state_action_metric_model |              31 |
|                     Norm/state_metric_model |            31.2 |
|        Norm/state_action_state_metric_model |            30.9 |
|                  Metric/self_state_distance |        0.000767 |
|                 Metric/cross_state_distance |           0.921 |
|           Metric/self_state_action_distance |         0.00933 |
|          Metric/cross_state_action_distance |            0.92 |
|             Metric/avg_self_state_asymmetry |               0 |
|            Metric/avg_cross_state_asymmetry |         0.00346 |
|                Metric/avg_self_sa_asymmetry |               0 |
|               Metric/avg_cross_sa_asymmetry |         0.00622 |
|  Metric/self_state_action_to_state_distance |        0.000651 |
| Metric/cross_state_action_to_state_distance |           0.905 |
|                   Metric/h_lambda_diff_self |         0.00901 |
|                  Metric/h_lambda_diff_cross |           0.016 |
|                                 Eval/Return |           0.308 |
-----------------------------------------------------------------
-----------------------------------------------------------------
|                                 Train/Steps |        2.64e+05 |
|                            Loss/Loss_critic |        0.000511 |
|                             Loss/Loss_actor |          -0.212 |
|                             Loss/Loss_alpha |        0.000213 |
|               Loss/Loss_state_action_metric |         0.00826 |
|                      Loss/Loss_state_metric |         0.00476 |
|             Loss/Loss_state_action_to_state |        0.000394 |
|                           Loss/Act_rep_loss |           0.768 |
|                                   SAC/Alpha |         6.9e-05 |
|                              SAC/LogPi_mean |           -1.19 |
|                                 SAC/Q1_mean |           0.212 |
|                                 SAC/Q2_mean |           0.211 |
|                            Norm/actor_model |            37.2 |
|                           Norm/critic_model |            47.8 |
|              Norm/state_action_metric_model |            33.2 |
|                     Norm/state_metric_model |            32.2 |
|        Norm/state_action_state_metric_model |            32.2 |
|                  Metric/self_state_distance |        0.000417 |
|                 Metric/cross_state_distance |           0.947 |
|           Metric/self_state_action_distance |         0.00214 |
|          Metric/cross_state_action_distance |            0.93 |
|             Metric/avg_self_state_asymmetry |               0 |
|            Metric/avg_cross_state_asymmetry |         0.00292 |
|                Metric/avg_self_sa_asymmetry |               0 |
|               Metric/avg_cross_sa_asymmetry |         0.00584 |
|  Metric/self_state_action_to_state_distance |        0.000614 |
| Metric/cross_state_action_to_state_distance |           0.929 |
|                   Metric/h_lambda_diff_self |           0.002 |
|                  Metric/h_lambda_diff_cross |         0.00664 |
|                                 Eval/Return |           0.638 |
-----------------------------------------------------------------
-----------------------------------------------------------------
|                                 Train/Steps |        3.92e+05 |
|                            Loss/Loss_critic |         0.00156 |
|                             Loss/Loss_actor |            -0.1 |
|                             Loss/Loss_alpha |       -6.94e-05 |
|               Loss/Loss_state_action_metric |          0.0357 |
|                      Loss/Loss_state_metric |          0.0121 |
|             Loss/Loss_state_action_to_state |         0.00231 |
|                           Loss/Act_rep_loss |            1.09 |
|                                   SAC/Alpha |        6.11e-05 |
|                              SAC/LogPi_mean |            3.16 |
|                                 SAC/Q1_mean |          0.0955 |
|                                 SAC/Q2_mean |          0.0946 |
|                            Norm/actor_model |            42.5 |
|                           Norm/critic_model |            56.9 |
|              Norm/state_action_metric_model |            37.1 |
|                     Norm/state_metric_model |            35.8 |
|        Norm/state_action_state_metric_model |              36 |
|                  Metric/self_state_distance |         0.00502 |
|                 Metric/cross_state_distance |           0.962 |
|           Metric/self_state_action_distance |         0.00625 |
|          Metric/cross_state_action_distance |           0.965 |
|             Metric/avg_self_state_asymmetry |               0 |
|            Metric/avg_cross_state_asymmetry |         0.00766 |
|                Metric/avg_self_sa_asymmetry |               0 |
|               Metric/avg_cross_sa_asymmetry |         0.00764 |
|  Metric/self_state_action_to_state_distance |         0.00341 |
| Metric/cross_state_action_to_state_distance |           0.949 |
|                   Metric/h_lambda_diff_self |         0.00533 |
|                  Metric/h_lambda_diff_cross |          0.0258 |
|                                 Eval/Return |           0.695 |
-----------------------------------------------------------------
-----------------------------------------------------------------
|                                 Train/Steps |         5.2e+05 |
|                            Loss/Loss_critic |        0.000309 |
|                             Loss/Loss_actor |         -0.0282 |
|                             Loss/Loss_alpha |       -3.22e-06 |
|               Loss/Loss_state_action_metric |         0.00595 |
|                      Loss/Loss_state_metric |         0.00267 |
|             Loss/Loss_state_action_to_state |        0.000752 |
|                           Loss/Act_rep_loss |          -0.181 |
|                                   SAC/Alpha |        2.43e-05 |
|                              SAC/LogPi_mean |            2.12 |
|                                 SAC/Q1_mean |          0.0278 |
|                                 SAC/Q2_mean |          0.0289 |
|                            Norm/actor_model |            46.6 |
|                           Norm/critic_model |            62.3 |
|              Norm/state_action_metric_model |            41.4 |
|                     Norm/state_metric_model |            40.7 |
|        Norm/state_action_state_metric_model |            40.4 |
|                  Metric/self_state_distance |          0.0163 |
|                 Metric/cross_state_distance |           0.941 |
|           Metric/self_state_action_distance |         0.00327 |
|          Metric/cross_state_action_distance |            0.93 |
|             Metric/avg_self_state_asymmetry |               0 |
|            Metric/avg_cross_state_asymmetry |         0.00532 |
|                Metric/avg_self_sa_asymmetry |               0 |
|               Metric/avg_cross_sa_asymmetry |         0.00641 |
|  Metric/self_state_action_to_state_distance |         0.00435 |
| Metric/cross_state_action_to_state_distance |           0.924 |
|                   Metric/h_lambda_diff_self |         0.00494 |
|                  Metric/h_lambda_diff_cross |          0.0108 |
|                                 Eval/Return |            0.81 |
-----------------------------------------------------------------
-----------------------------------------------------------------
|                                 Train/Steps |        6.48e+05 |
|                            Loss/Loss_critic |        5.29e-05 |
|                             Loss/Loss_actor |        -0.00815 |
|                             Loss/Loss_alpha |        2.33e-05 |
|               Loss/Loss_state_action_metric |         0.00528 |
|                      Loss/Loss_state_metric |         0.00432 |
|             Loss/Loss_state_action_to_state |         0.00042 |
|                           Loss/Act_rep_loss |          -0.758 |
|                                   SAC/Alpha |        4.38e-05 |
|                              SAC/LogPi_mean |            1.45 |
|                                 SAC/Q1_mean |          0.0102 |
|                                 SAC/Q2_mean |         0.00845 |
|                            Norm/actor_model |              50 |
|                           Norm/critic_model |            66.8 |
|              Norm/state_action_metric_model |            44.7 |
|                     Norm/state_metric_model |            44.9 |
|        Norm/state_action_state_metric_model |            44.6 |
|                  Metric/self_state_distance |         0.00425 |
|                 Metric/cross_state_distance |            0.93 |
|           Metric/self_state_action_distance |         0.00354 |
|          Metric/cross_state_action_distance |           0.912 |
|             Metric/avg_self_state_asymmetry |               0 |
|            Metric/avg_cross_state_asymmetry |         0.00432 |
|                Metric/avg_self_sa_asymmetry |               0 |
|               Metric/avg_cross_sa_asymmetry |         0.00465 |
|  Metric/self_state_action_to_state_distance |         0.00589 |
| Metric/cross_state_action_to_state_distance |           0.909 |
|                   Metric/h_lambda_diff_self |         0.00307 |
|                  Metric/h_lambda_diff_cross |         0.00695 |
|                                 Eval/Return |           0.896 |
-----------------------------------------------------------------
-----------------------------------------------------------------
|                                 Train/Steps |        7.76e+05 |
|                            Loss/Loss_critic |         0.00112 |
|                             Loss/Loss_actor |         -0.0215 |
|                             Loss/Loss_alpha |       -8.49e-06 |
|               Loss/Loss_state_action_metric |          0.0231 |
|                      Loss/Loss_state_metric |          0.0119 |
|             Loss/Loss_state_action_to_state |         0.00133 |
|                           Loss/Act_rep_loss |            1.22 |
|                                   SAC/Alpha |        1.84e-05 |
|                              SAC/LogPi_mean |            2.53 |
|                                 SAC/Q1_mean |          0.0217 |
|                                 SAC/Q2_mean |          0.0209 |
|                            Norm/actor_model |            53.2 |
|                           Norm/critic_model |            70.5 |
|              Norm/state_action_metric_model |            47.9 |
|                     Norm/state_metric_model |            48.5 |
|        Norm/state_action_state_metric_model |            48.2 |
|                  Metric/self_state_distance |         0.00609 |
|                 Metric/cross_state_distance |           0.968 |
|           Metric/self_state_action_distance |         0.00119 |
|          Metric/cross_state_action_distance |           0.957 |
|             Metric/avg_self_state_asymmetry |               0 |
|            Metric/avg_cross_state_asymmetry |         0.00717 |
|                Metric/avg_self_sa_asymmetry |               0 |
|               Metric/avg_cross_sa_asymmetry |         0.00683 |
|  Metric/self_state_action_to_state_distance |         0.00384 |
| Metric/cross_state_action_to_state_distance |           0.949 |
|                   Metric/h_lambda_diff_self |         0.00323 |
|                  Metric/h_lambda_diff_cross |          0.0151 |
|                                 Eval/Return |            1.08 |
-----------------------------------------------------------------
E0905 15:46:48.991309  790214 cuda_executor.cc:1526] Could not get kernel mode driver version: (INVALID_ARGUMENT: Version does not match the format X.Y.Z)
E0905 15:46:48.999854  790097 cuda_executor.cc:1526] Could not get kernel mode driver version: (INVALID_ARGUMENT: Version does not match the format X.Y.Z)
[32mStart prefilling replay buffer[0m
[32mStart SAC training[0m
[32m{'log_freq': 1000, 'save_freq': 1000000, 'eval_episode_freq': 10, 'hidden_size': 256, 'lr': 0.001, 'max_grad_norm': 0.0, 'gamma': 0.99, 'update_tau': 0.005, 'train_per_step': 8, 'episode_length': 1000, 'warmup_samples': 8192, 'max_replay_size': 4000000, 'batch_size': 512, 'total_env_steps': 5000000, 'init_temperature': 0.1, 'nstep': 3, 'bootstrap_on_truncation': True, 'rep_lr_scale': 0.5, 'vis_feq': 100000, 'n_vis_frames': 4, 'num_envs': 128, 'grad_steps': 50, 'transfer_freq': 10, 'transfer_steps': 8, 'reward_scaling': 1.0, 'num_eval_envs': 128, 'target_entropy': -2.0}[0m
[32m[nstep] nstep=3 bootstrap_on_truncation=True (discount from the buffer already contains gamma^nstep)[0m
-----------------------------------------------------------------
|                                 Train/Steps |        1.36e+05 |
|                            Loss/Loss_critic |         0.00146 |
|                             Loss/Loss_actor |          -0.651 |
|                             Loss/Loss_alpha |         0.00641 |
|               Loss/Loss_state_action_metric |         0.00399 |
|                      Loss/Loss_state_metric |          0.0027 |
|             Loss/Loss_state_action_to_state |        8.23e-05 |
|                           Loss/Act_rep_loss |          -0.557 |
|                                   SAC/Alpha |         0.00161 |
|                              SAC/LogPi_mean |           -2.05 |
|                                 SAC/Q1_mean |           0.653 |
|                                 SAC/Q2_mean |           0.648 |
|                            Norm/actor_model |            27.4 |
|                           Norm/critic_model |            35.6 |
|              Norm/state_action_metric_model |            30.9 |
|                     Norm/state_metric_model |            31.2 |
|        Norm/state_action_state_metric_model |              31 |
|                  Metric/self_state_distance |         0.00154 |
|                 Metric/cross_state_distance |           0.936 |
|           Metric/self_state_action_distance |          0.0026 |
|          Metric/cross_state_action_distance |            0.91 |
|             Metric/avg_self_state_asymmetry |               0 |
|            Metric/avg_cross_state_asymmetry |         0.00371 |
|                Metric/avg_self_sa_asymmetry |               0 |
|               Metric/avg_cross_sa_asymmetry |         0.00531 |
|  Metric/self_state_action_to_state_distance |         0.00164 |
| Metric/cross_state_action_to_state_distance |           0.905 |
|                   Metric/h_lambda_diff_self |         0.00262 |
|                  Metric/h_lambda_diff_cross |         0.00681 |
|                                 Eval/Return |           0.624 |
-----------------------------------------------------------------
-----------------------------------------------------------------
|                                 Train/Steps |        2.64e+05 |
|                            Loss/Loss_critic |        0.000886 |
|                             Loss/Loss_actor |          -0.224 |
|                             Loss/Loss_alpha |        0.000148 |
|               Loss/Loss_state_action_metric |         0.00579 |
|                      Loss/Loss_state_metric |         0.00403 |
|             Loss/Loss_state_action_to_state |        0.000415 |
|                           Loss/Act_rep_loss |           0.833 |
|                                   SAC/Alpha |        0.000104 |
|                              SAC/LogPi_mean |           0.397 |
|                                 SAC/Q1_mean |           0.222 |
|                                 SAC/Q2_mean |           0.221 |
|                            Norm/actor_model |              38 |
|                           Norm/critic_model |            49.2 |
|              Norm/state_action_metric_model |            33.1 |
|                     Norm/state_metric_model |            32.5 |
|        Norm/state_action_state_metric_model |            32.2 |
|                  Metric/self_state_distance |         0.00342 |
|                 Metric/cross_state_distance |           0.942 |
|           Metric/self_state_action_distance |         0.00849 |
|          Metric/cross_state_action_distance |           0.929 |
|             Metric/avg_self_state_asymmetry |               0 |
|            Metric/avg_cross_state_asymmetry |         0.00339 |
|                Metric/avg_self_sa_asymmetry |               0 |
|               Metric/avg_cross_sa_asymmetry |         0.00574 |
|  Metric/self_state_action_to_state_distance |        0.000532 |
| Metric/cross_state_action_to_state_distance |           0.926 |
|                   Metric/h_lambda_diff_self |         0.00814 |
|                  Metric/h_lambda_diff_cross |         0.00729 |
|                                 Eval/Return |            2.75 |
-----------------------------------------------------------------
-----------------------------------------------------------------
|                                 Train/Steps |        3.92e+05 |
|                            Loss/Loss_critic |         0.00982 |
|                             Loss/Loss_actor |          -0.667 |
|                             Loss/Loss_alpha |       -0.000225 |
|               Loss/Loss_state_action_metric |          0.0486 |
|                      Loss/Loss_state_metric |          0.0207 |
|             Loss/Loss_state_action_to_state |         0.00105 |
|                           Loss/Act_rep_loss |           0.515 |
|                                   SAC/Alpha |          0.0013 |
|                              SAC/LogPi_mean |            2.02 |
|                                 SAC/Q1_mean |           0.652 |
|                                 SAC/Q2_mean |           0.658 |
|                            Norm/actor_model |            48.5 |
|                           Norm/critic_model |            61.7 |
|              Norm/state_action_metric_model |            37.4 |
|                     Norm/state_metric_model |            36.2 |
|        Norm/state_action_state_metric_model |              37 |
|                  Metric/self_state_distance |         0.00128 |
|                 Metric/cross_state_distance |            1.02 |
|           Metric/self_state_action_distance |         0.00178 |
|          Metric/cross_state_action_distance |            1.02 |
|             Metric/avg_self_state_asymmetry |               0 |
|            Metric/avg_cross_state_asymmetry |         0.00921 |
|                Metric/avg_self_sa_asymmetry |               0 |
|               Metric/avg_cross_sa_asymmetry |          0.0095 |
|  Metric/self_state_action_to_state_distance |        0.000736 |
| Metric/cross_state_action_to_state_distance |            1.02 |
|                   Metric/h_lambda_diff_self |         0.00155 |
|                  Metric/h_lambda_diff_cross |           0.014 |
|                                 Eval/Return |            19.8 |
-----------------------------------------------------------------
-----------------------------------------------------------------
|                                 Train/Steps |         5.2e+05 |
|                            Loss/Loss_critic |         0.00698 |
|                             Loss/Loss_actor |           -1.25 |
|                             Loss/Loss_alpha |        -0.00011 |
|               Loss/Loss_state_action_metric |          0.0543 |
|                      Loss/Loss_state_metric |          0.0284 |
|             Loss/Loss_state_action_to_state |         0.00074 |
|                           Loss/Act_rep_loss |           0.735 |
|                                   SAC/Alpha |         0.00125 |
|                              SAC/LogPi_mean |            2.13 |
|                                 SAC/Q1_mean |            1.23 |
|                                 SAC/Q2_mean |            1.25 |
|                            Norm/actor_model |            56.9 |
|                           Norm/critic_model |            69.9 |
|              Norm/state_action_metric_model |            42.1 |
|                     Norm/state_metric_model |            39.8 |
|        Norm/state_action_state_metric_model |            41.4 |
|                  Metric/self_state_distance |         0.00302 |
|                 Metric/cross_state_distance |            1.04 |
|           Metric/self_state_action_distance |         0.00885 |
|          Metric/cross_state_action_distance |            1.06 |
|             Metric/avg_self_state_asymmetry |               0 |
|            Metric/avg_cross_state_asymmetry |         0.00863 |
|                Metric/avg_self_sa_asymmetry |               0 |
|               Metric/avg_cross_sa_asymmetry |          0.0107 |
|  Metric/self_state_action_to_state_distance |        0.000977 |
| Metric/cross_state_action_to_state_distance |            1.05 |
|                   Metric/h_lambda_diff_self |         0.00876 |
|                  Metric/h_lambda_diff_cross |          0.0153 |
|                                 Eval/Return |            32.8 |
-----------------------------------------------------------------
-----------------------------------------------------------------
|                                 Train/Steps |        6.48e+05 |
|                            Loss/Loss_critic |         0.00717 |
|                             Loss/Loss_actor |            -1.5 |
|                             Loss/Loss_alpha |        0.000163 |
|               Loss/Loss_state_action_metric |          0.0766 |
|                      Loss/Loss_state_metric |          0.0505 |
|             Loss/Loss_state_action_to_state |        0.000926 |
|                           Loss/Act_rep_loss |           0.436 |
|                                   SAC/Alpha |         0.00137 |
|                              SAC/LogPi_mean |             1.7 |
|                                 SAC/Q1_mean |            1.48 |
|                                 SAC/Q2_mean |            1.48 |
|                            Norm/actor_model |            63.6 |
|                           Norm/critic_model |            77.1 |
|              Norm/state_action_metric_model |            46.1 |
|                     Norm/state_metric_model |            43.4 |
|        Norm/state_action_state_metric_model |            44.9 |
|                  Metric/self_state_distance |         0.00139 |
|                 Metric/cross_state_distance |            1.11 |
|           Metric/self_state_action_distance |          0.0066 |
|          Metric/cross_state_action_distance |            1.14 |
|             Metric/avg_self_state_asymmetry |               0 |
|            Metric/avg_cross_state_asymmetry |         0.00775 |
|                Metric/avg_self_sa_asymmetry |               0 |
|               Metric/avg_cross_sa_asymmetry |          0.0124 |
|  Metric/self_state_action_to_state_distance |          0.0019 |
| Metric/cross_state_action_to_state_distance |            1.13 |
|                   Metric/h_lambda_diff_self |         0.00569 |
|                  Metric/h_lambda_diff_cross |          0.0155 |
|                                 Eval/Return |              38 |
-----------------------------------------------------------------
-----------------------------------------------------------------
|                                 Train/Steps |        7.76e+05 |
|                            Loss/Loss_critic |         0.00481 |
|                             Loss/Loss_actor |           -2.12 |
|                             Loss/Loss_alpha |       -5.81e-05 |
|               Loss/Loss_state_action_metric |           0.127 |
|                      Loss/Loss_state_metric |          0.0814 |
|             Loss/Loss_state_action_to_state |         0.00148 |
|                           Loss/Act_rep_loss |           0.572 |
|                                   SAC/Alpha |         0.00141 |
|                              SAC/LogPi_mean |            2.21 |
|                                 SAC/Q1_mean |            2.09 |
|                                 SAC/Q2_mean |            2.11 |
|                            Norm/actor_model |            69.6 |
|                           Norm/critic_model |            83.3 |
|              Norm/state_action_metric_model |            50.1 |
|                     Norm/state_metric_model |            47.3 |
|        Norm/state_action_state_metric_model |            48.3 |
|                  Metric/self_state_distance |         0.00216 |
|                 Metric/cross_state_distance |            1.17 |
|           Metric/self_state_action_distance |         0.00578 |
|          Metric/cross_state_action_distance |            1.23 |
|             Metric/avg_self_state_asymmetry |               0 |
|            Metric/avg_cross_state_asymmetry |         0.00839 |
|                Metric/avg_self_sa_asymmetry |               0 |
|               Metric/avg_cross_sa_asymmetry |          0.0164 |
|  Metric/self_state_action_to_state_distance |        0.000181 |
| Metric/cross_state_action_to_state_distance |            1.22 |
|                   Metric/h_lambda_diff_self |         0.00572 |
|                  Metric/h_lambda_diff_cross |          0.0243 |
|                                 Eval/Return |            50.1 |
-----------------------------------------------------------------
-----------------------------------------------------------------
|                                 Train/Steps |        9.04e+05 |
|                            Loss/Loss_critic |          0.0571 |
|                             Loss/Loss_actor |           -2.49 |
|                             Loss/Loss_alpha |       -6.34e-05 |
|               Loss/Loss_state_action_metric |           0.116 |
|                      Loss/Loss_state_metric |          0.0736 |
|             Loss/Loss_state_action_to_state |        0.000792 |
|                           Loss/Act_rep_loss |           0.695 |
|                                   SAC/Alpha |         0.00161 |
|                              SAC/LogPi_mean |            2.08 |
|                                 SAC/Q1_mean |            2.47 |
|                                 SAC/Q2_mean |            2.47 |
|                            Norm/actor_model |              75 |
|                           Norm/critic_model |            89.1 |
|              Norm/state_action_metric_model |            53.7 |
|                     Norm/state_metric_model |              51 |
|        Norm/state_action_state_metric_model |            51.7 |
|                  Metric/self_state_distance |         0.00342 |
|                 Metric/cross_state_distance |            1.16 |
|           Metric/self_state_action_distance |         0.00264 |
|          Metric/cross_state_action_distance |            1.21 |
|             Metric/avg_self_state_asymmetry |               0 |
|            Metric/avg_cross_state_asymmetry |         0.00873 |
|                Metric/avg_self_sa_asymmetry |               0 |
|               Metric/avg_cross_sa_asymmetry |          0.0144 |
|  Metric/self_state_action_to_state_distance |         0.00128 |
| Metric/cross_state_action_to_state_distance |            1.22 |
|                   Metric/h_lambda_diff_self |         0.00198 |
|                  Metric/h_lambda_diff_cross |          0.0166 |
|                                 Eval/Return |            41.6 |
-----------------------------------------------------------------
-----------------------------------------------------------------
|                                 Train/Steps |        1.03e+06 |
|                            Loss/Loss_critic |         0.00751 |
|                             Loss/Loss_actor |            -2.6 |
|                             Loss/Loss_alpha |        0.000281 |
|               Loss/Loss_state_action_metric |           0.126 |
|                      Loss/Loss_state_metric |           0.076 |
|             Loss/Loss_state_action_to_state |        0.000739 |
|                           Loss/Act_rep_loss |           0.352 |
|                                   SAC/Alpha |         0.00169 |
|                              SAC/LogPi_mean |            1.82 |
|                                 SAC/Q1_mean |            2.59 |
|                                 SAC/Q2_mean |            2.58 |
|                            Norm/actor_model |            80.2 |
|                           Norm/critic_model |              94 |
|              Norm/state_action_metric_model |            57.2 |
|                     Norm/state_metric_model |            54.7 |
|        Norm/state_action_state_metric_model |            54.8 |
|                  Metric/self_state_distance |          0.0025 |
|                 Metric/cross_state_distance |            1.15 |
|           Metric/self_state_action_distance |         0.00509 |
|          Metric/cross_state_action_distance |            1.22 |
|             Metric/avg_self_state_asymmetry |               0 |
|            Metric/avg_cross_state_asymmetry |         0.00802 |
|                Metric/avg_self_sa_asymmetry |               0 |
|               Metric/avg_cross_sa_asymmetry |          0.0126 |
|  Metric/self_state_action_to_state_distance |         0.00187 |
| Metric/cross_state_action_to_state_distance |            1.22 |
|                   Metric/h_lambda_diff_self |         0.00436 |
|                  Metric/h_lambda_diff_cross |          0.0152 |
|                                 Eval/Return |            50.5 |
-----------------------------------------------------------------
[32mSaving model …[0m
[32mDone.[0m
[32mSaving model …[0m
[32mDone.[0m
-----------------------------------------------------------------
|                                 Train/Steps |        1.16e+06 |
|                            Loss/Loss_critic |         0.00744 |
|                             Loss/Loss_actor |           -2.82 |
|                             Loss/Loss_alpha |        0.000452 |
|               Loss/Loss_state_action_metric |           0.151 |
|                      Loss/Loss_state_metric |          0.0868 |
|             Loss/Loss_state_action_to_state |        0.000848 |
|                           Loss/Act_rep_loss |           0.802 |
|                                   SAC/Alpha |         0.00184 |
|                              SAC/LogPi_mean |            1.78 |
|                                 SAC/Q1_mean |             2.8 |
|                                 SAC/Q2_mean |             2.8 |
|                            Norm/actor_model |            84.8 |
|                           Norm/critic_model |            98.7 |
|              Norm/state_action_metric_model |            60.6 |
|                     Norm/state_metric_model |              58 |
|        Norm/state_action_state_metric_model |            57.8 |
|                  Metric/self_state_distance |         0.00398 |
|                 Metric/cross_state_distance |            1.21 |
|           Metric/self_state_action_distance |         0.00319 |
|          Metric/cross_state_action_distance |            1.29 |
|             Metric/avg_self_state_asymmetry |               0 |
|            Metric/avg_cross_state_asymmetry |          0.0101 |
|                Metric/avg_self_sa_asymmetry |               0 |
|               Metric/avg_cross_sa_asymmetry |          0.0124 |
|  Metric/self_state_action_to_state_distance |         0.00267 |
| Metric/cross_state_action_to_state_distance |            1.29 |
|                   Metric/h_lambda_diff_self |         0.00392 |
|                  Metric/h_lambda_diff_cross |          0.0154 |
|                                 Eval/Return |              63 |
-----------------------------------------------------------------
-----------------------------------------------------------------
|                                 Train/Steps |        1.29e+06 |
|                            Loss/Loss_critic |          0.0132 |
|                             Loss/Loss_actor |           -3.34 |
|                             Loss/Loss_alpha |       -8.76e-05 |
|               Loss/Loss_state_action_metric |           0.197 |
|                      Loss/Loss_state_metric |           0.113 |
|             Loss/Loss_state_action_to_state |         0.00106 |
|                           Loss/Act_rep_loss |           0.447 |
|                                   SAC/Alpha |          0.0019 |
|                              SAC/LogPi_mean |            2.03 |
|                                 SAC/Q1_mean |            3.33 |
|                                 SAC/Q2_mean |            3.33 |
|                            Norm/actor_model |              89 |
|                           Norm/critic_model |             103 |
|              Norm/state_action_metric_model |            63.8 |
|                     Norm/state_metric_model |            61.5 |
|        Norm/state_action_state_metric_model |              61 |
|                  Metric/self_state_distance |         0.00264 |
|                 Metric/cross_state_distance |            1.25 |
|           Metric/self_state_action_distance |         0.00757 |
|          Metric/cross_state_action_distance |            1.36 |
|             Metric/avg_self_state_asymmetry |               0 |
|            Metric/avg_cross_state_asymmetry |         0.00935 |
|                Metric/avg_self_sa_asymmetry |               0 |
|               Metric/avg_cross_sa_asymmetry |          0.0132 |
|  Metric/self_state_action_to_state_distance |         0.00137 |
| Metric/cross_state_action_to_state_distance |            1.35 |
|                   Metric/h_lambda_diff_self |         0.00714 |
|                  Metric/h_lambda_diff_cross |          0.0176 |
|                                 Eval/Return |            56.6 |
-----------------------------------------------------------------
-----------------------------------------------------------------
|                                 Train/Steps |        1.42e+06 |
|                            Loss/Loss_critic |          0.0056 |
|                             Loss/Loss_actor |           -3.29 |
|                             Loss/Loss_alpha |        0.000208 |
|               Loss/Loss_state_action_metric |           0.173 |
|                      Loss/Loss_state_metric |           0.106 |
|             Loss/Loss_state_action_to_state |        0.000561 |
|                           Loss/Act_rep_loss |           0.444 |
|                                   SAC/Alpha |         0.00185 |
|                              SAC/LogPi_mean |            1.78 |
|                                 SAC/Q1_mean |            3.28 |
|                                 SAC/Q2_mean |            3.27 |
|                            Norm/actor_model |              93 |
|                           Norm/critic_model |             108 |
|              Norm/state_action_metric_model |              67 |
|                     Norm/state_metric_model |            64.7 |
|        Norm/state_action_state_metric_model |              64 |
|                  Metric/self_state_distance |         0.00342 |
|                 Metric/cross_state_distance |            1.24 |
|           Metric/self_state_action_distance |         0.00379 |
|          Metric/cross_state_action_distance |            1.32 |
|             Metric/avg_self_state_asymmetry |               0 |
|            Metric/avg_cross_state_asymmetry |         0.00907 |
|                Metric/avg_self_sa_asymmetry |               0 |
|               Metric/avg_cross_sa_asymmetry |          0.0116 |
|  Metric/self_state_action_to_state_distance |        0.000434 |
| Metric/cross_state_action_to_state_distance |            1.33 |
|                   Metric/h_lambda_diff_self |          0.0034 |
|                  Metric/h_lambda_diff_cross |          0.0178 |
|                                 Eval/Return |            49.1 |
-----------------------------------------------------------------
-----------------------------------------------------------------
|                                 Train/Steps |        1.54e+06 |
|                            Loss/Loss_critic |         0.00909 |
|                             Loss/Loss_actor |            -3.5 |
|                             Loss/Loss_alpha |        0.000357 |
|               Loss/Loss_state_action_metric |           0.163 |
|                      Loss/Loss_state_metric |           0.105 |
|             Loss/Loss_state_action_to_state |        0.000679 |
|                           Loss/Act_rep_loss |         -0.0391 |
|                                   SAC/Alpha |         0.00193 |
|                              SAC/LogPi_mean |            1.87 |
|                                 SAC/Q1_mean |             3.5 |
|                                 SAC/Q2_mean |            3.49 |
|                            Norm/actor_model |            96.8 |
|                           Norm/critic_model |             112 |
|              Norm/state_action_metric_model |            70.2 |
|                     Norm/state_metric_model |            67.9 |
|        Norm/state_action_state_metric_model |            67.2 |
|                  Metric/self_state_distance |         0.00266 |
|                 Metric/cross_state_distance |            1.25 |
|           Metric/self_state_action_distance |         0.00629 |
|          Metric/cross_state_action_distance |            1.34 |
|             Metric/avg_self_state_asymmetry |               0 |
|            Metric/avg_cross_state_asymmetry |         0.00938 |
|                Metric/avg_self_sa_asymmetry |               0 |
|               Metric/avg_cross_sa_asymmetry |          0.0153 |
|  Metric/self_state_action_to_state_distance |        0.000853 |
| Metric/cross_state_action_to_state_distance |            1.33 |
|                   Metric/h_lambda_diff_self |         0.00578 |
|                  Metric/h_lambda_diff_cross |          0.0195 |
|                                 Eval/Return |              54 |
-----------------------------------------------------------------
-----------------------------------------------------------------
|                                 Train/Steps |        1.67e+06 |
|                            Loss/Loss_critic |         0.00641 |
|                             Loss/Loss_actor |           -3.89 |
|                             Loss/Loss_alpha |       -0.000983 |
|               Loss/Loss_state_action_metric |           0.206 |
|                      Loss/Loss_state_metric |            0.13 |
|             Loss/Loss_state_action_to_state |        0.000551 |
|                           Loss/Act_rep_loss |            0.25 |
|                                   SAC/Alpha |         0.00203 |
|                              SAC/LogPi_mean |             2.5 |
|                                 SAC/Q1_mean |            3.88 |
|                                 SAC/Q2_mean |            3.87 |
|                            Norm/actor_model |             100 |
|                           Norm/critic_model |             116 |
|              Norm/state_action_metric_model |            73.4 |
|                     Norm/state_metric_model |            71.2 |
|        Norm/state_action_state_metric_model |            70.2 |
|                  Metric/self_state_distance |         0.00142 |
|                 Metric/cross_state_distance |            1.29 |
|           Metric/self_state_action_distance |         0.00242 |
|          Metric/cross_state_action_distance |            1.39 |
|             Metric/avg_self_state_asymmetry |               0 |
|            Metric/avg_cross_state_asymmetry |         0.00787 |
|                Metric/avg_self_sa_asymmetry |               0 |
|               Metric/avg_cross_sa_asymmetry |          0.0116 |
|  Metric/self_state_action_to_state_distance |        0.000863 |
| Metric/cross_state_action_to_state_distance |            1.39 |
|                   Metric/h_lambda_diff_self |         0.00215 |
|                  Metric/h_lambda_diff_cross |          0.0148 |
|                                 Eval/Return |            55.1 |
-----------------------------------------------------------------
E0905 15:52:01.671680  792397 cuda_executor.cc:1526] Could not get kernel mode driver version: (INVALID_ARGUMENT: Version does not match the format X.Y.Z)
E0905 15:52:01.680211  792287 cuda_executor.cc:1526] Could not get kernel mode driver version: (INVALID_ARGUMENT: Version does not match the format X.Y.Z)
[32mStart prefilling replay buffer[0m
[32mStart SAC training[0m
[32m{'log_freq': 1000, 'save_freq': 1000000, 'eval_episode_freq': 10, 'hidden_size': 256, 'lr': 0.001, 'max_grad_norm': 0.0, 'gamma': 0.99, 'update_tau': 0.005, 'train_per_step': 8, 'episode_length': 1000, 'warmup_samples': 8192, 'max_replay_size': 4000000, 'batch_size': 512, 'total_env_steps': 5000000, 'init_temperature': 0.1, 'nstep': 3, 'bootstrap_on_truncation': True, 'rep_lr_scale': 1.5, 'vis_feq': 100000, 'n_vis_frames': 4, 'num_envs': 128, 'grad_steps': 50, 'transfer_freq': 10, 'transfer_steps': 8, 'reward_scaling': 1.0, 'num_eval_envs': 128, 'target_entropy': -2.0}[0m
[32m[nstep] nstep=3 bootstrap_on_truncation=True (discount from the buffer already contains gamma^nstep)[0m
-----------------------------------------------------------------
|                                 Train/Steps |        1.36e+05 |
|                            Loss/Loss_critic |        0.000466 |
|                             Loss/Loss_actor |          -0.652 |
|                             Loss/Loss_alpha |         0.00653 |
|               Loss/Loss_state_action_metric |         0.00371 |
|                      Loss/Loss_state_metric |         0.00256 |
|             Loss/Loss_state_action_to_state |        3.79e-05 |
|                           Loss/Act_rep_loss |          -0.664 |
|                                   SAC/Alpha |         0.00161 |
|                              SAC/LogPi_mean |           -2.06 |
|                                 SAC/Q1_mean |            0.65 |
|                                 SAC/Q2_mean |            0.65 |
|                            Norm/actor_model |            26.9 |
|                           Norm/critic_model |            35.5 |
|              Norm/state_action_metric_model |            30.9 |
|                     Norm/state_metric_model |            31.2 |
|        Norm/state_action_state_metric_model |              31 |
|                  Metric/self_state_distance |         0.00129 |
|                 Metric/cross_state_distance |           0.924 |
|           Metric/self_state_action_distance |         0.00263 |
|          Metric/cross_state_action_distance |           0.894 |
|             Metric/avg_self_state_asymmetry |               0 |
|            Metric/avg_cross_state_asymmetry |         0.00332 |
|                Metric/avg_self_sa_asymmetry |               0 |
|               Metric/avg_cross_sa_asymmetry |         0.00497 |
|  Metric/self_state_action_to_state_distance |         0.00107 |
| Metric/cross_state_action_to_state_distance |           0.902 |
|                   Metric/h_lambda_diff_self |         0.00233 |
|                  Metric/h_lambda_diff_cross |          0.0104 |
|                                 Eval/Return |           0.604 |
-----------------------------------------------------------------
-----------------------------------------------------------------
|                                 Train/Steps |        2.64e+05 |
|                            Loss/Loss_critic |        0.000214 |
|                             Loss/Loss_actor |          -0.204 |
|                             Loss/Loss_alpha |        0.000189 |
|               Loss/Loss_state_action_metric |         0.00822 |
|                      Loss/Loss_state_metric |         0.00408 |
|             Loss/Loss_state_action_to_state |        0.000144 |
|                           Loss/Act_rep_loss |           0.721 |
|                                   SAC/Alpha |         7.1e-05 |
|                              SAC/LogPi_mean |          -0.857 |
|                                 SAC/Q1_mean |           0.203 |
|                                 SAC/Q2_mean |           0.201 |
|                            Norm/actor_model |            35.7 |
|                           Norm/critic_model |            48.7 |
|              Norm/state_action_metric_model |            33.1 |
|                     Norm/state_metric_model |            32.3 |
|        Norm/state_action_state_metric_model |            32.1 |
|                  Metric/self_state_distance |         0.00159 |
|                 Metric/cross_state_distance |           0.943 |
|           Metric/self_state_action_distance |         0.00462 |
|          Metric/cross_state_action_distance |           0.924 |
|             Metric/avg_self_state_asymmetry |               0 |
|            Metric/avg_cross_state_asymmetry |         0.00373 |
|                Metric/avg_self_sa_asymmetry |               0 |
|               Metric/avg_cross_sa_asymmetry |         0.00607 |
|  Metric/self_state_action_to_state_distance |         0.00165 |
| Metric/cross_state_action_to_state_distance |           0.923 |
|                   Metric/h_lambda_diff_self |         0.00363 |
|                  Metric/h_lambda_diff_cross |         0.00688 |
|                                 Eval/Return |           0.516 |
-----------------------------------------------------------------
-----------------------------------------------------------------
|                                 Train/Steps |        3.92e+05 |
|                            Loss/Loss_critic |        0.000424 |
|                             Loss/Loss_actor |          -0.112 |
|                             Loss/Loss_alpha |         4.7e-05 |
|               Loss/Loss_state_action_metric |          0.0208 |
|                      Loss/Loss_state_metric |         0.00659 |
|             Loss/Loss_state_action_to_state |         0.00096 |
|                           Loss/Act_rep_loss |           0.244 |
|                                   SAC/Alpha |        0.000144 |
|                              SAC/LogPi_mean |            1.68 |
|                                 SAC/Q1_mean |           0.113 |
|                                 SAC/Q2_mean |           0.108 |
|                            Norm/actor_model |            40.6 |
|                           Norm/critic_model |            56.2 |
|              Norm/state_action_metric_model |            36.7 |
|                     Norm/state_metric_model |            35.6 |
|        Norm/state_action_state_metric_model |            35.1 |
|                  Metric/self_state_distance |         0.00149 |
|                 Metric/cross_state_distance |            0.96 |
|           Metric/self_state_action_distance |         0.00254 |
|          Metric/cross_state_action_distance |           0.953 |
|             Metric/avg_self_state_asymmetry |               0 |
|            Metric/avg_cross_state_asymmetry |         0.00531 |
|                Metric/avg_self_sa_asymmetry |               0 |
|               Metric/avg_cross_sa_asymmetry |         0.00844 |
|  Metric/self_state_action_to_state_distance |        0.000788 |
| Metric/cross_state_action_to_state_distance |           0.944 |
|                   Metric/h_lambda_diff_self |         0.00224 |
|                  Metric/h_lambda_diff_cross |          0.0128 |
|                                 Eval/Return |            3.26 |
-----------------------------------------------------------------
-----------------------------------------------------------------
|                                 Train/Steps |         5.2e+05 |
|                            Loss/Loss_critic |         0.00666 |
|                             Loss/Loss_actor |          -0.304 |
|                             Loss/Loss_alpha |        0.000118 |
|               Loss/Loss_state_action_metric |         0.00675 |
|                      Loss/Loss_state_metric |          0.0035 |
|             Loss/Loss_state_action_to_state |        0.000381 |
|                           Loss/Act_rep_loss |           0.164 |
|                                   SAC/Alpha |         0.00107 |
|                              SAC/LogPi_mean |            1.79 |
|                                 SAC/Q1_mean |           0.296 |
|                                 SAC/Q2_mean |           0.293 |
|                            Norm/actor_model |            47.3 |
|                           Norm/critic_model |              63 |
|              Norm/state_action_metric_model |            40.9 |
|                     Norm/state_metric_model |            39.1 |
|        Norm/state_action_state_metric_model |            39.2 |
|                  Metric/self_state_distance |         0.00238 |
|                 Metric/cross_state_distance |           0.969 |
|           Metric/self_state_action_distance |         0.00501 |
|          Metric/cross_state_action_distance |           0.953 |
|             Metric/avg_self_state_asymmetry |               0 |
|            Metric/avg_cross_state_asymmetry |         0.00447 |
|                Metric/avg_self_sa_asymmetry |               0 |
|               Metric/avg_cross_sa_asymmetry |         0.00598 |
|  Metric/self_state_action_to_state_distance |         0.00187 |
| Metric/cross_state_action_to_state_distance |           0.947 |
|                   Metric/h_lambda_diff_self |         0.00396 |
|                  Metric/h_lambda_diff_cross |         0.00866 |
|                                 Eval/Return |            3.59 |
-----------------------------------------------------------------
-----------------------------------------------------------------
|                                 Train/Steps |        6.48e+05 |
|                            Loss/Loss_critic |         0.00939 |
|                             Loss/Loss_actor |          -0.675 |
|                             Loss/Loss_alpha |        0.000353 |
|               Loss/Loss_state_action_metric |          0.0291 |
|                      Loss/Loss_state_metric |          0.0165 |
|             Loss/Loss_state_action_to_state |        0.000932 |
|                           Loss/Act_rep_loss |           0.568 |
|                                   SAC/Alpha |         0.00148 |
|                              SAC/LogPi_mean |            1.84 |
|                                 SAC/Q1_mean |           0.664 |
|                                 SAC/Q2_mean |           0.659 |
|                            Norm/actor_model |            54.3 |
|                           Norm/critic_model |            68.9 |
|              Norm/state_action_metric_model |            45.2 |
|                     Norm/state_metric_model |            42.9 |
|        Norm/state_action_state_metric_model |            43.7 |
|                  Metric/self_state_distance |         0.00127 |
|                 Metric/cross_state_distance |               1 |
|           Metric/self_state_action_distance |         0.00264 |
|          Metric/cross_state_action_distance |               1 |
|             Metric/avg_self_state_asymmetry |               0 |
|            Metric/avg_cross_state_asymmetry |          0.0049 |
|                Metric/avg_self_sa_asymmetry |               0 |
|               Metric/avg_cross_sa_asymmetry |         0.00679 |
|  Metric/self_state_action_to_state_distance |         0.00262 |
| Metric/cross_state_action_to_state_distance |               1 |
|                   Metric/h_lambda_diff_self |         0.00247 |
|                  Metric/h_lambda_diff_cross |         0.00914 |
|                                 Eval/Return |              22 |
-----------------------------------------------------------------
-----------------------------------------------------------------
|                                 Train/Steps |        7.76e+05 |
|                            Loss/Loss_critic |         0.00856 |
|                             Loss/Loss_actor |          -0.929 |
|                             Loss/Loss_alpha |        -0.00012 |
|               Loss/Loss_state_action_metric |          0.0476 |
|                      Loss/Loss_state_metric |          0.0231 |
|             Loss/Loss_state_action_to_state |         0.00111 |
|                           Loss/Act_rep_loss |           0.508 |
|                                   SAC/Alpha |         0.00141 |
|                              SAC/LogPi_mean |            2.19 |
|                                 SAC/Q1_mean |           0.922 |
|                                 SAC/Q2_mean |           0.917 |
|                            Norm/actor_model |            60.4 |
|                           Norm/critic_model |            74.5 |
|              Norm/state_action_metric_model |            49.3 |
|                     Norm/state_metric_model |            46.7 |
|        Norm/state_action_state_metric_model |            47.4 |
|                  Metric/self_state_distance |         0.00206 |
|                 Metric/cross_state_distance |            1.03 |
|           Metric/self_state_action_distance |         0.00262 |
|          Metric/cross_state_action_distance |            1.04 |
|             Metric/avg_self_state_asymmetry |               0 |
|            Metric/avg_cross_state_asymmetry |         0.00718 |
|                Metric/avg_self_sa_asymmetry |               0 |
|               Metric/avg_cross_sa_asymmetry |         0.00783 |
|  Metric/self_state_action_to_state_distance |         0.00167 |
| Metric/cross_state_action_to_state_distance |            1.03 |
|                   Metric/h_lambda_diff_self |         0.00241 |
|                  Metric/h_lambda_diff_cross |           0.014 |
|                                 Eval/Return |            33.5 |
-----------------------------------------------------------------
-----------------------------------------------------------------
|                                 Train/Steps |        9.04e+05 |
|                            Loss/Loss_critic |         0.00665 |
|                             Loss/Loss_actor |           -1.45 |
|                             Loss/Loss_alpha |       -0.000517 |
|               Loss/Loss_state_action_metric |           0.074 |
|                      Loss/Loss_state_metric |          0.0421 |
|             Loss/Loss_state_action_to_state |        0.000902 |
|                           Loss/Act_rep_loss |           0.694 |
|                                   SAC/Alpha |         0.00179 |
|                              SAC/LogPi_mean |            2.18 |
|                                 SAC/Q1_mean |            1.43 |
|                                 SAC/Q2_mean |            1.43 |
|                            Norm/actor_model |            66.1 |
|                           Norm/critic_model |            80.1 |
|              Norm/state_action_metric_model |            53.2 |
|                     Norm/state_metric_model |            50.6 |
|        Norm/state_action_state_metric_model |            51.2 |
|                  Metric/self_state_distance |         0.00115 |
|                 Metric/cross_state_distance |            1.09 |
|           Metric/self_state_action_distance |         0.00208 |
|          Metric/cross_state_action_distance |            1.09 |
|             Metric/avg_self_state_asymmetry |               0 |
|            Metric/avg_cross_state_asymmetry |         0.00647 |
|                Metric/avg_self_sa_asymmetry |               0 |
|               Metric/avg_cross_sa_asymmetry |          0.0101 |
|  Metric/self_state_action_to_state_distance |         0.00148 |
| Metric/cross_state_action_to_state_distance |            1.09 |
|                   Metric/h_lambda_diff_self |         0.00232 |
|                  Metric/h_lambda_diff_cross |           0.014 |
|                                 Eval/Return |            35.5 |
-----------------------------------------------------------------
-----------------------------------------------------------------
|                                 Train/Steps |        1.03e+06 |
|                            Loss/Loss_critic |          0.0103 |
|                             Loss/Loss_actor |           -1.72 |
|                             Loss/Loss_alpha |        7.27e-05 |
|               Loss/Loss_state_action_metric |          0.0926 |
|                      Loss/Loss_state_metric |          0.0591 |
|             Loss/Loss_state_action_to_state |        0.000458 |
|                           Loss/Act_rep_loss |           0.242 |
|                                   SAC/Alpha |         0.00202 |
|                              SAC/LogPi_mean |            1.94 |
|                                 SAC/Q1_mean |            1.71 |
|                                 SAC/Q2_mean |             1.7 |
|                            Norm/actor_model |            71.4 |
|                           Norm/critic_model |            85.1 |
|              Norm/state_action_metric_model |            56.7 |
|                     Norm/state_metric_model |            54.6 |
|        Norm/state_action_state_metric_model |            54.9 |
|                  Metric/self_state_distance |         0.00171 |
|                 Metric/cross_state_distance |            1.12 |
|           Metric/self_state_action_distance |         0.00281 |
|          Metric/cross_state_action_distance |            1.16 |
|             Metric/avg_self_state_asymmetry |               0 |
|            Metric/avg_cross_state_asymmetry |          0.0065 |
|                Metric/avg_self_sa_asymmetry |               0 |
|               Metric/avg_cross_sa_asymmetry |          0.0097 |
|  Metric/self_state_action_to_state_distance |         0.00149 |
| Metric/cross_state_action_to_state_distance |            1.16 |
|                   Metric/h_lambda_diff_self |         0.00266 |
|                  Metric/h_lambda_diff_cross |          0.0137 |
|                                 Eval/Return |            45.8 |
-----------------------------------------------------------------
[32mSaving model …[0m
[32mDone.[0m
[32mSaving model …[0m
[32mDone.[0m
-----------------------------------------------------------------
|                                 Train/Steps |        1.16e+06 |
|                            Loss/Loss_critic |          0.0106 |
|                             Loss/Loss_actor |           -1.95 |
|                             Loss/Loss_alpha |         0.00011 |
|               Loss/Loss_state_action_metric |          0.0965 |
|                      Loss/Loss_state_metric |          0.0566 |
|             Loss/Loss_state_action_to_state |        0.000492 |
|                           Loss/Act_rep_loss |            1.06 |
|                                   SAC/Alpha |          0.0022 |
|                              SAC/LogPi_mean |            1.96 |
|                                 SAC/Q1_mean |            1.94 |
|                                 SAC/Q2_mean |            1.94 |
|                            Norm/actor_model |            76.4 |
|                           Norm/critic_model |            89.9 |
|              Norm/state_action_metric_model |            60.3 |
|                     Norm/state_metric_model |            58.3 |
|        Norm/state_action_state_metric_model |            58.2 |
|                  Metric/self_state_distance |         0.00369 |
|                 Metric/cross_state_distance |            1.12 |
|           Metric/self_state_action_distance |          0.0018 |
|          Metric/cross_state_action_distance |            1.16 |
|             Metric/avg_self_state_asymmetry |               0 |
|            Metric/avg_cross_state_asymmetry |         0.00656 |
|                Metric/avg_self_sa_asymmetry |               0 |
|               Metric/avg_cross_sa_asymmetry |          0.0102 |
|  Metric/self_state_action_to_state_distance |         0.00262 |
| Metric/cross_state_action_to_state_distance |            1.17 |
|                   Metric/h_lambda_diff_self |         0.00259 |
|                  Metric/h_lambda_diff_cross |          0.0121 |
|                                 Eval/Return |            51.4 |
-----------------------------------------------------------------
-----------------------------------------------------------------
|                                 Train/Steps |        1.29e+06 |
|                            Loss/Loss_critic |          0.0136 |
|                             Loss/Loss_actor |           -2.29 |
|                             Loss/Loss_alpha |        0.000189 |
|               Loss/Loss_state_action_metric |             0.1 |
|                      Loss/Loss_state_metric |          0.0624 |
|             Loss/Loss_state_action_to_state |        0.000548 |
|                           Loss/Act_rep_loss |          0.0108 |
|                                   SAC/Alpha |         0.00215 |
|                              SAC/LogPi_mean |            1.88 |
|                                 SAC/Q1_mean |            2.27 |
|                                 SAC/Q2_mean |            2.28 |
|                            Norm/actor_model |            81.2 |
|                           Norm/critic_model |            94.3 |
|              Norm/state_action_metric_model |            63.7 |
|                     Norm/state_metric_model |            61.9 |
|        Norm/state_action_state_metric_model |            61.4 |
|                  Metric/self_state_distance |        0.000362 |
|                 Metric/cross_state_distance |            1.13 |
|           Metric/self_state_action_distance |         0.00394 |
|          Metric/cross_state_action_distance |            1.18 |
|             Metric/avg_self_state_asymmetry |               0 |
|            Metric/avg_cross_state_asymmetry |         0.00697 |
|                Metric/avg_self_sa_asymmetry |               0 |
|               Metric/avg_cross_sa_asymmetry |         0.00963 |
|  Metric/self_state_action_to_state_distance |           0.001 |
| Metric/cross_state_action_to_state_distance |            1.19 |
|                   Metric/h_lambda_diff_self |         0.00375 |
|                  Metric/h_lambda_diff_cross |          0.0141 |
|                                 Eval/Return |            53.8 |
-----------------------------------------------------------------
-----------------------------------------------------------------
|                                 Train/Steps |        1.42e+06 |
|                            Loss/Loss_critic |         0.00894 |
|                             Loss/Loss_actor |           -2.52 |
|                             Loss/Loss_alpha |        0.000192 |
|               Loss/Loss_state_action_metric |           0.156 |
|                      Loss/Loss_state_metric |          0.0978 |
|             Loss/Loss_state_action_to_state |        0.000556 |
|                           Loss/Act_rep_loss |           0.304 |
|                                   SAC/Alpha |         0.00246 |
|                              SAC/LogPi_mean |            1.85 |
|                                 SAC/Q1_mean |             2.5 |
|                                 SAC/Q2_mean |            2.51 |
|                            Norm/actor_model |            85.7 |
|                           Norm/critic_model |            98.5 |
|              Norm/state_action_metric_model |              67 |
|                     Norm/state_metric_model |            65.7 |
|        Norm/state_action_state_metric_model |            64.5 |
|                  Metric/self_state_distance |         0.00196 |
|                 Metric/cross_state_distance |            1.22 |
|           Metric/self_state_action_distance |         0.00283 |
|          Metric/cross_state_action_distance |             1.3 |
|             Metric/avg_self_state_asymmetry |               0 |
|            Metric/avg_cross_state_asymmetry |         0.00725 |
|                Metric/avg_self_sa_asymmetry |               0 |
|               Metric/avg_cross_sa_asymmetry |          0.0114 |
|  Metric/self_state_action_to_state_distance |         0.00187 |
| Metric/cross_state_action_to_state_distance |            1.31 |
|                   Metric/h_lambda_diff_self |         0.00265 |
|                  Metric/h_lambda_diff_cross |          0.0147 |
|                                 Eval/Return |            47.1 |
-----------------------------------------------------------------
-----------------------------------------------------------------
|                                 Train/Steps |        1.54e+06 |
|                            Loss/Loss_critic |          0.0187 |
|                             Loss/Loss_actor |           -3.16 |
|                             Loss/Loss_alpha |       -0.000378 |
|               Loss/Loss_state_action_metric |           0.148 |
|                      Loss/Loss_state_metric |          0.0923 |
|             Loss/Loss_state_action_to_state |        0.000467 |
|                           Loss/Act_rep_loss |           0.861 |
|                                   SAC/Alpha |         0.00314 |
|                              SAC/LogPi_mean |            2.09 |
|                                 SAC/Q1_mean |            3.15 |
|                                 SAC/Q2_mean |            3.14 |
|                            Norm/actor_model |            90.2 |
|                           Norm/critic_model |             102 |
|              Norm/state_action_metric_model |            70.2 |
|                     Norm/state_metric_model |            69.1 |
|        Norm/state_action_state_metric_model |            67.6 |
|                  Metric/self_state_distance |         0.00134 |
|                 Metric/cross_state_distance |            1.19 |
|           Metric/self_state_action_distance |         0.00238 |
|          Metric/cross_state_action_distance |            1.28 |
|             Metric/avg_self_state_asymmetry |               0 |
|            Metric/avg_cross_state_asymmetry |          0.0071 |
|                Metric/avg_self_sa_asymmetry |               0 |
|               Metric/avg_cross_sa_asymmetry |          0.0111 |
|  Metric/self_state_action_to_state_distance |          0.0012 |
| Metric/cross_state_action_to_state_distance |            1.28 |
|                   Metric/h_lambda_diff_self |         0.00229 |
|                  Metric/h_lambda_diff_cross |          0.0134 |
|                                 Eval/Return |            64.6 |
-----------------------------------------------------------------
-----------------------------------------------------------------
|                                 Train/Steps |        1.67e+06 |
|                            Loss/Loss_critic |          0.0147 |
|                             Loss/Loss_actor |           -3.47 |
|                             Loss/Loss_alpha |       -3.05e-05 |
|               Loss/Loss_state_action_metric |           0.222 |
|                      Loss/Loss_state_metric |           0.106 |
|             Loss/Loss_state_action_to_state |        0.000432 |
|                           Loss/Act_rep_loss |           0.885 |
|                                   SAC/Alpha |          0.0036 |
|                              SAC/LogPi_mean |            2.05 |
|                                 SAC/Q1_mean |            3.46 |
|                                 SAC/Q2_mean |            3.46 |
|                            Norm/actor_model |              94 |
|                           Norm/critic_model |             106 |
|              Norm/state_action_metric_model |            73.6 |
|                     Norm/state_metric_model |            72.1 |
|        Norm/state_action_state_metric_model |            70.5 |
|                  Metric/self_state_distance |         0.00102 |
|                 Metric/cross_state_distance |            1.21 |
|           Metric/self_state_action_distance |           0.004 |
|          Metric/cross_state_action_distance |            1.27 |
|             Metric/avg_self_state_asymmetry |               0 |
|            Metric/avg_cross_state_asymmetry |         0.00727 |
|                Metric/avg_self_sa_asymmetry |               0 |
|               Metric/avg_cross_sa_asymmetry |          0.0114 |
|  Metric/self_state_action_to_state_distance |         0.00233 |
| Metric/cross_state_action_to_state_distance |            1.29 |
|                   Metric/h_lambda_diff_self |         0.00398 |
|                  Metric/h_lambda_diff_cross |          0.0162 |
|                                 Eval/Return |            83.1 |
-----------------------------------------------------------------
-----------------------------------------------------------------
|                                 Train/Steps |         1.8e+06 |
|                            Loss/Loss_critic |          0.0194 |
|                             Loss/Loss_actor |           -3.61 |
|                             Loss/Loss_alpha |         0.00151 |
|               Loss/Loss_state_action_metric |           0.168 |
|                      Loss/Loss_state_metric |           0.102 |
|             Loss/Loss_state_action_to_state |         0.00126 |
|                           Loss/Act_rep_loss |            0.99 |
|                                   SAC/Alpha |         0.00411 |
|                              SAC/LogPi_mean |            1.66 |
|                                 SAC/Q1_mean |            3.58 |
|                                 SAC/Q2_mean |            3.58 |
|                            Norm/actor_model |            97.8 |
|                           Norm/critic_model |             110 |
|              Norm/state_action_metric_model |            76.4 |
|                     Norm/state_metric_model |            75.3 |
|        Norm/state_action_state_metric_model |            73.4 |
|                  Metric/self_state_distance |         0.00147 |
|                 Metric/cross_state_distance |            1.21 |
|           Metric/self_state_action_distance |         0.00457 |
|          Metric/cross_state_action_distance |            1.29 |
|             Metric/avg_self_state_asymmetry |               0 |
|            Metric/avg_cross_state_asymmetry |         0.00851 |
|                Metric/avg_self_sa_asymmetry |               0 |
|               Metric/avg_cross_sa_asymmetry |          0.0102 |
|  Metric/self_state_action_to_state_distance |         0.00113 |
| Metric/cross_state_action_to_state_distance |            1.28 |
|                   Metric/h_lambda_diff_self |         0.00431 |
|                  Metric/h_lambda_diff_cross |          0.0178 |
|                                 Eval/Return |            77.2 |
-----------------------------------------------------------------
-----------------------------------------------------------------
|                                 Train/Steps |        1.93e+06 |
|                            Loss/Loss_critic |          0.0174 |
|                             Loss/Loss_actor |           -4.37 |
|                             Loss/Loss_alpha |        -0.00152 |
|               Loss/Loss_state_action_metric |           0.241 |
|                      Loss/Loss_state_metric |           0.146 |
|             Loss/Loss_state_action_to_state |        0.000688 |
|                           Loss/Act_rep_loss |           0.852 |
|                                   SAC/Alpha |         0.00438 |
|                              SAC/LogPi_mean |            2.28 |
|                                 SAC/Q1_mean |            4.36 |
|                                 SAC/Q2_mean |            4.35 |
|                            Norm/actor_model |             101 |
|                           Norm/critic_model |             114 |
|              Norm/state_action_metric_model |            79.3 |
|                     Norm/state_metric_model |            78.2 |
|        Norm/state_action_state_metric_model |            76.2 |
|                  Metric/self_state_distance |         0.00216 |
|                 Metric/cross_state_distance |            1.29 |
|           Metric/self_state_action_distance |         0.00553 |
|          Metric/cross_state_action_distance |            1.42 |
|             Metric/avg_self_state_asymmetry |               0 |
|            Metric/avg_cross_state_asymmetry |         0.00779 |
|                Metric/avg_self_sa_asymmetry |               0 |
|               Metric/avg_cross_sa_asymmetry |          0.0125 |
|  Metric/self_state_action_to_state_distance |        0.000558 |
| Metric/cross_state_action_to_state_distance |            1.41 |
|                   Metric/h_lambda_diff_self |          0.0052 |
|                  Metric/h_lambda_diff_cross |          0.0206 |
|                                 Eval/Return |              88 |
-----------------------------------------------------------------
-----------------------------------------------------------------
|                                 Train/Steps |        2.06e+06 |
|                            Loss/Loss_critic |          0.0196 |
|                             Loss/Loss_actor |           -4.41 |
|                             Loss/Loss_alpha |        1.64e-05 |
|               Loss/Loss_state_action_metric |           0.248 |
|                      Loss/Loss_state_metric |           0.157 |
|             Loss/Loss_state_action_to_state |        0.000499 |
|                           Loss/Act_rep_loss |           0.567 |
|                                   SAC/Alpha |          0.0048 |
|                              SAC/LogPi_mean |            1.94 |
|                                 SAC/Q1_mean |             4.4 |
|                                 SAC/Q2_mean |            4.41 |
|                            Norm/actor_model |             105 |
|                           Norm/critic_model |             117 |
|              Norm/state_action_metric_model |              82 |
|                     Norm/state_metric_model |            81.1 |
|        Norm/state_action_state_metric_model |            78.7 |
|                  Metric/self_state_distance |         0.00108 |
|                 Metric/cross_state_distance |             1.3 |
|           Metric/self_state_action_distance |         0.00259 |
|          Metric/cross_state_action_distance |             1.4 |
|             Metric/avg_self_state_asymmetry |               0 |
|            Metric/avg_cross_state_asymmetry |          0.0102 |
|                Metric/avg_self_sa_asymmetry |               0 |
|               Metric/avg_cross_sa_asymmetry |          0.0117 |
|  Metric/self_state_action_to_state_distance |        0.000519 |
| Metric/cross_state_action_to_state_distance |             1.4 |
|                   Metric/h_lambda_diff_self |         0.00238 |
|                  Metric/h_lambda_diff_cross |          0.0137 |
|                                 Eval/Return |             109 |
-----------------------------------------------------------------
[32mSaving model …[0m
[32mDone.[0m
[32mSaving model …[0m
[32mDone.[0m
-----------------------------------------------------------------
|                                 Train/Steps |        2.18e+06 |
|                            Loss/Loss_critic |           0.013 |
|                             Loss/Loss_actor |           -4.02 |
|                             Loss/Loss_alpha |         0.00207 |
|               Loss/Loss_state_action_metric |           0.255 |
|                      Loss/Loss_state_metric |           0.157 |
|             Loss/Loss_state_action_to_state |        0.000619 |
|                           Loss/Act_rep_loss |           0.723 |
|                                   SAC/Alpha |         0.00479 |
|                              SAC/LogPi_mean |             1.5 |
|                                 SAC/Q1_mean |            4.02 |
|                                 SAC/Q2_mean |            4.01 |
|                            Norm/actor_model |             108 |
|                           Norm/critic_model |             120 |
|              Norm/state_action_metric_model |            84.7 |
|                     Norm/state_metric_model |            83.9 |
|        Norm/state_action_state_metric_model |            81.3 |
|                  Metric/self_state_distance |        0.000603 |
|                 Metric/cross_state_distance |             1.3 |
|           Metric/self_state_action_distance |         0.00285 |
|          Metric/cross_state_action_distance |            1.41 |
|             Metric/avg_self_state_asymmetry |               0 |
|            Metric/avg_cross_state_asymmetry |         0.00769 |
|                Metric/avg_self_sa_asymmetry |               0 |
|               Metric/avg_cross_sa_asymmetry |          0.0137 |
|  Metric/self_state_action_to_state_distance |        0.000607 |
| Metric/cross_state_action_to_state_distance |            1.41 |
|                   Metric/h_lambda_diff_self |         0.00299 |
|                  Metric/h_lambda_diff_cross |          0.0151 |
|                                 Eval/Return |             109 |
-----------------------------------------------------------------
-----------------------------------------------------------------
|                                 Train/Steps |        2.31e+06 |
|                            Loss/Loss_critic |          0.0241 |
|                             Loss/Loss_actor |           -5.26 |
|                             Loss/Loss_alpha |        -0.00109 |
|               Loss/Loss_state_action_metric |            0.35 |
|                      Loss/Loss_state_metric |           0.219 |
|             Loss/Loss_state_action_to_state |        0.000796 |
|                           Loss/Act_rep_loss |           0.164 |
|                                   SAC/Alpha |         0.00527 |
|                              SAC/LogPi_mean |            2.37 |
|                                 SAC/Q1_mean |            5.26 |
|                                 SAC/Q2_mean |            5.25 |
|                            Norm/actor_model |             111 |
|                           Norm/critic_model |             123 |
|              Norm/state_action_metric_model |            87.5 |
|                     Norm/state_metric_model |            86.5 |
|        Norm/state_action_state_metric_model |            83.9 |
|                  Metric/self_state_distance |        0.000679 |
|                 Metric/cross_state_distance |            1.42 |
|           Metric/self_state_action_distance |         0.00243 |
|          Metric/cross_state_action_distance |            1.56 |
|             Metric/avg_self_state_asymmetry |               0 |
|            Metric/avg_cross_state_asymmetry |          0.0113 |
|                Metric/avg_self_sa_asymmetry |               0 |
|               Metric/avg_cross_sa_asymmetry |          0.0177 |
|  Metric/self_state_action_to_state_distance |        0.000807 |
| Metric/cross_state_action_to_state_distance |            1.56 |
|                   Metric/h_lambda_diff_self |         0.00217 |
|                  Metric/h_lambda_diff_cross |          0.0213 |
|                                 Eval/Return |            86.4 |
-----------------------------------------------------------------
-----------------------------------------------------------------
|                                 Train/Steps |        2.44e+06 |
|                            Loss/Loss_critic |          0.0127 |
|                             Loss/Loss_actor |           -5.37 |
|                             Loss/Loss_alpha |        -0.00164 |
|               Loss/Loss_state_action_metric |           0.371 |
|                      Loss/Loss_state_metric |           0.232 |
|             Loss/Loss_state_action_to_state |        0.000476 |
|                           Loss/Act_rep_loss |           0.363 |
|                                   SAC/Alpha |         0.00566 |
|                              SAC/LogPi_mean |            2.22 |
|                                 SAC/Q1_mean |            5.36 |
|                                 SAC/Q2_mean |            5.36 |
|                            Norm/actor_model |             114 |
|                           Norm/critic_model |             126 |
|              Norm/state_action_metric_model |              90 |
|                     Norm/state_metric_model |            89.3 |
|        Norm/state_action_state_metric_model |            86.6 |
|                  Metric/self_state_distance |         0.00206 |
|                 Metric/cross_state_distance |            1.43 |
|           Metric/self_state_action_distance |         0.00234 |
|          Metric/cross_state_action_distance |            1.59 |
|             Metric/avg_self_state_asymmetry |               0 |
|            Metric/avg_cross_state_asymmetry |         0.00882 |
|                Metric/avg_self_sa_asymmetry |               0 |
|               Metric/avg_cross_sa_asymmetry |          0.0149 |
|  Metric/self_state_action_to_state_distance |         0.00179 |
| Metric/cross_state_action_to_state_distance |            1.59 |
|                   Metric/h_lambda_diff_self |         0.00173 |
|                  Metric/h_lambda_diff_cross |          0.0169 |
|                                 Eval/Return |            96.8 |
-----------------------------------------------------------------
-----------------------------------------------------------------
|                                 Train/Steps |        2.57e+06 |
|                            Loss/Loss_critic |          0.0227 |
|                             Loss/Loss_actor |           -6.13 |
|                             Loss/Loss_alpha |        -0.00411 |
|               Loss/Loss_state_action_metric |           0.582 |
|                      Loss/Loss_state_metric |           0.375 |
|             Loss/Loss_state_action_to_state |        0.000637 |
|                           Loss/Act_rep_loss |            -1.2 |
|                                   SAC/Alpha |         0.00576 |
|                              SAC/LogPi_mean |            2.65 |
|                                 SAC/Q1_mean |            6.13 |
|                                 SAC/Q2_mean |            6.13 |
|                            Norm/actor_model |             117 |
|                           Norm/critic_model |             129 |
|              Norm/state_action_metric_model |            92.8 |
|                     Norm/state_metric_model |              92 |
|        Norm/state_action_state_metric_model |            89.1 |
|                  Metric/self_state_distance |         0.00179 |
|                 Metric/cross_state_distance |            1.63 |
|           Metric/self_state_action_distance |         0.00543 |
|          Metric/cross_state_action_distance |            1.85 |
|             Metric/avg_self_state_asymmetry |               0 |
|            Metric/avg_cross_state_asymmetry |         0.00918 |
|                Metric/avg_self_sa_asymmetry |               0 |
|               Metric/avg_cross_sa_asymmetry |          0.0137 |
|  Metric/self_state_action_to_state_distance |          0.0015 |
| Metric/cross_state_action_to_state_distance |            1.85 |
|                   Metric/h_lambda_diff_self |         0.00441 |
|                  Metric/h_lambda_diff_cross |          0.0195 |
|                                 Eval/Return |             104 |
-----------------------------------------------------------------
-----------------------------------------------------------------
|                                 Train/Steps |         2.7e+06 |
|                            Loss/Loss_critic |          0.0233 |
|                             Loss/Loss_actor |           -5.74 |
|                             Loss/Loss_alpha |        -0.00348 |
|               Loss/Loss_state_action_metric |           0.364 |
|                      Loss/Loss_state_metric |           0.221 |
|             Loss/Loss_state_action_to_state |        0.000796 |
|                           Loss/Act_rep_loss |           0.061 |
|                                   SAC/Alpha |         0.00607 |
|                              SAC/LogPi_mean |             2.4 |
|                                 SAC/Q1_mean |            5.74 |
|                                 SAC/Q2_mean |            5.75 |
|                            Norm/actor_model |             120 |
|                           Norm/critic_model |             132 |
|              Norm/state_action_metric_model |            95.2 |
|                     Norm/state_metric_model |            94.7 |
|        Norm/state_action_state_metric_model |            91.5 |
|                  Metric/self_state_distance |         0.00228 |
|                 Metric/cross_state_distance |            1.41 |
|           Metric/self_state_action_distance |         0.00183 |
|          Metric/cross_state_action_distance |            1.58 |
|             Metric/avg_self_state_asymmetry |               0 |
|            Metric/avg_cross_state_asymmetry |         0.00964 |
|                Metric/avg_self_sa_asymmetry |               0 |
|               Metric/avg_cross_sa_asymmetry |          0.0139 |
|  Metric/self_state_action_to_state_distance |         0.00328 |
| Metric/cross_state_action_to_state_distance |            1.59 |
|                   Metric/h_lambda_diff_self |         0.00285 |
|                  Metric/h_lambda_diff_cross |          0.0217 |
|                                 Eval/Return |            83.2 |
-----------------------------------------------------------------
-----------------------------------------------------------------
|                                 Train/Steps |        2.82e+06 |
|                            Loss/Loss_critic |          0.0188 |
|                             Loss/Loss_actor |           -5.58 |
|                             Loss/Loss_alpha |         0.00083 |
|               Loss/Loss_state_action_metric |           0.373 |
|                      Loss/Loss_state_metric |           0.233 |
|             Loss/Loss_state_action_to_state |         0.00153 |
|                           Loss/Act_rep_loss |         -0.0805 |
|                                   SAC/Alpha |         0.00657 |
|                              SAC/LogPi_mean |            1.93 |
|                                 SAC/Q1_mean |            5.56 |
|                                 SAC/Q2_mean |             5.6 |
|                            Norm/actor_model |             123 |
|                           Norm/critic_model |             134 |
|              Norm/state_action_metric_model |            97.8 |
|                     Norm/state_metric_model |            97.3 |
|        Norm/state_action_state_metric_model |            93.9 |
|                  Metric/self_state_distance |         0.00325 |
|                 Metric/cross_state_distance |            1.42 |
|           Metric/self_state_action_distance |          0.0105 |
|          Metric/cross_state_action_distance |            1.58 |
|             Metric/avg_self_state_asymmetry |               0 |
|            Metric/avg_cross_state_asymmetry |         0.00992 |
|                Metric/avg_self_sa_asymmetry |               0 |
|               Metric/avg_cross_sa_asymmetry |          0.0159 |
|  Metric/self_state_action_to_state_distance |         0.00018 |
| Metric/cross_state_action_to_state_distance |            1.58 |
|                   Metric/h_lambda_diff_self |          0.0104 |
|                  Metric/h_lambda_diff_cross |          0.0205 |
|                                 Eval/Return |             106 |
-----------------------------------------------------------------
-----------------------------------------------------------------
|                                 Train/Steps |        2.95e+06 |
|                            Loss/Loss_critic |          0.0199 |
|                             Loss/Loss_actor |           -5.99 |
|                             Loss/Loss_alpha |        -0.00234 |
|               Loss/Loss_state_action_metric |           0.461 |
|                      Loss/Loss_state_metric |           0.286 |
|             Loss/Loss_state_action_to_state |        0.000733 |
|                           Loss/Act_rep_loss |          -0.621 |
|                                   SAC/Alpha |         0.00631 |
|                              SAC/LogPi_mean |            2.37 |
|                                 SAC/Q1_mean |            5.99 |
|                                 SAC/Q2_mean |            5.98 |
|                            Norm/actor_model |             125 |
|                           Norm/critic_model |             137 |
|              Norm/state_action_metric_model |             100 |
|                     Norm/state_metric_model |            99.9 |
|        Norm/state_action_state_metric_model |            96.3 |
|                  Metric/self_state_distance |         0.00134 |
|                 Metric/cross_state_distance |            1.53 |
|           Metric/self_state_action_distance |          0.0049 |
|          Metric/cross_state_action_distance |            1.74 |
|             Metric/avg_self_state_asymmetry |               0 |
|            Metric/avg_cross_state_asymmetry |           0.011 |
|                Metric/avg_self_sa_asymmetry |               0 |
|               Metric/avg_cross_sa_asymmetry |          0.0179 |
|  Metric/self_state_action_to_state_distance |        0.000734 |
| Metric/cross_state_action_to_state_distance |            1.72 |
|                   Metric/h_lambda_diff_self |         0.00431 |
|                  Metric/h_lambda_diff_cross |          0.0249 |
|                                 Eval/Return |            93.3 |
-----------------------------------------------------------------
-----------------------------------------------------------------
|                                 Train/Steps |        3.08e+06 |
|                            Loss/Loss_critic |          0.0101 |
|                             Loss/Loss_actor |           -5.66 |
|                             Loss/Loss_alpha |        0.000483 |
|               Loss/Loss_state_action_metric |           0.583 |
|                      Loss/Loss_state_metric |           0.323 |
|             Loss/Loss_state_action_to_state |        0.000489 |
|                           Loss/Act_rep_loss |          -0.895 |
|                                   SAC/Alpha |         0.00673 |
|                              SAC/LogPi_mean |            1.94 |
|                                 SAC/Q1_mean |            5.66 |
|                                 SAC/Q2_mean |            5.66 |
|                            Norm/actor_model |             128 |
|                           Norm/critic_model |             140 |
|              Norm/state_action_metric_model |             102 |
|                     Norm/state_metric_model |             102 |
|        Norm/state_action_state_metric_model |            98.6 |
|                  Metric/self_state_distance |         0.00204 |
|                 Metric/cross_state_distance |            1.52 |
|           Metric/self_state_action_distance |         0.00341 |
|          Metric/cross_state_action_distance |            1.75 |
|             Metric/avg_self_state_asymmetry |               0 |
|            Metric/avg_cross_state_asymmetry |         0.00743 |
|                Metric/avg_self_sa_asymmetry |               0 |
|               Metric/avg_cross_sa_asymmetry |          0.0132 |
|  Metric/self_state_action_to_state_distance |          0.0014 |
| Metric/cross_state_action_to_state_distance |            1.75 |
|                   Metric/h_lambda_diff_self |         0.00308 |
|                  Metric/h_lambda_diff_cross |          0.0149 |
|                                 Eval/Return |            97.7 |
-----------------------------------------------------------------
[32mSaving model …[0m
[32mDone.[0m
[32mSaving model …[0m
[32mDone.[0m
-----------------------------------------------------------------
|                                 Train/Steps |        3.21e+06 |
|                            Loss/Loss_critic |          0.0109 |
|                             Loss/Loss_actor |           -5.94 |
|                             Loss/Loss_alpha |         9.7e-05 |
|               Loss/Loss_state_action_metric |            0.47 |
|                      Loss/Loss_state_metric |           0.296 |
|             Loss/Loss_state_action_to_state |        0.000572 |
|                           Loss/Act_rep_loss |          -0.603 |
|                                   SAC/Alpha |         0.00645 |
|                              SAC/LogPi_mean |            1.89 |
|                                 SAC/Q1_mean |            5.95 |
|                                 SAC/Q2_mean |            5.95 |
|                            Norm/actor_model |             131 |
|                           Norm/critic_model |             142 |
|              Norm/state_action_metric_model |             105 |
|                     Norm/state_metric_model |             105 |
|        Norm/state_action_state_metric_model |             101 |
|                  Metric/self_state_distance |         0.00165 |
|                 Metric/cross_state_distance |            1.52 |
|           Metric/self_state_action_distance |         0.00283 |
|          Metric/cross_state_action_distance |            1.72 |
|             Metric/avg_self_state_asymmetry |               0 |
|            Metric/avg_cross_state_asymmetry |         0.00947 |
|                Metric/avg_self_sa_asymmetry |               0 |
|               Metric/avg_cross_sa_asymmetry |          0.0138 |
|  Metric/self_state_action_to_state_distance |         0.00154 |
| Metric/cross_state_action_to_state_distance |            1.71 |
|                   Metric/h_lambda_diff_self |          0.0031 |
|                  Metric/h_lambda_diff_cross |          0.0218 |
|                                 Eval/Return |            81.9 |
-----------------------------------------------------------------
-----------------------------------------------------------------
|                                 Train/Steps |        3.34e+06 |
|                            Loss/Loss_critic |          0.0114 |
|                             Loss/Loss_actor |           -6.13 |
|                             Loss/Loss_alpha |       -0.000761 |
|               Loss/Loss_state_action_metric |           0.553 |
|                      Loss/Loss_state_metric |           0.329 |
|             Loss/Loss_state_action_to_state |        0.000754 |
|                           Loss/Act_rep_loss |          -0.913 |
|                                   SAC/Alpha |         0.00678 |
|                              SAC/LogPi_mean |            2.23 |
|                                 SAC/Q1_mean |            6.15 |
|                                 SAC/Q2_mean |            6.14 |
|                            Norm/actor_model |             133 |
|                           Norm/critic_model |             145 |
|              Norm/state_action_metric_model |             107 |
|                     Norm/state_metric_model |             108 |
|        Norm/state_action_state_metric_model |             103 |
|                  Metric/self_state_distance |         0.00273 |
|                 Metric/cross_state_distance |             1.6 |
|           Metric/self_state_action_distance |         0.00714 |
|          Metric/cross_state_action_distance |            1.81 |
|             Metric/avg_self_state_asymmetry |               0 |
|            Metric/avg_cross_state_asymmetry |          0.0116 |
|                Metric/avg_self_sa_asymmetry |               0 |
|               Metric/avg_cross_sa_asymmetry |          0.0152 |
|  Metric/self_state_action_to_state_distance |        0.000759 |
| Metric/cross_state_action_to_state_distance |             1.8 |
|                   Metric/h_lambda_diff_self |         0.00671 |
|                  Metric/h_lambda_diff_cross |          0.0197 |
|                                 Eval/Return |             103 |
-----------------------------------------------------------------
-----------------------------------------------------------------
|                                 Train/Steps |        3.46e+06 |
|                            Loss/Loss_critic |         0.00944 |
|                             Loss/Loss_actor |           -6.01 |
|                             Loss/Loss_alpha |        0.000716 |
|               Loss/Loss_state_action_metric |           0.402 |
|                      Loss/Loss_state_metric |           0.249 |
|             Loss/Loss_state_action_to_state |         0.00115 |
|                           Loss/Act_rep_loss |          -0.231 |
|                                   SAC/Alpha |         0.00674 |
|                              SAC/LogPi_mean |            1.75 |
|                                 SAC/Q1_mean |            6.02 |
|                                 SAC/Q2_mean |            6.02 |
|                            Norm/actor_model |             135 |
|                           Norm/critic_model |             147 |
|              Norm/state_action_metric_model |             109 |
|                     Norm/state_metric_model |             110 |
|        Norm/state_action_state_metric_model |             106 |
|                  Metric/self_state_distance |        0.000993 |
|                 Metric/cross_state_distance |            1.47 |
|           Metric/self_state_action_distance |         0.00721 |
|          Metric/cross_state_action_distance |            1.64 |
|             Metric/avg_self_state_asymmetry |               0 |
|            Metric/avg_cross_state_asymmetry |         0.00977 |
|                Metric/avg_self_sa_asymmetry |               0 |
|               Metric/avg_cross_sa_asymmetry |          0.0147 |
|  Metric/self_state_action_to_state_distance |        0.000824 |
| Metric/cross_state_action_to_state_distance |            1.64 |
|                   Metric/h_lambda_diff_self |         0.00686 |
|                  Metric/h_lambda_diff_cross |          0.0165 |
|                                 Eval/Return |            94.7 |
-----------------------------------------------------------------
-----------------------------------------------------------------
|                                 Train/Steps |        3.59e+06 |
|                            Loss/Loss_critic |          0.0128 |
|                             Loss/Loss_actor |           -6.94 |
|                             Loss/Loss_alpha |        -0.00233 |
|               Loss/Loss_state_action_metric |           0.497 |
|                      Loss/Loss_state_metric |           0.317 |
|             Loss/Loss_state_action_to_state |         0.00148 |
|                           Loss/Act_rep_loss |          -0.857 |
|                                   SAC/Alpha |          0.0069 |
|                              SAC/LogPi_mean |            2.51 |
|                                 SAC/Q1_mean |            6.93 |
|                                 SAC/Q2_mean |            6.95 |
|                            Norm/actor_model |             138 |
|                           Norm/critic_model |             149 |
|              Norm/state_action_metric_model |             111 |
|                     Norm/state_metric_model |             113 |
|        Norm/state_action_state_metric_model |             108 |
|                  Metric/self_state_distance |         0.00353 |
|                 Metric/cross_state_distance |            1.55 |
|           Metric/self_state_action_distance |          0.0029 |
|          Metric/cross_state_action_distance |            1.76 |
|             Metric/avg_self_state_asymmetry |               0 |
|            Metric/avg_cross_state_asymmetry |         0.00827 |
|                Metric/avg_self_sa_asymmetry |               0 |
|               Metric/avg_cross_sa_asymmetry |          0.0129 |
|  Metric/self_state_action_to_state_distance |         0.00169 |
| Metric/cross_state_action_to_state_distance |            1.75 |
|                   Metric/h_lambda_diff_self |          0.0031 |
|                  Metric/h_lambda_diff_cross |          0.0203 |
|                                 Eval/Return |            85.8 |
-----------------------------------------------------------------
-----------------------------------------------------------------
|                                 Train/Steps |        3.72e+06 |
|                            Loss/Loss_critic |          0.0142 |
|                             Loss/Loss_actor |           -6.65 |
|                             Loss/Loss_alpha |       -0.000978 |
|               Loss/Loss_state_action_metric |           0.508 |
|                      Loss/Loss_state_metric |           0.314 |
|             Loss/Loss_state_action_to_state |        0.000521 |
|                           Loss/Act_rep_loss |          -0.893 |
|                                   SAC/Alpha |         0.00735 |
|                              SAC/LogPi_mean |             2.1 |
|                                 SAC/Q1_mean |            6.66 |
|                                 SAC/Q2_mean |            6.68 |
|                            Norm/actor_model |             140 |
|                           Norm/critic_model |             152 |
|              Norm/state_action_metric_model |             114 |
|                     Norm/state_metric_model |             116 |
|        Norm/state_action_state_metric_model |             110 |
|                  Metric/self_state_distance |         0.00219 |
|                 Metric/cross_state_distance |            1.58 |
|           Metric/self_state_action_distance |         0.00292 |
|          Metric/cross_state_action_distance |             1.8 |
|             Metric/avg_self_state_asymmetry |               0 |
|            Metric/avg_cross_state_asymmetry |         0.00905 |
|                Metric/avg_self_sa_asymmetry |               0 |
|               Metric/avg_cross_sa_asymmetry |          0.0147 |
|  Metric/self_state_action_to_state_distance |        0.000529 |
| Metric/cross_state_action_to_state_distance |             1.8 |
|                   Metric/h_lambda_diff_self |         0.00285 |
|                  Metric/h_lambda_diff_cross |          0.0197 |
|                                 Eval/Return |             106 |
-----------------------------------------------------------------
-----------------------------------------------------------------
|                                 Train/Steps |        3.85e+06 |
|                            Loss/Loss_critic |          0.0184 |
|                             Loss/Loss_actor |           -6.08 |
|                             Loss/Loss_alpha |         0.00124 |
|               Loss/Loss_state_action_metric |            0.48 |
|                      Loss/Loss_state_metric |            0.29 |
|             Loss/Loss_state_action_to_state |         0.00114 |
|                           Loss/Act_rep_loss |          -0.643 |
|                                   SAC/Alpha |         0.00704 |
|                              SAC/LogPi_mean |            1.78 |
|                                 SAC/Q1_mean |            6.09 |
|                                 SAC/Q2_mean |            6.09 |
|                            Norm/actor_model |             142 |
|                           Norm/critic_model |             154 |
|              Norm/state_action_metric_model |             116 |
|                     Norm/state_metric_model |             119 |
|        Norm/state_action_state_metric_model |             113 |
|                  Metric/self_state_distance |         0.00122 |
|                 Metric/cross_state_distance |            1.52 |
|           Metric/self_state_action_distance |         0.00343 |
|          Metric/cross_state_action_distance |            1.73 |
|             Metric/avg_self_state_asymmetry |               0 |
|            Metric/avg_cross_state_asymmetry |          0.0102 |
|                Metric/avg_self_sa_asymmetry |               0 |
|               Metric/avg_cross_sa_asymmetry |           0.016 |
|  Metric/self_state_action_to_state_distance |         0.00206 |
| Metric/cross_state_action_to_state_distance |            1.73 |
|                   Metric/h_lambda_diff_self |         0.00386 |
|                  Metric/h_lambda_diff_cross |          0.0191 |
|                                 Eval/Return |             102 |
-----------------------------------------------------------------
-----------------------------------------------------------------
|                                 Train/Steps |        3.98e+06 |
|                            Loss/Loss_critic |          0.0159 |
|                             Loss/Loss_actor |           -6.38 |
|                             Loss/Loss_alpha |       -3.41e-05 |
|               Loss/Loss_state_action_metric |           0.526 |
|                      Loss/Loss_state_metric |           0.331 |
|             Loss/Loss_state_action_to_state |        0.000438 |
|                           Loss/Act_rep_loss |          -0.897 |
|                                   SAC/Alpha |          0.0074 |
|                              SAC/LogPi_mean |            1.91 |
|                                 SAC/Q1_mean |            6.38 |
|                                 SAC/Q2_mean |            6.38 |
|                            Norm/actor_model |             144 |
|                           Norm/critic_model |             156 |
|              Norm/state_action_metric_model |             118 |
|                     Norm/state_metric_model |             121 |
|        Norm/state_action_state_metric_model |             115 |
|                  Metric/self_state_distance |         0.00139 |
|                 Metric/cross_state_distance |            1.57 |
|           Metric/self_state_action_distance |         0.00258 |
|          Metric/cross_state_action_distance |            1.78 |
|             Metric/avg_self_state_asymmetry |               0 |
|            Metric/avg_cross_state_asymmetry |         0.00792 |
|                Metric/avg_self_sa_asymmetry |               0 |
|               Metric/avg_cross_sa_asymmetry |          0.0147 |
|  Metric/self_state_action_to_state_distance |        0.000248 |
| Metric/cross_state_action_to_state_distance |            1.79 |
|                   Metric/h_lambda_diff_self |         0.00245 |
|                  Metric/h_lambda_diff_cross |          0.0192 |
|                                 Eval/Return |             102 |
-----------------------------------------------------------------
-----------------------------------------------------------------
|                                 Train/Steps |         4.1e+06 |
|                            Loss/Loss_critic |          0.0081 |
|                             Loss/Loss_actor |           -6.91 |
|                             Loss/Loss_alpha |        0.000317 |
|               Loss/Loss_state_action_metric |           0.519 |
|                      Loss/Loss_state_metric |           0.309 |
|             Loss/Loss_state_action_to_state |        0.000789 |
|                           Loss/Act_rep_loss |          -0.585 |
|                                   SAC/Alpha |         0.00761 |
|                              SAC/LogPi_mean |            2.05 |
|                                 SAC/Q1_mean |            6.92 |
|                                 SAC/Q2_mean |            6.93 |
|                            Norm/actor_model |             147 |
|                           Norm/critic_model |             159 |
|              Norm/state_action_metric_model |             121 |
|                     Norm/state_metric_model |             124 |
|        Norm/state_action_state_metric_model |             117 |
|                  Metric/self_state_distance |         0.00172 |
|                 Metric/cross_state_distance |            1.55 |
|           Metric/self_state_action_distance |         0.00208 |
|          Metric/cross_state_action_distance |            1.79 |
|             Metric/avg_self_state_asymmetry |               0 |
|            Metric/avg_cross_state_asymmetry |         0.00892 |
|                Metric/avg_self_sa_asymmetry |               0 |
|               Metric/avg_cross_sa_asymmetry |          0.0141 |
|  Metric/self_state_action_to_state_distance |          0.0011 |
| Metric/cross_state_action_to_state_distance |            1.79 |
|                   Metric/h_lambda_diff_self |         0.00184 |
|                  Metric/h_lambda_diff_cross |          0.0187 |
|                                 Eval/Return |             104 |
-----------------------------------------------------------------
[32mSaving model …[0m
[32mDone.[0m
[32mSaving model …[0m
[32mDone.[0m
-----------------------------------------------------------------
|                                 Train/Steps |        4.23e+06 |
|                            Loss/Loss_critic |          0.0105 |
|                             Loss/Loss_actor |           -7.04 |
|                             Loss/Loss_alpha |        -0.00161 |
|               Loss/Loss_state_action_metric |           0.533 |
|                      Loss/Loss_state_metric |           0.284 |
|             Loss/Loss_state_action_to_state |         0.00104 |
|                           Loss/Act_rep_loss |          -0.586 |
|                                   SAC/Alpha |         0.00782 |
|                              SAC/LogPi_mean |            2.04 |
|                                 SAC/Q1_mean |            7.06 |
|                                 SAC/Q2_mean |            7.05 |
|                            Norm/actor_model |             149 |
|                           Norm/critic_model |             161 |
|              Norm/state_action_metric_model |             123 |
|                     Norm/state_metric_model |             126 |
|        Norm/state_action_state_metric_model |             120 |
|                  Metric/self_state_distance |         0.00141 |
|                 Metric/cross_state_distance |            1.55 |
|           Metric/self_state_action_distance |         0.00211 |
|          Metric/cross_state_action_distance |            1.75 |
|             Metric/avg_self_state_asymmetry |               0 |
|            Metric/avg_cross_state_asymmetry |         0.00905 |
|                Metric/avg_self_sa_asymmetry |               0 |
|               Metric/avg_cross_sa_asymmetry |          0.0176 |
|  Metric/self_state_action_to_state_distance |         0.00069 |
| Metric/cross_state_action_to_state_distance |            1.76 |
|                   Metric/h_lambda_diff_self |         0.00203 |
|                  Metric/h_lambda_diff_cross |          0.0264 |
|                                 Eval/Return |             106 |
-----------------------------------------------------------------
-----------------------------------------------------------------
|                                 Train/Steps |        4.36e+06 |
|                            Loss/Loss_critic |         0.00933 |
|                             Loss/Loss_actor |           -7.15 |
|                             Loss/Loss_alpha |        0.000141 |
|               Loss/Loss_state_action_metric |           0.622 |
|                      Loss/Loss_state_metric |           0.354 |
|             Loss/Loss_state_action_to_state |        0.000507 |
|                           Loss/Act_rep_loss |           -1.11 |
|                                   SAC/Alpha |         0.00811 |
|                              SAC/LogPi_mean |            1.98 |
|                                 SAC/Q1_mean |            7.18 |
|                                 SAC/Q2_mean |            7.19 |
|                            Norm/actor_model |             151 |
|                           Norm/critic_model |             163 |
|              Norm/state_action_metric_model |             125 |
|                     Norm/state_metric_model |             129 |
|        Norm/state_action_state_metric_model |             122 |
|                  Metric/self_state_distance |        0.000343 |
|                 Metric/cross_state_distance |            1.61 |
|           Metric/self_state_action_distance |         0.00817 |
|          Metric/cross_state_action_distance |            1.86 |
|             Metric/avg_self_state_asymmetry |               0 |
|            Metric/avg_cross_state_asymmetry |         0.00951 |
|                Metric/avg_self_sa_asymmetry |               0 |
|               Metric/avg_cross_sa_asymmetry |          0.0156 |
|  Metric/self_state_action_to_state_distance |        5.15e-05 |
| Metric/cross_state_action_to_state_distance |            1.87 |
|                   Metric/h_lambda_diff_self |         0.00816 |
|                  Metric/h_lambda_diff_cross |          0.0189 |
|                                 Eval/Return |            99.1 |
-----------------------------------------------------------------
-----------------------------------------------------------------
|                                 Train/Steps |        4.49e+06 |
|                            Loss/Loss_critic |          0.0138 |
|                             Loss/Loss_actor |           -7.47 |
|                             Loss/Loss_alpha |         0.00175 |
|               Loss/Loss_state_action_metric |           0.614 |
|                      Loss/Loss_state_metric |           0.388 |
|             Loss/Loss_state_action_to_state |        0.000745 |
|                           Loss/Act_rep_loss |           -1.47 |
|                                   SAC/Alpha |         0.00805 |
|                              SAC/LogPi_mean |            1.84 |
|                                 SAC/Q1_mean |            7.48 |
|                                 SAC/Q2_mean |            7.49 |
|                            Norm/actor_model |             153 |
|                           Norm/critic_model |             165 |
|              Norm/state_action_metric_model |             127 |
|                     Norm/state_metric_model |             132 |
|        Norm/state_action_state_metric_model |             124 |
|                  Metric/self_state_distance |         0.00304 |
|                 Metric/cross_state_distance |            1.68 |
|           Metric/self_state_action_distance |         0.00184 |
|          Metric/cross_state_action_distance |            1.93 |
|             Metric/avg_self_state_asymmetry |               0 |
|            Metric/avg_cross_state_asymmetry |         0.00968 |
|                Metric/avg_self_sa_asymmetry |               0 |
|               Metric/avg_cross_sa_asymmetry |          0.0163 |
|  Metric/self_state_action_to_state_distance |        0.000249 |
| Metric/cross_state_action_to_state_distance |            1.93 |
|                   Metric/h_lambda_diff_self |         0.00176 |
|                  Metric/h_lambda_diff_cross |           0.021 |
|                                 Eval/Return |             103 |
-----------------------------------------------------------------
-----------------------------------------------------------------
|                                 Train/Steps |        4.62e+06 |
|                            Loss/Loss_critic |          0.0121 |
|                             Loss/Loss_actor |           -7.31 |
|                             Loss/Loss_alpha |        0.000318 |
|               Loss/Loss_state_action_metric |           0.667 |
|                      Loss/Loss_state_metric |           0.399 |
|             Loss/Loss_state_action_to_state |        0.000652 |
|                           Loss/Act_rep_loss |           -1.53 |
|                                   SAC/Alpha |         0.00812 |
|                              SAC/LogPi_mean |            1.92 |
|                                 SAC/Q1_mean |            7.32 |
|                                 SAC/Q2_mean |            7.33 |
|                            Norm/actor_model |             154 |
|                           Norm/critic_model |             167 |
|              Norm/state_action_metric_model |             129 |
|                     Norm/state_metric_model |             135 |
|        Norm/state_action_state_metric_model |             126 |
|                  Metric/self_state_distance |        0.000671 |
|                 Metric/cross_state_distance |            1.72 |
|           Metric/self_state_action_distance |         0.00316 |
|          Metric/cross_state_action_distance |            1.98 |
|             Metric/avg_self_state_asymmetry |               0 |
|            Metric/avg_cross_state_asymmetry |         0.00982 |
|                Metric/avg_self_sa_asymmetry |               0 |
|               Metric/avg_cross_sa_asymmetry |           0.016 |
|  Metric/self_state_action_to_state_distance |        0.000813 |
| Metric/cross_state_action_to_state_distance |            1.98 |
|                   Metric/h_lambda_diff_self |         0.00304 |
|                  Metric/h_lambda_diff_cross |          0.0199 |
|                                 Eval/Return |             123 |
-----------------------------------------------------------------
-----------------------------------------------------------------
|                                 Train/Steps |        4.74e+06 |
|                            Loss/Loss_critic |          0.0108 |
|                             Loss/Loss_actor |           -8.37 |
|                             Loss/Loss_alpha |       -0.000834 |
|               Loss/Loss_state_action_metric |           0.693 |
|                      Loss/Loss_state_metric |            0.44 |
|             Loss/Loss_state_action_to_state |         0.00116 |
|                           Loss/Act_rep_loss |            -1.9 |
|                                   SAC/Alpha |         0.00822 |
|                              SAC/LogPi_mean |             2.1 |
|                                 SAC/Q1_mean |             8.4 |
|                                 SAC/Q2_mean |            8.39 |
|                            Norm/actor_model |             156 |
|                           Norm/critic_model |             169 |
|              Norm/state_action_metric_model |             132 |
|                     Norm/state_metric_model |             137 |
|        Norm/state_action_state_metric_model |             129 |
|                  Metric/self_state_distance |         0.00231 |
|                 Metric/cross_state_distance |            1.79 |
|           Metric/self_state_action_distance |          0.0384 |
|          Metric/cross_state_action_distance |            2.06 |
|             Metric/avg_self_state_asymmetry |               0 |
|            Metric/avg_cross_state_asymmetry |          0.0102 |
|                Metric/avg_self_sa_asymmetry |               0 |
|               Metric/avg_cross_sa_asymmetry |          0.0157 |
|  Metric/self_state_action_to_state_distance |        0.000554 |
| Metric/cross_state_action_to_state_distance |            2.06 |
|                   Metric/h_lambda_diff_self |          0.0379 |
|                  Metric/h_lambda_diff_cross |          0.0245 |
|                                 Eval/Return |            99.6 |
-----------------------------------------------------------------
-----------------------------------------------------------------
|                                 Train/Steps |        4.87e+06 |
|                            Loss/Loss_critic |         0.00919 |
|                             Loss/Loss_actor |           -8.13 |
|                             Loss/Loss_alpha |       -0.000721 |
|               Loss/Loss_state_action_metric |           0.689 |
|                      Loss/Loss_state_metric |           0.437 |
|             Loss/Loss_state_action_to_state |        0.000449 |
|                           Loss/Act_rep_loss |           -1.91 |
|                                   SAC/Alpha |         0.00782 |
|                              SAC/LogPi_mean |            2.15 |
|                                 SAC/Q1_mean |            8.17 |
|                                 SAC/Q2_mean |            8.17 |
|                            Norm/actor_model |             158 |
|                           Norm/critic_model |             171 |
|              Norm/state_action_metric_model |             134 |
|                     Norm/state_metric_model |             140 |
|        Norm/state_action_state_metric_model |             131 |
|                  Metric/self_state_distance |         0.00308 |
|                 Metric/cross_state_distance |            1.77 |
|           Metric/self_state_action_distance |         0.00311 |
|          Metric/cross_state_action_distance |            2.07 |
|             Metric/avg_self_state_asymmetry |               0 |
|            Metric/avg_cross_state_asymmetry |          0.0103 |
|                Metric/avg_self_sa_asymmetry |               0 |
|               Metric/avg_cross_sa_asymmetry |          0.0149 |
|  Metric/self_state_action_to_state_distance |           0.004 |
| Metric/cross_state_action_to_state_distance |            2.07 |
|                   Metric/h_lambda_diff_self |         0.00537 |
|                  Metric/h_lambda_diff_cross |          0.0186 |
|                                 Eval/Return |            57.8 |
-----------------------------------------------------------------
-----------------------------------------------------------------
|                                 Train/Steps |           5e+06 |
|                            Loss/Loss_critic |          0.0117 |
|                             Loss/Loss_actor |              -8 |
|                             Loss/Loss_alpha |         0.00123 |
|               Loss/Loss_state_action_metric |           0.786 |
|                      Loss/Loss_state_metric |           0.492 |
|             Loss/Loss_state_action_to_state |         0.00065 |
|                           Loss/Act_rep_loss |           -2.56 |
|                                   SAC/Alpha |         0.00791 |
|                              SAC/LogPi_mean |             1.9 |
|                                 SAC/Q1_mean |            8.02 |
|                                 SAC/Q2_mean |            8.03 |
|                            Norm/actor_model |             159 |
|                           Norm/critic_model |             172 |
|              Norm/state_action_metric_model |             136 |
|                     Norm/state_metric_model |             142 |
|        Norm/state_action_state_metric_model |             133 |
|                  Metric/self_state_distance |         0.00196 |
|                 Metric/cross_state_distance |             1.8 |
|           Metric/self_state_action_distance |         0.00224 |
|          Metric/cross_state_action_distance |            2.14 |
|             Metric/avg_self_state_asymmetry |               0 |
|            Metric/avg_cross_state_asymmetry |         0.00973 |
|                Metric/avg_self_sa_asymmetry |               0 |
|               Metric/avg_cross_sa_asymmetry |          0.0142 |
|  Metric/self_state_action_to_state_distance |         0.00148 |
| Metric/cross_state_action_to_state_distance |            2.13 |
|                   Metric/h_lambda_diff_self |         0.00188 |
|                  Metric/h_lambda_diff_cross |           0.019 |
|                                 Eval/Return |              93 |
-----------------------------------------------------------------
[32mSaving model …[0m
[32mDone.[0m
[32mSaving model …[0m
[32mDone.[0m
E0905 17:32:54.521230  801202 cuda_executor.cc:1526] Could not get kernel mode driver version: (INVALID_ARGUMENT: Version does not match the format X.Y.Z)
E0905 17:32:54.529781  801092 cuda_executor.cc:1526] Could not get kernel mode driver version: (INVALID_ARGUMENT: Version does not match the format X.Y.Z)
[32mStart prefilling replay buffer[0m
[32mStart SAC training[0m
[32m{'log_freq': 1000, 'save_freq': 1000000, 'eval_episode_freq': 10, 'hidden_size': 256, 'lr': 0.001, 'max_grad_norm': 0.0, 'gamma': 0.99, 'update_tau': 0.005, 'train_per_step': 8, 'episode_length': 1000, 'warmup_samples': 8192, 'max_replay_size': 4000000, 'batch_size': 512, 'total_env_steps': 5000000, 'init_temperature': 0.1, 'nstep': 3, 'bootstrap_on_truncation': True, 'rep_lr_scale': 1.5, 'critic_rep_metric_scale': 1.0, 'critic_rep_scale': 0.05, 'critic_tie_scale': 0.05, 'critic_gate_tau_u': 0.5, 'critic_gate_tau_d': 0.5, 'critic_tie_eps': 1e-06, 'metric_floor': 0.5, 'n_candidates': 16, 'actor_gate_tau': 0.3, 'vis_feq': 100000, 'n_vis_frames': 4, 'num_envs': 128, 'grad_steps': 50, 'transfer_freq': 10, 'transfer_steps': 8, 'reward_scaling': 1.0, 'num_eval_envs': 128, 'target_entropy': -2.0}[0m
[32m[nstep] nstep=3 bootstrap_on_truncation=True (discount from the buffer already contains gamma^nstep)[0m
-----------------------------------------------------------------
|                                 Train/Steps |        1.36e+05 |
|                            Loss/Loss_critic |        0.000339 |
|                             Loss/Loss_actor |          -0.538 |
|                             Loss/Loss_alpha |         0.00197 |
|               Loss/Loss_state_action_metric |          0.0209 |
|                      Loss/Loss_state_metric |         0.00393 |
|             Loss/Loss_state_action_to_state |        0.000457 |
|                           Loss/Act_rep_loss |          0.0036 |
|                        Loss/Critic_rep_loss |        0.000298 |
|                                   SAC/Alpha |         0.00294 |
|                              SAC/LogPi_mean |            1.27 |
|                                 SAC/Q1_mean |           0.544 |
|                                 SAC/Q2_mean |           0.544 |
|                            Norm/actor_model |            26.7 |
|                           Norm/critic_model |            34.4 |
|              Norm/state_action_metric_model |              32 |
|                     Norm/state_metric_model |            31.7 |
|        Norm/state_action_state_metric_model |            31.8 |
|                  Metric/self_state_distance |          0.0211 |
|                 Metric/cross_state_distance |            0.42 |
|           Metric/self_state_action_distance |          0.0128 |
|          Metric/cross_state_action_distance |           0.413 |
|             Metric/avg_self_state_asymmetry |               0 |
|            Metric/avg_cross_state_asymmetry |          0.0119 |
|                Metric/avg_self_sa_asymmetry |               0 |
|               Metric/avg_cross_sa_asymmetry |          0.0176 |
|  Metric/self_state_action_to_state_distance |          0.0126 |
| Metric/cross_state_action_to_state_distance |           0.407 |
|                   Metric/h_lambda_diff_self |         0.00556 |
|                  Metric/h_lambda_diff_cross |          0.0132 |
|                                 Eval/Return |           0.325 |
-----------------------------------------------------------------
-----------------------------------------------------------------
|                                 Train/Steps |        2.64e+05 |
|                            Loss/Loss_critic |        0.000393 |
|                             Loss/Loss_actor |          -0.112 |
|                             Loss/Loss_alpha |       -0.000307 |
|               Loss/Loss_state_action_metric |          0.0246 |
|                      Loss/Loss_state_metric |          0.0047 |
|             Loss/Loss_state_action_to_state |        0.000895 |
|                           Loss/Act_rep_loss |          0.0014 |
|                        Loss/Critic_rep_loss |        0.000216 |
|                                   SAC/Alpha |        0.000927 |
|                              SAC/LogPi_mean |            2.16 |
|                                 SAC/Q1_mean |            0.11 |
|                                 SAC/Q2_mean |            0.11 |
|                            Norm/actor_model |            32.2 |
|                           Norm/critic_model |            46.2 |
|              Norm/state_action_metric_model |            35.4 |
|                     Norm/state_metric_model |            34.5 |
|        Norm/state_action_state_metric_model |            34.6 |
|                  Metric/self_state_distance |          0.0299 |
|                 Metric/cross_state_distance |           0.389 |
|           Metric/self_state_action_distance |          0.0302 |
|          Metric/cross_state_action_distance |           0.385 |
|             Metric/avg_self_state_asymmetry |               0 |
|            Metric/avg_cross_state_asymmetry |          0.0177 |
|                Metric/avg_self_sa_asymmetry |               0 |
|               Metric/avg_cross_sa_asymmetry |           0.014 |
|  Metric/self_state_action_to_state_distance |          0.0214 |
| Metric/cross_state_action_to_state_distance |            0.37 |
|                   Metric/h_lambda_diff_self |          0.0135 |
|                  Metric/h_lambda_diff_cross |          0.0208 |
|                                 Eval/Return |           0.615 |
-----------------------------------------------------------------
-----------------------------------------------------------------
|                                 Train/Steps |        3.92e+05 |
|                            Loss/Loss_critic |        0.000847 |
|                             Loss/Loss_actor |         -0.0306 |
|                             Loss/Loss_alpha |       -0.000292 |
|               Loss/Loss_state_action_metric |           0.144 |
|                      Loss/Loss_state_metric |         0.00352 |
|             Loss/Loss_state_action_to_state |         0.00149 |
|                           Loss/Act_rep_loss |        0.000239 |
|                        Loss/Critic_rep_loss |          0.0099 |
|                                   SAC/Alpha |         0.00127 |
|                              SAC/LogPi_mean |             2.2 |
|                                 SAC/Q1_mean |          0.0275 |
|                                 SAC/Q2_mean |          0.0279 |
|                            Norm/actor_model |            36.4 |
|                           Norm/critic_model |            56.8 |
|              Norm/state_action_metric_model |            42.6 |
|                     Norm/state_metric_model |            39.3 |
|        Norm/state_action_state_metric_model |            40.4 |
|                  Metric/self_state_distance |          0.0181 |
|                 Metric/cross_state_distance |           0.448 |
|           Metric/self_state_action_distance |          0.0255 |
|          Metric/cross_state_action_distance |           0.443 |
|             Metric/avg_self_state_asymmetry |               0 |
|            Metric/avg_cross_state_asymmetry |          0.0167 |
|                Metric/avg_self_sa_asymmetry |               0 |
|               Metric/avg_cross_sa_asymmetry |          0.0161 |
|  Metric/self_state_action_to_state_distance |          0.0147 |
| Metric/cross_state_action_to_state_distance |           0.432 |
|                   Metric/h_lambda_diff_self |          0.0152 |
|                  Metric/h_lambda_diff_cross |          0.0249 |
|                                 Eval/Return |           0.998 |
-----------------------------------------------------------------
-----------------------------------------------------------------
|                                 Train/Steps |         5.2e+05 |
|                            Loss/Loss_critic |        0.000501 |
|                             Loss/Loss_actor |          0.0297 |
|                             Loss/Loss_alpha |        -0.00045 |
|               Loss/Loss_state_action_metric |           0.398 |
|                      Loss/Loss_state_metric |         0.00247 |
|             Loss/Loss_state_action_to_state |         0.00152 |
|                           Loss/Act_rep_loss |        0.000382 |
|                        Loss/Critic_rep_loss |         0.00907 |
|                                   SAC/Alpha |         0.00121 |
|                              SAC/LogPi_mean |            2.29 |
|                                 SAC/Q1_mean |         -0.0255 |
|                                 SAC/Q2_mean |         -0.0285 |
|                            Norm/actor_model |            39.5 |
|                           Norm/critic_model |            63.2 |
|              Norm/state_action_metric_model |            47.6 |
|                     Norm/state_metric_model |            43.8 |
|        Norm/state_action_state_metric_model |            45.2 |
|                  Metric/self_state_distance |          0.0124 |
|                 Metric/cross_state_distance |           0.449 |
|           Metric/self_state_action_distance |          0.0166 |
|          Metric/cross_state_action_distance |           0.446 |
|             Metric/avg_self_state_asymmetry |               0 |
|            Metric/avg_cross_state_asymmetry |          0.0168 |
|                Metric/avg_self_sa_asymmetry |               0 |
|               Metric/avg_cross_sa_asymmetry |          0.0212 |
|  Metric/self_state_action_to_state_distance |          0.0118 |
| Metric/cross_state_action_to_state_distance |           0.431 |
|                   Metric/h_lambda_diff_self |          0.0117 |
|                  Metric/h_lambda_diff_cross |          0.0224 |
|                                 Eval/Return |           0.456 |
-----------------------------------------------------------------
-----------------------------------------------------------------
|                                 Train/Steps |        6.48e+05 |
|                            Loss/Loss_critic |        7.14e-06 |
|                             Loss/Loss_actor |          0.0767 |
|                             Loss/Loss_alpha |        0.000538 |
|               Loss/Loss_state_action_metric |         0.00542 |
|                      Loss/Loss_state_metric |           0.002 |
|             Loss/Loss_state_action_to_state |         0.00106 |
|                           Loss/Act_rep_loss |         0.00188 |
|                        Loss/Critic_rep_loss |        6.94e-05 |
|                                   SAC/Alpha |           0.002 |
|                              SAC/LogPi_mean |             1.7 |
|                                 SAC/Q1_mean |         -0.0733 |
|                                 SAC/Q2_mean |         -0.0738 |
|                            Norm/actor_model |            41.9 |
|                           Norm/critic_model |            67.7 |
|              Norm/state_action_metric_model |            51.5 |
|                     Norm/state_metric_model |            47.8 |
|        Norm/state_action_state_metric_model |              49 |
|                  Metric/self_state_distance |          0.0103 |
|                 Metric/cross_state_distance |           0.462 |
|           Metric/self_state_action_distance |          0.0118 |
|          Metric/cross_state_action_distance |            0.47 |
|             Metric/avg_self_state_asymmetry |               0 |
|            Metric/avg_cross_state_asymmetry |          0.0094 |
|                Metric/avg_self_sa_asymmetry |               0 |
|               Metric/avg_cross_sa_asymmetry |          0.0165 |
|  Metric/self_state_action_to_state_distance |          0.0106 |
| Metric/cross_state_action_to_state_distance |           0.465 |
|                   Metric/h_lambda_diff_self |         0.00838 |
|                  Metric/h_lambda_diff_cross |          0.0183 |
|                                 Eval/Return |           0.833 |
-----------------------------------------------------------------
-----------------------------------------------------------------
|                                 Train/Steps |        7.76e+05 |
|                            Loss/Loss_critic |        0.000643 |
|                             Loss/Loss_actor |          0.0871 |
|                             Loss/Loss_alpha |        0.000399 |
|               Loss/Loss_state_action_metric |          0.0281 |
|                      Loss/Loss_state_metric |         0.00283 |
|             Loss/Loss_state_action_to_state |         0.00153 |
|                           Loss/Act_rep_loss |         0.00058 |
|                        Loss/Critic_rep_loss |         0.00117 |
|                                   SAC/Alpha |         0.00202 |
|                              SAC/LogPi_mean |            1.94 |
|                                 SAC/Q1_mean |         -0.0853 |
|                                 SAC/Q2_mean |         -0.0821 |
|                            Norm/actor_model |            44.6 |
|                           Norm/critic_model |            71.5 |
|              Norm/state_action_metric_model |              55 |
|                     Norm/state_metric_model |            50.9 |
|        Norm/state_action_state_metric_model |            52.4 |
|                  Metric/self_state_distance |          0.0141 |
|                 Metric/cross_state_distance |            0.49 |
|           Metric/self_state_action_distance |          0.0093 |
|          Metric/cross_state_action_distance |           0.475 |
|             Metric/avg_self_state_asymmetry |               0 |
|            Metric/avg_cross_state_asymmetry |          0.0182 |
|                Metric/avg_self_sa_asymmetry |               0 |
|               Metric/avg_cross_sa_asymmetry |          0.0162 |
|  Metric/self_state_action_to_state_distance |          0.0104 |
| Metric/cross_state_action_to_state_distance |           0.477 |
|                   Metric/h_lambda_diff_self |          0.0084 |
|                  Metric/h_lambda_diff_cross |          0.0165 |
|                                 Eval/Return |            1.08 |
-----------------------------------------------------------------
-----------------------------------------------------------------
|                                 Train/Steps |        9.04e+05 |
|                            Loss/Loss_critic |        0.000183 |
|                             Loss/Loss_actor |          0.0991 |
|                             Loss/Loss_alpha |         0.00109 |
|               Loss/Loss_state_action_metric |          0.0101 |
|                      Loss/Loss_state_metric |         0.00311 |
|             Loss/Loss_state_action_to_state |         0.00122 |
|                           Loss/Act_rep_loss |         0.00253 |
|                        Loss/Critic_rep_loss |        0.000925 |
|                                   SAC/Alpha |         0.00196 |
|                              SAC/LogPi_mean |             1.4 |
|                                 SAC/Q1_mean |         -0.0959 |
|                                 SAC/Q2_mean |         -0.0955 |
|                            Norm/actor_model |            46.8 |
|                           Norm/critic_model |              75 |
|              Norm/state_action_metric_model |            58.2 |
|                     Norm/state_metric_model |            54.3 |
|        Norm/state_action_state_metric_model |            55.9 |
|                  Metric/self_state_distance |          0.0136 |
|                 Metric/cross_state_distance |           0.493 |
|           Metric/self_state_action_distance |         0.00794 |
|          Metric/cross_state_action_distance |           0.487 |
|             Metric/avg_self_state_asymmetry |               0 |
|            Metric/avg_cross_state_asymmetry |          0.0114 |
|                Metric/avg_self_sa_asymmetry |               0 |
|               Metric/avg_cross_sa_asymmetry |          0.0129 |
|  Metric/self_state_action_to_state_distance |         0.00485 |
| Metric/cross_state_action_to_state_distance |           0.487 |
|                   Metric/h_lambda_diff_self |         0.00791 |
|                  Metric/h_lambda_diff_cross |          0.0161 |
|                                 Eval/Return |             1.1 |
-----------------------------------------------------------------
-----------------------------------------------------------------
|                                 Train/Steps |        1.03e+06 |
|                            Loss/Loss_critic |        1.26e-05 |
|                             Loss/Loss_actor |            0.14 |
|                             Loss/Loss_alpha |       -0.000869 |
|               Loss/Loss_state_action_metric |         0.00546 |
|                      Loss/Loss_state_metric |         0.00144 |
|             Loss/Loss_state_action_to_state |        0.000343 |
|                           Loss/Act_rep_loss |        0.000995 |
|                        Loss/Critic_rep_loss |        7.71e-05 |
|                                   SAC/Alpha |         0.00254 |
|                              SAC/LogPi_mean |            2.27 |
|                                 SAC/Q1_mean |          -0.134 |
|                                 SAC/Q2_mean |          -0.134 |
|                            Norm/actor_model |            49.1 |
|                           Norm/critic_model |            78.3 |
|              Norm/state_action_metric_model |            61.2 |
|                     Norm/state_metric_model |            57.8 |
|        Norm/state_action_state_metric_model |            59.1 |
|                  Metric/self_state_distance |          0.0068 |
|                 Metric/cross_state_distance |           0.479 |
|           Metric/self_state_action_distance |         0.00903 |
|          Metric/cross_state_action_distance |           0.469 |
|             Metric/avg_self_state_asymmetry |               0 |
|            Metric/avg_cross_state_asymmetry |          0.0104 |
|                Metric/avg_self_sa_asymmetry |               0 |
|               Metric/avg_cross_sa_asymmetry |           0.012 |
|  Metric/self_state_action_to_state_distance |         0.00458 |
| Metric/cross_state_action_to_state_distance |           0.476 |
|                   Metric/h_lambda_diff_self |         0.00672 |
|                  Metric/h_lambda_diff_cross |          0.0154 |
|                                 Eval/Return |           0.557 |
-----------------------------------------------------------------
E0905 17:36:58.128506  803090 cuda_executor.cc:1526] Could not get kernel mode driver version: (INVALID_ARGUMENT: Version does not match the format X.Y.Z)
E0905 17:36:58.137091  802973 cuda_executor.cc:1526] Could not get kernel mode driver version: (INVALID_ARGUMENT: Version does not match the format X.Y.Z)
[32mStart prefilling replay buffer[0m
[32mStart SAC training[0m
[32m{'log_freq': 1000, 'save_freq': 1000000, 'eval_episode_freq': 10, 'hidden_size': 256, 'lr': 0.001, 'max_grad_norm': 0.0, 'gamma': 0.99, 'update_tau': 0.005, 'train_per_step': 8, 'episode_length': 1000, 'warmup_samples': 8192, 'max_replay_size': 4000000, 'batch_size': 512, 'total_env_steps': 5000000, 'init_temperature': 0.1, 'nstep': 3, 'bootstrap_on_truncation': True, 'rep_lr_scale': 0.5, 'critic_rep_metric_scale': 1.0, 'critic_rep_scale': 0.05, 'critic_tie_scale': 0.05, 'critic_gate_tau_u': 0.5, 'critic_gate_tau_d': 0.5, 'critic_tie_eps': 1e-06, 'metric_floor': 0.5, 'n_candidates': 16, 'actor_gate_tau': 0.3, 'vis_feq': 100000, 'n_vis_frames': 4, 'num_envs': 128, 'grad_steps': 50, 'transfer_freq': 10, 'transfer_steps': 8, 'reward_scaling': 1.0, 'num_eval_envs': 128, 'target_entropy': -2.0}[0m
[32m[nstep] nstep=3 bootstrap_on_truncation=True (discount from the buffer already contains gamma^nstep)[0m
-----------------------------------------------------------------
|                                 Train/Steps |        1.36e+05 |
|                            Loss/Loss_critic |        0.000186 |
|                             Loss/Loss_actor |          -0.645 |
|                             Loss/Loss_alpha |         0.00507 |
|               Loss/Loss_state_action_metric |         0.00337 |
|                      Loss/Loss_state_metric |         0.00118 |
|             Loss/Loss_state_action_to_state |        0.000412 |
|                           Loss/Act_rep_loss |          0.0102 |
|                        Loss/Critic_rep_loss |        6.88e-05 |
|                                   SAC/Alpha |         0.00172 |
|                              SAC/LogPi_mean |          -0.864 |
|                                 SAC/Q1_mean |           0.646 |
|                                 SAC/Q2_mean |           0.645 |
|                            Norm/actor_model |            26.2 |
|                           Norm/critic_model |            35.6 |
|              Norm/state_action_metric_model |            32.2 |
|                     Norm/state_metric_model |            31.5 |
|        Norm/state_action_state_metric_model |              32 |
|                  Metric/self_state_distance |         0.00486 |
|                 Metric/cross_state_distance |            0.47 |
|           Metric/self_state_action_distance |         0.00682 |
|          Metric/cross_state_action_distance |           0.483 |
|             Metric/avg_self_state_asymmetry |               0 |
|            Metric/avg_cross_state_asymmetry |          0.0092 |
|                Metric/avg_self_sa_asymmetry |               0 |
|               Metric/avg_cross_sa_asymmetry |         0.00952 |
|  Metric/self_state_action_to_state_distance |         0.00223 |
| Metric/cross_state_action_to_state_distance |           0.468 |
|                   Metric/h_lambda_diff_self |         0.00567 |
|                  Metric/h_lambda_diff_cross |          0.0156 |
|                                 Eval/Return |             0.2 |
-----------------------------------------------------------------
-----------------------------------------------------------------
|                                 Train/Steps |        2.64e+05 |
|                            Loss/Loss_critic |        0.000385 |
|                             Loss/Loss_actor |          -0.158 |
|                             Loss/Loss_alpha |       -0.000191 |
|               Loss/Loss_state_action_metric |          0.0067 |
|                      Loss/Loss_state_metric |         0.00147 |
|             Loss/Loss_state_action_to_state |        0.000378 |
|                           Loss/Act_rep_loss |         0.00351 |
|                        Loss/Critic_rep_loss |        0.000477 |
|                                   SAC/Alpha |        0.000888 |
|                              SAC/LogPi_mean |            2.04 |
|                                 SAC/Q1_mean |           0.157 |
|                                 SAC/Q2_mean |           0.157 |
|                            Norm/actor_model |            32.3 |
|                           Norm/critic_model |              46 |
|              Norm/state_action_metric_model |            36.5 |
|                     Norm/state_metric_model |            34.1 |
|        Norm/state_action_state_metric_model |            35.4 |
|                  Metric/self_state_distance |         0.00544 |
|                 Metric/cross_state_distance |           0.452 |
|           Metric/self_state_action_distance |         0.00845 |
|          Metric/cross_state_action_distance |           0.453 |
|             Metric/avg_self_state_asymmetry |               0 |
|            Metric/avg_cross_state_asymmetry |         0.00948 |
|                Metric/avg_self_sa_asymmetry |               0 |
|               Metric/avg_cross_sa_asymmetry |          0.0101 |
|  Metric/self_state_action_to_state_distance |         0.00333 |
| Metric/cross_state_action_to_state_distance |           0.444 |
|                   Metric/h_lambda_diff_self |          0.0078 |
|                  Metric/h_lambda_diff_cross |          0.0112 |
|                                 Eval/Return |           0.564 |
-----------------------------------------------------------------
-----------------------------------------------------------------
|                                 Train/Steps |        3.92e+05 |
|                            Loss/Loss_critic |        0.000702 |
|                             Loss/Loss_actor |         -0.0371 |
|                             Loss/Loss_alpha |       -0.000322 |
|               Loss/Loss_state_action_metric |          0.0372 |
|                      Loss/Loss_state_metric |         0.00239 |
|             Loss/Loss_state_action_to_state |        0.000754 |
|                           Loss/Act_rep_loss |         0.00446 |
|                        Loss/Critic_rep_loss |         0.00839 |
|                                   SAC/Alpha |         0.00113 |
|                              SAC/LogPi_mean |            2.25 |
|                                 SAC/Q1_mean |          0.0361 |
|                                 SAC/Q2_mean |          0.0376 |
|                            Norm/actor_model |              37 |
|                           Norm/critic_model |            54.9 |
|              Norm/state_action_metric_model |            42.1 |
|                     Norm/state_metric_model |            38.9 |
|        Norm/state_action_state_metric_model |            40.5 |
|                  Metric/self_state_distance |         0.00785 |
|                 Metric/cross_state_distance |           0.483 |
|           Metric/self_state_action_distance |         0.00977 |
|          Metric/cross_state_action_distance |            0.49 |
|             Metric/avg_self_state_asymmetry |               0 |
|            Metric/avg_cross_state_asymmetry |           0.015 |
|                Metric/avg_self_sa_asymmetry |               0 |
|               Metric/avg_cross_sa_asymmetry |          0.0139 |
|  Metric/self_state_action_to_state_distance |          0.0064 |
| Metric/cross_state_action_to_state_distance |           0.472 |
|                   Metric/h_lambda_diff_self |         0.00996 |
|                  Metric/h_lambda_diff_cross |          0.0221 |
|                                 Eval/Return |           0.809 |
-----------------------------------------------------------------
-----------------------------------------------------------------
|                                 Train/Steps |         5.2e+05 |
|                            Loss/Loss_critic |        0.000374 |
|                             Loss/Loss_actor |          0.0125 |
|                             Loss/Loss_alpha |       -4.96e-05 |
|               Loss/Loss_state_action_metric |            1.68 |
|                      Loss/Loss_state_metric |         0.00379 |
|             Loss/Loss_state_action_to_state |         0.00322 |
|                           Loss/Act_rep_loss |         0.00265 |
|                        Loss/Critic_rep_loss |         0.00395 |
|                                   SAC/Alpha |        0.000614 |
|                              SAC/LogPi_mean |            1.99 |
|                                 SAC/Q1_mean |         -0.0106 |
|                                 SAC/Q2_mean |          -0.011 |
|                            Norm/actor_model |            40.7 |
|                           Norm/critic_model |            60.8 |
|              Norm/state_action_metric_model |            46.3 |
|                     Norm/state_metric_model |            43.1 |
|        Norm/state_action_state_metric_model |            44.4 |
|                  Metric/self_state_distance |          0.0124 |
|                 Metric/cross_state_distance |           0.478 |
|           Metric/self_state_action_distance |          0.0181 |
|          Metric/cross_state_action_distance |           0.484 |
|             Metric/avg_self_state_asymmetry |               0 |
|            Metric/avg_cross_state_asymmetry |          0.0138 |
|                Metric/avg_self_sa_asymmetry |               0 |
|               Metric/avg_cross_sa_asymmetry |           0.013 |
|  Metric/self_state_action_to_state_distance |         0.00899 |
| Metric/cross_state_action_to_state_distance |           0.473 |
|                   Metric/h_lambda_diff_self |          0.0111 |
|                  Metric/h_lambda_diff_cross |          0.0202 |
|                                 Eval/Return |           0.636 |
-----------------------------------------------------------------
-----------------------------------------------------------------
|                                 Train/Steps |        6.48e+05 |
|                            Loss/Loss_critic |         1.3e-06 |
|                             Loss/Loss_actor |           0.026 |
|                             Loss/Loss_alpha |       -4.96e-05 |
|               Loss/Loss_state_action_metric |           0.013 |
|                      Loss/Loss_state_metric |         0.00255 |
|             Loss/Loss_state_action_to_state |        0.000687 |
|                           Loss/Act_rep_loss |         0.00246 |
|                        Loss/Critic_rep_loss |        8.08e-05 |
|                                   SAC/Alpha |        0.000589 |
|                              SAC/LogPi_mean |            2.13 |
|                                 SAC/Q1_mean |         -0.0248 |
|                                 SAC/Q2_mean |         -0.0244 |
|                            Norm/actor_model |            44.7 |
|                           Norm/critic_model |              65 |
|              Norm/state_action_metric_model |            49.9 |
|                     Norm/state_metric_model |            46.7 |
|        Norm/state_action_state_metric_model |            47.9 |
|                  Metric/self_state_distance |          0.0138 |
|                 Metric/cross_state_distance |           0.464 |
|           Metric/self_state_action_distance |          0.0401 |
|          Metric/cross_state_action_distance |           0.479 |
|             Metric/avg_self_state_asymmetry |               0 |
|            Metric/avg_cross_state_asymmetry |         0.00967 |
|                Metric/avg_self_sa_asymmetry |               0 |
|               Metric/avg_cross_sa_asymmetry |          0.0136 |
|  Metric/self_state_action_to_state_distance |          0.0122 |
| Metric/cross_state_action_to_state_distance |            0.46 |
|                   Metric/h_lambda_diff_self |          0.0303 |
|                  Metric/h_lambda_diff_cross |          0.0235 |
|                                 Eval/Return |           0.893 |
-----------------------------------------------------------------
E0905 17:40:09.566095  804974 cuda_executor.cc:1526] Could not get kernel mode driver version: (INVALID_ARGUMENT: Version does not match the format X.Y.Z)
E0905 17:40:09.574607  804855 cuda_executor.cc:1526] Could not get kernel mode driver version: (INVALID_ARGUMENT: Version does not match the format X.Y.Z)
[32mStart prefilling replay buffer[0m
[32mStart SAC training[0m
[32m{'log_freq': 1000, 'save_freq': 1000000, 'eval_episode_freq': 10, 'hidden_size': 256, 'lr': 0.001, 'max_grad_norm': 0.0, 'gamma': 0.99, 'update_tau': 0.005, 'train_per_step': 8, 'episode_length': 1000, 'warmup_samples': 8192, 'max_replay_size': 4000000, 'batch_size': 512, 'total_env_steps': 5000000, 'init_temperature': 0.1, 'nstep': 3, 'bootstrap_on_truncation': True, 'rep_lr_scale': 0.5, 'critic_rep_metric_scale': 1.0, 'critic_rep_scale': 0.05, 'critic_tie_scale': 0.05, 'critic_gate_tau_u': 0.5, 'critic_gate_tau_d': 0.5, 'critic_tie_eps': 1e-06, 'metric_floor': 0.5, 'n_candidates': 16, 'actor_gate_tau': 0.3, 'vis_feq': 100000, 'n_vis_frames': 4, 'num_envs': 128, 'grad_steps': 50, 'transfer_freq': 10, 'transfer_steps': 8, 'reward_scaling': 1.0, 'num_eval_envs': 128, 'target_entropy': -3.0}[0m
[32m[nstep] nstep=3 bootstrap_on_truncation=True (discount from the buffer already contains gamma^nstep)[0m
-----------------------------------------------------------------
|                                 Train/Steps |        1.36e+05 |
|                            Loss/Loss_critic |           0.075 |
|                             Loss/Loss_actor |           -10.3 |
|                             Loss/Loss_alpha |        -0.00604 |
|               Loss/Loss_state_action_metric |           0.537 |
|                      Loss/Loss_state_metric |         0.00397 |
|             Loss/Loss_state_action_to_state |         0.00711 |
|                           Loss/Act_rep_loss |          0.0157 |
|                        Loss/Critic_rep_loss |           0.873 |
|                                   SAC/Alpha |          0.0144 |
|                              SAC/LogPi_mean |            3.26 |
|                                 SAC/Q1_mean |            10.2 |
|                                 SAC/Q2_mean |            10.2 |
|                            Norm/actor_model |            44.2 |
|                           Norm/critic_model |            50.9 |
|              Norm/state_action_metric_model |              33 |
|                     Norm/state_metric_model |            31.9 |
|        Norm/state_action_state_metric_model |            32.6 |
|                  Metric/self_state_distance |         0.00716 |
|                 Metric/cross_state_distance |            1.65 |
|           Metric/self_state_action_distance |          0.0149 |
|          Metric/cross_state_action_distance |            1.77 |
|             Metric/avg_self_state_asymmetry |               0 |
|            Metric/avg_cross_state_asymmetry |          0.0465 |
|                Metric/avg_self_sa_asymmetry |               0 |
|               Metric/avg_cross_sa_asymmetry |          0.0647 |
|  Metric/self_state_action_to_state_distance |          0.0108 |
| Metric/cross_state_action_to_state_distance |            1.66 |
|                   Metric/h_lambda_diff_self |          0.0114 |
|                  Metric/h_lambda_diff_cross |           0.123 |
|                                 Eval/Return |             456 |
-----------------------------------------------------------------
-----------------------------------------------------------------
|                                 Train/Steps |        2.64e+05 |
|                            Loss/Loss_critic |           0.209 |
|                             Loss/Loss_actor |           -29.1 |
|                             Loss/Loss_alpha |        -0.00548 |
|               Loss/Loss_state_action_metric |           0.647 |
|                      Loss/Loss_state_metric |         0.00483 |
|             Loss/Loss_state_action_to_state |         0.00318 |
|                           Loss/Act_rep_loss |          0.0207 |
|                        Loss/Critic_rep_loss |            1.43 |
|                                   SAC/Alpha |          0.0238 |
|                              SAC/LogPi_mean |            3.03 |
|                                 SAC/Q1_mean |            29.1 |
|                                 SAC/Q2_mean |            29.1 |
|                            Norm/actor_model |            58.9 |
|                           Norm/critic_model |            68.2 |
|              Norm/state_action_metric_model |            41.5 |
|                     Norm/state_metric_model |            38.4 |
|        Norm/state_action_state_metric_model |            39.7 |
|                  Metric/self_state_distance |         0.00425 |
|                 Metric/cross_state_distance |            3.06 |
|           Metric/self_state_action_distance |          0.0427 |
|          Metric/cross_state_action_distance |            3.12 |
|             Metric/avg_self_state_asymmetry |               0 |
|            Metric/avg_cross_state_asymmetry |           0.123 |
|                Metric/avg_self_sa_asymmetry |               0 |
|               Metric/avg_cross_sa_asymmetry |           0.109 |
|  Metric/self_state_action_to_state_distance |         0.00723 |
| Metric/cross_state_action_to_state_distance |            3.03 |
|                   Metric/h_lambda_diff_self |          0.0371 |
|                  Metric/h_lambda_diff_cross |           0.158 |
|                                 Eval/Return |             606 |
-----------------------------------------------------------------
-----------------------------------------------------------------
|                                 Train/Steps |        3.92e+05 |
|                            Loss/Loss_critic |           0.286 |
|                             Loss/Loss_actor |           -41.7 |
|                             Loss/Loss_alpha |        -0.00117 |
|               Loss/Loss_state_action_metric |           0.349 |
|                      Loss/Loss_state_metric |          0.0153 |
|             Loss/Loss_state_action_to_state |           0.011 |
|                           Loss/Act_rep_loss |          0.0117 |
|                        Loss/Critic_rep_loss |            1.86 |
|                                   SAC/Alpha |            0.03 |
|                              SAC/LogPi_mean |            3.07 |
|                                 SAC/Q1_mean |            41.6 |
|                                 SAC/Q2_mean |            41.6 |
|                            Norm/actor_model |            66.7 |
|                           Norm/critic_model |            80.2 |
|              Norm/state_action_metric_model |            49.2 |
|                     Norm/state_metric_model |            45.1 |
|        Norm/state_action_state_metric_model |            47.3 |
|                  Metric/self_state_distance |         0.00343 |
|                 Metric/cross_state_distance |            4.09 |
|           Metric/self_state_action_distance |          0.0335 |
|          Metric/cross_state_action_distance |            4.14 |
|             Metric/avg_self_state_asymmetry |               0 |
|            Metric/avg_cross_state_asymmetry |           0.104 |
|                Metric/avg_self_sa_asymmetry |               0 |
|               Metric/avg_cross_sa_asymmetry |           0.108 |
|  Metric/self_state_action_to_state_distance |         0.00233 |
| Metric/cross_state_action_to_state_distance |            4.04 |
|                   Metric/h_lambda_diff_self |          0.0313 |
|                  Metric/h_lambda_diff_cross |            0.15 |
|                                 Eval/Return |             708 |
-----------------------------------------------------------------
-----------------------------------------------------------------
|                                 Train/Steps |         5.2e+05 |
|                            Loss/Loss_critic |           0.202 |
|                             Loss/Loss_actor |           -54.6 |
|                             Loss/Loss_alpha |        -0.00501 |
|               Loss/Loss_state_action_metric |           0.656 |
|                      Loss/Loss_state_metric |         0.00633 |
|             Loss/Loss_state_action_to_state |         0.00814 |
|                           Loss/Act_rep_loss |           0.049 |
|                        Loss/Critic_rep_loss |            3.45 |
|                                   SAC/Alpha |           0.033 |
|                              SAC/LogPi_mean |            3.15 |
|                                 SAC/Q1_mean |            54.5 |
|                                 SAC/Q2_mean |            54.6 |
|                            Norm/actor_model |            72.1 |
|                           Norm/critic_model |              89 |
|              Norm/state_action_metric_model |            55.1 |
|                     Norm/state_metric_model |              51 |
|        Norm/state_action_state_metric_model |            53.5 |
|                  Metric/self_state_distance |         0.00485 |
|                 Metric/cross_state_distance |            4.38 |
|           Metric/self_state_action_distance |         0.00386 |
|          Metric/cross_state_action_distance |            4.34 |
|             Metric/avg_self_state_asymmetry |               0 |
|            Metric/avg_cross_state_asymmetry |          0.0863 |
|                Metric/avg_self_sa_asymmetry |               0 |
|               Metric/avg_cross_sa_asymmetry |          0.0864 |
|  Metric/self_state_action_to_state_distance |         0.00749 |
| Metric/cross_state_action_to_state_distance |            4.36 |
|                   Metric/h_lambda_diff_self |         0.00881 |
|                  Metric/h_lambda_diff_cross |          0.0963 |
|                                 Eval/Return |             811 |
-----------------------------------------------------------------
-----------------------------------------------------------------
|                                 Train/Steps |        6.48e+05 |
|                            Loss/Loss_critic |           0.182 |
|                             Loss/Loss_actor |           -61.4 |
|                             Loss/Loss_alpha |        -0.00387 |
|               Loss/Loss_state_action_metric |           0.717 |
|                      Loss/Loss_state_metric |           0.006 |
|             Loss/Loss_state_action_to_state |         0.00978 |
|                           Loss/Act_rep_loss |          0.0472 |
|                        Loss/Critic_rep_loss |            3.74 |
|                                   SAC/Alpha |          0.0306 |
|                              SAC/LogPi_mean |            3.31 |
|                                 SAC/Q1_mean |            61.4 |
|                                 SAC/Q2_mean |            61.4 |
|                            Norm/actor_model |            76.5 |
|                           Norm/critic_model |            95.8 |
|              Norm/state_action_metric_model |            60.3 |
|                     Norm/state_metric_model |            56.4 |
|        Norm/state_action_state_metric_model |            58.6 |
|                  Metric/self_state_distance |          0.0044 |
|                 Metric/cross_state_distance |             4.5 |
|           Metric/self_state_action_distance |         0.00981 |
|          Metric/cross_state_action_distance |             4.5 |
|             Metric/avg_self_state_asymmetry |               0 |
|            Metric/avg_cross_state_asymmetry |          0.0766 |
|                Metric/avg_self_sa_asymmetry |               0 |
|               Metric/avg_cross_sa_asymmetry |           0.073 |
|  Metric/self_state_action_to_state_distance |         0.00361 |
| Metric/cross_state_action_to_state_distance |            4.44 |
|                   Metric/h_lambda_diff_self |         0.00786 |
|                  Metric/h_lambda_diff_cross |           0.101 |
|                                 Eval/Return |             868 |
-----------------------------------------------------------------
-----------------------------------------------------------------
|                                 Train/Steps |        7.76e+05 |
|                            Loss/Loss_critic |           0.162 |
|                             Loss/Loss_actor |           -64.2 |
|                             Loss/Loss_alpha |          0.0117 |
|               Loss/Loss_state_action_metric |           0.765 |
|                      Loss/Loss_state_metric |         0.00749 |
|             Loss/Loss_state_action_to_state |           0.027 |
|                           Loss/Act_rep_loss |          0.0377 |
|                        Loss/Critic_rep_loss |            3.87 |
|                                   SAC/Alpha |          0.0298 |
|                              SAC/LogPi_mean |            2.87 |
|                                 SAC/Q1_mean |            64.2 |
|                                 SAC/Q2_mean |            64.1 |
|                            Norm/actor_model |            80.3 |
|                           Norm/critic_model |             102 |
|              Norm/state_action_metric_model |              65 |
|                     Norm/state_metric_model |            61.2 |
|        Norm/state_action_state_metric_model |            63.3 |
|                  Metric/self_state_distance |         0.00477 |
|                 Metric/cross_state_distance |             4.3 |
|           Metric/self_state_action_distance |         0.00787 |
|          Metric/cross_state_action_distance |            4.27 |
|             Metric/avg_self_state_asymmetry |               0 |
|            Metric/avg_cross_state_asymmetry |          0.0766 |
|                Metric/avg_self_sa_asymmetry |               0 |
|               Metric/avg_cross_sa_asymmetry |          0.0744 |
|  Metric/self_state_action_to_state_distance |         0.00607 |
| Metric/cross_state_action_to_state_distance |            4.26 |
|                   Metric/h_lambda_diff_self |          0.0075 |
|                  Metric/h_lambda_diff_cross |           0.102 |
|                                 Eval/Return |             855 |
-----------------------------------------------------------------
-----------------------------------------------------------------
|                                 Train/Steps |        9.04e+05 |
|                            Loss/Loss_critic |           0.133 |
|                             Loss/Loss_actor |           -68.3 |
|                             Loss/Loss_alpha |        -0.00498 |
|               Loss/Loss_state_action_metric |           0.995 |
|                      Loss/Loss_state_metric |         0.00478 |
|             Loss/Loss_state_action_to_state |          0.0051 |
|                           Loss/Act_rep_loss |          0.0279 |
|                        Loss/Critic_rep_loss |            4.23 |
|                                   SAC/Alpha |          0.0285 |
|                              SAC/LogPi_mean |            3.01 |
|                                 SAC/Q1_mean |            68.4 |
|                                 SAC/Q2_mean |            68.3 |
|                            Norm/actor_model |            83.9 |
|                           Norm/critic_model |             107 |
|              Norm/state_action_metric_model |            69.5 |
|                     Norm/state_metric_model |            65.8 |
|        Norm/state_action_state_metric_model |            67.9 |
|                  Metric/self_state_distance |         0.00449 |
|                 Metric/cross_state_distance |            4.19 |
|           Metric/self_state_action_distance |         0.00342 |
|          Metric/cross_state_action_distance |            4.19 |
|             Metric/avg_self_state_asymmetry |               0 |
|            Metric/avg_cross_state_asymmetry |          0.0576 |
|                Metric/avg_self_sa_asymmetry |               0 |
|               Metric/avg_cross_sa_asymmetry |          0.0606 |
|  Metric/self_state_action_to_state_distance |         0.00105 |
| Metric/cross_state_action_to_state_distance |            4.16 |
|                   Metric/h_lambda_diff_self |         0.00343 |
|                  Metric/h_lambda_diff_cross |          0.0719 |
|                                 Eval/Return |             836 |
-----------------------------------------------------------------
-----------------------------------------------------------------
|                                 Train/Steps |        1.03e+06 |
|                            Loss/Loss_critic |            0.27 |
|                             Loss/Loss_actor |           -70.3 |
|                             Loss/Loss_alpha |        -0.00105 |
|               Loss/Loss_state_action_metric |            1.18 |
|                      Loss/Loss_state_metric |         0.00324 |
|             Loss/Loss_state_action_to_state |          0.0116 |
|                           Loss/Act_rep_loss |          0.0409 |
|                        Loss/Critic_rep_loss |            4.11 |
|                                   SAC/Alpha |           0.029 |
|                              SAC/LogPi_mean |            2.99 |
|                                 SAC/Q1_mean |            70.2 |
|                                 SAC/Q2_mean |            70.3 |
|                            Norm/actor_model |            87.4 |
|                           Norm/critic_model |             112 |
|              Norm/state_action_metric_model |            73.7 |
|                     Norm/state_metric_model |            70.1 |
|        Norm/state_action_state_metric_model |            72.3 |
|                  Metric/self_state_distance |         0.00611 |
|                 Metric/cross_state_distance |            4.08 |
|           Metric/self_state_action_distance |         0.00668 |
|          Metric/cross_state_action_distance |            4.13 |
|             Metric/avg_self_state_asymmetry |               0 |
|            Metric/avg_cross_state_asymmetry |          0.0528 |
|                Metric/avg_self_sa_asymmetry |               0 |
|               Metric/avg_cross_sa_asymmetry |          0.0621 |
|  Metric/self_state_action_to_state_distance |         0.00701 |
| Metric/cross_state_action_to_state_distance |             4.1 |
|                   Metric/h_lambda_diff_self |         0.00977 |
|                  Metric/h_lambda_diff_cross |          0.0701 |
|                                 Eval/Return |             896 |
-----------------------------------------------------------------
[32mSaving model …[0m
[32mDone.[0m
[32mSaving model …[0m
[32mDone.[0m
-----------------------------------------------------------------
|                                 Train/Steps |        1.16e+06 |
|                            Loss/Loss_critic |           0.235 |
|                             Loss/Loss_actor |           -72.5 |
|                             Loss/Loss_alpha |          0.0137 |
|               Loss/Loss_state_action_metric |           0.657 |
|                      Loss/Loss_state_metric |         0.00428 |
|             Loss/Loss_state_action_to_state |         0.00552 |
|                           Loss/Act_rep_loss |          0.0336 |
|                        Loss/Critic_rep_loss |            4.11 |
|                                   SAC/Alpha |           0.028 |
|                              SAC/LogPi_mean |            2.66 |
|                                 SAC/Q1_mean |            72.5 |
|                                 SAC/Q2_mean |            72.5 |
|                            Norm/actor_model |            90.5 |
|                           Norm/critic_model |             116 |
|              Norm/state_action_metric_model |            77.7 |
|                     Norm/state_metric_model |            74.1 |
|        Norm/state_action_state_metric_model |            76.5 |
|                  Metric/self_state_distance |          0.0103 |
|                 Metric/cross_state_distance |            4.08 |
|           Metric/self_state_action_distance |         0.00654 |
|          Metric/cross_state_action_distance |            4.05 |
|             Metric/avg_self_state_asymmetry |               0 |
|            Metric/avg_cross_state_asymmetry |          0.0513 |
|                Metric/avg_self_sa_asymmetry |               0 |
|               Metric/avg_cross_sa_asymmetry |           0.057 |
|  Metric/self_state_action_to_state_distance |         0.00252 |
| Metric/cross_state_action_to_state_distance |            4.08 |
|                   Metric/h_lambda_diff_self |         0.00525 |
|                  Metric/h_lambda_diff_cross |          0.0772 |
|                                 Eval/Return |             891 |
-----------------------------------------------------------------
-----------------------------------------------------------------
|                                 Train/Steps |        1.29e+06 |
|                            Loss/Loss_critic |           0.125 |
|                             Loss/Loss_actor |           -74.1 |
|                             Loss/Loss_alpha |       -9.73e-05 |
|               Loss/Loss_state_action_metric |            0.53 |
|                      Loss/Loss_state_metric |         0.00563 |
|             Loss/Loss_state_action_to_state |         0.00448 |
|                           Loss/Act_rep_loss |          0.0344 |
|                        Loss/Critic_rep_loss |            3.63 |
|                                   SAC/Alpha |          0.0289 |
|                              SAC/LogPi_mean |             3.1 |
|                                 SAC/Q1_mean |            74.1 |
|                                 SAC/Q2_mean |            74.2 |
|                            Norm/actor_model |            93.3 |
|                           Norm/critic_model |             120 |
|              Norm/state_action_metric_model |            81.7 |
|                     Norm/state_metric_model |            77.9 |
|        Norm/state_action_state_metric_model |            80.5 |
|                  Metric/self_state_distance |         0.00138 |
|                 Metric/cross_state_distance |            4.01 |
|           Metric/self_state_action_distance |          0.0114 |
|          Metric/cross_state_action_distance |            4.05 |
|             Metric/avg_self_state_asymmetry |               0 |
|            Metric/avg_cross_state_asymmetry |          0.0475 |
|                Metric/avg_self_sa_asymmetry |               0 |
|               Metric/avg_cross_sa_asymmetry |          0.0522 |
|  Metric/self_state_action_to_state_distance |        0.000671 |
| Metric/cross_state_action_to_state_distance |            4.03 |
|                   Metric/h_lambda_diff_self |          0.0109 |
|                  Metric/h_lambda_diff_cross |           0.066 |
|                                 Eval/Return |             903 |
-----------------------------------------------------------------
-----------------------------------------------------------------
|                                 Train/Steps |        1.42e+06 |
|                            Loss/Loss_critic |           0.151 |
|                             Loss/Loss_actor |           -77.1 |
|                             Loss/Loss_alpha |         -0.0114 |
|               Loss/Loss_state_action_metric |           0.503 |
|                      Loss/Loss_state_metric |         0.00516 |
|             Loss/Loss_state_action_to_state |         0.00666 |
|                           Loss/Act_rep_loss |          0.0683 |
|                        Loss/Critic_rep_loss |            3.15 |
|                                   SAC/Alpha |          0.0278 |
|                              SAC/LogPi_mean |            3.26 |
|                                 SAC/Q1_mean |            77.1 |
|                                 SAC/Q2_mean |            77.1 |
|                            Norm/actor_model |            96.2 |
|                           Norm/critic_model |             125 |
|              Norm/state_action_metric_model |            85.3 |
|                     Norm/state_metric_model |            81.6 |
|        Norm/state_action_state_metric_model |            84.1 |
|                  Metric/self_state_distance |         0.00439 |
|                 Metric/cross_state_distance |            3.86 |
|           Metric/self_state_action_distance |         0.00457 |
|          Metric/cross_state_action_distance |            3.89 |
|             Metric/avg_self_state_asymmetry |               0 |
|            Metric/avg_cross_state_asymmetry |          0.0654 |
|                Metric/avg_self_sa_asymmetry |               0 |
|               Metric/avg_cross_sa_asymmetry |          0.0548 |
|  Metric/self_state_action_to_state_distance |         0.00597 |
| Metric/cross_state_action_to_state_distance |            3.86 |
|                   Metric/h_lambda_diff_self |         0.00734 |
|                  Metric/h_lambda_diff_cross |           0.075 |
|                                 Eval/Return |             908 |
-----------------------------------------------------------------
-----------------------------------------------------------------
|                                 Train/Steps |        1.54e+06 |
|                            Loss/Loss_critic |           0.492 |
|                             Loss/Loss_actor |           -76.6 |
|                             Loss/Loss_alpha |         0.00355 |
|               Loss/Loss_state_action_metric |             1.2 |
|                      Loss/Loss_state_metric |         0.00484 |
|             Loss/Loss_state_action_to_state |         0.00468 |
|                           Loss/Act_rep_loss |          0.0396 |
|                        Loss/Critic_rep_loss |            4.73 |
|                                   SAC/Alpha |          0.0268 |
|                              SAC/LogPi_mean |            2.97 |
|                                 SAC/Q1_mean |            76.7 |
|                                 SAC/Q2_mean |            76.6 |
|                            Norm/actor_model |              99 |
|                           Norm/critic_model |             128 |
|              Norm/state_action_metric_model |              89 |
|                     Norm/state_metric_model |            85.2 |
|        Norm/state_action_state_metric_model |            87.8 |
|                  Metric/self_state_distance |         0.00416 |
|                 Metric/cross_state_distance |            4.07 |
|           Metric/self_state_action_distance |         0.00408 |
|          Metric/cross_state_action_distance |            4.06 |
|             Metric/avg_self_state_asymmetry |               0 |
|            Metric/avg_cross_state_asymmetry |          0.0462 |
|                Metric/avg_self_sa_asymmetry |               0 |
|               Metric/avg_cross_sa_asymmetry |          0.0537 |
|  Metric/self_state_action_to_state_distance |          0.0024 |
| Metric/cross_state_action_to_state_distance |            4.04 |
|                   Metric/h_lambda_diff_self |         0.00339 |
|                  Metric/h_lambda_diff_cross |          0.0652 |
|                                 Eval/Return |             905 |
-----------------------------------------------------------------
-----------------------------------------------------------------
|                                 Train/Steps |        1.67e+06 |
|                            Loss/Loss_critic |           0.106 |
|                             Loss/Loss_actor |             -78 |
|                             Loss/Loss_alpha |         0.00684 |
|               Loss/Loss_state_action_metric |            0.67 |
|                      Loss/Loss_state_metric |         0.00407 |
|             Loss/Loss_state_action_to_state |         0.00417 |
|                           Loss/Act_rep_loss |          0.0823 |
|                        Loss/Critic_rep_loss |            4.26 |
|                                   SAC/Alpha |          0.0264 |
|                              SAC/LogPi_mean |            2.77 |
|                                 SAC/Q1_mean |            78.1 |
|                                 SAC/Q2_mean |              78 |
|                            Norm/actor_model |             102 |
|                           Norm/critic_model |             132 |
|              Norm/state_action_metric_model |            92.5 |
|                     Norm/state_metric_model |            88.5 |
|        Norm/state_action_state_metric_model |            91.2 |
|                  Metric/self_state_distance |         0.00167 |
|                 Metric/cross_state_distance |            3.91 |
|           Metric/self_state_action_distance |          0.0104 |
|          Metric/cross_state_action_distance |            3.94 |
|             Metric/avg_self_state_asymmetry |               0 |
|            Metric/avg_cross_state_asymmetry |          0.0402 |
|                Metric/avg_self_sa_asymmetry |               0 |
|               Metric/avg_cross_sa_asymmetry |          0.0504 |
|  Metric/self_state_action_to_state_distance |         0.00193 |
| Metric/cross_state_action_to_state_distance |            3.88 |
|                   Metric/h_lambda_diff_self |         0.00912 |
|                  Metric/h_lambda_diff_cross |          0.0781 |
|                                 Eval/Return |             896 |
-----------------------------------------------------------------
-----------------------------------------------------------------
|                                 Train/Steps |         1.8e+06 |
|                            Loss/Loss_critic |          0.0959 |
|                             Loss/Loss_actor |           -78.6 |
|                             Loss/Loss_alpha |        0.000255 |
|               Loss/Loss_state_action_metric |           0.706 |
|                      Loss/Loss_state_metric |         0.00464 |
|             Loss/Loss_state_action_to_state |         0.00524 |
|                           Loss/Act_rep_loss |          0.0426 |
|                        Loss/Critic_rep_loss |            4.12 |
|                                   SAC/Alpha |          0.0268 |
|                              SAC/LogPi_mean |            3.03 |
|                                 SAC/Q1_mean |            78.5 |
|                                 SAC/Q2_mean |            78.7 |
|                            Norm/actor_model |             104 |
|                           Norm/critic_model |             136 |
|              Norm/state_action_metric_model |            95.9 |
|                     Norm/state_metric_model |            91.8 |
|        Norm/state_action_state_metric_model |            94.6 |
|                  Metric/self_state_distance |         0.00188 |
|                 Metric/cross_state_distance |            3.99 |
|           Metric/self_state_action_distance |          0.0143 |
|          Metric/cross_state_action_distance |               4 |
|             Metric/avg_self_state_asymmetry |               0 |
|            Metric/avg_cross_state_asymmetry |          0.0417 |
|                Metric/avg_self_sa_asymmetry |               0 |
|               Metric/avg_cross_sa_asymmetry |          0.0592 |
|  Metric/self_state_action_to_state_distance |         0.00334 |
| Metric/cross_state_action_to_state_distance |            3.96 |
|                   Metric/h_lambda_diff_self |          0.0155 |
|                  Metric/h_lambda_diff_cross |          0.0677 |
|                                 Eval/Return |             914 |
-----------------------------------------------------------------
-----------------------------------------------------------------
|                                 Train/Steps |        1.93e+06 |
|                            Loss/Loss_critic |           0.254 |
|                             Loss/Loss_actor |           -81.1 |
|                             Loss/Loss_alpha |        -0.00506 |
|               Loss/Loss_state_action_metric |            1.04 |
|                      Loss/Loss_state_metric |         0.00497 |
|             Loss/Loss_state_action_to_state |         0.00681 |
|                           Loss/Act_rep_loss |          0.0505 |
|                        Loss/Critic_rep_loss |            3.29 |
|                                   SAC/Alpha |          0.0277 |
|                              SAC/LogPi_mean |            3.39 |
|                                 SAC/Q1_mean |            81.2 |
|                                 SAC/Q2_mean |            81.1 |
|                            Norm/actor_model |             107 |
|                           Norm/critic_model |             140 |
|              Norm/state_action_metric_model |            99.2 |
|                     Norm/state_metric_model |              95 |
|        Norm/state_action_state_metric_model |            97.8 |
|                  Metric/self_state_distance |        0.000389 |
|                 Metric/cross_state_distance |            3.86 |
|           Metric/self_state_action_distance |         0.00451 |
|          Metric/cross_state_action_distance |            3.87 |
|             Metric/avg_self_state_asymmetry |               0 |
|            Metric/avg_cross_state_asymmetry |          0.0508 |
|                Metric/avg_self_sa_asymmetry |               0 |
|               Metric/avg_cross_sa_asymmetry |           0.052 |
|  Metric/self_state_action_to_state_distance |         0.00538 |
| Metric/cross_state_action_to_state_distance |            3.84 |
|                   Metric/h_lambda_diff_self |         0.00808 |
|                  Metric/h_lambda_diff_cross |          0.0706 |
|                                 Eval/Return |             911 |
-----------------------------------------------------------------
E0905 19:10:12.950516  813237 cuda_executor.cc:1526] Could not get kernel mode driver version: (INVALID_ARGUMENT: Version does not match the format X.Y.Z)
E0905 19:10:12.959296  813126 cuda_executor.cc:1526] Could not get kernel mode driver version: (INVALID_ARGUMENT: Version does not match the format X.Y.Z)
Traceback (most recent call last):
  File "<frozen runpy>", line 198, in _run_module_as_main
  File "<frozen runpy>", line 88, in _run_code
  File "/home/rudra/Documents/rep_lr/algo4.py", line 45, in <module>
    from utils.parameterized_models import (
  File "/home/rudra/Documents/rep_lr/utils/parameterized_models.py", line 88, in <module>
    @struct.dataclass
     ^^^^^^^^^^^^^^^^
  File "/home/rudra/miniconda3/envs/jax_env/lib/python3.11/site-packages/flax/struct.py", line 130, in dataclass
    data_clz = dataclasses.dataclass(**kwargs)(clz)  # type: ignore
               ^^^^^^^^^^^^^^^^^^^^^^^^^^^^^^^^^^^^
  File "/home/rudra/miniconda3/envs/jax_env/lib/python3.11/dataclasses.py", line 1222, in wrap
    return _process_class(cls, init, repr, eq, order, unsafe_hash,
           ^^^^^^^^^^^^^^^^^^^^^^^^^^^^^^^^^^^^^^^^^^^^^^^^^^^^^^^
  File "/home/rudra/miniconda3/envs/jax_env/lib/python3.11/dataclasses.py", line 958, in _process_class
    cls_fields.append(_get_field(cls, name, type, kw_only))
                      ^^^^^^^^^^^^^^^^^^^^^^^^^^^^^^^^^^^^
  File "/home/rudra/miniconda3/envs/jax_env/lib/python3.11/dataclasses.py", line 815, in _get_field
    raise ValueError(f'mutable default {type(f.default)} for field '
ValueError: mutable default <class 'jaxlib._jax.ArrayImpl'> for field rep_w is not allowed: use default_factory
E0905 19:11:25.922855  813551 cuda_executor.cc:1526] Could not get kernel mode driver version: (INVALID_ARGUMENT: Version does not match the format X.Y.Z)
E0905 19:11:25.931279  813433 cuda_executor.cc:1526] Could not get kernel mode driver version: (INVALID_ARGUMENT: Version does not match the format X.Y.Z)
[32mStart prefilling replay buffer[0m
[32mStart SAC training[0m
[32m{'log_freq': 1000, 'save_freq': 1000000, 'eval_episode_freq': 10, 'hidden_size': 256, 'lr': 0.001, 'max_grad_norm': 0.0, 'gamma': 0.99, 'update_tau': 0.005, 'train_per_step': 8, 'episode_length': 1000, 'warmup_samples': 8192, 'max_replay_size': 4000000, 'batch_size': 512, 'total_env_steps': 5000000, 'init_temperature': 0.1, 'nstep': 3, 'bootstrap_on_truncation': True, 'rep_lr_scale': 1.5, 'rep_anneal_frac': 0.4, 'rep_floor_frac': 0.1, 'vis_feq': 100000, 'n_vis_frames': 4, 'num_envs': 128, 'grad_steps': 50, 'transfer_freq': 10, 'transfer_steps': 8, 'reward_scaling': 1.0, 'num_eval_envs': 128, 'target_entropy': -2.0}[0m
[32m[nstep] nstep=3 bootstrap_on_truncation=True (discount from the buffer already contains gamma^nstep)[0m
-----------------------------------------------------------------
|                                 Train/Steps |        1.36e+05 |
|                            Loss/Loss_critic |        0.000569 |
|                             Loss/Loss_actor |          -0.651 |
|                             Loss/Loss_alpha |         0.00656 |
|               Loss/Loss_state_action_metric |         0.00437 |
|                      Loss/Loss_state_metric |         0.00271 |
|             Loss/Loss_state_action_to_state |        0.000529 |
|                           Loss/Act_rep_loss |           0.149 |
|                             Loss/rep_weight |            1.41 |
|                                   SAC/Alpha |         0.00161 |
|                              SAC/LogPi_mean |           -2.14 |
|                                 SAC/Q1_mean |            0.65 |
|                                 SAC/Q2_mean |           0.651 |
|                            Norm/actor_model |            26.5 |
|                           Norm/critic_model |              36 |
|              Norm/state_action_metric_model |            30.9 |
|                     Norm/state_metric_model |            31.2 |
|        Norm/state_action_state_metric_model |            30.9 |
|                  Metric/self_state_distance |         0.00134 |
|                 Metric/cross_state_distance |            0.93 |
|           Metric/self_state_action_distance |         0.00504 |
|          Metric/cross_state_action_distance |           0.911 |
|             Metric/avg_self_state_asymmetry |               0 |
|            Metric/avg_cross_state_asymmetry |         0.00317 |
|                Metric/avg_self_sa_asymmetry |               0 |
|               Metric/avg_cross_sa_asymmetry |         0.00474 |
|  Metric/self_state_action_to_state_distance |        0.000974 |
| Metric/cross_state_action_to_state_distance |           0.911 |
|                   Metric/h_lambda_diff_self |          0.0046 |
|                  Metric/h_lambda_diff_cross |         0.00839 |
|                                 Eval/Return |            0.44 |
-----------------------------------------------------------------
-----------------------------------------------------------------
|                                 Train/Steps |        2.64e+05 |
|                            Loss/Loss_critic |         0.00103 |
|                             Loss/Loss_actor |          -0.191 |
|                             Loss/Loss_alpha |        5.53e-05 |
|               Loss/Loss_state_action_metric |         0.00713 |
|                      Loss/Loss_state_metric |         0.00598 |
|             Loss/Loss_state_action_to_state |        0.000385 |
|                           Loss/Act_rep_loss |           0.134 |
|                             Loss/rep_weight |            1.32 |
|                                   SAC/Alpha |        0.000196 |
|                              SAC/LogPi_mean |            1.56 |
|                                 SAC/Q1_mean |           0.191 |
|                                 SAC/Q2_mean |           0.191 |
|                            Norm/actor_model |            35.2 |
|                           Norm/critic_model |            47.4 |
|              Norm/state_action_metric_model |            33.3 |
|                     Norm/state_metric_model |            32.3 |
|        Norm/state_action_state_metric_model |            32.2 |
|                  Metric/self_state_distance |         0.00129 |
|                 Metric/cross_state_distance |           0.943 |
|           Metric/self_state_action_distance |         0.00433 |
|          Metric/cross_state_action_distance |           0.933 |
|             Metric/avg_self_state_asymmetry |               0 |
|            Metric/avg_cross_state_asymmetry |         0.00341 |
|                Metric/avg_self_sa_asymmetry |               0 |
|               Metric/avg_cross_sa_asymmetry |         0.00512 |
|  Metric/self_state_action_to_state_distance |         0.00087 |
| Metric/cross_state_action_to_state_distance |           0.926 |
|                   Metric/h_lambda_diff_self |         0.00383 |
|                  Metric/h_lambda_diff_cross |          0.0101 |
|                                 Eval/Return |           0.706 |
-----------------------------------------------------------------
-----------------------------------------------------------------
|                                 Train/Steps |        3.92e+05 |
|                            Loss/Loss_critic |        0.000951 |
|                             Loss/Loss_actor |         -0.0913 |
|                             Loss/Loss_alpha |        1.48e-05 |
|               Loss/Loss_state_action_metric |          0.0307 |
|                      Loss/Loss_state_metric |          0.0127 |
|             Loss/Loss_state_action_to_state |        0.000913 |
|                           Loss/Act_rep_loss |           0.121 |
|                             Loss/rep_weight |            1.24 |
|                                   SAC/Alpha |        0.000111 |
|                              SAC/LogPi_mean |             1.8 |
|                                 SAC/Q1_mean |          0.0915 |
|                                 SAC/Q2_mean |          0.0926 |
|                            Norm/actor_model |            40.1 |
|                           Norm/critic_model |            55.8 |
|              Norm/state_action_metric_model |            37.4 |
|                     Norm/state_metric_model |            35.6 |
|        Norm/state_action_state_metric_model |            35.6 |
|                  Metric/self_state_distance |           0.002 |
|                 Metric/cross_state_distance |            0.97 |
|           Metric/self_state_action_distance |         0.00127 |
|          Metric/cross_state_action_distance |           0.961 |
|             Metric/avg_self_state_asymmetry |               0 |
|            Metric/avg_cross_state_asymmetry |         0.00522 |
|                Metric/avg_self_sa_asymmetry |               0 |
|               Metric/avg_cross_sa_asymmetry |         0.00792 |
|  Metric/self_state_action_to_state_distance |         0.00176 |
| Metric/cross_state_action_to_state_distance |           0.959 |
|                   Metric/h_lambda_diff_self |          0.0021 |
|                  Metric/h_lambda_diff_cross |          0.0102 |
|                                 Eval/Return |           0.726 |
-----------------------------------------------------------------
-----------------------------------------------------------------
|                                 Train/Steps |         5.2e+05 |
|                            Loss/Loss_critic |        0.000949 |
|                             Loss/Loss_actor |          -0.051 |
|                             Loss/Loss_alpha |        0.000113 |
|               Loss/Loss_state_action_metric |          0.0145 |
|                      Loss/Loss_state_metric |         0.00682 |
|             Loss/Loss_state_action_to_state |        0.000318 |
|                           Loss/Act_rep_loss |           0.116 |
|                             Loss/rep_weight |            1.15 |
|                                   SAC/Alpha |        0.000107 |
|                              SAC/LogPi_mean |           0.922 |
|                                 SAC/Q1_mean |          0.0464 |
|                                 SAC/Q2_mean |          0.0523 |
|                            Norm/actor_model |            44.5 |
|                           Norm/critic_model |            61.8 |
|              Norm/state_action_metric_model |            40.9 |
|                     Norm/state_metric_model |            38.2 |
|        Norm/state_action_state_metric_model |            38.4 |
|                  Metric/self_state_distance |        0.000941 |
|                 Metric/cross_state_distance |           0.963 |
|           Metric/self_state_action_distance |         0.00276 |
|          Metric/cross_state_action_distance |           0.953 |
|             Metric/avg_self_state_asymmetry |               0 |
|            Metric/avg_cross_state_asymmetry |         0.00481 |
|                Metric/avg_self_sa_asymmetry |               0 |
|               Metric/avg_cross_sa_asymmetry |         0.00596 |
|  Metric/self_state_action_to_state_distance |         0.00119 |
| Metric/cross_state_action_to_state_distance |           0.949 |
|                   Metric/h_lambda_diff_self |         0.00212 |
|                  Metric/h_lambda_diff_cross |          0.0086 |
|                                 Eval/Return |            5.97 |
-----------------------------------------------------------------
-----------------------------------------------------------------
|                                 Train/Steps |        6.48e+05 |
|                            Loss/Loss_critic |         0.00598 |
|                             Loss/Loss_actor |           -0.67 |
|                             Loss/Loss_alpha |        0.000477 |
|               Loss/Loss_state_action_metric |          0.0247 |
|                      Loss/Loss_state_metric |           0.014 |
|             Loss/Loss_state_action_to_state |        0.000425 |
|                           Loss/Act_rep_loss |           0.107 |
|                             Loss/rep_weight |            1.06 |
|                                   SAC/Alpha |         0.00113 |
|                              SAC/LogPi_mean |            1.67 |
|                                 SAC/Q1_mean |           0.637 |
|                                 SAC/Q2_mean |           0.648 |
|                            Norm/actor_model |            51.6 |
|                           Norm/critic_model |              68 |
|              Norm/state_action_metric_model |            44.9 |
|                     Norm/state_metric_model |              41 |
|        Norm/state_action_state_metric_model |            42.3 |
|                  Metric/self_state_distance |          0.0028 |
|                 Metric/cross_state_distance |           0.984 |
|           Metric/self_state_action_distance |         0.00319 |
|          Metric/cross_state_action_distance |           0.976 |
|             Metric/avg_self_state_asymmetry |               0 |
|            Metric/avg_cross_state_asymmetry |         0.00466 |
|                Metric/avg_self_sa_asymmetry |               0 |
|               Metric/avg_cross_sa_asymmetry |         0.00643 |
|  Metric/self_state_action_to_state_distance |         0.00114 |
| Metric/cross_state_action_to_state_distance |           0.981 |
|                   Metric/h_lambda_diff_self |          0.0027 |
|                  Metric/h_lambda_diff_cross |          0.0111 |
|                                 Eval/Return |            17.7 |
-----------------------------------------------------------------
-----------------------------------------------------------------
|                                 Train/Steps |        7.76e+05 |
|                            Loss/Loss_critic |          0.0119 |
|                             Loss/Loss_actor |           -1.31 |
|                             Loss/Loss_alpha |       -0.000334 |
|               Loss/Loss_state_action_metric |          0.0639 |
|                      Loss/Loss_state_metric |          0.0341 |
|             Loss/Loss_state_action_to_state |        0.000578 |
|                           Loss/Act_rep_loss |          0.0913 |
|                             Loss/rep_weight |           0.976 |
|                                   SAC/Alpha |         0.00139 |
|                              SAC/LogPi_mean |            2.38 |
|                                 SAC/Q1_mean |            1.29 |
|                                 SAC/Q2_mean |            1.29 |
|                            Norm/actor_model |              59 |
|                           Norm/critic_model |            73.5 |
|              Norm/state_action_metric_model |              49 |
|                     Norm/state_metric_model |            43.9 |
|        Norm/state_action_state_metric_model |            45.6 |
|                  Metric/self_state_distance |        0.000493 |
|                 Metric/cross_state_distance |            1.04 |
|           Metric/self_state_action_distance |         0.00529 |
|          Metric/cross_state_action_distance |            1.06 |
|             Metric/avg_self_state_asymmetry |               0 |
|            Metric/avg_cross_state_asymmetry |         0.00747 |
|                Metric/avg_self_sa_asymmetry |               0 |
|               Metric/avg_cross_sa_asymmetry |         0.00869 |
|  Metric/self_state_action_to_state_distance |         0.00152 |
| Metric/cross_state_action_to_state_distance |            1.06 |
|                   Metric/h_lambda_diff_self |           0.004 |
|                  Metric/h_lambda_diff_cross |          0.0122 |
|                                 Eval/Return |            52.2 |
-----------------------------------------------------------------
-----------------------------------------------------------------
|                                 Train/Steps |        9.04e+05 |
|                            Loss/Loss_critic |         0.00594 |
|                             Loss/Loss_actor |           -1.79 |
|                             Loss/Loss_alpha |       -0.000415 |
|               Loss/Loss_state_action_metric |           0.088 |
|                      Loss/Loss_state_metric |          0.0498 |
|             Loss/Loss_state_action_to_state |        0.000601 |
|                           Loss/Act_rep_loss |          0.0843 |
|                             Loss/rep_weight |            0.89 |
|                                   SAC/Alpha |        0.000883 |
|                              SAC/LogPi_mean |            2.49 |
|                                 SAC/Q1_mean |            1.76 |
|                                 SAC/Q2_mean |            1.75 |
|                            Norm/actor_model |            65.1 |
|                           Norm/critic_model |            79.2 |
|              Norm/state_action_metric_model |            52.7 |
|                     Norm/state_metric_model |            46.8 |
|        Norm/state_action_state_metric_model |            48.9 |
|                  Metric/self_state_distance |         0.00152 |
|                 Metric/cross_state_distance |            1.08 |
|           Metric/self_state_action_distance |         0.00218 |
|          Metric/cross_state_action_distance |             1.1 |
|             Metric/avg_self_state_asymmetry |               0 |
|            Metric/avg_cross_state_asymmetry |         0.00736 |
|                Metric/avg_self_sa_asymmetry |               0 |
|               Metric/avg_cross_sa_asymmetry |         0.00948 |
|  Metric/self_state_action_to_state_distance |         0.00042 |
| Metric/cross_state_action_to_state_distance |             1.1 |
|                   Metric/h_lambda_diff_self |         0.00196 |
|                  Metric/h_lambda_diff_cross |          0.0124 |
|                                 Eval/Return |            42.5 |
-----------------------------------------------------------------
-----------------------------------------------------------------
|                                 Train/Steps |        1.03e+06 |
|                            Loss/Loss_critic |         0.00389 |
|                             Loss/Loss_actor |           -2.12 |
|                             Loss/Loss_alpha |        0.000654 |
|               Loss/Loss_state_action_metric |           0.111 |
|                      Loss/Loss_state_metric |          0.0705 |
|             Loss/Loss_state_action_to_state |        0.000389 |
|                           Loss/Act_rep_loss |          0.0799 |
|                             Loss/rep_weight |           0.803 |
|                                   SAC/Alpha |        0.000968 |
|                              SAC/LogPi_mean |            1.32 |
|                                 SAC/Q1_mean |            2.09 |
|                                 SAC/Q2_mean |            2.09 |
|                            Norm/actor_model |              71 |
|                           Norm/critic_model |            84.5 |
|              Norm/state_action_metric_model |              56 |
|                     Norm/state_metric_model |            49.8 |
|        Norm/state_action_state_metric_model |              52 |
|                  Metric/self_state_distance |         0.00336 |
|                 Metric/cross_state_distance |            1.13 |
|           Metric/self_state_action_distance |         0.00266 |
|          Metric/cross_state_action_distance |            1.17 |
|             Metric/avg_self_state_asymmetry |               0 |
|            Metric/avg_cross_state_asymmetry |         0.00545 |
|                Metric/avg_self_sa_asymmetry |               0 |
|               Metric/avg_cross_sa_asymmetry |         0.00957 |
|  Metric/self_state_action_to_state_distance |         0.00188 |
| Metric/cross_state_action_to_state_distance |            1.15 |
|                   Metric/h_lambda_diff_self |         0.00247 |
|                  Metric/h_lambda_diff_cross |          0.0144 |
|                                 Eval/Return |              55 |
-----------------------------------------------------------------
[32mSaving model …[0m
[32mDone.[0m
[32mSaving model …[0m
[32mDone.[0m
-----------------------------------------------------------------
|                                 Train/Steps |        1.16e+06 |
|                            Loss/Loss_critic |         0.00796 |
|                             Loss/Loss_actor |           -2.58 |
|                             Loss/Loss_alpha |        0.000371 |
|               Loss/Loss_state_action_metric |           0.138 |
|                      Loss/Loss_state_metric |          0.0829 |
|             Loss/Loss_state_action_to_state |         0.00154 |
|                           Loss/Act_rep_loss |          0.0735 |
|                             Loss/rep_weight |           0.717 |
|                                   SAC/Alpha |         0.00151 |
|                              SAC/LogPi_mean |            1.77 |
|                                 SAC/Q1_mean |            2.54 |
|                                 SAC/Q2_mean |            2.54 |
|                            Norm/actor_model |              76 |
|                           Norm/critic_model |            89.4 |
|              Norm/state_action_metric_model |            59.1 |
|                     Norm/state_metric_model |            52.7 |
|        Norm/state_action_state_metric_model |            55.1 |
|                  Metric/self_state_distance |         0.00226 |
|                 Metric/cross_state_distance |            1.15 |
|           Metric/self_state_action_distance |          0.0022 |
|          Metric/cross_state_action_distance |            1.19 |
|             Metric/avg_self_state_asymmetry |               0 |
|            Metric/avg_cross_state_asymmetry |         0.00687 |
|                Metric/avg_self_sa_asymmetry |               0 |
|               Metric/avg_cross_sa_asymmetry |          0.0131 |
|  Metric/self_state_action_to_state_distance |        0.000768 |
| Metric/cross_state_action_to_state_distance |            1.19 |
|                   Metric/h_lambda_diff_self |         0.00182 |
|                  Metric/h_lambda_diff_cross |          0.0155 |
|                                 Eval/Return |            60.7 |
-----------------------------------------------------------------
-----------------------------------------------------------------
|                                 Train/Steps |        1.29e+06 |
|                            Loss/Loss_critic |          0.0245 |
|                             Loss/Loss_actor |            -2.8 |
|                             Loss/Loss_alpha |        0.000162 |
|               Loss/Loss_state_action_metric |            0.16 |
|                      Loss/Loss_state_metric |          0.0939 |
|             Loss/Loss_state_action_to_state |        0.000546 |
|                           Loss/Act_rep_loss |          0.0694 |
|                             Loss/rep_weight |           0.631 |
|                                   SAC/Alpha |         0.00134 |
|                              SAC/LogPi_mean |             1.9 |
|                                 SAC/Q1_mean |            2.77 |
|                                 SAC/Q2_mean |            2.77 |
|                            Norm/actor_model |            80.3 |
|                           Norm/critic_model |            93.9 |
|              Norm/state_action_metric_model |            62.2 |
|                     Norm/state_metric_model |            55.7 |
|        Norm/state_action_state_metric_model |              58 |
|                  Metric/self_state_distance |         0.00164 |
|                 Metric/cross_state_distance |            1.16 |
|           Metric/self_state_action_distance |         0.00303 |
|          Metric/cross_state_action_distance |            1.23 |
|             Metric/avg_self_state_asymmetry |               0 |
|            Metric/avg_cross_state_asymmetry |         0.00719 |
|                Metric/avg_self_sa_asymmetry |               0 |
|               Metric/avg_cross_sa_asymmetry |          0.0117 |
|  Metric/self_state_action_to_state_distance |        0.000957 |
| Metric/cross_state_action_to_state_distance |            1.22 |
|                   Metric/h_lambda_diff_self |         0.00327 |
|                  Metric/h_lambda_diff_cross |          0.0159 |
|                                 Eval/Return |            57.6 |
-----------------------------------------------------------------
-----------------------------------------------------------------
|                                 Train/Steps |        1.42e+06 |
|                            Loss/Loss_critic |         0.00552 |
|                             Loss/Loss_actor |           -3.14 |
|                             Loss/Loss_alpha |        0.000125 |
|               Loss/Loss_state_action_metric |           0.192 |
|                      Loss/Loss_state_metric |            0.12 |
|             Loss/Loss_state_action_to_state |        0.000431 |
|                           Loss/Act_rep_loss |          0.0635 |
|                             Loss/rep_weight |           0.544 |
|                                   SAC/Alpha |         0.00146 |
|                              SAC/LogPi_mean |            1.97 |
|                                 SAC/Q1_mean |            3.12 |
|                                 SAC/Q2_mean |            3.12 |
|                            Norm/actor_model |            84.7 |
|                           Norm/critic_model |            98.7 |
|              Norm/state_action_metric_model |            65.1 |
|                     Norm/state_metric_model |            58.7 |
|        Norm/state_action_state_metric_model |            60.9 |
|                  Metric/self_state_distance |         0.00119 |
|                 Metric/cross_state_distance |            1.21 |
|           Metric/self_state_action_distance |          0.0035 |
|          Metric/cross_state_action_distance |             1.3 |
|             Metric/avg_self_state_asymmetry |               0 |
|            Metric/avg_cross_state_asymmetry |         0.00795 |
|                Metric/avg_self_sa_asymmetry |               0 |
|               Metric/avg_cross_sa_asymmetry |          0.0134 |
|  Metric/self_state_action_to_state_distance |         0.00232 |
| Metric/cross_state_action_to_state_distance |            1.29 |
|                   Metric/h_lambda_diff_self |         0.00367 |
|                  Metric/h_lambda_diff_cross |           0.013 |
|                                 Eval/Return |            51.9 |
-----------------------------------------------------------------
-----------------------------------------------------------------
|                                 Train/Steps |        1.54e+06 |
|                            Loss/Loss_critic |          0.0141 |
|                             Loss/Loss_actor |           -3.26 |
|                             Loss/Loss_alpha |        0.000241 |
|               Loss/Loss_state_action_metric |           0.182 |
|                      Loss/Loss_state_metric |            0.11 |
|             Loss/Loss_state_action_to_state |        0.000631 |
|                           Loss/Act_rep_loss |          0.0637 |
|                             Loss/rep_weight |           0.458 |
|                                   SAC/Alpha |         0.00175 |
|                              SAC/LogPi_mean |            2.01 |
|                                 SAC/Q1_mean |            3.23 |
|                                 SAC/Q2_mean |            3.24 |
|                            Norm/actor_model |            88.7 |
|                           Norm/critic_model |             103 |
|              Norm/state_action_metric_model |              68 |
|                     Norm/state_metric_model |            61.6 |
|        Norm/state_action_state_metric_model |            63.6 |
|                  Metric/self_state_distance |        0.000484 |
|                 Metric/cross_state_distance |             1.2 |
|           Metric/self_state_action_distance |        0.000907 |
|          Metric/cross_state_action_distance |            1.27 |
|             Metric/avg_self_state_asymmetry |               0 |
|            Metric/avg_cross_state_asymmetry |         0.00885 |
|                Metric/avg_self_sa_asymmetry |               0 |
|               Metric/avg_cross_sa_asymmetry |          0.0144 |
|  Metric/self_state_action_to_state_distance |        0.000107 |
| Metric/cross_state_action_to_state_distance |            1.27 |
|                   Metric/h_lambda_diff_self |        0.000866 |
|                  Metric/h_lambda_diff_cross |          0.0146 |
|                                 Eval/Return |            58.7 |
-----------------------------------------------------------------
-----------------------------------------------------------------
|                                 Train/Steps |        1.67e+06 |
|                            Loss/Loss_critic |          0.0275 |
|                             Loss/Loss_actor |           -3.85 |
|                             Loss/Loss_alpha |       -0.000241 |
|               Loss/Loss_state_action_metric |           0.408 |
|                      Loss/Loss_state_metric |           0.197 |
|             Loss/Loss_state_action_to_state |        0.000832 |
|                           Loss/Act_rep_loss |          0.0631 |
|                             Loss/rep_weight |           0.371 |
|                                   SAC/Alpha |         0.00192 |
|                              SAC/LogPi_mean |            2.32 |
|                                 SAC/Q1_mean |            3.82 |
|                                 SAC/Q2_mean |            3.83 |
|                            Norm/actor_model |            92.8 |
|                           Norm/critic_model |             108 |
|              Norm/state_action_metric_model |            71.2 |
|                     Norm/state_metric_model |            64.7 |
|        Norm/state_action_state_metric_model |            67.1 |
|                  Metric/self_state_distance |         0.00321 |
|                 Metric/cross_state_distance |            1.33 |
|           Metric/self_state_action_distance |         0.00666 |
|          Metric/cross_state_action_distance |            1.43 |
|             Metric/avg_self_state_asymmetry |               0 |
|            Metric/avg_cross_state_asymmetry |         0.00881 |
|                Metric/avg_self_sa_asymmetry |               0 |
|               Metric/avg_cross_sa_asymmetry |          0.0124 |
|  Metric/self_state_action_to_state_distance |         0.00173 |
| Metric/cross_state_action_to_state_distance |            1.43 |
|                   Metric/h_lambda_diff_self |         0.00705 |
|                  Metric/h_lambda_diff_cross |          0.0158 |
|                                 Eval/Return |              68 |
-----------------------------------------------------------------
E0905 19:22:34.296419  816142 cuda_executor.cc:1526] Could not get kernel mode driver version: (INVALID_ARGUMENT: Version does not match the format X.Y.Z)
E0905 19:22:34.305013  816033 cuda_executor.cc:1526] Could not get kernel mode driver version: (INVALID_ARGUMENT: Version does not match the format X.Y.Z)
[32mStart prefilling replay buffer[0m
[32mStart SAC training[0m
[32m{'log_freq': 1000, 'save_freq': 1000000, 'eval_episode_freq': 10, 'hidden_size': 256, 'lr': 0.001, 'max_grad_norm': 0.0, 'gamma': 0.99, 'update_tau': 0.005, 'train_per_step': 8, 'episode_length': 1000, 'warmup_samples': 8192, 'max_replay_size': 4000000, 'batch_size': 512, 'total_env_steps': 5000000, 'init_temperature': 0.1, 'nstep': 3, 'bootstrap_on_truncation': True, 'rep_lr_scale': 1.5, 'rep_anneal_frac': 0.4, 'rep_floor_frac': 0.1, 'near_pair_scale': 1.0, 'vis_feq': 100000, 'n_vis_frames': 4, 'num_envs': 128, 'grad_steps': 50, 'transfer_freq': 10, 'transfer_steps': 8, 'reward_scaling': 1.0, 'num_eval_envs': 128, 'target_entropy': -2.0}[0m
[32m[nstep] nstep=3 bootstrap_on_truncation=True (discount from the buffer already contains gamma^nstep)[0m
-----------------------------------------------------------------
|                                 Train/Steps |        1.36e+05 |
|                            Loss/Loss_critic |         0.00259 |
|                             Loss/Loss_actor |          -0.658 |
|                             Loss/Loss_alpha |         0.00567 |
|               Loss/Loss_state_action_metric |          0.0159 |
|                      Loss/Loss_state_metric |         0.00962 |
|             Loss/Loss_state_action_to_state |        0.000525 |
|                           Loss/Act_rep_loss |         0.00695 |
|                             Loss/rep_weight |            1.41 |
|                                   SAC/Alpha |          0.0017 |
|                              SAC/LogPi_mean |           -1.34 |
|                                 SAC/Q1_mean |           0.659 |
|                                 SAC/Q2_mean |           0.655 |
|                            Norm/actor_model |            27.9 |
|                           Norm/critic_model |            36.4 |
|              Norm/state_action_metric_model |            31.1 |
|                     Norm/state_metric_model |            31.2 |
|        Norm/state_action_state_metric_model |            31.1 |
|                  Metric/self_state_distance |          0.0054 |
|                 Metric/cross_state_distance |           0.947 |
|           Metric/self_state_action_distance |          0.0122 |
|          Metric/cross_state_action_distance |            0.92 |
|             Metric/avg_self_state_asymmetry |               0 |
|            Metric/avg_cross_state_asymmetry |          0.0106 |
|                Metric/avg_self_sa_asymmetry |               0 |
|               Metric/avg_cross_sa_asymmetry |         0.00868 |
|  Metric/self_state_action_to_state_distance |         0.00381 |
| Metric/cross_state_action_to_state_distance |            0.92 |
|                   Metric/h_lambda_diff_self |         0.00964 |
|                  Metric/h_lambda_diff_cross |          0.0101 |
|                                 Eval/Return |            0.72 |
-----------------------------------------------------------------
-----------------------------------------------------------------
|                                 Train/Steps |        2.64e+05 |
|                            Loss/Loss_critic |        0.000605 |
|                             Loss/Loss_actor |            -0.2 |
|                             Loss/Loss_alpha |        9.87e-05 |
|               Loss/Loss_state_action_metric |          0.0131 |
|                      Loss/Loss_state_metric |          0.0106 |
|             Loss/Loss_state_action_to_state |        0.000488 |
|                           Loss/Act_rep_loss |         0.00638 |
|                             Loss/rep_weight |            1.32 |
|                                   SAC/Alpha |        0.000148 |
|                              SAC/LogPi_mean |             1.2 |
|                                 SAC/Q1_mean |           0.201 |
|                                 SAC/Q2_mean |           0.198 |
|                            Norm/actor_model |            37.6 |
|                           Norm/critic_model |              47 |
|              Norm/state_action_metric_model |            33.2 |
|                     Norm/state_metric_model |            34.7 |
|        Norm/state_action_state_metric_model |              33 |
|                  Metric/self_state_distance |         0.00197 |
|                 Metric/cross_state_distance |           0.937 |
|           Metric/self_state_action_distance |         0.00753 |
|          Metric/cross_state_action_distance |            0.91 |
|             Metric/avg_self_state_asymmetry |               0 |
|            Metric/avg_cross_state_asymmetry |         0.00805 |
|                Metric/avg_self_sa_asymmetry |               0 |
|               Metric/avg_cross_sa_asymmetry |          0.0075 |
|  Metric/self_state_action_to_state_distance |         0.00134 |
| Metric/cross_state_action_to_state_distance |           0.904 |
|                   Metric/h_lambda_diff_self |         0.00653 |
|                  Metric/h_lambda_diff_cross |          0.0115 |
|                                 Eval/Return |           0.527 |
-----------------------------------------------------------------
-----------------------------------------------------------------
|                                 Train/Steps |        3.92e+05 |
|                            Loss/Loss_critic |        0.000967 |
|                             Loss/Loss_actor |          -0.101 |
|                             Loss/Loss_alpha |       -1.31e-05 |
|               Loss/Loss_state_action_metric |          0.0375 |
|                      Loss/Loss_state_metric |          0.0198 |
|             Loss/Loss_state_action_to_state |         0.00148 |
|                           Loss/Act_rep_loss |         0.00592 |
|                             Loss/rep_weight |            1.24 |
|                                   SAC/Alpha |        0.000101 |
|                              SAC/LogPi_mean |            2.14 |
|                                 SAC/Q1_mean |           0.101 |
|                                 SAC/Q2_mean |           0.103 |
|                            Norm/actor_model |            43.8 |
|                           Norm/critic_model |            54.4 |
|              Norm/state_action_metric_model |            36.6 |
|                     Norm/state_metric_model |            39.4 |
|        Norm/state_action_state_metric_model |              36 |
|                  Metric/self_state_distance |          0.0019 |
|                 Metric/cross_state_distance |           0.964 |
|           Metric/self_state_action_distance |         0.00258 |
|          Metric/cross_state_action_distance |           0.962 |
|             Metric/avg_self_state_asymmetry |               0 |
|            Metric/avg_cross_state_asymmetry |         0.00966 |
|                Metric/avg_self_sa_asymmetry |               0 |
|               Metric/avg_cross_sa_asymmetry |          0.0129 |
|  Metric/self_state_action_to_state_distance |        0.000683 |
| Metric/cross_state_action_to_state_distance |           0.955 |
|                   Metric/h_lambda_diff_self |         0.00251 |
|                  Metric/h_lambda_diff_cross |          0.0127 |
|                                 Eval/Return |           0.794 |
-----------------------------------------------------------------
-----------------------------------------------------------------
|                                 Train/Steps |         5.2e+05 |
|                            Loss/Loss_critic |         0.00219 |
|                             Loss/Loss_actor |         -0.0397 |
|                             Loss/Loss_alpha |        4.43e-05 |
|               Loss/Loss_state_action_metric |          0.0192 |
|                      Loss/Loss_state_metric |         0.00874 |
|             Loss/Loss_state_action_to_state |        0.000389 |
|                           Loss/Act_rep_loss |         0.00335 |
|                             Loss/rep_weight |            1.15 |
|                                   SAC/Alpha |         8.1e-05 |
|                              SAC/LogPi_mean |            1.49 |
|                                 SAC/Q1_mean |          0.0409 |
|                                 SAC/Q2_mean |          0.0394 |
|                            Norm/actor_model |            49.5 |
|                           Norm/critic_model |              60 |
|              Norm/state_action_metric_model |            40.2 |
|                     Norm/state_metric_model |            44.4 |
|        Norm/state_action_state_metric_model |            39.4 |
|                  Metric/self_state_distance |         0.00151 |
|                 Metric/cross_state_distance |           0.949 |
|           Metric/self_state_action_distance |         0.00154 |
|          Metric/cross_state_action_distance |           0.942 |
|             Metric/avg_self_state_asymmetry |               0 |
|            Metric/avg_cross_state_asymmetry |         0.00996 |
|                Metric/avg_self_sa_asymmetry |               0 |
|               Metric/avg_cross_sa_asymmetry |         0.00831 |
|  Metric/self_state_action_to_state_distance |        0.000905 |
| Metric/cross_state_action_to_state_distance |           0.936 |
|                   Metric/h_lambda_diff_self |         0.00126 |
|                  Metric/h_lambda_diff_cross |          0.0105 |
|                                 Eval/Return |           0.399 |
-----------------------------------------------------------------
-----------------------------------------------------------------
|                                 Train/Steps |        6.48e+05 |
|                            Loss/Loss_critic |        0.000117 |
|                             Loss/Loss_actor |          -0.019 |
|                             Loss/Loss_alpha |       -4.42e-05 |
|               Loss/Loss_state_action_metric |         0.00996 |
|                      Loss/Loss_state_metric |         0.00601 |
|             Loss/Loss_state_action_to_state |        0.000283 |
|                           Loss/Act_rep_loss |         0.00571 |
|                             Loss/rep_weight |            1.06 |
|                                   SAC/Alpha |        8.81e-05 |
|                              SAC/LogPi_mean |            2.51 |
|                                 SAC/Q1_mean |          0.0198 |
|                                 SAC/Q2_mean |          0.0195 |
|                            Norm/actor_model |            53.8 |
|                           Norm/critic_model |            64.5 |
|              Norm/state_action_metric_model |            43.8 |
|                     Norm/state_metric_model |            49.6 |
|        Norm/state_action_state_metric_model |            42.5 |
|                  Metric/self_state_distance |        0.000896 |
|                 Metric/cross_state_distance |           0.929 |
|           Metric/self_state_action_distance |         0.00475 |
|          Metric/cross_state_action_distance |           0.909 |
|             Metric/avg_self_state_asymmetry |               0 |
|            Metric/avg_cross_state_asymmetry |         0.00734 |
|                Metric/avg_self_sa_asymmetry |               0 |
|               Metric/avg_cross_sa_asymmetry |         0.00735 |
|  Metric/self_state_action_to_state_distance |         0.00136 |
| Metric/cross_state_action_to_state_distance |           0.913 |
|                   Metric/h_lambda_diff_self |         0.00378 |
|                  Metric/h_lambda_diff_cross |         0.00941 |
|                                 Eval/Return |            1.04 |
-----------------------------------------------------------------
-----------------------------------------------------------------
|                                 Train/Steps |        7.76e+05 |
|                            Loss/Loss_critic |         0.00591 |
|                             Loss/Loss_actor |         -0.0281 |
|                             Loss/Loss_alpha |       -3.57e-05 |
|               Loss/Loss_state_action_metric |          0.0365 |
|                      Loss/Loss_state_metric |          0.0176 |
|             Loss/Loss_state_action_to_state |        0.000612 |
|                           Loss/Act_rep_loss |         0.00451 |
|                             Loss/rep_weight |           0.976 |
|                                   SAC/Alpha |        8.37e-05 |
|                              SAC/LogPi_mean |            2.52 |
|                                 SAC/Q1_mean |          0.0256 |
|                                 SAC/Q2_mean |          0.0229 |
|                            Norm/actor_model |            57.9 |
|                           Norm/critic_model |            68.5 |
|              Norm/state_action_metric_model |            47.3 |
|                     Norm/state_metric_model |              55 |
|        Norm/state_action_state_metric_model |            45.8 |
|                  Metric/self_state_distance |         0.00162 |
|                 Metric/cross_state_distance |           0.959 |
|           Metric/self_state_action_distance |         0.00176 |
|          Metric/cross_state_action_distance |           0.945 |
|             Metric/avg_self_state_asymmetry |               0 |
|            Metric/avg_cross_state_asymmetry |         0.00913 |
|                Metric/avg_self_sa_asymmetry |               0 |
|               Metric/avg_cross_sa_asymmetry |         0.00894 |
|  Metric/self_state_action_to_state_distance |        0.000994 |
| Metric/cross_state_action_to_state_distance |           0.949 |
|                   Metric/h_lambda_diff_self |         0.00171 |
|                  Metric/h_lambda_diff_cross |          0.0101 |
|                                 Eval/Return |            1.28 |
-----------------------------------------------------------------
-----------------------------------------------------------------
|                                 Train/Steps |        9.04e+05 |
|                            Loss/Loss_critic |         0.00189 |
|                             Loss/Loss_actor |         -0.0306 |
|                             Loss/Loss_alpha |       -2.32e-05 |
|               Loss/Loss_state_action_metric |          0.0295 |
|                      Loss/Loss_state_metric |          0.0127 |
|             Loss/Loss_state_action_to_state |        0.000489 |
|                           Loss/Act_rep_loss |         0.00522 |
|                             Loss/rep_weight |            0.89 |
|                                   SAC/Alpha |        8.25e-05 |
|                              SAC/LogPi_mean |            2.22 |
|                                 SAC/Q1_mean |          0.0311 |
|                                 SAC/Q2_mean |          0.0312 |
|                            Norm/actor_model |            61.6 |
|                           Norm/critic_model |            72.1 |
|              Norm/state_action_metric_model |            50.6 |
|                     Norm/state_metric_model |            60.4 |
|        Norm/state_action_state_metric_model |            48.9 |
|                  Metric/self_state_distance |         0.00128 |
|                 Metric/cross_state_distance |           0.953 |
|           Metric/self_state_action_distance |         0.00425 |
|          Metric/cross_state_action_distance |           0.935 |
|             Metric/avg_self_state_asymmetry |               0 |
|            Metric/avg_cross_state_asymmetry |         0.00856 |
|                Metric/avg_self_sa_asymmetry |               0 |
|               Metric/avg_cross_sa_asymmetry |         0.00776 |
|  Metric/self_state_action_to_state_distance |        0.000468 |
| Metric/cross_state_action_to_state_distance |            0.93 |
|                   Metric/h_lambda_diff_self |         0.00389 |
|                  Metric/h_lambda_diff_cross |         0.00914 |
|                                 Eval/Return |            1.03 |
-----------------------------------------------------------------
-----------------------------------------------------------------
|                                 Train/Steps |        1.03e+06 |
|                            Loss/Loss_critic |        3.02e-05 |
|                             Loss/Loss_actor |        3.02e-06 |
|                             Loss/Loss_alpha |        8.93e-06 |
|               Loss/Loss_state_action_metric |           0.011 |
|                      Loss/Loss_state_metric |          0.0106 |
|             Loss/Loss_state_action_to_state |        0.000333 |
|                           Loss/Act_rep_loss |         0.00972 |
|                             Loss/rep_weight |           0.803 |
|                                   SAC/Alpha |        7.29e-05 |
|                              SAC/LogPi_mean |            1.76 |
|                                 SAC/Q1_mean |        0.000117 |
|                                 SAC/Q2_mean |         0.00107 |
|                            Norm/actor_model |            65.2 |
|                           Norm/critic_model |            75.1 |
|              Norm/state_action_metric_model |            54.1 |
|                     Norm/state_metric_model |            65.4 |
|        Norm/state_action_state_metric_model |            52.4 |
|                  Metric/self_state_distance |         0.00103 |
|                 Metric/cross_state_distance |           0.917 |
|           Metric/self_state_action_distance |         0.00294 |
|          Metric/cross_state_action_distance |           0.902 |
|             Metric/avg_self_state_asymmetry |               0 |
|            Metric/avg_cross_state_asymmetry |         0.00971 |
|                Metric/avg_self_sa_asymmetry |               0 |
|               Metric/avg_cross_sa_asymmetry |         0.00608 |
|  Metric/self_state_action_to_state_distance |         0.00138 |
| Metric/cross_state_action_to_state_distance |           0.903 |
|                   Metric/h_lambda_diff_self |         0.00249 |
|                  Metric/h_lambda_diff_cross |         0.00876 |
|                                 Eval/Return |           0.782 |
-----------------------------------------------------------------
[32mSaving model …[0m
[32mDone.[0m
[32mSaving model …[0m
[32mDone.[0m
-----------------------------------------------------------------
|                                 Train/Steps |        1.16e+06 |
|                            Loss/Loss_critic |        0.000563 |
|                             Loss/Loss_actor |         -0.0188 |
|                             Loss/Loss_alpha |       -3.36e-05 |
|               Loss/Loss_state_action_metric |          0.0214 |
|                      Loss/Loss_state_metric |          0.0145 |
|             Loss/Loss_state_action_to_state |         0.00038 |
|                           Loss/Act_rep_loss |         0.00702 |
|                             Loss/rep_weight |           0.717 |
|                                   SAC/Alpha |        7.37e-05 |
|                              SAC/LogPi_mean |            2.55 |
|                                 SAC/Q1_mean |          0.0195 |
|                                 SAC/Q2_mean |          0.0193 |
|                            Norm/actor_model |            68.6 |
|                           Norm/critic_model |            78.2 |
|              Norm/state_action_metric_model |            57.2 |
|                     Norm/state_metric_model |            70.4 |
|        Norm/state_action_state_metric_model |            55.2 |
|                  Metric/self_state_distance |         0.00154 |
|                 Metric/cross_state_distance |           0.939 |
|           Metric/self_state_action_distance |         0.00147 |
|          Metric/cross_state_action_distance |           0.925 |
|             Metric/avg_self_state_asymmetry |               0 |
|            Metric/avg_cross_state_asymmetry |         0.00648 |
|                Metric/avg_self_sa_asymmetry |               0 |
|               Metric/avg_cross_sa_asymmetry |         0.00605 |
|  Metric/self_state_action_to_state_distance |         0.00184 |
| Metric/cross_state_action_to_state_distance |           0.926 |
|                   Metric/h_lambda_diff_self |         0.00172 |
|                  Metric/h_lambda_diff_cross |          0.0102 |
|                                 Eval/Return |            1.22 |
-----------------------------------------------------------------
-----------------------------------------------------------------
|                                 Train/Steps |        1.29e+06 |
|                            Loss/Loss_critic |         0.00197 |
|                             Loss/Loss_actor |         -0.0141 |
|                             Loss/Loss_alpha |        1.56e-05 |
|               Loss/Loss_state_action_metric |          0.0349 |
|                      Loss/Loss_state_metric |          0.0115 |
|             Loss/Loss_state_action_to_state |         0.00112 |
|                           Loss/Act_rep_loss |         0.00513 |
|                             Loss/rep_weight |           0.631 |
|                                   SAC/Alpha |        7.89e-05 |
|                              SAC/LogPi_mean |            1.92 |
|                                 SAC/Q1_mean |          0.0155 |
|                                 SAC/Q2_mean |          0.0146 |
|                            Norm/actor_model |            71.7 |
|                           Norm/critic_model |            81.1 |
|              Norm/state_action_metric_model |            60.9 |
|                     Norm/state_metric_model |              75 |
|        Norm/state_action_state_metric_model |            58.4 |
|                  Metric/self_state_distance |         0.00113 |
|                 Metric/cross_state_distance |           0.946 |
|           Metric/self_state_action_distance |         0.00221 |
|          Metric/cross_state_action_distance |           0.929 |
|             Metric/avg_self_state_asymmetry |               0 |
|            Metric/avg_cross_state_asymmetry |         0.00774 |
|                Metric/avg_self_sa_asymmetry |               0 |
|               Metric/avg_cross_sa_asymmetry |         0.00604 |
|  Metric/self_state_action_to_state_distance |         0.00222 |
| Metric/cross_state_action_to_state_distance |            0.93 |
|                   Metric/h_lambda_diff_self |         0.00258 |
|                  Metric/h_lambda_diff_cross |          0.0106 |
|                                 Eval/Return |            1.29 |
-----------------------------------------------------------------
-----------------------------------------------------------------
|                                 Train/Steps |        1.42e+06 |
|                            Loss/Loss_critic |        0.000655 |
|                             Loss/Loss_actor |         -0.0328 |
|                             Loss/Loss_alpha |         3.8e-05 |
|               Loss/Loss_state_action_metric |          0.0126 |
|                      Loss/Loss_state_metric |          0.0106 |
|             Loss/Loss_state_action_to_state |        0.000302 |
|                           Loss/Act_rep_loss |          0.0102 |
|                             Loss/rep_weight |           0.544 |
|                                   SAC/Alpha |        9.92e-05 |
|                              SAC/LogPi_mean |            1.56 |
|                                 SAC/Q1_mean |          0.0323 |
|                                 SAC/Q2_mean |          0.0321 |
|                            Norm/actor_model |            74.7 |
|                           Norm/critic_model |            83.7 |
|              Norm/state_action_metric_model |              64 |
|                     Norm/state_metric_model |            79.7 |
|        Norm/state_action_state_metric_model |            61.5 |
|                  Metric/self_state_distance |         0.00229 |
|                 Metric/cross_state_distance |           0.921 |
|           Metric/self_state_action_distance |         0.00235 |
|          Metric/cross_state_action_distance |           0.913 |
|             Metric/avg_self_state_asymmetry |               0 |
|            Metric/avg_cross_state_asymmetry |         0.00732 |
|                Metric/avg_self_sa_asymmetry |               0 |
|               Metric/avg_cross_sa_asymmetry |         0.00551 |
|  Metric/self_state_action_to_state_distance |         0.00105 |
| Metric/cross_state_action_to_state_distance |           0.913 |
|                   Metric/h_lambda_diff_self |         0.00208 |
|                  Metric/h_lambda_diff_cross |          0.0081 |
|                                 Eval/Return |             1.3 |
-----------------------------------------------------------------
-----------------------------------------------------------------
|                                 Train/Steps |        1.54e+06 |
|                            Loss/Loss_critic |         0.00255 |
|                             Loss/Loss_actor |         -0.0772 |
|                             Loss/Loss_alpha |       -3.14e-05 |
|               Loss/Loss_state_action_metric |          0.0202 |
|                      Loss/Loss_state_metric |          0.0137 |
|             Loss/Loss_state_action_to_state |        0.000527 |
|                           Loss/Act_rep_loss |         0.00968 |
|                             Loss/rep_weight |           0.458 |
|                                   SAC/Alpha |         6.7e-05 |
|                              SAC/LogPi_mean |            2.54 |
|                                 SAC/Q1_mean |          0.0778 |
|                                 SAC/Q2_mean |          0.0753 |
|                            Norm/actor_model |              78 |
|                           Norm/critic_model |            86.3 |
|              Norm/state_action_metric_model |            67.3 |
|                     Norm/state_metric_model |            84.1 |
|        Norm/state_action_state_metric_model |            64.5 |
|                  Metric/self_state_distance |         0.00301 |
|                 Metric/cross_state_distance |           0.935 |
|           Metric/self_state_action_distance |          0.0079 |
|          Metric/cross_state_action_distance |           0.923 |
|             Metric/avg_self_state_asymmetry |               0 |
|            Metric/avg_cross_state_asymmetry |          0.0109 |
|                Metric/avg_self_sa_asymmetry |               0 |
|               Metric/avg_cross_sa_asymmetry |         0.00951 |
|  Metric/self_state_action_to_state_distance |         0.00263 |
| Metric/cross_state_action_to_state_distance |           0.914 |
|                   Metric/h_lambda_diff_self |          0.0072 |
|                  Metric/h_lambda_diff_cross |          0.0121 |
|                                 Eval/Return |            1.26 |
-----------------------------------------------------------------
E0905 19:29:37.811244  818416 cuda_executor.cc:1526] Could not get kernel mode driver version: (INVALID_ARGUMENT: Version does not match the format X.Y.Z)
E0905 19:29:37.819902  818300 cuda_executor.cc:1526] Could not get kernel mode driver version: (INVALID_ARGUMENT: Version does not match the format X.Y.Z)
Traceback (most recent call last):
  File "<frozen runpy>", line 198, in _run_module_as_main
  File "<frozen runpy>", line 88, in _run_code
  File "/home/rudra/Documents/rep_lr/algo4.py", line 1400, in <module>
    main(args, cfg_env)
  File "/home/rudra/Documents/rep_lr/algo4.py", line 1201, in main
    val = train_n_steps(
          ^^^^^^^^^^^^^^
  File "/home/rudra/miniconda3/envs/jax_env/lib/python3.11/site-packages/flax/nnx/transforms/compilation.py", line 852, in __call__
    pure_args_out, pure_kwargs_out, pure_out = self.jitted_fn(
                                               ^^^^^^^^^^^^^^^
  File "/home/rudra/miniconda3/envs/jax_env/lib/python3.11/site-packages/flax/nnx/transforms/compilation.py", line 135, in __call__
    out = self.f(*args, **kwargs)
          ^^^^^^^^^^^^^^^^^^^^^^^
  File "/home/rudra/Documents/rep_lr/algo4.py", line 642, in train_n_steps
    ) = nnx.fori_loop(0, num_steps, body_fun, init_carry)
        ^^^^^^^^^^^^^^^^^^^^^^^^^^^^^^^^^^^^^^^^^^^^^^^^^
  File "/home/rudra/miniconda3/envs/jax_env/lib/python3.11/site-packages/flax/nnx/graphlib.py", line 2113, in update_context_manager_wrapper
    return f(*args, **kwargs)
           ^^^^^^^^^^^^^^^^^^
  File "/home/rudra/miniconda3/envs/jax_env/lib/python3.11/site-packages/flax/nnx/transforms/iteration.py", line 2206, in fori_loop
    pure_out = jax.eval_shape(body, lower, pure_init_val)
               ^^^^^^^^^^^^^^^^^^^^^^^^^^^^^^^^^^^^^^^^^^
  File "/home/rudra/miniconda3/envs/jax_env/lib/python3.11/site-packages/flax/nnx/graphlib.py", line 2113, in update_context_manager_wrapper
    return f(*args, **kwargs)
           ^^^^^^^^^^^^^^^^^^
  File "/home/rudra/miniconda3/envs/jax_env/lib/python3.11/site-packages/flax/nnx/transforms/iteration.py", line 2127, in __call__
    out = self.f(i, val)
          ^^^^^^^^^^^^^^
  File "/home/rudra/Documents/rep_lr/algo4.py", line 600, in body_fun
    key, _, buffer_state, obs_normalizer, state, val = nnx.fori_loop(
                                                       ^^^^^^^^^^^^^^
  File "/home/rudra/miniconda3/envs/jax_env/lib/python3.11/site-packages/flax/nnx/graphlib.py", line 2113, in update_context_manager_wrapper
    return f(*args, **kwargs)
           ^^^^^^^^^^^^^^^^^^
  File "/home/rudra/miniconda3/envs/jax_env/lib/python3.11/site-packages/flax/nnx/transforms/iteration.py", line 2206, in fori_loop
    pure_out = jax.eval_shape(body, lower, pure_init_val)
               ^^^^^^^^^^^^^^^^^^^^^^^^^^^^^^^^^^^^^^^^^^
  File "/home/rudra/miniconda3/envs/jax_env/lib/python3.11/site-packages/flax/nnx/graphlib.py", line 2113, in update_context_manager_wrapper
    return f(*args, **kwargs)
           ^^^^^^^^^^^^^^^^^^
  File "/home/rudra/miniconda3/envs/jax_env/lib/python3.11/site-packages/flax/nnx/transforms/iteration.py", line 2127, in __call__
    out = self.f(i, val)
          ^^^^^^^^^^^^^^
  File "/home/rudra/Documents/rep_lr/algo4.py", line 588, in do_train
    val = sac_train_step(
          ^^^^^^^^^^^^^^^
  File "/home/rudra/Documents/rep_lr/algo4.py", line 411, in sac_train_step
    g_loss, g_grads = nnx.value_and_grad(state_metric_loss_fn)(
                      ^^^^^^^^^^^^^^^^^^^^^^^^^^^^^^^^^^^^^^^^^
  File "/home/rudra/miniconda3/envs/jax_env/lib/python3.11/site-packages/flax/nnx/graphlib.py", line 2113, in update_context_manager_wrapper
    return f(*args, **kwargs)
           ^^^^^^^^^^^^^^^^^^
  File "/home/rudra/miniconda3/envs/jax_env/lib/python3.11/site-packages/flax/nnx/transforms/autodiff.py", line 255, in grad_wrapper
    fn_out = gradded_fn(*pure_args)
             ^^^^^^^^^^^^^^^^^^^^^^
  File "/home/rudra/miniconda3/envs/jax_env/lib/python3.11/site-packages/flax/nnx/transforms/autodiff.py", line 127, in __call__
    out = self.f(*args)
          ^^^^^^^^^^^^^
  File "/home/rudra/Documents/rep_lr/algo4.py", line 406, in state_metric_loss_fn
    + 0.2 * jnp.mean(jnp.maximum(g_ss1, g_ss2) ** 2)
                                 ^^^^^
NameError: cannot access free variable 'g_ss1' where it is not associated with a value in enclosing scope. Did you mean: 'g_sx'?
--------------------
For simplicity, JAX has removed its internal frames from the traceback of the following exception. Set JAX_TRACEBACK_FILTERING=off to include these.
[32mStart prefilling replay buffer[0m
[32mStart SAC training[0m
[32m{'log_freq': 1000, 'save_freq': 1000000, 'eval_episode_freq': 10, 'hidden_size': 256, 'lr': 0.001, 'max_grad_norm': 0.0, 'gamma': 0.99, 'update_tau': 0.005, 'train_per_step': 8, 'episode_length': 1000, 'warmup_samples': 8192, 'max_replay_size': 4000000, 'batch_size': 512, 'total_env_steps': 5000000, 'init_temperature': 0.1, 'nstep': 3, 'bootstrap_on_truncation': True, 'rep_lr_scale': 1.5, 'rep_anneal_frac': 0.4, 'rep_floor_frac': 0.1, 'near_pair_scale': 1.0, 'vis_feq': 100000, 'n_vis_frames': 4, 'num_envs': 128, 'grad_steps': 50, 'transfer_freq': 10, 'transfer_steps': 8, 'reward_scaling': 1.0, 'num_eval_envs': 128, 'target_entropy': -2.0}[0m
[32m[nstep] nstep=3 bootstrap_on_truncation=True (discount from the buffer already contains gamma^nstep)[0m
E0905 19:30:44.985023  820054 cuda_executor.cc:1526] Could not get kernel mode driver version: (INVALID_ARGUMENT: Version does not match the format X.Y.Z)
E0905 19:30:44.993704  819942 cuda_executor.cc:1526] Could not get kernel mode driver version: (INVALID_ARGUMENT: Version does not match the format X.Y.Z)
[32mStart prefilling replay buffer[0m
[32mStart SAC training[0m
[32m{'log_freq': 1000, 'save_freq': 1000000, 'eval_episode_freq': 10, 'hidden_size': 256, 'lr': 0.001, 'max_grad_norm': 0.0, 'gamma': 0.99, 'update_tau': 0.005, 'train_per_step': 8, 'episode_length': 1000, 'warmup_samples': 8192, 'max_replay_size': 4000000, 'batch_size': 512, 'total_env_steps': 5000000, 'init_temperature': 0.1, 'nstep': 3, 'bootstrap_on_truncation': True, 'rep_lr_scale': 1.5, 'rep_anneal_frac': 0.4, 'rep_floor_frac': 0.1, 'near_pair_scale': 1.0, 'vis_feq': 100000, 'n_vis_frames': 4, 'num_envs': 128, 'grad_steps': 50, 'transfer_freq': 10, 'transfer_steps': 8, 'reward_scaling': 1.0, 'num_eval_envs': 128, 'target_entropy': -2.0}[0m
[32m[nstep] nstep=3 bootstrap_on_truncation=True (discount from the buffer already contains gamma^nstep)[0m
-----------------------------------------------------------------
|                                 Train/Steps |        1.36e+05 |
|                            Loss/Loss_critic |        0.000335 |
|                             Loss/Loss_actor |          -0.654 |
|                             Loss/Loss_alpha |         0.00653 |
|               Loss/Loss_state_action_metric |         0.00384 |
|                      Loss/Loss_state_metric |         0.00277 |
|             Loss/Loss_state_action_to_state |        0.000485 |
|                           Loss/Act_rep_loss |          0.0052 |
|                             Loss/rep_weight |            1.41 |
|                                   SAC/Alpha |          0.0016 |
|                              SAC/LogPi_mean |           -2.14 |
|                                 SAC/Q1_mean |           0.652 |
|                                 SAC/Q2_mean |           0.652 |
|                            Norm/actor_model |            26.1 |
|                           Norm/critic_model |            35.4 |
|              Norm/state_action_metric_model |            30.9 |
|                     Norm/state_metric_model |            31.2 |
|        Norm/state_action_state_metric_model |            30.9 |
|                  Metric/self_state_distance |        0.000665 |
|                 Metric/cross_state_distance |           0.934 |
|           Metric/self_state_action_distance |         0.00198 |
|          Metric/cross_state_action_distance |             0.9 |
|             Metric/avg_self_state_asymmetry |               0 |
|            Metric/avg_cross_state_asymmetry |         0.00292 |
|                Metric/avg_self_sa_asymmetry |               0 |
|               Metric/avg_cross_sa_asymmetry |         0.00505 |
|  Metric/self_state_action_to_state_distance |         0.00243 |
| Metric/cross_state_action_to_state_distance |           0.908 |
|                   Metric/h_lambda_diff_self |         0.00246 |
|                  Metric/h_lambda_diff_cross |          0.0104 |
|                                 Eval/Return |           0.284 |
-----------------------------------------------------------------
-----------------------------------------------------------------
|                                 Train/Steps |        2.64e+05 |
|                            Loss/Loss_critic |        0.000461 |
|                             Loss/Loss_actor |          -0.197 |
|                             Loss/Loss_alpha |       -0.000173 |
|               Loss/Loss_state_action_metric |         0.00962 |
|                      Loss/Loss_state_metric |          0.0051 |
|             Loss/Loss_state_action_to_state |        0.000381 |
|                           Loss/Act_rep_loss |        0.000645 |
|                             Loss/rep_weight |            1.32 |
|                                   SAC/Alpha |        0.000161 |
|                              SAC/LogPi_mean |            2.93 |
|                                 SAC/Q1_mean |           0.196 |
|                                 SAC/Q2_mean |           0.195 |
|                            Norm/actor_model |            34.1 |
|                           Norm/critic_model |            46.3 |
|              Norm/state_action_metric_model |            33.1 |
|                     Norm/state_metric_model |            32.5 |
|        Norm/state_action_state_metric_model |            32.4 |
|                  Metric/self_state_distance |         0.00115 |
|                 Metric/cross_state_distance |           0.924 |
|           Metric/self_state_action_distance |         0.00193 |
|          Metric/cross_state_action_distance |           0.909 |
|             Metric/avg_self_state_asymmetry |               0 |
|            Metric/avg_cross_state_asymmetry |         0.00636 |
|                Metric/avg_self_sa_asymmetry |               0 |
|               Metric/avg_cross_sa_asymmetry |         0.00545 |
|  Metric/self_state_action_to_state_distance |         0.00358 |
| Metric/cross_state_action_to_state_distance |           0.911 |
|                   Metric/h_lambda_diff_self |         0.00457 |
|                  Metric/h_lambda_diff_cross |         0.00706 |
|                                 Eval/Return |           0.581 |
-----------------------------------------------------------------
-----------------------------------------------------------------
|                                 Train/Steps |        3.92e+05 |
|                            Loss/Loss_critic |        0.000616 |
|                             Loss/Loss_actor |         -0.0884 |
|                             Loss/Loss_alpha |        6.78e-05 |
|               Loss/Loss_state_action_metric |          0.0184 |
|                      Loss/Loss_state_metric |         0.00945 |
|             Loss/Loss_state_action_to_state |        0.000868 |
|                           Loss/Act_rep_loss |         0.00144 |
|                             Loss/rep_weight |            1.24 |
|                                   SAC/Alpha |        0.000215 |
|                              SAC/LogPi_mean |            1.74 |
|                                 SAC/Q1_mean |          0.0854 |
|                                 SAC/Q2_mean |          0.0815 |
|                            Norm/actor_model |            40.3 |
|                           Norm/critic_model |            56.7 |
|              Norm/state_action_metric_model |            36.9 |
|                     Norm/state_metric_model |            35.6 |
|        Norm/state_action_state_metric_model |            35.8 |
|                  Metric/self_state_distance |           0.015 |
|                 Metric/cross_state_distance |           0.945 |
|           Metric/self_state_action_distance |         0.00383 |
|          Metric/cross_state_action_distance |           0.944 |
|             Metric/avg_self_state_asymmetry |               0 |
|            Metric/avg_cross_state_asymmetry |         0.00652 |
|                Metric/avg_self_sa_asymmetry |               0 |
|               Metric/avg_cross_sa_asymmetry |         0.00736 |
|  Metric/self_state_action_to_state_distance |         0.00175 |
| Metric/cross_state_action_to_state_distance |           0.937 |
|                   Metric/h_lambda_diff_self |         0.00305 |
|                  Metric/h_lambda_diff_cross |          0.0145 |
|                                 Eval/Return |           0.773 |
-----------------------------------------------------------------
-----------------------------------------------------------------
|                                 Train/Steps |         5.2e+05 |
|                            Loss/Loss_critic |         0.00361 |
|                             Loss/Loss_actor |         -0.0267 |
|                             Loss/Loss_alpha |       -0.000151 |
|               Loss/Loss_state_action_metric |         0.00927 |
|                      Loss/Loss_state_metric |         0.00463 |
|             Loss/Loss_state_action_to_state |          0.0016 |
|                           Loss/Act_rep_loss |        0.000385 |
|                             Loss/rep_weight |            1.15 |
|                                   SAC/Alpha |        0.000216 |
|                              SAC/LogPi_mean |            2.57 |
|                                 SAC/Q1_mean |          0.0285 |
|                                 SAC/Q2_mean |          0.0277 |
|                            Norm/actor_model |            45.4 |
|                           Norm/critic_model |            62.2 |
|              Norm/state_action_metric_model |            41.1 |
|                     Norm/state_metric_model |            39.6 |
|        Norm/state_action_state_metric_model |            40.6 |
|                  Metric/self_state_distance |          0.0123 |
|                 Metric/cross_state_distance |           0.944 |
|           Metric/self_state_action_distance |         0.00535 |
|          Metric/cross_state_action_distance |            0.93 |
|             Metric/avg_self_state_asymmetry |               0 |
|            Metric/avg_cross_state_asymmetry |         0.00479 |
|                Metric/avg_self_sa_asymmetry |               0 |
|               Metric/avg_cross_sa_asymmetry |         0.00632 |
|  Metric/self_state_action_to_state_distance |         0.00414 |
| Metric/cross_state_action_to_state_distance |           0.921 |
|                   Metric/h_lambda_diff_self |         0.00444 |
|                  Metric/h_lambda_diff_cross |          0.0116 |
|                                 Eval/Return |           0.525 |
-----------------------------------------------------------------
-----------------------------------------------------------------
|                                 Train/Steps |        6.48e+05 |
|                            Loss/Loss_critic |         0.00412 |
|                             Loss/Loss_actor |          -0.189 |
|                             Loss/Loss_alpha |        0.000903 |
|               Loss/Loss_state_action_metric |         0.00365 |
|                      Loss/Loss_state_metric |          0.0025 |
|             Loss/Loss_state_action_to_state |        0.000208 |
|                           Loss/Act_rep_loss |         0.00466 |
|                             Loss/rep_weight |            1.06 |
|                                   SAC/Alpha |          0.0013 |
|                              SAC/LogPi_mean |            1.44 |
|                                 SAC/Q1_mean |           0.158 |
|                                 SAC/Q2_mean |           0.161 |
|                            Norm/actor_model |            50.9 |
|                           Norm/critic_model |              67 |
|              Norm/state_action_metric_model |            44.9 |
|                     Norm/state_metric_model |            42.4 |
|        Norm/state_action_state_metric_model |            45.1 |
|                  Metric/self_state_distance |         0.00242 |
|                 Metric/cross_state_distance |           0.951 |
|           Metric/self_state_action_distance |         0.00285 |
|          Metric/cross_state_action_distance |           0.935 |
|             Metric/avg_self_state_asymmetry |               0 |
|            Metric/avg_cross_state_asymmetry |         0.00417 |
|                Metric/avg_self_sa_asymmetry |               0 |
|               Metric/avg_cross_sa_asymmetry |         0.00571 |
|  Metric/self_state_action_to_state_distance |         0.00225 |
| Metric/cross_state_action_to_state_distance |           0.932 |
|                   Metric/h_lambda_diff_self |         0.00359 |
|                  Metric/h_lambda_diff_cross |         0.00654 |
|                                 Eval/Return |           0.686 |
-----------------------------------------------------------------
-----------------------------------------------------------------
|                                 Train/Steps |        7.76e+05 |
|                            Loss/Loss_critic |         0.00365 |
|                             Loss/Loss_actor |          -0.491 |
|                             Loss/Loss_alpha |       -0.000182 |
|               Loss/Loss_state_action_metric |          0.0203 |
|                      Loss/Loss_state_metric |         0.00694 |
|             Loss/Loss_state_action_to_state |        0.000542 |
|                           Loss/Act_rep_loss |         0.00282 |
|                             Loss/rep_weight |           0.976 |
|                                   SAC/Alpha |         0.00108 |
|                              SAC/LogPi_mean |            2.26 |
|                                 SAC/Q1_mean |           0.476 |
|                                 SAC/Q2_mean |           0.478 |
|                            Norm/actor_model |            57.6 |
|                           Norm/critic_model |            71.7 |
|              Norm/state_action_metric_model |              49 |
|                     Norm/state_metric_model |            45.7 |
|        Norm/state_action_state_metric_model |            49.3 |
|                  Metric/self_state_distance |         0.00849 |
|                 Metric/cross_state_distance |            0.96 |
|           Metric/self_state_action_distance |          0.0014 |
|          Metric/cross_state_action_distance |           0.946 |
|             Metric/avg_self_state_asymmetry |               0 |
|            Metric/avg_cross_state_asymmetry |         0.00532 |
|                Metric/avg_self_sa_asymmetry |               0 |
|               Metric/avg_cross_sa_asymmetry |         0.00707 |
|  Metric/self_state_action_to_state_distance |         0.00408 |
| Metric/cross_state_action_to_state_distance |           0.946 |
|                   Metric/h_lambda_diff_self |         0.00377 |
|                  Metric/h_lambda_diff_cross |         0.00765 |
|                                 Eval/Return |            25.3 |
-----------------------------------------------------------------
-----------------------------------------------------------------
|                                 Train/Steps |        9.04e+05 |
|                            Loss/Loss_critic |         0.00836 |
|                             Loss/Loss_actor |           -1.14 |
|                             Loss/Loss_alpha |         1.1e-05 |
|               Loss/Loss_state_action_metric |           0.036 |
|                      Loss/Loss_state_metric |          0.0227 |
|             Loss/Loss_state_action_to_state |         0.00108 |
|                           Loss/Act_rep_loss |         0.00329 |
|                             Loss/rep_weight |            0.89 |
|                                   SAC/Alpha |         0.00128 |
|                              SAC/LogPi_mean |            1.94 |
|                                 SAC/Q1_mean |            1.11 |
|                                 SAC/Q2_mean |            1.11 |
|                            Norm/actor_model |            63.4 |
|                           Norm/critic_model |            76.1 |
|              Norm/state_action_metric_model |            52.7 |
|                     Norm/state_metric_model |            49.2 |
|        Norm/state_action_state_metric_model |            53.5 |
|                  Metric/self_state_distance |         0.00398 |
|                 Metric/cross_state_distance |            1.03 |
|           Metric/self_state_action_distance |         0.00257 |
|          Metric/cross_state_action_distance |            1.04 |
|             Metric/avg_self_state_asymmetry |               0 |
|            Metric/avg_cross_state_asymmetry |         0.00588 |
|                Metric/avg_self_sa_asymmetry |               0 |
|               Metric/avg_cross_sa_asymmetry |         0.00865 |
|  Metric/self_state_action_to_state_distance |         0.00624 |
| Metric/cross_state_action_to_state_distance |            1.03 |
|                   Metric/h_lambda_diff_self |         0.00552 |
|                  Metric/h_lambda_diff_cross |          0.0154 |
|                                 Eval/Return |            30.3 |
-----------------------------------------------------------------
-----------------------------------------------------------------
|                                 Train/Steps |        1.03e+06 |
|                            Loss/Loss_critic |         0.00449 |
|                             Loss/Loss_actor |           -1.42 |
|                             Loss/Loss_alpha |        0.000525 |
|               Loss/Loss_state_action_metric |          0.0475 |
|                      Loss/Loss_state_metric |          0.0308 |
|             Loss/Loss_state_action_to_state |        0.000424 |
|                           Loss/Act_rep_loss |          0.0029 |
|                             Loss/rep_weight |           0.803 |
|                                   SAC/Alpha |         0.00121 |
|                              SAC/LogPi_mean |            1.46 |
|                                 SAC/Q1_mean |             1.4 |
|                                 SAC/Q2_mean |            1.39 |
|                            Norm/actor_model |            69.1 |
|                           Norm/critic_model |            80.3 |
|              Norm/state_action_metric_model |            56.5 |
|                     Norm/state_metric_model |            52.6 |
|        Norm/state_action_state_metric_model |            57.4 |
|                  Metric/self_state_distance |         0.00576 |
|                 Metric/cross_state_distance |            1.06 |
|           Metric/self_state_action_distance |          0.0049 |
|          Metric/cross_state_action_distance |            1.09 |
|             Metric/avg_self_state_asymmetry |               0 |
|            Metric/avg_cross_state_asymmetry |         0.00699 |
|                Metric/avg_self_sa_asymmetry |               0 |
|               Metric/avg_cross_sa_asymmetry |          0.0109 |
|  Metric/self_state_action_to_state_distance |         0.00435 |
| Metric/cross_state_action_to_state_distance |            1.08 |
|                   Metric/h_lambda_diff_self |         0.00772 |
|                  Metric/h_lambda_diff_cross |          0.0151 |
|                                 Eval/Return |            37.3 |
-----------------------------------------------------------------
[32mSaving model …[0m
[32mDone.[0m
[32mSaving model …[0m
[32mDone.[0m
-----------------------------------------------------------------
|                                 Train/Steps |        1.16e+06 |
|                            Loss/Loss_critic |         0.00448 |
|                             Loss/Loss_actor |           -1.77 |
|                             Loss/Loss_alpha |        0.000417 |
|               Loss/Loss_state_action_metric |          0.0336 |
|                      Loss/Loss_state_metric |           0.019 |
|             Loss/Loss_state_action_to_state |        0.000411 |
|                           Loss/Act_rep_loss |         0.00526 |
|                             Loss/rep_weight |           0.717 |
|                                   SAC/Alpha |         0.00117 |
|                              SAC/LogPi_mean |            1.76 |
|                                 SAC/Q1_mean |            1.73 |
|                                 SAC/Q2_mean |            1.74 |
|                            Norm/actor_model |              75 |
|                           Norm/critic_model |            84.4 |
|              Norm/state_action_metric_model |            60.1 |
|                     Norm/state_metric_model |            56.7 |
|        Norm/state_action_state_metric_model |            61.3 |
|                  Metric/self_state_distance |         0.00675 |
|                 Metric/cross_state_distance |            1.02 |
|           Metric/self_state_action_distance |         0.00241 |
|          Metric/cross_state_action_distance |            1.03 |
|             Metric/avg_self_state_asymmetry |               0 |
|            Metric/avg_cross_state_asymmetry |         0.00637 |
|                Metric/avg_self_sa_asymmetry |               0 |
|               Metric/avg_cross_sa_asymmetry |         0.00824 |
|  Metric/self_state_action_to_state_distance |         0.00137 |
| Metric/cross_state_action_to_state_distance |            1.04 |
|                   Metric/h_lambda_diff_self |         0.00208 |
|                  Metric/h_lambda_diff_cross |          0.0102 |
|                                 Eval/Return |            43.9 |
-----------------------------------------------------------------
-----------------------------------------------------------------
|                                 Train/Steps |        1.29e+06 |
|                            Loss/Loss_critic |         0.00509 |
|                             Loss/Loss_actor |           -1.97 |
|                             Loss/Loss_alpha |        5.41e-05 |
|               Loss/Loss_state_action_metric |          0.0587 |
|                      Loss/Loss_state_metric |          0.0354 |
|             Loss/Loss_state_action_to_state |        0.000741 |
|                           Loss/Act_rep_loss |         0.00637 |
|                             Loss/rep_weight |           0.631 |
|                                   SAC/Alpha |         0.00119 |
|                              SAC/LogPi_mean |            1.77 |
|                                 SAC/Q1_mean |            1.94 |
|                                 SAC/Q2_mean |            1.93 |
|                            Norm/actor_model |            80.2 |
|                           Norm/critic_model |            88.3 |
|              Norm/state_action_metric_model |            63.7 |
|                     Norm/state_metric_model |            60.3 |
|        Norm/state_action_state_metric_model |            64.8 |
|                  Metric/self_state_distance |         0.00342 |
|                 Metric/cross_state_distance |            1.08 |
|           Metric/self_state_action_distance |         0.00306 |
|          Metric/cross_state_action_distance |            1.09 |
|             Metric/avg_self_state_asymmetry |               0 |
|            Metric/avg_cross_state_asymmetry |         0.00681 |
|                Metric/avg_self_sa_asymmetry |               0 |
|               Metric/avg_cross_sa_asymmetry |         0.00833 |
|  Metric/self_state_action_to_state_distance |         0.00202 |
| Metric/cross_state_action_to_state_distance |             1.1 |
|                   Metric/h_lambda_diff_self |         0.00368 |
|                  Metric/h_lambda_diff_cross |          0.0119 |
|                                 Eval/Return |              40 |
-----------------------------------------------------------------
-----------------------------------------------------------------
|                                 Train/Steps |        1.42e+06 |
|                            Loss/Loss_critic |         0.00525 |
|                             Loss/Loss_actor |           -2.01 |
|                             Loss/Loss_alpha |        0.000695 |
|               Loss/Loss_state_action_metric |          0.0612 |
|                      Loss/Loss_state_metric |          0.0377 |
|             Loss/Loss_state_action_to_state |          0.0003 |
|                           Loss/Act_rep_loss |         0.00744 |
|                             Loss/rep_weight |           0.544 |
|                                   SAC/Alpha |         0.00119 |
|                              SAC/LogPi_mean |            1.42 |
|                                 SAC/Q1_mean |            1.98 |
|                                 SAC/Q2_mean |            1.99 |
|                            Norm/actor_model |              85 |
|                           Norm/critic_model |            91.9 |
|              Norm/state_action_metric_model |            67.1 |
|                     Norm/state_metric_model |            64.2 |
|        Norm/state_action_state_metric_model |            68.6 |
|                  Metric/self_state_distance |         0.00255 |
|                 Metric/cross_state_distance |            1.11 |
|           Metric/self_state_action_distance |         0.00341 |
|          Metric/cross_state_action_distance |            1.14 |
|             Metric/avg_self_state_asymmetry |               0 |
|            Metric/avg_cross_state_asymmetry |         0.00588 |
|                Metric/avg_self_sa_asymmetry |               0 |
|               Metric/avg_cross_sa_asymmetry |         0.00863 |
|  Metric/self_state_action_to_state_distance |         0.00102 |
| Metric/cross_state_action_to_state_distance |            1.14 |
|                   Metric/h_lambda_diff_self |         0.00289 |
|                  Metric/h_lambda_diff_cross |          0.0108 |
|                                 Eval/Return |            39.9 |
-----------------------------------------------------------------
-----------------------------------------------------------------
|                                 Train/Steps |        1.54e+06 |
|                            Loss/Loss_critic |         0.00711 |
|                             Loss/Loss_actor |           -2.41 |
|                             Loss/Loss_alpha |        1.04e-05 |
|               Loss/Loss_state_action_metric |          0.0807 |
|                      Loss/Loss_state_metric |          0.0526 |
|             Loss/Loss_state_action_to_state |        0.000483 |
|                           Loss/Act_rep_loss |         0.00813 |
|                             Loss/rep_weight |           0.458 |
|                                   SAC/Alpha |          0.0011 |
|                              SAC/LogPi_mean |            1.92 |
|                                 SAC/Q1_mean |            2.39 |
|                                 SAC/Q2_mean |            2.39 |
|                            Norm/actor_model |            89.5 |
|                           Norm/critic_model |            95.4 |
|              Norm/state_action_metric_model |            70.7 |
|                     Norm/state_metric_model |              68 |
|        Norm/state_action_state_metric_model |            72.2 |
|                  Metric/self_state_distance |          0.0044 |
|                 Metric/cross_state_distance |            1.16 |
|           Metric/self_state_action_distance |         0.00331 |
|          Metric/cross_state_action_distance |            1.19 |
|             Metric/avg_self_state_asymmetry |               0 |
|            Metric/avg_cross_state_asymmetry |         0.00694 |
|                Metric/avg_self_sa_asymmetry |               0 |
|               Metric/avg_cross_sa_asymmetry |         0.00951 |
|  Metric/self_state_action_to_state_distance |         0.00159 |
| Metric/cross_state_action_to_state_distance |             1.2 |
|                   Metric/h_lambda_diff_self |         0.00409 |
|                  Metric/h_lambda_diff_cross |          0.0137 |
|                                 Eval/Return |            43.1 |
-----------------------------------------------------------------
-----------------------------------------------------------------
|                                 Train/Steps |        1.67e+06 |
|                            Loss/Loss_critic |         0.00519 |
|                             Loss/Loss_actor |           -2.77 |
|                             Loss/Loss_alpha |       -0.000496 |
|               Loss/Loss_state_action_metric |           0.114 |
|                      Loss/Loss_state_metric |          0.0723 |
|             Loss/Loss_state_action_to_state |        0.000355 |
|                           Loss/Act_rep_loss |         0.00916 |
|                             Loss/rep_weight |           0.371 |
|                                   SAC/Alpha |         0.00106 |
|                              SAC/LogPi_mean |            2.58 |
|                                 SAC/Q1_mean |            2.74 |
|                                 SAC/Q2_mean |            2.75 |
|                            Norm/actor_model |            93.6 |
|                           Norm/critic_model |            98.7 |
|              Norm/state_action_metric_model |            73.9 |
|                     Norm/state_metric_model |            71.8 |
|        Norm/state_action_state_metric_model |            75.6 |
|                  Metric/self_state_distance |         0.00234 |
|                 Metric/cross_state_distance |             1.2 |
|           Metric/self_state_action_distance |         0.00615 |
|          Metric/cross_state_action_distance |            1.25 |
|             Metric/avg_self_state_asymmetry |               0 |
|            Metric/avg_cross_state_asymmetry |           0.007 |
|                Metric/avg_self_sa_asymmetry |               0 |
|               Metric/avg_cross_sa_asymmetry |          0.0109 |
|  Metric/self_state_action_to_state_distance |        0.000815 |
| Metric/cross_state_action_to_state_distance |            1.25 |
|                   Metric/h_lambda_diff_self |         0.00606 |
|                  Metric/h_lambda_diff_cross |           0.012 |
|                                 Eval/Return |            50.8 |
-----------------------------------------------------------------
-----------------------------------------------------------------
|                                 Train/Steps |         1.8e+06 |
|                            Loss/Loss_critic |         0.00441 |
|                             Loss/Loss_actor |           -2.55 |
|                             Loss/Loss_alpha |       -0.000106 |
|               Loss/Loss_state_action_metric |          0.0896 |
|                      Loss/Loss_state_metric |          0.0615 |
|             Loss/Loss_state_action_to_state |         0.00032 |
|                           Loss/Act_rep_loss |         0.00779 |
|                             Loss/rep_weight |           0.285 |
|                                   SAC/Alpha |         0.00107 |
|                              SAC/LogPi_mean |            2.11 |
|                                 SAC/Q1_mean |            2.53 |
|                                 SAC/Q2_mean |            2.52 |
|                            Norm/actor_model |            97.2 |
|                           Norm/critic_model |             102 |
|              Norm/state_action_metric_model |              77 |
|                     Norm/state_metric_model |            75.4 |
|        Norm/state_action_state_metric_model |            78.8 |
|                  Metric/self_state_distance |         0.00131 |
|                 Metric/cross_state_distance |            1.16 |
|           Metric/self_state_action_distance |         0.00183 |
|          Metric/cross_state_action_distance |             1.2 |
|             Metric/avg_self_state_asymmetry |               0 |
|            Metric/avg_cross_state_asymmetry |          0.0068 |
|                Metric/avg_self_sa_asymmetry |               0 |
|               Metric/avg_cross_sa_asymmetry |         0.00922 |
|  Metric/self_state_action_to_state_distance |        0.000691 |
| Metric/cross_state_action_to_state_distance |            1.21 |
|                   Metric/h_lambda_diff_self |         0.00177 |
|                  Metric/h_lambda_diff_cross |          0.0125 |
|                                 Eval/Return |            48.4 |
-----------------------------------------------------------------
E0905 19:41:21.371096  822591 cuda_executor.cc:1526] Could not get kernel mode driver version: (INVALID_ARGUMENT: Version does not match the format X.Y.Z)
E0905 19:41:21.379685  822473 cuda_executor.cc:1526] Could not get kernel mode driver version: (INVALID_ARGUMENT: Version does not match the format X.Y.Z)
Traceback (most recent call last):
  File "<frozen runpy>", line 198, in _run_module_as_main
  File "<frozen runpy>", line 88, in _run_code
  File "/home/rudra/Documents/rep_lr/algo4.py", line 1409, in <module>
    main(args, cfg_env)
  File "/home/rudra/Documents/rep_lr/algo4.py", line 1016, in main
    state_metric_opt = nnx.Optimizer(
                       ^^^^^^^^^^^^^^
  File "/home/rudra/miniconda3/envs/jax_env/lib/python3.11/site-packages/flax/nnx/pytreelib.py", line 420, in __call__
    return _graph_node_meta_call(cls, *args, **kwargs)
           ^^^^^^^^^^^^^^^^^^^^^^^^^^^^^^^^^^^^^^^^^^^
  File "/home/rudra/miniconda3/envs/jax_env/lib/python3.11/site-packages/flax/nnx/pytreelib.py", line 431, in _graph_node_meta_call
    cls._pytree_meta_construct(node, *args, **kwargs)
  File "/home/rudra/miniconda3/envs/jax_env/lib/python3.11/site-packages/flax/nnx/pytreelib.py", line 423, in _pytree_meta_construct
    self.__init__(*args, **kwargs)
  File "/home/rudra/miniconda3/envs/jax_env/lib/python3.11/site-packages/flax/nnx/training/optimizer.py", line 91, in _check_wrt_wrapper
    return f(*args, wrt=wrt, **kwargs)
           ^^^^^^^^^^^^^^^^^^^^^^^^^^^
TypeError: Optimizer.__init__() got an unexpected keyword argument 'weight_decay'
E0905 19:42:55.155819  824187 cuda_executor.cc:1526] Could not get kernel mode driver version: (INVALID_ARGUMENT: Version does not match the format X.Y.Z)
E0905 19:42:55.164054  824078 cuda_executor.cc:1526] Could not get kernel mode driver version: (INVALID_ARGUMENT: Version does not match the format X.Y.Z)
Traceback (most recent call last):
  File "<frozen runpy>", line 198, in _run_module_as_main
  File "<frozen runpy>", line 88, in _run_code
  File "/home/rudra/Documents/rep_lr/algo4.py", line 1406, in <module>
    main(args, cfg_env)
  File "/home/rudra/Documents/rep_lr/algo4.py", line 1018, in main
    tx=optax.adam(learning_rate=config["lr"], weight_decay=1e-4),
       ^^^^^^^^^^^^^^^^^^^^^^^^^^^^^^^^^^^^^^^^^^^^^^^^^^^^^^^^^
TypeError: adam() got an unexpected keyword argument 'weight_decay'
E0905 19:43:52.492548  825697 cuda_executor.cc:1526] Could not get kernel mode driver version: (INVALID_ARGUMENT: Version does not match the format X.Y.Z)
E0905 19:43:52.501129  825584 cuda_executor.cc:1526] Could not get kernel mode driver version: (INVALID_ARGUMENT: Version does not match the format X.Y.Z)
[32mStart prefilling replay buffer[0m
[32mStart SAC training[0m
[32m{'log_freq': 1000, 'save_freq': 1000000, 'eval_episode_freq': 10, 'hidden_size': 256, 'lr': 0.001, 'max_grad_norm': 0.0, 'gamma': 0.99, 'update_tau': 0.005, 'train_per_step': 8, 'episode_length': 1000, 'warmup_samples': 8192, 'max_replay_size': 4000000, 'batch_size': 512, 'total_env_steps': 5000000, 'init_temperature': 0.1, 'nstep': 3, 'bootstrap_on_truncation': True, 'rep_lr_scale': 1.5, 'rep_anneal_frac': 0.4, 'rep_floor_frac': 0.1, 'near_pair_scale': 1.0, 'vis_feq': 100000, 'n_vis_frames': 4, 'num_envs': 128, 'grad_steps': 50, 'transfer_freq': 10, 'transfer_steps': 8, 'reward_scaling': 1.0, 'num_eval_envs': 128, 'target_entropy': -2.0}[0m
[32m[nstep] nstep=3 bootstrap_on_truncation=True (discount from the buffer already contains gamma^nstep)[0m
-----------------------------------------------------------------
|                                 Train/Steps |        1.36e+05 |
|                            Loss/Loss_critic |        0.000903 |
|                             Loss/Loss_actor |          -0.663 |
|                             Loss/Loss_alpha |         0.00635 |
|               Loss/Loss_state_action_metric |         0.00352 |
|                      Loss/Loss_state_metric |         0.00288 |
|             Loss/Loss_state_action_to_state |        0.000119 |
|                           Loss/Act_rep_loss |          0.0703 |
|                             Loss/rep_weight |            1.41 |
|                                   SAC/Alpha |          0.0016 |
|                              SAC/LogPi_mean |           -2.05 |
|                                 SAC/Q1_mean |            0.66 |
|                                 SAC/Q2_mean |           0.663 |
|                            Norm/actor_model |            26.1 |
|                           Norm/critic_model |            35.3 |
|              Norm/state_action_metric_model |            31.1 |
|                     Norm/state_metric_model |            31.2 |
|        Norm/state_action_state_metric_model |              31 |
|                  Metric/self_state_distance |         0.00191 |
|                 Metric/cross_state_distance |           0.933 |
|           Metric/self_state_action_distance |         0.00297 |
|          Metric/cross_state_action_distance |           0.915 |
|             Metric/avg_self_state_asymmetry |               0 |
|            Metric/avg_cross_state_asymmetry |         0.00511 |
|                Metric/avg_self_sa_asymmetry |               0 |
|               Metric/avg_cross_sa_asymmetry |         0.00758 |
|  Metric/self_state_action_to_state_distance |         0.00184 |
| Metric/cross_state_action_to_state_distance |           0.902 |
|                   Metric/h_lambda_diff_self |         0.00355 |
|                  Metric/h_lambda_diff_cross |          0.0144 |
|                                 Eval/Return |           0.575 |
-----------------------------------------------------------------
-----------------------------------------------------------------
|                                 Train/Steps |        2.64e+05 |
|                            Loss/Loss_critic |        0.000485 |
|                             Loss/Loss_actor |          -0.197 |
|                             Loss/Loss_alpha |        0.000162 |
|               Loss/Loss_state_action_metric |         0.00485 |
|                      Loss/Loss_state_metric |         0.00409 |
|             Loss/Loss_state_action_to_state |        0.000165 |
|                           Loss/Act_rep_loss |          0.0676 |
|                             Loss/rep_weight |            1.32 |
|                                   SAC/Alpha |        0.000116 |
|                              SAC/LogPi_mean |           0.547 |
|                                 SAC/Q1_mean |           0.197 |
|                                 SAC/Q2_mean |           0.197 |
|                            Norm/actor_model |            34.5 |
|                           Norm/critic_model |            46.3 |
|              Norm/state_action_metric_model |            33.2 |
|                     Norm/state_metric_model |            32.3 |
|        Norm/state_action_state_metric_model |            32.2 |
|                  Metric/self_state_distance |         0.00292 |
|                 Metric/cross_state_distance |           0.934 |
|           Metric/self_state_action_distance |         0.00218 |
|          Metric/cross_state_action_distance |           0.931 |
|             Metric/avg_self_state_asymmetry |               0 |
|            Metric/avg_cross_state_asymmetry |         0.00392 |
|                Metric/avg_self_sa_asymmetry |               0 |
|               Metric/avg_cross_sa_asymmetry |         0.00709 |
|  Metric/self_state_action_to_state_distance |        0.000536 |
| Metric/cross_state_action_to_state_distance |           0.924 |
|                   Metric/h_lambda_diff_self |         0.00183 |
|                  Metric/h_lambda_diff_cross |          0.0143 |
|                                 Eval/Return |           0.712 |
-----------------------------------------------------------------
-----------------------------------------------------------------
|                                 Train/Steps |        3.92e+05 |
|                            Loss/Loss_critic |          0.0135 |
|                             Loss/Loss_actor |          -0.104 |
|                             Loss/Loss_alpha |       -0.000228 |
|               Loss/Loss_state_action_metric |          0.0407 |
|                      Loss/Loss_state_metric |         0.00929 |
|             Loss/Loss_state_action_to_state |           0.001 |
|                           Loss/Act_rep_loss |          0.0872 |
|                             Loss/rep_weight |            1.24 |
|                                   SAC/Alpha |        0.000142 |
|                              SAC/LogPi_mean |            3.72 |
|                                 SAC/Q1_mean |           0.105 |
|                                 SAC/Q2_mean |             0.1 |
|                            Norm/actor_model |              40 |
|                           Norm/critic_model |            55.2 |
|              Norm/state_action_metric_model |            36.6 |
|                     Norm/state_metric_model |            35.4 |
|        Norm/state_action_state_metric_model |            35.2 |
|                  Metric/self_state_distance |         0.00471 |
|                 Metric/cross_state_distance |           0.964 |
|           Metric/self_state_action_distance |         0.00175 |
|          Metric/cross_state_action_distance |            0.96 |
|             Metric/avg_self_state_asymmetry |               0 |
|            Metric/avg_cross_state_asymmetry |         0.00573 |
|                Metric/avg_self_sa_asymmetry |               0 |
|               Metric/avg_cross_sa_asymmetry |          0.0232 |
|  Metric/self_state_action_to_state_distance |         0.00136 |
| Metric/cross_state_action_to_state_distance |           0.958 |
|                   Metric/h_lambda_diff_self |         0.00192 |
|                  Metric/h_lambda_diff_cross |          0.0111 |
|                                 Eval/Return |           0.603 |
-----------------------------------------------------------------
-----------------------------------------------------------------
|                                 Train/Steps |         5.2e+05 |
|                            Loss/Loss_critic |        0.000702 |
|                             Loss/Loss_actor |           -0.03 |
|                             Loss/Loss_alpha |        1.39e-05 |
|               Loss/Loss_state_action_metric |         0.00564 |
|                      Loss/Loss_state_metric |         0.00109 |
|             Loss/Loss_state_action_to_state |        7.57e-05 |
|                           Loss/Act_rep_loss |          0.0576 |
|                             Loss/rep_weight |            1.15 |
|                                   SAC/Alpha |        5.79e-05 |
|                              SAC/LogPi_mean |            1.65 |
|                                 SAC/Q1_mean |          0.0271 |
|                                 SAC/Q2_mean |          0.0254 |
|                            Norm/actor_model |            44.4 |
|                           Norm/critic_model |              61 |
|              Norm/state_action_metric_model |            40.1 |
|                     Norm/state_metric_model |            38.5 |
|        Norm/state_action_state_metric_model |            38.6 |
|                  Metric/self_state_distance |         0.00188 |
|                 Metric/cross_state_distance |           0.942 |
|           Metric/self_state_action_distance |         0.00173 |
|          Metric/cross_state_action_distance |           0.927 |
|             Metric/avg_self_state_asymmetry |               0 |
|            Metric/avg_cross_state_asymmetry |         0.00326 |
|                Metric/avg_self_sa_asymmetry |               0 |
|               Metric/avg_cross_sa_asymmetry |         0.00611 |
|  Metric/self_state_action_to_state_distance |        0.000522 |
| Metric/cross_state_action_to_state_distance |           0.924 |
|                   Metric/h_lambda_diff_self |         0.00147 |
|                  Metric/h_lambda_diff_cross |         0.00507 |
|                                 Eval/Return |           0.607 |
-----------------------------------------------------------------
-----------------------------------------------------------------
|                                 Train/Steps |        6.48e+05 |
|                            Loss/Loss_critic |        6.27e-05 |
|                             Loss/Loss_actor |        -0.00766 |
|                             Loss/Loss_alpha |       -0.000145 |
|               Loss/Loss_state_action_metric |         0.00475 |
|                      Loss/Loss_state_metric |         0.00278 |
|             Loss/Loss_state_action_to_state |        0.000213 |
|                           Loss/Act_rep_loss |          0.0505 |
|                             Loss/rep_weight |            1.06 |
|                                   SAC/Alpha |        0.000147 |
|                              SAC/LogPi_mean |            2.99 |
|                                 SAC/Q1_mean |         0.00838 |
|                                 SAC/Q2_mean |         0.00906 |
|                            Norm/actor_model |            48.7 |
|                           Norm/critic_model |              66 |
|              Norm/state_action_metric_model |            43.6 |
|                     Norm/state_metric_model |            41.4 |
|        Norm/state_action_state_metric_model |            42.1 |
|                  Metric/self_state_distance |         0.00432 |
|                 Metric/cross_state_distance |           0.935 |
|           Metric/self_state_action_distance |        0.000999 |
|          Metric/cross_state_action_distance |           0.918 |
|             Metric/avg_self_state_asymmetry |               0 |
|            Metric/avg_cross_state_asymmetry |         0.00262 |
|                Metric/avg_self_sa_asymmetry |               0 |
|               Metric/avg_cross_sa_asymmetry |         0.00567 |
|  Metric/self_state_action_to_state_distance |         0.00219 |
| Metric/cross_state_action_to_state_distance |           0.917 |
|                   Metric/h_lambda_diff_self |         0.00215 |
|                  Metric/h_lambda_diff_cross |         0.00595 |
|                                 Eval/Return |           0.855 |
-----------------------------------------------------------------
-----------------------------------------------------------------
|                                 Train/Steps |        7.76e+05 |
|                            Loss/Loss_critic |         0.00097 |
|                             Loss/Loss_actor |         -0.0387 |
|                             Loss/Loss_alpha |       -2.11e-05 |
|               Loss/Loss_state_action_metric |          0.0191 |
|                      Loss/Loss_state_metric |          0.0102 |
|             Loss/Loss_state_action_to_state |         0.00128 |
|                           Loss/Act_rep_loss |          0.0639 |
|                             Loss/rep_weight |           0.976 |
|                                   SAC/Alpha |        0.000131 |
|                              SAC/LogPi_mean |            2.18 |
|                                 SAC/Q1_mean |          0.0353 |
|                                 SAC/Q2_mean |          0.0331 |
|                            Norm/actor_model |            52.4 |
|                           Norm/critic_model |            70.3 |
|              Norm/state_action_metric_model |            46.7 |
|                     Norm/state_metric_model |            44.4 |
|        Norm/state_action_state_metric_model |            45.7 |
|                  Metric/self_state_distance |         0.00405 |
|                 Metric/cross_state_distance |           0.958 |
|           Metric/self_state_action_distance |         0.00484 |
|          Metric/cross_state_action_distance |           0.945 |
|             Metric/avg_self_state_asymmetry |               0 |
|            Metric/avg_cross_state_asymmetry |         0.00635 |
|                Metric/avg_self_sa_asymmetry |               0 |
|               Metric/avg_cross_sa_asymmetry |          0.0158 |
|  Metric/self_state_action_to_state_distance |         0.00695 |
| Metric/cross_state_action_to_state_distance |           0.939 |
|                   Metric/h_lambda_diff_self |         0.00707 |
|                  Metric/h_lambda_diff_cross |          0.0124 |
|                                 Eval/Return |             1.6 |
-----------------------------------------------------------------
-----------------------------------------------------------------
|                                 Train/Steps |        9.04e+05 |
|                            Loss/Loss_critic |         0.00569 |
|                             Loss/Loss_actor |         -0.0614 |
|                             Loss/Loss_alpha |       -6.91e-05 |
|               Loss/Loss_state_action_metric |          0.0154 |
|                      Loss/Loss_state_metric |          0.0107 |
|             Loss/Loss_state_action_to_state |        0.000308 |
|                           Loss/Act_rep_loss |          0.0633 |
|                             Loss/rep_weight |            0.89 |
|                                   SAC/Alpha |        0.000176 |
|                              SAC/LogPi_mean |             2.5 |
|                                 SAC/Q1_mean |           0.061 |
|                                 SAC/Q2_mean |          0.0615 |
|                            Norm/actor_model |            55.9 |
|                           Norm/critic_model |            74.3 |
|              Norm/state_action_metric_model |              50 |
|                     Norm/state_metric_model |            47.5 |
|        Norm/state_action_state_metric_model |            49.2 |
|                  Metric/self_state_distance |         0.00483 |
|                 Metric/cross_state_distance |           0.958 |
|           Metric/self_state_action_distance |         0.00201 |
|          Metric/cross_state_action_distance |           0.942 |
|             Metric/avg_self_state_asymmetry |               0 |
|            Metric/avg_cross_state_asymmetry |         0.00483 |
|                Metric/avg_self_sa_asymmetry |               0 |
|               Metric/avg_cross_sa_asymmetry |          0.0119 |
|  Metric/self_state_action_to_state_distance |        0.000813 |
| Metric/cross_state_action_to_state_distance |           0.945 |
|                   Metric/h_lambda_diff_self |         0.00171 |
|                  Metric/h_lambda_diff_cross |         0.00895 |
|                                 Eval/Return |            1.15 |
-----------------------------------------------------------------
-----------------------------------------------------------------
|                                 Train/Steps |        1.03e+06 |
|                            Loss/Loss_critic |         0.00205 |
|                             Loss/Loss_actor |          -0.219 |
|                             Loss/Loss_alpha |        0.000411 |
|               Loss/Loss_state_action_metric |          0.0195 |
|                      Loss/Loss_state_metric |          0.0156 |
|             Loss/Loss_state_action_to_state |        0.000667 |
|                           Loss/Act_rep_loss |           0.069 |
|                             Loss/rep_weight |           0.803 |
|                                   SAC/Alpha |        0.000897 |
|                              SAC/LogPi_mean |            1.53 |
|                                 SAC/Q1_mean |           0.207 |
|                                 SAC/Q2_mean |           0.208 |
|                            Norm/actor_model |            60.7 |
|                           Norm/critic_model |            78.3 |
|              Norm/state_action_metric_model |            53.9 |
|                     Norm/state_metric_model |              51 |
|        Norm/state_action_state_metric_model |            53.3 |
|                  Metric/self_state_distance |         0.00486 |
|                 Metric/cross_state_distance |           0.961 |
|           Metric/self_state_action_distance |         0.00275 |
|          Metric/cross_state_action_distance |           0.955 |
|             Metric/avg_self_state_asymmetry |               0 |
|            Metric/avg_cross_state_asymmetry |         0.00414 |
|                Metric/avg_self_sa_asymmetry |               0 |
|               Metric/avg_cross_sa_asymmetry |          0.0223 |
|  Metric/self_state_action_to_state_distance |         0.00325 |
| Metric/cross_state_action_to_state_distance |           0.947 |
|                   Metric/h_lambda_diff_self |         0.00509 |
|                  Metric/h_lambda_diff_cross |          0.0107 |
|                                 Eval/Return |            5.53 |
-----------------------------------------------------------------
[32mSaving model …[0m
[32mDone.[0m
[32mSaving model …[0m
[32mDone.[0m
-----------------------------------------------------------------
|                                 Train/Steps |        1.16e+06 |
|                            Loss/Loss_critic |         0.00323 |
|                             Loss/Loss_actor |          -0.586 |
|                             Loss/Loss_alpha |        0.000571 |
|               Loss/Loss_state_action_metric |          0.0127 |
|                      Loss/Loss_state_metric |          0.0102 |
|             Loss/Loss_state_action_to_state |        0.000362 |
|                           Loss/Act_rep_loss |          0.0655 |
|                             Loss/rep_weight |           0.717 |
|                                   SAC/Alpha |         0.00132 |
|                              SAC/LogPi_mean |            1.78 |
|                                 SAC/Q1_mean |           0.565 |
|                                 SAC/Q2_mean |           0.568 |
|                            Norm/actor_model |            65.7 |
|                           Norm/critic_model |            81.9 |
|              Norm/state_action_metric_model |            57.3 |
|                     Norm/state_metric_model |            54.9 |
|        Norm/state_action_state_metric_model |            57.2 |
|                  Metric/self_state_distance |         0.00396 |
|                 Metric/cross_state_distance |           0.975 |
|           Metric/self_state_action_distance |         0.00266 |
|          Metric/cross_state_action_distance |           0.959 |
|             Metric/avg_self_state_asymmetry |               0 |
|            Metric/avg_cross_state_asymmetry |         0.00408 |
|                Metric/avg_self_sa_asymmetry |               0 |
|               Metric/avg_cross_sa_asymmetry |          0.0168 |
|  Metric/self_state_action_to_state_distance |         0.00138 |
| Metric/cross_state_action_to_state_distance |           0.961 |
|                   Metric/h_lambda_diff_self |         0.00185 |
|                  Metric/h_lambda_diff_cross |         0.00739 |
|                                 Eval/Return |            28.4 |
-----------------------------------------------------------------
-----------------------------------------------------------------
|                                 Train/Steps |        1.29e+06 |
|                            Loss/Loss_critic |         0.00376 |
|                             Loss/Loss_actor |           -1.06 |
|                             Loss/Loss_alpha |        0.000156 |
|               Loss/Loss_state_action_metric |          0.0117 |
|                      Loss/Loss_state_metric |          0.0112 |
|             Loss/Loss_state_action_to_state |         0.00072 |
|                           Loss/Act_rep_loss |            0.09 |
|                             Loss/rep_weight |           0.631 |
|                                   SAC/Alpha |         0.00127 |
|                              SAC/LogPi_mean |            1.99 |
|                                 SAC/Q1_mean |            1.03 |
|                                 SAC/Q2_mean |            1.02 |
|                            Norm/actor_model |            70.7 |
|                           Norm/critic_model |            85.7 |
|              Norm/state_action_metric_model |              61 |
|                     Norm/state_metric_model |            58.5 |
|        Norm/state_action_state_metric_model |            60.8 |
|                  Metric/self_state_distance |         0.00482 |
|                 Metric/cross_state_distance |           0.991 |
|           Metric/self_state_action_distance |         0.00247 |
|          Metric/cross_state_action_distance |           0.982 |
|             Metric/avg_self_state_asymmetry |               0 |
|            Metric/avg_cross_state_asymmetry |         0.00524 |
|                Metric/avg_self_sa_asymmetry |               0 |
|               Metric/avg_cross_sa_asymmetry |            0.02 |
|  Metric/self_state_action_to_state_distance |         0.00221 |
| Metric/cross_state_action_to_state_distance |           0.978 |
|                   Metric/h_lambda_diff_self |         0.00301 |
|                  Metric/h_lambda_diff_cross |          0.0104 |
|                                 Eval/Return |            34.3 |
-----------------------------------------------------------------
-----------------------------------------------------------------
|                                 Train/Steps |        1.42e+06 |
|                            Loss/Loss_critic |         0.00329 |
|                             Loss/Loss_actor |            -1.4 |
|                             Loss/Loss_alpha |       -2.91e-05 |
|               Loss/Loss_state_action_metric |          0.0175 |
|                      Loss/Loss_state_metric |          0.0168 |
|             Loss/Loss_state_action_to_state |        0.000236 |
|                           Loss/Act_rep_loss |           0.107 |
|                             Loss/rep_weight |           0.544 |
|                                   SAC/Alpha |         0.00128 |
|                              SAC/LogPi_mean |            1.99 |
|                                 SAC/Q1_mean |            1.37 |
|                                 SAC/Q2_mean |            1.37 |
|                            Norm/actor_model |            75.9 |
|                           Norm/critic_model |            89.4 |
|              Norm/state_action_metric_model |            64.2 |
|                     Norm/state_metric_model |              62 |
|        Norm/state_action_state_metric_model |            64.3 |
|                  Metric/self_state_distance |         0.00437 |
|                 Metric/cross_state_distance |            1.02 |
|           Metric/self_state_action_distance |        0.000403 |
|          Metric/cross_state_action_distance |            1.03 |
|             Metric/avg_self_state_asymmetry |               0 |
|            Metric/avg_cross_state_asymmetry |         0.00576 |
|                Metric/avg_self_sa_asymmetry |               0 |
|               Metric/avg_cross_sa_asymmetry |           0.036 |
|  Metric/self_state_action_to_state_distance |         0.00254 |
| Metric/cross_state_action_to_state_distance |            1.02 |
|                   Metric/h_lambda_diff_self |         0.00235 |
|                  Metric/h_lambda_diff_cross |          0.0115 |
|                                 Eval/Return |            27.8 |
-----------------------------------------------------------------
-----------------------------------------------------------------
|                                 Train/Steps |        1.54e+06 |
|                            Loss/Loss_critic |         0.00464 |
|                             Loss/Loss_actor |           -1.73 |
|                             Loss/Loss_alpha |        0.000242 |
|               Loss/Loss_state_action_metric |          0.0328 |
|                      Loss/Loss_state_metric |          0.0281 |
|             Loss/Loss_state_action_to_state |        0.000494 |
|                           Loss/Act_rep_loss |           0.145 |
|                             Loss/rep_weight |           0.458 |
|                                   SAC/Alpha |         0.00118 |
|                              SAC/LogPi_mean |            1.89 |
|                                 SAC/Q1_mean |            1.71 |
|                                 SAC/Q2_mean |            1.71 |
|                            Norm/actor_model |            81.1 |
|                           Norm/critic_model |            93.2 |
|              Norm/state_action_metric_model |            67.6 |
|                     Norm/state_metric_model |            65.6 |
|        Norm/state_action_state_metric_model |            67.8 |
|                  Metric/self_state_distance |         0.00298 |
|                 Metric/cross_state_distance |            1.06 |
|           Metric/self_state_action_distance |         0.00335 |
|          Metric/cross_state_action_distance |            1.08 |
|             Metric/avg_self_state_asymmetry |               0 |
|            Metric/avg_cross_state_asymmetry |         0.00577 |
|                Metric/avg_self_sa_asymmetry |               0 |
|               Metric/avg_cross_sa_asymmetry |          0.0503 |
|  Metric/self_state_action_to_state_distance |         0.00215 |
| Metric/cross_state_action_to_state_distance |            1.08 |
|                   Metric/h_lambda_diff_self |         0.00284 |
|                  Metric/h_lambda_diff_cross |           0.011 |
|                                 Eval/Return |            36.4 |
-----------------------------------------------------------------
-----------------------------------------------------------------
|                                 Train/Steps |        1.67e+06 |
|                            Loss/Loss_critic |         0.00722 |
|                             Loss/Loss_actor |           -2.03 |
|                             Loss/Loss_alpha |        -0.00034 |
|               Loss/Loss_state_action_metric |          0.0433 |
|                      Loss/Loss_state_metric |          0.0361 |
|             Loss/Loss_state_action_to_state |        0.000653 |
|                           Loss/Act_rep_loss |            0.16 |
|                             Loss/rep_weight |           0.371 |
|                                   SAC/Alpha |         0.00112 |
|                              SAC/LogPi_mean |             2.3 |
|                                 SAC/Q1_mean |            1.99 |
|                                 SAC/Q2_mean |               2 |
|                            Norm/actor_model |            86.4 |
|                           Norm/critic_model |            96.7 |
|              Norm/state_action_metric_model |            70.5 |
|                     Norm/state_metric_model |            68.8 |
|        Norm/state_action_state_metric_model |            71.2 |
|                  Metric/self_state_distance |         0.00253 |
|                 Metric/cross_state_distance |            1.07 |
|           Metric/self_state_action_distance |         0.00143 |
|          Metric/cross_state_action_distance |            1.09 |
|             Metric/avg_self_state_asymmetry |               0 |
|            Metric/avg_cross_state_asymmetry |         0.00617 |
|                Metric/avg_self_sa_asymmetry |               0 |
|               Metric/avg_cross_sa_asymmetry |           0.057 |
|  Metric/self_state_action_to_state_distance |         0.00112 |
| Metric/cross_state_action_to_state_distance |            1.08 |
|                   Metric/h_lambda_diff_self |         0.00109 |
|                  Metric/h_lambda_diff_cross |          0.0108 |
|                                 Eval/Return |            49.8 |
-----------------------------------------------------------------
