E0901 18:24:18.081552 1076205 cuda_executor.cc:1526] Could not get kernel mode driver version: (INVALID_ARGUMENT: Version does not match the format X.Y.Z)
E0901 18:24:18.090105 1076095 cuda_executor.cc:1526] Could not get kernel mode driver version: (INVALID_ARGUMENT: Version does not match the format X.Y.Z)
[32mStart prefilling replay buffer[0m
[32mStart SAC training[0m
[32m{'log_freq': 1000, 'save_freq': 1000000, 'eval_episode_freq': 10, 'hidden_size': 256, 'lr': 0.001, 'max_grad_norm': 0.0, 'gamma': 0.99, 'update_tau': 0.005, 'train_per_step': 8, 'episode_length': 1000, 'warmup_samples': 8192, 'max_replay_size': 4000000, 'batch_size': 512, 'total_env_steps': 5000000, 'init_temperature': 0.1, 'nstep': 1, 'bootstrap_on_truncation': True, 'rep_lr_scale': 1.0, 'vis_feq': 100000, 'n_vis_frames': 4, 'num_envs': 128, 'grad_steps': 50, 'transfer_freq': 10, 'transfer_steps': 8, 'reward_scaling': 1.0, 'num_eval_envs': 128, 'target_entropy': -3.0}[0m
[32m[nstep] nstep=1 bootstrap_on_truncation=True (discount from the buffer already contains gamma^nstep)[0m
-----------------------------------------------------------------
|                                 Train/Steps |        1.36e+05 |
|                            Loss/Loss_critic |          0.0673 |
|                             Loss/Loss_actor |           -7.07 |
|                             Loss/Loss_alpha |        -0.00266 |
|               Loss/Loss_state_action_metric |           0.169 |
|                      Loss/Loss_state_metric |          0.0892 |
|             Loss/Loss_state_action_to_state |         0.00143 |
|                           Loss/Act_rep_loss |         0.00338 |
|                                   SAC/Alpha |         0.00694 |
|                              SAC/LogPi_mean |            3.52 |
|                                 SAC/Q1_mean |            6.96 |
|                                 SAC/Q2_mean |            6.98 |
|                            Norm/actor_model |            40.2 |
|                           Norm/critic_model |            44.7 |
|              Norm/state_action_metric_model |            31.7 |
|                     Norm/state_metric_model |            31.3 |
|        Norm/state_action_state_metric_model |              32 |
|                  Metric/self_state_distance |         0.00463 |
|                 Metric/cross_state_distance |            1.31 |
|           Metric/self_state_action_distance |         0.00548 |
|          Metric/cross_state_action_distance |            1.46 |
|             Metric/avg_self_state_asymmetry |               0 |
|            Metric/avg_cross_state_asymmetry |          0.0164 |
|                Metric/avg_self_sa_asymmetry |               0 |
|               Metric/avg_cross_sa_asymmetry |          0.0224 |
|  Metric/self_state_action_to_state_distance |          0.0034 |
| Metric/cross_state_action_to_state_distance |            1.43 |
|                   Metric/h_lambda_diff_self |         0.00486 |
|                  Metric/h_lambda_diff_cross |           0.041 |
|                                 Eval/Return |             513 |
-----------------------------------------------------------------
-----------------------------------------------------------------
|                                 Train/Steps |        2.64e+05 |
|                            Loss/Loss_critic |          0.0834 |
|                             Loss/Loss_actor |           -20.6 |
|                             Loss/Loss_alpha |         0.00363 |
|               Loss/Loss_state_action_metric |           0.616 |
|                      Loss/Loss_state_metric |           0.409 |
|             Loss/Loss_state_action_to_state |         0.00108 |
|                           Loss/Act_rep_loss |        0.000832 |
|                                   SAC/Alpha |          0.0102 |
|                              SAC/LogPi_mean |            2.32 |
|                                 SAC/Q1_mean |            20.5 |
|                                 SAC/Q2_mean |            20.6 |
|                            Norm/actor_model |            55.3 |
|                           Norm/critic_model |            62.2 |
|              Norm/state_action_metric_model |            35.2 |
|                     Norm/state_metric_model |            34.4 |
|        Norm/state_action_state_metric_model |            35.2 |
|                  Metric/self_state_distance |        0.000986 |
|                 Metric/cross_state_distance |            1.88 |
|           Metric/self_state_action_distance |         0.00804 |
|          Metric/cross_state_action_distance |            2.21 |
|             Metric/avg_self_state_asymmetry |               0 |
|            Metric/avg_cross_state_asymmetry |          0.0207 |
|                Metric/avg_self_sa_asymmetry |               0 |
|               Metric/avg_cross_sa_asymmetry |          0.0218 |
|  Metric/self_state_action_to_state_distance |        0.000992 |
| Metric/cross_state_action_to_state_distance |             2.2 |
|                   Metric/h_lambda_diff_self |         0.00815 |
|                  Metric/h_lambda_diff_cross |          0.0314 |
|                                 Eval/Return |             627 |
-----------------------------------------------------------------
-----------------------------------------------------------------
|                                 Train/Steps |        3.92e+05 |
|                            Loss/Loss_critic |           0.131 |
|                             Loss/Loss_actor |           -36.8 |
|                             Loss/Loss_alpha |       -0.000661 |
|               Loss/Loss_state_action_metric |           0.666 |
|                      Loss/Loss_state_metric |           0.449 |
|             Loss/Loss_state_action_to_state |        0.000678 |
|                           Loss/Act_rep_loss |         0.00198 |
|                                   SAC/Alpha |          0.0156 |
|                              SAC/LogPi_mean |            2.97 |
|                                 SAC/Q1_mean |            36.6 |
|                                 SAC/Q2_mean |            36.6 |
|                            Norm/actor_model |            62.9 |
|                           Norm/critic_model |            73.1 |
|              Norm/state_action_metric_model |            39.4 |
|                     Norm/state_metric_model |            38.3 |
|        Norm/state_action_state_metric_model |            38.5 |
|                  Metric/self_state_distance |         0.00653 |
|                 Metric/cross_state_distance |            1.99 |
|           Metric/self_state_action_distance |         0.00454 |
|          Metric/cross_state_action_distance |            2.29 |
|             Metric/avg_self_state_asymmetry |               0 |
|            Metric/avg_cross_state_asymmetry |          0.0129 |
|                Metric/avg_self_sa_asymmetry |               0 |
|               Metric/avg_cross_sa_asymmetry |          0.0204 |
|  Metric/self_state_action_to_state_distance |         0.00214 |
| Metric/cross_state_action_to_state_distance |            2.29 |
|                   Metric/h_lambda_diff_self |         0.00363 |
|                  Metric/h_lambda_diff_cross |          0.0245 |
|                                 Eval/Return |             690 |
-----------------------------------------------------------------
-----------------------------------------------------------------
|                                 Train/Steps |         5.2e+05 |
|                            Loss/Loss_critic |           0.126 |
|                             Loss/Loss_actor |           -45.3 |
|                             Loss/Loss_alpha |        -0.00501 |
|               Loss/Loss_state_action_metric |           0.722 |
|                      Loss/Loss_state_metric |           0.481 |
|             Loss/Loss_state_action_to_state |        0.000795 |
|                           Loss/Act_rep_loss |         0.00483 |
|                                   SAC/Alpha |          0.0101 |
|                              SAC/LogPi_mean |            3.51 |
|                                 SAC/Q1_mean |            45.2 |
|                                 SAC/Q2_mean |            45.2 |
|                            Norm/actor_model |            70.6 |
|                           Norm/critic_model |              81 |
|              Norm/state_action_metric_model |            43.5 |
|                     Norm/state_metric_model |            42.4 |
|        Norm/state_action_state_metric_model |            41.7 |
|                  Metric/self_state_distance |         0.00207 |
|                 Metric/cross_state_distance |            2.02 |
|           Metric/self_state_action_distance |         0.00412 |
|          Metric/cross_state_action_distance |            2.33 |
|             Metric/avg_self_state_asymmetry |               0 |
|            Metric/avg_cross_state_asymmetry |          0.0133 |
|                Metric/avg_self_sa_asymmetry |               0 |
|               Metric/avg_cross_sa_asymmetry |          0.0198 |
|  Metric/self_state_action_to_state_distance |         0.00256 |
| Metric/cross_state_action_to_state_distance |            2.33 |
|                   Metric/h_lambda_diff_self |          0.0032 |
|                  Metric/h_lambda_diff_cross |          0.0249 |
|                                 Eval/Return |             891 |
-----------------------------------------------------------------
-----------------------------------------------------------------
|                                 Train/Steps |        6.48e+05 |
|                            Loss/Loss_critic |          0.0801 |
|                             Loss/Loss_actor |           -57.6 |
|                             Loss/Loss_alpha |        0.000271 |
|               Loss/Loss_state_action_metric |           0.667 |
|                      Loss/Loss_state_metric |           0.448 |
|             Loss/Loss_state_action_to_state |        0.000606 |
|                           Loss/Act_rep_loss |         0.00397 |
|                                   SAC/Alpha |         0.00811 |
|                              SAC/LogPi_mean |            2.83 |
|                                 SAC/Q1_mean |            57.5 |
|                                 SAC/Q2_mean |            57.6 |
|                            Norm/actor_model |            75.7 |
|                           Norm/critic_model |            87.6 |
|              Norm/state_action_metric_model |            47.4 |
|                     Norm/state_metric_model |            46.5 |
|        Norm/state_action_state_metric_model |              45 |
|                  Metric/self_state_distance |         0.00118 |
|                 Metric/cross_state_distance |            1.91 |
|           Metric/self_state_action_distance |          0.0064 |
|          Metric/cross_state_action_distance |            2.22 |
|             Metric/avg_self_state_asymmetry |               0 |
|            Metric/avg_cross_state_asymmetry |          0.0106 |
|                Metric/avg_self_sa_asymmetry |               0 |
|               Metric/avg_cross_sa_asymmetry |          0.0159 |
|  Metric/self_state_action_to_state_distance |        0.000707 |
| Metric/cross_state_action_to_state_distance |            2.21 |
|                   Metric/h_lambda_diff_self |         0.00584 |
|                  Metric/h_lambda_diff_cross |          0.0226 |
|                                 Eval/Return |             938 |
-----------------------------------------------------------------
-----------------------------------------------------------------
|                                 Train/Steps |        7.76e+05 |
|                            Loss/Loss_critic |          0.0543 |
|                             Loss/Loss_actor |           -65.2 |
|                             Loss/Loss_alpha |         0.00292 |
|               Loss/Loss_state_action_metric |           0.593 |
|                      Loss/Loss_state_metric |           0.406 |
|             Loss/Loss_state_action_to_state |        0.000645 |
|                           Loss/Act_rep_loss |           0.013 |
|                                   SAC/Alpha |         0.00899 |
|                              SAC/LogPi_mean |            2.81 |
|                                 SAC/Q1_mean |            65.2 |
|                                 SAC/Q2_mean |            65.1 |
|                            Norm/actor_model |            81.1 |
|                           Norm/critic_model |            93.3 |
|              Norm/state_action_metric_model |              51 |
|                     Norm/state_metric_model |            50.1 |
|        Norm/state_action_state_metric_model |            48.3 |
|                  Metric/self_state_distance |        0.000468 |
|                 Metric/cross_state_distance |            1.86 |
|           Metric/self_state_action_distance |         0.00235 |
|          Metric/cross_state_action_distance |            2.11 |
|             Metric/avg_self_state_asymmetry |               0 |
|            Metric/avg_cross_state_asymmetry |          0.0126 |
|                Metric/avg_self_sa_asymmetry |               0 |
|               Metric/avg_cross_sa_asymmetry |          0.0179 |
|  Metric/self_state_action_to_state_distance |         0.00082 |
| Metric/cross_state_action_to_state_distance |            2.11 |
|                   Metric/h_lambda_diff_self |         0.00192 |
|                  Metric/h_lambda_diff_cross |          0.0207 |
|                                 Eval/Return |             966 |
-----------------------------------------------------------------
-----------------------------------------------------------------
|                                 Train/Steps |        9.04e+05 |
|                            Loss/Loss_critic |          0.0766 |
|                             Loss/Loss_actor |           -70.5 |
|                             Loss/Loss_alpha |       -0.000211 |
|               Loss/Loss_state_action_metric |           0.632 |
|                      Loss/Loss_state_metric |           0.418 |
|             Loss/Loss_state_action_to_state |        0.000523 |
|                           Loss/Act_rep_loss |         0.00515 |
|                                   SAC/Alpha |         0.00697 |
|                              SAC/LogPi_mean |            3.09 |
|                                 SAC/Q1_mean |            70.5 |
|                                 SAC/Q2_mean |            70.5 |
|                            Norm/actor_model |              86 |
|                           Norm/critic_model |            98.9 |
|              Norm/state_action_metric_model |            54.6 |
|                     Norm/state_metric_model |            53.9 |
|        Norm/state_action_state_metric_model |            51.5 |
|                  Metric/self_state_distance |        0.000558 |
|                 Metric/cross_state_distance |            1.87 |
|           Metric/self_state_action_distance |         0.00196 |
|          Metric/cross_state_action_distance |            2.13 |
|             Metric/avg_self_state_asymmetry |               0 |
|            Metric/avg_cross_state_asymmetry |          0.0102 |
|                Metric/avg_self_sa_asymmetry |               0 |
|               Metric/avg_cross_sa_asymmetry |           0.015 |
|  Metric/self_state_action_to_state_distance |         0.00238 |
| Metric/cross_state_action_to_state_distance |            2.13 |
|                   Metric/h_lambda_diff_self |         0.00273 |
|                  Metric/h_lambda_diff_cross |          0.0185 |
|                                 Eval/Return |             964 |
-----------------------------------------------------------------
-----------------------------------------------------------------
|                                 Train/Steps |        1.03e+06 |
|                            Loss/Loss_critic |          0.0853 |
|                             Loss/Loss_actor |           -75.1 |
|                             Loss/Loss_alpha |        -0.00341 |
|               Loss/Loss_state_action_metric |           0.648 |
|                      Loss/Loss_state_metric |           0.446 |
|             Loss/Loss_state_action_to_state |        0.000568 |
|                           Loss/Act_rep_loss |          0.0129 |
|                                   SAC/Alpha |         0.00757 |
|                              SAC/LogPi_mean |            3.38 |
|                                 SAC/Q1_mean |            75.1 |
|                                 SAC/Q2_mean |              75 |
|                            Norm/actor_model |            90.5 |
|                           Norm/critic_model |             104 |
|              Norm/state_action_metric_model |            57.8 |
|                     Norm/state_metric_model |            57.5 |
|        Norm/state_action_state_metric_model |            54.6 |
|                  Metric/self_state_distance |        0.000987 |
|                 Metric/cross_state_distance |            1.88 |
|           Metric/self_state_action_distance |         0.00269 |
|          Metric/cross_state_action_distance |            2.16 |
|             Metric/avg_self_state_asymmetry |               0 |
|            Metric/avg_cross_state_asymmetry |         0.00948 |
|                Metric/avg_self_sa_asymmetry |               0 |
|               Metric/avg_cross_sa_asymmetry |          0.0141 |
|  Metric/self_state_action_to_state_distance |        0.000568 |
| Metric/cross_state_action_to_state_distance |            2.15 |
|                   Metric/h_lambda_diff_self |         0.00235 |
|                  Metric/h_lambda_diff_cross |          0.0248 |
|                                 Eval/Return |             972 |
-----------------------------------------------------------------
[32mSaving model …[0m
[32mDone.[0m
[32mSaving model …[0m
[32mDone.[0m
-----------------------------------------------------------------
|                                 Train/Steps |        1.16e+06 |
|                            Loss/Loss_critic |          0.0756 |
|                             Loss/Loss_actor |           -79.2 |
|                             Loss/Loss_alpha |         0.00214 |
|               Loss/Loss_state_action_metric |           0.569 |
|                      Loss/Loss_state_metric |           0.389 |
|             Loss/Loss_state_action_to_state |        0.000436 |
|                           Loss/Act_rep_loss |         0.00406 |
|                                   SAC/Alpha |         0.00775 |
|                              SAC/LogPi_mean |            2.65 |
|                                 SAC/Q1_mean |            79.2 |
|                                 SAC/Q2_mean |            79.1 |
|                            Norm/actor_model |            95.1 |
|                           Norm/critic_model |             109 |
|              Norm/state_action_metric_model |              61 |
|                     Norm/state_metric_model |            60.8 |
|        Norm/state_action_state_metric_model |            57.6 |
|                  Metric/self_state_distance |         0.00207 |
|                 Metric/cross_state_distance |             1.8 |
|           Metric/self_state_action_distance |          0.0021 |
|          Metric/cross_state_action_distance |            2.03 |
|             Metric/avg_self_state_asymmetry |               0 |
|            Metric/avg_cross_state_asymmetry |         0.00859 |
|                Metric/avg_self_sa_asymmetry |               0 |
|               Metric/avg_cross_sa_asymmetry |          0.0129 |
|  Metric/self_state_action_to_state_distance |        0.000739 |
| Metric/cross_state_action_to_state_distance |            2.03 |
|                   Metric/h_lambda_diff_self |         0.00166 |
|                  Metric/h_lambda_diff_cross |          0.0168 |
|                                 Eval/Return |             961 |
-----------------------------------------------------------------
-----------------------------------------------------------------
|                                 Train/Steps |        1.29e+06 |
|                            Loss/Loss_critic |           0.102 |
|                             Loss/Loss_actor |           -81.6 |
|                             Loss/Loss_alpha |        -0.00092 |
|               Loss/Loss_state_action_metric |           0.565 |
|                      Loss/Loss_state_metric |           0.386 |
|             Loss/Loss_state_action_to_state |        0.000433 |
|                           Loss/Act_rep_loss |          0.0101 |
|                                   SAC/Alpha |         0.00667 |
|                              SAC/LogPi_mean |            3.27 |
|                                 SAC/Q1_mean |            81.6 |
|                                 SAC/Q2_mean |            81.5 |
|                            Norm/actor_model |            99.2 |
|                           Norm/critic_model |             114 |
|              Norm/state_action_metric_model |            64.1 |
|                     Norm/state_metric_model |              64 |
|        Norm/state_action_state_metric_model |            60.5 |
|                  Metric/self_state_distance |         0.00322 |
|                 Metric/cross_state_distance |            1.79 |
|           Metric/self_state_action_distance |         0.00243 |
|          Metric/cross_state_action_distance |            2.02 |
|             Metric/avg_self_state_asymmetry |               0 |
|            Metric/avg_cross_state_asymmetry |         0.00915 |
|                Metric/avg_self_sa_asymmetry |               0 |
|               Metric/avg_cross_sa_asymmetry |          0.0124 |
|  Metric/self_state_action_to_state_distance |        0.000332 |
| Metric/cross_state_action_to_state_distance |            2.04 |
|                   Metric/h_lambda_diff_self |         0.00229 |
|                  Metric/h_lambda_diff_cross |          0.0193 |
|                                 Eval/Return |             970 |
-----------------------------------------------------------------
-----------------------------------------------------------------
|                                 Train/Steps |        1.42e+06 |
|                            Loss/Loss_critic |          0.0607 |
|                             Loss/Loss_actor |             -85 |
|                             Loss/Loss_alpha |         0.00223 |
|               Loss/Loss_state_action_metric |           0.489 |
|                      Loss/Loss_state_metric |            0.33 |
|             Loss/Loss_state_action_to_state |        0.000588 |
|                           Loss/Act_rep_loss |          0.0153 |
|                                   SAC/Alpha |         0.00637 |
|                              SAC/LogPi_mean |            2.67 |
|                                 SAC/Q1_mean |              85 |
|                                 SAC/Q2_mean |            84.9 |
|                            Norm/actor_model |             103 |
|                           Norm/critic_model |             118 |
|              Norm/state_action_metric_model |            66.9 |
|                     Norm/state_metric_model |            67.2 |
|        Norm/state_action_state_metric_model |            63.4 |
|                  Metric/self_state_distance |         0.00436 |
|                 Metric/cross_state_distance |            1.66 |
|           Metric/self_state_action_distance |         0.00182 |
|          Metric/cross_state_action_distance |             1.9 |
|             Metric/avg_self_state_asymmetry |               0 |
|            Metric/avg_cross_state_asymmetry |         0.00804 |
|                Metric/avg_self_sa_asymmetry |               0 |
|               Metric/avg_cross_sa_asymmetry |          0.0135 |
|  Metric/self_state_action_to_state_distance |          0.0103 |
| Metric/cross_state_action_to_state_distance |            1.89 |
|                   Metric/h_lambda_diff_self |          0.0097 |
|                  Metric/h_lambda_diff_cross |          0.0203 |
|                                 Eval/Return |             963 |
-----------------------------------------------------------------
-----------------------------------------------------------------
|                                 Train/Steps |        1.54e+06 |
|                            Loss/Loss_critic |          0.0874 |
|                             Loss/Loss_actor |           -86.4 |
|                             Loss/Loss_alpha |       -0.000728 |
|               Loss/Loss_state_action_metric |           0.564 |
|                      Loss/Loss_state_metric |            0.34 |
|             Loss/Loss_state_action_to_state |        0.000684 |
|                           Loss/Act_rep_loss |         0.00387 |
|                                   SAC/Alpha |         0.00569 |
|                              SAC/LogPi_mean |            3.15 |
|                                 SAC/Q1_mean |            86.4 |
|                                 SAC/Q2_mean |            86.4 |
|                            Norm/actor_model |             107 |
|                           Norm/critic_model |             122 |
|              Norm/state_action_metric_model |            69.8 |
|                     Norm/state_metric_model |            70.7 |
|        Norm/state_action_state_metric_model |              66 |
|                  Metric/self_state_distance |         0.00105 |
|                 Metric/cross_state_distance |             1.7 |
|           Metric/self_state_action_distance |         0.00107 |
|          Metric/cross_state_action_distance |            1.91 |
|             Metric/avg_self_state_asymmetry |               0 |
|            Metric/avg_cross_state_asymmetry |         0.00895 |
|                Metric/avg_self_sa_asymmetry |               0 |
|               Metric/avg_cross_sa_asymmetry |          0.0138 |
|  Metric/self_state_action_to_state_distance |        0.000191 |
| Metric/cross_state_action_to_state_distance |            1.91 |
|                   Metric/h_lambda_diff_self |        0.000969 |
|                  Metric/h_lambda_diff_cross |           0.019 |
|                                 Eval/Return |             971 |
-----------------------------------------------------------------
-----------------------------------------------------------------
|                                 Train/Steps |        1.67e+06 |
|                            Loss/Loss_critic |          0.0655 |
|                             Loss/Loss_actor |           -88.6 |
|                             Loss/Loss_alpha |         0.00266 |
|               Loss/Loss_state_action_metric |           0.436 |
|                      Loss/Loss_state_metric |             0.3 |
|             Loss/Loss_state_action_to_state |        0.000312 |
|                           Loss/Act_rep_loss |         0.00319 |
|                                   SAC/Alpha |         0.00568 |
|                              SAC/LogPi_mean |            2.58 |
|                                 SAC/Q1_mean |            88.6 |
|                                 SAC/Q2_mean |            88.6 |
|                            Norm/actor_model |             110 |
|                           Norm/critic_model |             126 |
|              Norm/state_action_metric_model |            72.4 |
|                     Norm/state_metric_model |              74 |
|        Norm/state_action_state_metric_model |            68.8 |
|                  Metric/self_state_distance |         0.00054 |
|                 Metric/cross_state_distance |            1.62 |
|           Metric/self_state_action_distance |        0.000807 |
|          Metric/cross_state_action_distance |             1.8 |
|             Metric/avg_self_state_asymmetry |               0 |
|            Metric/avg_cross_state_asymmetry |         0.00766 |
|                Metric/avg_self_sa_asymmetry |               0 |
|               Metric/avg_cross_sa_asymmetry |          0.0113 |
|  Metric/self_state_action_to_state_distance |        0.000921 |
| Metric/cross_state_action_to_state_distance |             1.8 |
|                   Metric/h_lambda_diff_self |        0.000922 |
|                  Metric/h_lambda_diff_cross |          0.0162 |
|                                 Eval/Return |             970 |
-----------------------------------------------------------------
-----------------------------------------------------------------
|                                 Train/Steps |         1.8e+06 |
|                            Loss/Loss_critic |          0.0571 |
|                             Loss/Loss_actor |             -89 |
|                             Loss/Loss_alpha |        0.000778 |
|               Loss/Loss_state_action_metric |           0.426 |
|                      Loss/Loss_state_metric |           0.293 |
|             Loss/Loss_state_action_to_state |        0.000317 |
|                           Loss/Act_rep_loss |         0.00379 |
|                                   SAC/Alpha |         0.00533 |
|                              SAC/LogPi_mean |            2.82 |
|                                 SAC/Q1_mean |            88.9 |
|                                 SAC/Q2_mean |            89.1 |
|                            Norm/actor_model |             113 |
|                           Norm/critic_model |             130 |
|              Norm/state_action_metric_model |            75.2 |
|                     Norm/state_metric_model |            76.9 |
|        Norm/state_action_state_metric_model |            71.4 |
|                  Metric/self_state_distance |        0.000296 |
|                 Metric/cross_state_distance |            1.59 |
|           Metric/self_state_action_distance |         0.00202 |
|          Metric/cross_state_action_distance |            1.77 |
|             Metric/avg_self_state_asymmetry |               0 |
|            Metric/avg_cross_state_asymmetry |         0.00693 |
|                Metric/avg_self_sa_asymmetry |               0 |
|               Metric/avg_cross_sa_asymmetry |          0.0112 |
|  Metric/self_state_action_to_state_distance |        0.000652 |
| Metric/cross_state_action_to_state_distance |            1.76 |
|                   Metric/h_lambda_diff_self |         0.00178 |
|                  Metric/h_lambda_diff_cross |          0.0175 |
|                                 Eval/Return |             973 |
-----------------------------------------------------------------
-----------------------------------------------------------------
|                                 Train/Steps |        1.93e+06 |
|                            Loss/Loss_critic |          0.0518 |
|                             Loss/Loss_actor |           -90.7 |
|                             Loss/Loss_alpha |       -0.000136 |
|               Loss/Loss_state_action_metric |           0.439 |
|                      Loss/Loss_state_metric |           0.285 |
|             Loss/Loss_state_action_to_state |        0.000316 |
|                           Loss/Act_rep_loss |         0.00895 |
|                                   SAC/Alpha |         0.00528 |
|                              SAC/LogPi_mean |            3.05 |
|                                 SAC/Q1_mean |            90.7 |
|                                 SAC/Q2_mean |            90.7 |
|                            Norm/actor_model |             116 |
|                           Norm/critic_model |             134 |
|              Norm/state_action_metric_model |            77.7 |
|                     Norm/state_metric_model |            79.8 |
|        Norm/state_action_state_metric_model |              74 |
|                  Metric/self_state_distance |        0.000696 |
|                 Metric/cross_state_distance |            1.57 |
|           Metric/self_state_action_distance |         0.00207 |
|          Metric/cross_state_action_distance |            1.74 |
|             Metric/avg_self_state_asymmetry |               0 |
|            Metric/avg_cross_state_asymmetry |         0.00592 |
|                Metric/avg_self_sa_asymmetry |               0 |
|               Metric/avg_cross_sa_asymmetry |         0.00971 |
|  Metric/self_state_action_to_state_distance |        0.000834 |
| Metric/cross_state_action_to_state_distance |            1.74 |
|                   Metric/h_lambda_diff_self |         0.00192 |
|                  Metric/h_lambda_diff_cross |          0.0133 |
|                                 Eval/Return |             969 |
-----------------------------------------------------------------
-----------------------------------------------------------------
|                                 Train/Steps |        2.06e+06 |
|                            Loss/Loss_critic |          0.0587 |
|                             Loss/Loss_actor |           -90.6 |
|                             Loss/Loss_alpha |        -0.00256 |
|               Loss/Loss_state_action_metric |           0.451 |
|                      Loss/Loss_state_metric |            0.29 |
|             Loss/Loss_state_action_to_state |        0.000303 |
|                           Loss/Act_rep_loss |         0.00651 |
|                                   SAC/Alpha |         0.00444 |
|                              SAC/LogPi_mean |            3.58 |
|                                 SAC/Q1_mean |            90.6 |
|                                 SAC/Q2_mean |            90.7 |
|                            Norm/actor_model |             119 |
|                           Norm/critic_model |             137 |
|              Norm/state_action_metric_model |            80.2 |
|                     Norm/state_metric_model |            82.5 |
|        Norm/state_action_state_metric_model |            76.6 |
|                  Metric/self_state_distance |         0.00121 |
|                 Metric/cross_state_distance |            1.59 |
|           Metric/self_state_action_distance |        0.000532 |
|          Metric/cross_state_action_distance |            1.77 |
|             Metric/avg_self_state_asymmetry |               0 |
|            Metric/avg_cross_state_asymmetry |         0.00691 |
|                Metric/avg_self_sa_asymmetry |               0 |
|               Metric/avg_cross_sa_asymmetry |          0.0117 |
|  Metric/self_state_action_to_state_distance |        0.000222 |
| Metric/cross_state_action_to_state_distance |            1.77 |
|                   Metric/h_lambda_diff_self |        0.000456 |
|                  Metric/h_lambda_diff_cross |          0.0155 |
|                                 Eval/Return |             955 |
-----------------------------------------------------------------
[32mSaving model …[0m
[32mDone.[0m
[32mSaving model …[0m
[32mDone.[0m
-----------------------------------------------------------------
|                                 Train/Steps |        2.18e+06 |
|                            Loss/Loss_critic |          0.0498 |
|                             Loss/Loss_actor |           -91.2 |
|                             Loss/Loss_alpha |         0.00052 |
|               Loss/Loss_state_action_metric |           0.442 |
|                      Loss/Loss_state_metric |           0.256 |
|             Loss/Loss_state_action_to_state |        0.000262 |
|                           Loss/Act_rep_loss |         0.00707 |
|                                   SAC/Alpha |         0.00429 |
|                              SAC/LogPi_mean |            2.69 |
|                                 SAC/Q1_mean |            91.2 |
|                                 SAC/Q2_mean |            91.2 |
|                            Norm/actor_model |             122 |
|                           Norm/critic_model |             141 |
|              Norm/state_action_metric_model |            82.5 |
|                     Norm/state_metric_model |            85.5 |
|        Norm/state_action_state_metric_model |            79.1 |
|                  Metric/self_state_distance |        0.000528 |
|                 Metric/cross_state_distance |            1.53 |
|           Metric/self_state_action_distance |        0.000435 |
|          Metric/cross_state_action_distance |            1.67 |
|             Metric/avg_self_state_asymmetry |               0 |
|            Metric/avg_cross_state_asymmetry |         0.00631 |
|                Metric/avg_self_sa_asymmetry |               0 |
|               Metric/avg_cross_sa_asymmetry |          0.0113 |
|  Metric/self_state_action_to_state_distance |        0.000375 |
| Metric/cross_state_action_to_state_distance |            1.68 |
|                   Metric/h_lambda_diff_self |        0.000425 |
|                  Metric/h_lambda_diff_cross |          0.0139 |
|                                 Eval/Return |             966 |
-----------------------------------------------------------------
-----------------------------------------------------------------
|                                 Train/Steps |        2.31e+06 |
|                            Loss/Loss_critic |          0.0357 |
|                             Loss/Loss_actor |           -92.7 |
|                             Loss/Loss_alpha |         0.00192 |
|               Loss/Loss_state_action_metric |            0.33 |
|                      Loss/Loss_state_metric |            0.21 |
|             Loss/Loss_state_action_to_state |        0.000242 |
|                           Loss/Act_rep_loss |         0.00856 |
|                                   SAC/Alpha |         0.00404 |
|                              SAC/LogPi_mean |            2.55 |
|                                 SAC/Q1_mean |            92.7 |
|                                 SAC/Q2_mean |            92.8 |
|                            Norm/actor_model |             125 |
|                           Norm/critic_model |             144 |
|              Norm/state_action_metric_model |            84.8 |
|                     Norm/state_metric_model |            88.1 |
|        Norm/state_action_state_metric_model |            81.5 |
|                  Metric/self_state_distance |        0.000934 |
|                 Metric/cross_state_distance |            1.42 |
|           Metric/self_state_action_distance |         0.00324 |
|          Metric/cross_state_action_distance |            1.55 |
|             Metric/avg_self_state_asymmetry |               0 |
|            Metric/avg_cross_state_asymmetry |         0.00571 |
|                Metric/avg_self_sa_asymmetry |               0 |
|               Metric/avg_cross_sa_asymmetry |         0.00963 |
|  Metric/self_state_action_to_state_distance |        0.000279 |
| Metric/cross_state_action_to_state_distance |            1.55 |
|                   Metric/h_lambda_diff_self |         0.00301 |
|                  Metric/h_lambda_diff_cross |          0.0115 |
|                                 Eval/Return |             972 |
-----------------------------------------------------------------
-----------------------------------------------------------------
|                                 Train/Steps |        2.44e+06 |
|                            Loss/Loss_critic |          0.0883 |
|                             Loss/Loss_actor |           -93.2 |
|                             Loss/Loss_alpha |       -0.000392 |
|               Loss/Loss_state_action_metric |            0.37 |
|                      Loss/Loss_state_metric |           0.233 |
|             Loss/Loss_state_action_to_state |        0.000277 |
|                           Loss/Act_rep_loss |         0.00783 |
|                                   SAC/Alpha |         0.00406 |
|                              SAC/LogPi_mean |            2.96 |
|                                 SAC/Q1_mean |            93.2 |
|                                 SAC/Q2_mean |            93.2 |
|                            Norm/actor_model |             127 |
|                           Norm/critic_model |             148 |
|              Norm/state_action_metric_model |            87.2 |
|                     Norm/state_metric_model |            90.6 |
|        Norm/state_action_state_metric_model |              84 |
|                  Metric/self_state_distance |        0.000952 |
|                 Metric/cross_state_distance |            1.47 |
|           Metric/self_state_action_distance |         0.00121 |
|          Metric/cross_state_action_distance |            1.61 |
|             Metric/avg_self_state_asymmetry |               0 |
|            Metric/avg_cross_state_asymmetry |         0.00605 |
|                Metric/avg_self_sa_asymmetry |               0 |
|               Metric/avg_cross_sa_asymmetry |          0.0106 |
|  Metric/self_state_action_to_state_distance |        0.000296 |
| Metric/cross_state_action_to_state_distance |             1.6 |
|                   Metric/h_lambda_diff_self |          0.0011 |
|                  Metric/h_lambda_diff_cross |          0.0149 |
|                                 Eval/Return |             969 |
-----------------------------------------------------------------
-----------------------------------------------------------------
|                                 Train/Steps |        2.57e+06 |
|                            Loss/Loss_critic |           0.038 |
|                             Loss/Loss_actor |           -93.6 |
|                             Loss/Loss_alpha |          0.0005 |
|               Loss/Loss_state_action_metric |           0.337 |
|                      Loss/Loss_state_metric |           0.231 |
|             Loss/Loss_state_action_to_state |        0.000276 |
|                           Loss/Act_rep_loss |          0.0114 |
|                                   SAC/Alpha |         0.00375 |
|                              SAC/LogPi_mean |            2.91 |
|                                 SAC/Q1_mean |            93.6 |
|                                 SAC/Q2_mean |            93.7 |
|                            Norm/actor_model |             130 |
|                           Norm/critic_model |             151 |
|              Norm/state_action_metric_model |            89.5 |
|                     Norm/state_metric_model |            93.1 |
|        Norm/state_action_state_metric_model |            86.3 |
|                  Metric/self_state_distance |         0.00057 |
|                 Metric/cross_state_distance |            1.44 |
|           Metric/self_state_action_distance |         0.00122 |
|          Metric/cross_state_action_distance |            1.58 |
|             Metric/avg_self_state_asymmetry |               0 |
|            Metric/avg_cross_state_asymmetry |         0.00539 |
|                Metric/avg_self_sa_asymmetry |               0 |
|               Metric/avg_cross_sa_asymmetry |         0.00942 |
|  Metric/self_state_action_to_state_distance |        0.000303 |
| Metric/cross_state_action_to_state_distance |            1.58 |
|                   Metric/h_lambda_diff_self |         0.00114 |
|                  Metric/h_lambda_diff_cross |           0.012 |
|                                 Eval/Return |             967 |
-----------------------------------------------------------------
-----------------------------------------------------------------
|                                 Train/Steps |         2.7e+06 |
|                            Loss/Loss_critic |          0.0462 |
|                             Loss/Loss_actor |             -94 |
|                             Loss/Loss_alpha |        0.000598 |
|               Loss/Loss_state_action_metric |           0.322 |
|                      Loss/Loss_state_metric |           0.196 |
|             Loss/Loss_state_action_to_state |        0.000371 |
|                           Loss/Act_rep_loss |          0.0078 |
|                                   SAC/Alpha |         0.00369 |
|                              SAC/LogPi_mean |            2.98 |
|                                 SAC/Q1_mean |            94.1 |
|                                 SAC/Q2_mean |              94 |
|                            Norm/actor_model |             132 |
|                           Norm/critic_model |             154 |
|              Norm/state_action_metric_model |            91.8 |
|                     Norm/state_metric_model |            95.7 |
|        Norm/state_action_state_metric_model |            88.7 |
|                  Metric/self_state_distance |         0.00119 |
|                 Metric/cross_state_distance |             1.4 |
|           Metric/self_state_action_distance |         0.00106 |
|          Metric/cross_state_action_distance |            1.52 |
|             Metric/avg_self_state_asymmetry |               0 |
|            Metric/avg_cross_state_asymmetry |          0.0056 |
|                Metric/avg_self_sa_asymmetry |               0 |
|               Metric/avg_cross_sa_asymmetry |          0.0087 |
|  Metric/self_state_action_to_state_distance |        0.000603 |
| Metric/cross_state_action_to_state_distance |            1.53 |
|                   Metric/h_lambda_diff_self |        0.000907 |
|                  Metric/h_lambda_diff_cross |          0.0145 |
|                                 Eval/Return |             973 |
-----------------------------------------------------------------
-----------------------------------------------------------------
|                                 Train/Steps |        2.82e+06 |
|                            Loss/Loss_critic |          0.0627 |
|                             Loss/Loss_actor |           -93.9 |
|                             Loss/Loss_alpha |        0.000803 |
|               Loss/Loss_state_action_metric |           0.323 |
|                      Loss/Loss_state_metric |           0.221 |
|             Loss/Loss_state_action_to_state |        0.000315 |
|                           Loss/Act_rep_loss |          0.0116 |
|                                   SAC/Alpha |         0.00376 |
|                              SAC/LogPi_mean |            2.94 |
|                                 SAC/Q1_mean |            93.9 |
|                                 SAC/Q2_mean |            93.9 |
|                            Norm/actor_model |             134 |
|                           Norm/critic_model |             157 |
|              Norm/state_action_metric_model |            93.9 |
|                     Norm/state_metric_model |            98.1 |
|        Norm/state_action_state_metric_model |            90.8 |
|                  Metric/self_state_distance |        0.000377 |
|                 Metric/cross_state_distance |            1.43 |
|           Metric/self_state_action_distance |        0.000651 |
|          Metric/cross_state_action_distance |            1.56 |
|             Metric/avg_self_state_asymmetry |               0 |
|            Metric/avg_cross_state_asymmetry |          0.0063 |
|                Metric/avg_self_sa_asymmetry |               0 |
|               Metric/avg_cross_sa_asymmetry |          0.0097 |
|  Metric/self_state_action_to_state_distance |         0.00081 |
| Metric/cross_state_action_to_state_distance |            1.56 |
|                   Metric/h_lambda_diff_self |        0.000856 |
|                  Metric/h_lambda_diff_cross |          0.0109 |
|                                 Eval/Return |             975 |
-----------------------------------------------------------------
-----------------------------------------------------------------
|                                 Train/Steps |        2.95e+06 |
|                            Loss/Loss_critic |          0.0409 |
|                             Loss/Loss_actor |           -94.3 |
|                             Loss/Loss_alpha |        0.000904 |
|               Loss/Loss_state_action_metric |           0.295 |
|                      Loss/Loss_state_metric |           0.193 |
|             Loss/Loss_state_action_to_state |        0.000395 |
|                           Loss/Act_rep_loss |          0.0118 |
|                                   SAC/Alpha |          0.0035 |
|                              SAC/LogPi_mean |            2.73 |
|                                 SAC/Q1_mean |            94.4 |
|                                 SAC/Q2_mean |            94.4 |
|                            Norm/actor_model |             137 |
|                           Norm/critic_model |             161 |
|              Norm/state_action_metric_model |              96 |
|                     Norm/state_metric_model |             101 |
|        Norm/state_action_state_metric_model |            93.1 |
|                  Metric/self_state_distance |        2.49e-05 |
|                 Metric/cross_state_distance |            1.41 |
|           Metric/self_state_action_distance |        0.000632 |
|          Metric/cross_state_action_distance |            1.54 |
|             Metric/avg_self_state_asymmetry |               0 |
|            Metric/avg_cross_state_asymmetry |         0.00883 |
|                Metric/avg_self_sa_asymmetry |               0 |
|               Metric/avg_cross_sa_asymmetry |          0.0102 |
|  Metric/self_state_action_to_state_distance |         0.00113 |
| Metric/cross_state_action_to_state_distance |            1.54 |
|                   Metric/h_lambda_diff_self |        0.000963 |
|                  Metric/h_lambda_diff_cross |          0.0139 |
|                                 Eval/Return |             972 |
-----------------------------------------------------------------
-----------------------------------------------------------------
|                                 Train/Steps |        3.08e+06 |
|                            Loss/Loss_critic |          0.0433 |
|                             Loss/Loss_actor |           -94.7 |
|                             Loss/Loss_alpha |         0.00108 |
|               Loss/Loss_state_action_metric |            0.36 |
|                      Loss/Loss_state_metric |            0.22 |
|             Loss/Loss_state_action_to_state |         0.00029 |
|                           Loss/Act_rep_loss |         0.00517 |
|                                   SAC/Alpha |         0.00319 |
|                              SAC/LogPi_mean |            2.65 |
|                                 SAC/Q1_mean |            94.8 |
|                                 SAC/Q2_mean |            94.7 |
|                            Norm/actor_model |             139 |
|                           Norm/critic_model |             164 |
|              Norm/state_action_metric_model |            98.1 |
|                     Norm/state_metric_model |             103 |
|        Norm/state_action_state_metric_model |            95.4 |
|                  Metric/self_state_distance |        0.000586 |
|                 Metric/cross_state_distance |            1.43 |
|           Metric/self_state_action_distance |         0.00178 |
|          Metric/cross_state_action_distance |            1.56 |
|             Metric/avg_self_state_asymmetry |               0 |
|            Metric/avg_cross_state_asymmetry |         0.00583 |
|                Metric/avg_self_sa_asymmetry |               0 |
|               Metric/avg_cross_sa_asymmetry |         0.00849 |
|  Metric/self_state_action_to_state_distance |        0.000279 |
| Metric/cross_state_action_to_state_distance |            1.57 |
|                   Metric/h_lambda_diff_self |         0.00152 |
|                  Metric/h_lambda_diff_cross |          0.0115 |
|                                 Eval/Return |             974 |
-----------------------------------------------------------------
[32mSaving model …[0m
[32mDone.[0m
[32mSaving model …[0m
[32mDone.[0m
-----------------------------------------------------------------
|                                 Train/Steps |        3.21e+06 |
|                            Loss/Loss_critic |          0.0696 |
|                             Loss/Loss_actor |           -93.9 |
|                             Loss/Loss_alpha |       -0.000955 |
|               Loss/Loss_state_action_metric |           0.374 |
|                      Loss/Loss_state_metric |           0.233 |
|             Loss/Loss_state_action_to_state |        0.000213 |
|                           Loss/Act_rep_loss |          0.0107 |
|                                   SAC/Alpha |         0.00342 |
|                              SAC/LogPi_mean |            3.35 |
|                                 SAC/Q1_mean |            93.9 |
|                                 SAC/Q2_mean |            93.9 |
|                            Norm/actor_model |             141 |
|                           Norm/critic_model |             167 |
|              Norm/state_action_metric_model |             100 |
|                     Norm/state_metric_model |             105 |
|        Norm/state_action_state_metric_model |            97.5 |
|                  Metric/self_state_distance |        0.000971 |
|                 Metric/cross_state_distance |            1.46 |
|           Metric/self_state_action_distance |        0.000478 |
|          Metric/cross_state_action_distance |            1.59 |
|             Metric/avg_self_state_asymmetry |               0 |
|            Metric/avg_cross_state_asymmetry |         0.00532 |
|                Metric/avg_self_sa_asymmetry |               0 |
|               Metric/avg_cross_sa_asymmetry |         0.00897 |
|  Metric/self_state_action_to_state_distance |        9.15e-05 |
| Metric/cross_state_action_to_state_distance |             1.6 |
|                   Metric/h_lambda_diff_self |        0.000473 |
|                  Metric/h_lambda_diff_cross |           0.014 |
|                                 Eval/Return |             975 |
-----------------------------------------------------------------
-----------------------------------------------------------------
|                                 Train/Steps |        3.34e+06 |
|                            Loss/Loss_critic |          0.0792 |
|                             Loss/Loss_actor |             -95 |
|                             Loss/Loss_alpha |       -8.42e-05 |
|               Loss/Loss_state_action_metric |           0.273 |
|                      Loss/Loss_state_metric |           0.187 |
|             Loss/Loss_state_action_to_state |        0.000237 |
|                           Loss/Act_rep_loss |         0.00437 |
|                                   SAC/Alpha |         0.00327 |
|                              SAC/LogPi_mean |            3.08 |
|                                 SAC/Q1_mean |              95 |
|                                 SAC/Q2_mean |              95 |
|                            Norm/actor_model |             143 |
|                           Norm/critic_model |             170 |
|              Norm/state_action_metric_model |             102 |
|                     Norm/state_metric_model |             107 |
|        Norm/state_action_state_metric_model |            99.7 |
|                  Metric/self_state_distance |        0.000366 |
|                 Metric/cross_state_distance |            1.37 |
|           Metric/self_state_action_distance |         0.00159 |
|          Metric/cross_state_action_distance |            1.49 |
|             Metric/avg_self_state_asymmetry |               0 |
|            Metric/avg_cross_state_asymmetry |         0.00551 |
|                Metric/avg_self_sa_asymmetry |               0 |
|               Metric/avg_cross_sa_asymmetry |         0.00909 |
|  Metric/self_state_action_to_state_distance |        0.000292 |
| Metric/cross_state_action_to_state_distance |            1.48 |
|                   Metric/h_lambda_diff_self |         0.00132 |
|                  Metric/h_lambda_diff_cross |           0.018 |
|                                 Eval/Return |             973 |
-----------------------------------------------------------------
-----------------------------------------------------------------
|                                 Train/Steps |        3.46e+06 |
|                            Loss/Loss_critic |          0.0534 |
|                             Loss/Loss_actor |           -94.9 |
|                             Loss/Loss_alpha |        -0.00116 |
|               Loss/Loss_state_action_metric |           0.277 |
|                      Loss/Loss_state_metric |           0.192 |
|             Loss/Loss_state_action_to_state |        0.000178 |
|                           Loss/Act_rep_loss |         0.00777 |
|                                   SAC/Alpha |         0.00296 |
|                              SAC/LogPi_mean |            3.44 |
|                                 SAC/Q1_mean |            94.9 |
|                                 SAC/Q2_mean |            94.9 |
|                            Norm/actor_model |             145 |
|                           Norm/critic_model |             173 |
|              Norm/state_action_metric_model |             104 |
|                     Norm/state_metric_model |             110 |
|        Norm/state_action_state_metric_model |             102 |
|                  Metric/self_state_distance |         0.00101 |
|                 Metric/cross_state_distance |            1.39 |
|           Metric/self_state_action_distance |         0.00102 |
|          Metric/cross_state_action_distance |             1.5 |
|             Metric/avg_self_state_asymmetry |               0 |
|            Metric/avg_cross_state_asymmetry |         0.00528 |
|                Metric/avg_self_sa_asymmetry |               0 |
|               Metric/avg_cross_sa_asymmetry |         0.00902 |
|  Metric/self_state_action_to_state_distance |        6.56e-05 |
| Metric/cross_state_action_to_state_distance |             1.5 |
|                   Metric/h_lambda_diff_self |        0.000968 |
|                  Metric/h_lambda_diff_cross |           0.011 |
|                                 Eval/Return |             975 |
-----------------------------------------------------------------
-----------------------------------------------------------------
|                                 Train/Steps |        3.59e+06 |
|                            Loss/Loss_critic |          0.0267 |
|                             Loss/Loss_actor |           -95.5 |
|                             Loss/Loss_alpha |       -0.000273 |
|               Loss/Loss_state_action_metric |           0.276 |
|                      Loss/Loss_state_metric |           0.188 |
|             Loss/Loss_state_action_to_state |        0.000317 |
|                           Loss/Act_rep_loss |           0.013 |
|                                   SAC/Alpha |         0.00295 |
|                              SAC/LogPi_mean |            3.22 |
|                                 SAC/Q1_mean |            95.5 |
|                                 SAC/Q2_mean |            95.5 |
|                            Norm/actor_model |             147 |
|                           Norm/critic_model |             176 |
|              Norm/state_action_metric_model |             106 |
|                     Norm/state_metric_model |             112 |
|        Norm/state_action_state_metric_model |             104 |
|                  Metric/self_state_distance |        0.000311 |
|                 Metric/cross_state_distance |            1.37 |
|           Metric/self_state_action_distance |         0.00146 |
|          Metric/cross_state_action_distance |            1.47 |
|             Metric/avg_self_state_asymmetry |               0 |
|            Metric/avg_cross_state_asymmetry |         0.00515 |
|                Metric/avg_self_sa_asymmetry |               0 |
|               Metric/avg_cross_sa_asymmetry |            0.01 |
|  Metric/self_state_action_to_state_distance |        0.000419 |
| Metric/cross_state_action_to_state_distance |            1.47 |
|                   Metric/h_lambda_diff_self |          0.0014 |
|                  Metric/h_lambda_diff_cross |          0.0138 |
|                                 Eval/Return |             973 |
-----------------------------------------------------------------
-----------------------------------------------------------------
|                                 Train/Steps |        3.72e+06 |
|                            Loss/Loss_critic |          0.0744 |
|                             Loss/Loss_actor |           -95.5 |
|                             Loss/Loss_alpha |       -0.000167 |
|               Loss/Loss_state_action_metric |           0.282 |
|                      Loss/Loss_state_metric |           0.191 |
|             Loss/Loss_state_action_to_state |        0.000156 |
|                           Loss/Act_rep_loss |         0.00974 |
|                                   SAC/Alpha |         0.00299 |
|                              SAC/LogPi_mean |            2.86 |
|                                 SAC/Q1_mean |            95.6 |
|                                 SAC/Q2_mean |            95.5 |
|                            Norm/actor_model |             149 |
|                           Norm/critic_model |             178 |
|              Norm/state_action_metric_model |             108 |
|                     Norm/state_metric_model |             114 |
|        Norm/state_action_state_metric_model |             106 |
|                  Metric/self_state_distance |         0.00108 |
|                 Metric/cross_state_distance |            1.38 |
|           Metric/self_state_action_distance |         0.00108 |
|          Metric/cross_state_action_distance |            1.49 |
|             Metric/avg_self_state_asymmetry |               0 |
|            Metric/avg_cross_state_asymmetry |         0.00495 |
|                Metric/avg_self_sa_asymmetry |               0 |
|               Metric/avg_cross_sa_asymmetry |         0.00742 |
|  Metric/self_state_action_to_state_distance |        0.000216 |
| Metric/cross_state_action_to_state_distance |            1.49 |
|                   Metric/h_lambda_diff_self |        0.000956 |
|                  Metric/h_lambda_diff_cross |         0.00929 |
|                                 Eval/Return |             974 |
-----------------------------------------------------------------
-----------------------------------------------------------------
|                                 Train/Steps |        3.85e+06 |
|                            Loss/Loss_critic |           0.149 |
|                             Loss/Loss_actor |           -95.3 |
|                             Loss/Loss_alpha |       -0.000181 |
|               Loss/Loss_state_action_metric |           0.305 |
|                      Loss/Loss_state_metric |           0.188 |
|             Loss/Loss_state_action_to_state |        0.000242 |
|                           Loss/Act_rep_loss |         0.00938 |
|                                   SAC/Alpha |         0.00259 |
|                              SAC/LogPi_mean |            3.15 |
|                                 SAC/Q1_mean |            95.4 |
|                                 SAC/Q2_mean |            95.3 |
|                            Norm/actor_model |             151 |
|                           Norm/critic_model |             181 |
|              Norm/state_action_metric_model |             110 |
|                     Norm/state_metric_model |             116 |
|        Norm/state_action_state_metric_model |             108 |
|                  Metric/self_state_distance |         0.00042 |
|                 Metric/cross_state_distance |            1.38 |
|           Metric/self_state_action_distance |         0.00474 |
|          Metric/cross_state_action_distance |            1.49 |
|             Metric/avg_self_state_asymmetry |               0 |
|            Metric/avg_cross_state_asymmetry |         0.00561 |
|                Metric/avg_self_sa_asymmetry |               0 |
|               Metric/avg_cross_sa_asymmetry |         0.00947 |
|  Metric/self_state_action_to_state_distance |        0.000559 |
| Metric/cross_state_action_to_state_distance |            1.49 |
|                   Metric/h_lambda_diff_self |         0.00435 |
|                  Metric/h_lambda_diff_cross |            0.01 |
|                                 Eval/Return |             974 |
-----------------------------------------------------------------
-----------------------------------------------------------------
|                                 Train/Steps |        3.98e+06 |
|                            Loss/Loss_critic |          0.0336 |
|                             Loss/Loss_actor |           -95.9 |
|                             Loss/Loss_alpha |       -0.000368 |
|               Loss/Loss_state_action_metric |           0.325 |
|                      Loss/Loss_state_metric |           0.176 |
|             Loss/Loss_state_action_to_state |        0.000324 |
|                           Loss/Act_rep_loss |         0.00987 |
|                                   SAC/Alpha |         0.00279 |
|                              SAC/LogPi_mean |            3.16 |
|                                 SAC/Q1_mean |            95.8 |
|                                 SAC/Q2_mean |            95.9 |
|                            Norm/actor_model |             153 |
|                           Norm/critic_model |             184 |
|              Norm/state_action_metric_model |             112 |
|                     Norm/state_metric_model |             118 |
|        Norm/state_action_state_metric_model |             110 |
|                  Metric/self_state_distance |         0.00171 |
|                 Metric/cross_state_distance |            1.35 |
|           Metric/self_state_action_distance |         0.00114 |
|          Metric/cross_state_action_distance |            1.46 |
|             Metric/avg_self_state_asymmetry |               0 |
|            Metric/avg_cross_state_asymmetry |         0.00502 |
|                Metric/avg_self_sa_asymmetry |               0 |
|               Metric/avg_cross_sa_asymmetry |          0.0089 |
|  Metric/self_state_action_to_state_distance |        0.000351 |
| Metric/cross_state_action_to_state_distance |            1.45 |
|                   Metric/h_lambda_diff_self |        0.000943 |
|                  Metric/h_lambda_diff_cross |          0.0117 |
|                                 Eval/Return |             973 |
-----------------------------------------------------------------
-----------------------------------------------------------------
|                                 Train/Steps |         4.1e+06 |
|                            Loss/Loss_critic |          0.0387 |
|                             Loss/Loss_actor |           -96.7 |
|                             Loss/Loss_alpha |        0.000117 |
|               Loss/Loss_state_action_metric |           0.168 |
|                      Loss/Loss_state_metric |           0.117 |
|             Loss/Loss_state_action_to_state |        0.000182 |
|                           Loss/Act_rep_loss |          0.0101 |
|                                   SAC/Alpha |         0.00233 |
|                              SAC/LogPi_mean |            2.81 |
|                                 SAC/Q1_mean |            96.7 |
|                                 SAC/Q2_mean |            96.7 |
|                            Norm/actor_model |             155 |
|                           Norm/critic_model |             187 |
|              Norm/state_action_metric_model |             114 |
|                     Norm/state_metric_model |             120 |
|        Norm/state_action_state_metric_model |             112 |
|                  Metric/self_state_distance |        0.000468 |
|                 Metric/cross_state_distance |            1.23 |
|           Metric/self_state_action_distance |         0.00133 |
|          Metric/cross_state_action_distance |            1.29 |
|             Metric/avg_self_state_asymmetry |               0 |
|            Metric/avg_cross_state_asymmetry |         0.00487 |
|                Metric/avg_self_sa_asymmetry |               0 |
|               Metric/avg_cross_sa_asymmetry |         0.00732 |
|  Metric/self_state_action_to_state_distance |        0.000426 |
| Metric/cross_state_action_to_state_distance |            1.29 |
|                   Metric/h_lambda_diff_self |         0.00106 |
|                  Metric/h_lambda_diff_cross |          0.0102 |
|                                 Eval/Return |             974 |
-----------------------------------------------------------------
[32mSaving model …[0m
[32mDone.[0m
[32mSaving model …[0m
[32mDone.[0m
-----------------------------------------------------------------
|                                 Train/Steps |        4.23e+06 |
|                            Loss/Loss_critic |          0.0338 |
|                             Loss/Loss_actor |           -96.8 |
|                             Loss/Loss_alpha |       -0.000499 |
|               Loss/Loss_state_action_metric |           0.208 |
|                      Loss/Loss_state_metric |            0.13 |
|             Loss/Loss_state_action_to_state |        0.000205 |
|                           Loss/Act_rep_loss |         0.00784 |
|                                   SAC/Alpha |         0.00201 |
|                              SAC/LogPi_mean |            3.35 |
|                                 SAC/Q1_mean |            96.8 |
|                                 SAC/Q2_mean |            96.8 |
|                            Norm/actor_model |             156 |
|                           Norm/critic_model |             189 |
|              Norm/state_action_metric_model |             115 |
|                     Norm/state_metric_model |             122 |
|        Norm/state_action_state_metric_model |             114 |
|                  Metric/self_state_distance |         0.00068 |
|                 Metric/cross_state_distance |            1.26 |
|           Metric/self_state_action_distance |        0.000709 |
|          Metric/cross_state_action_distance |            1.34 |
|             Metric/avg_self_state_asymmetry |               0 |
|            Metric/avg_cross_state_asymmetry |         0.00493 |
|                Metric/avg_self_sa_asymmetry |               0 |
|               Metric/avg_cross_sa_asymmetry |         0.00796 |
|  Metric/self_state_action_to_state_distance |        0.000404 |
| Metric/cross_state_action_to_state_distance |            1.33 |
|                   Metric/h_lambda_diff_self |        0.000691 |
|                  Metric/h_lambda_diff_cross |         0.00968 |
|                                 Eval/Return |             968 |
-----------------------------------------------------------------
-----------------------------------------------------------------
|                                 Train/Steps |        4.36e+06 |
|                            Loss/Loss_critic |          0.0449 |
|                             Loss/Loss_actor |           -97.3 |
|                             Loss/Loss_alpha |       -0.000586 |
|               Loss/Loss_state_action_metric |           0.144 |
|                      Loss/Loss_state_metric |          0.0978 |
|             Loss/Loss_state_action_to_state |        0.000178 |
|                           Loss/Act_rep_loss |          0.0119 |
|                                   SAC/Alpha |         0.00188 |
|                              SAC/LogPi_mean |            3.03 |
|                                 SAC/Q1_mean |            97.4 |
|                                 SAC/Q2_mean |            97.3 |
|                            Norm/actor_model |             158 |
|                           Norm/critic_model |             191 |
|              Norm/state_action_metric_model |             117 |
|                     Norm/state_metric_model |             124 |
|        Norm/state_action_state_metric_model |             116 |
|                  Metric/self_state_distance |        0.000611 |
|                 Metric/cross_state_distance |             1.2 |
|           Metric/self_state_action_distance |        0.000748 |
|          Metric/cross_state_action_distance |            1.25 |
|             Metric/avg_self_state_asymmetry |               0 |
|            Metric/avg_cross_state_asymmetry |         0.00449 |
|                Metric/avg_self_sa_asymmetry |               0 |
|               Metric/avg_cross_sa_asymmetry |         0.00924 |
|  Metric/self_state_action_to_state_distance |        6.64e-05 |
| Metric/cross_state_action_to_state_distance |            1.25 |
|                   Metric/h_lambda_diff_self |        0.000753 |
|                  Metric/h_lambda_diff_cross |         0.00893 |
|                                 Eval/Return |             977 |
-----------------------------------------------------------------
-----------------------------------------------------------------
|                                 Train/Steps |        4.49e+06 |
|                            Loss/Loss_critic |          0.0157 |
|                             Loss/Loss_actor |           -97.9 |
|                             Loss/Loss_alpha |       -4.36e-05 |
|               Loss/Loss_state_action_metric |          0.0947 |
|                      Loss/Loss_state_metric |          0.0415 |
|             Loss/Loss_state_action_to_state |        5.98e-05 |
|                           Loss/Act_rep_loss |          0.0183 |
|                                   SAC/Alpha |          0.0019 |
|                              SAC/LogPi_mean |            2.83 |
|                                 SAC/Q1_mean |              98 |
|                                 SAC/Q2_mean |            97.9 |
|                            Norm/actor_model |             160 |
|                           Norm/critic_model |             194 |
|              Norm/state_action_metric_model |             119 |
|                     Norm/state_metric_model |             126 |
|        Norm/state_action_state_metric_model |             117 |
|                  Metric/self_state_distance |        0.000506 |
|                 Metric/cross_state_distance |            1.08 |
|           Metric/self_state_action_distance |         0.00198 |
|          Metric/cross_state_action_distance |             1.1 |
|             Metric/avg_self_state_asymmetry |               0 |
|            Metric/avg_cross_state_asymmetry |         0.00319 |
|                Metric/avg_self_sa_asymmetry |               0 |
|               Metric/avg_cross_sa_asymmetry |         0.00566 |
|  Metric/self_state_action_to_state_distance |        0.000816 |
| Metric/cross_state_action_to_state_distance |             1.1 |
|                   Metric/h_lambda_diff_self |         0.00198 |
|                  Metric/h_lambda_diff_cross |         0.00618 |
|                                 Eval/Return |             967 |
-----------------------------------------------------------------
-----------------------------------------------------------------
|                                 Train/Steps |        4.62e+06 |
|                            Loss/Loss_critic |          0.0218 |
|                             Loss/Loss_actor |             -98 |
|                             Loss/Loss_alpha |       -0.000508 |
|               Loss/Loss_state_action_metric |           0.118 |
|                      Loss/Loss_state_metric |          0.0386 |
|             Loss/Loss_state_action_to_state |        0.000209 |
|                           Loss/Act_rep_loss |          0.0113 |
|                                   SAC/Alpha |         0.00182 |
|                              SAC/LogPi_mean |            3.28 |
|                                 SAC/Q1_mean |              98 |
|                                 SAC/Q2_mean |            98.1 |
|                            Norm/actor_model |             161 |
|                           Norm/critic_model |             196 |
|              Norm/state_action_metric_model |             121 |
|                     Norm/state_metric_model |             128 |
|        Norm/state_action_state_metric_model |             119 |
|                  Metric/self_state_distance |        0.000534 |
|                 Metric/cross_state_distance |            1.08 |
|           Metric/self_state_action_distance |         0.00116 |
|          Metric/cross_state_action_distance |             1.1 |
|             Metric/avg_self_state_asymmetry |               0 |
|            Metric/avg_cross_state_asymmetry |          0.0037 |
|                Metric/avg_self_sa_asymmetry |               0 |
|               Metric/avg_cross_sa_asymmetry |         0.00645 |
|  Metric/self_state_action_to_state_distance |        0.000153 |
| Metric/cross_state_action_to_state_distance |            1.09 |
|                   Metric/h_lambda_diff_self |         0.00104 |
|                  Metric/h_lambda_diff_cross |          0.0126 |
|                                 Eval/Return |             960 |
-----------------------------------------------------------------
-----------------------------------------------------------------
|                                 Train/Steps |        4.74e+06 |
|                            Loss/Loss_critic |          0.0146 |
|                             Loss/Loss_actor |           -98.2 |
|                             Loss/Loss_alpha |        0.000442 |
|               Loss/Loss_state_action_metric |          0.0588 |
|                      Loss/Loss_state_metric |          0.0395 |
|             Loss/Loss_state_action_to_state |        0.000163 |
|                           Loss/Act_rep_loss |          0.0175 |
|                                   SAC/Alpha |          0.0016 |
|                              SAC/LogPi_mean |            2.92 |
|                                 SAC/Q1_mean |            98.3 |
|                                 SAC/Q2_mean |            98.3 |
|                            Norm/actor_model |             163 |
|                           Norm/critic_model |             198 |
|              Norm/state_action_metric_model |             122 |
|                     Norm/state_metric_model |             130 |
|        Norm/state_action_state_metric_model |             121 |
|                  Metric/self_state_distance |        0.000493 |
|                 Metric/cross_state_distance |            1.07 |
|           Metric/self_state_action_distance |        0.000276 |
|          Metric/cross_state_action_distance |            1.09 |
|             Metric/avg_self_state_asymmetry |               0 |
|            Metric/avg_cross_state_asymmetry |          0.0037 |
|                Metric/avg_self_sa_asymmetry |               0 |
|               Metric/avg_cross_sa_asymmetry |         0.00666 |
|  Metric/self_state_action_to_state_distance |        0.000736 |
| Metric/cross_state_action_to_state_distance |            1.09 |
|                   Metric/h_lambda_diff_self |        0.000782 |
|                  Metric/h_lambda_diff_cross |         0.00636 |
|                                 Eval/Return |             975 |
-----------------------------------------------------------------
-----------------------------------------------------------------
|                                 Train/Steps |        4.87e+06 |
|                            Loss/Loss_critic |           0.026 |
|                             Loss/Loss_actor |           -98.4 |
|                             Loss/Loss_alpha |       -0.000235 |
|               Loss/Loss_state_action_metric |          0.0754 |
|                      Loss/Loss_state_metric |          0.0339 |
|             Loss/Loss_state_action_to_state |        0.000198 |
|                           Loss/Act_rep_loss |          0.0153 |
|                                   SAC/Alpha |         0.00149 |
|                              SAC/LogPi_mean |            3.28 |
|                                 SAC/Q1_mean |            98.5 |
|                                 SAC/Q2_mean |            98.4 |
|                            Norm/actor_model |             164 |
|                           Norm/critic_model |             200 |
|              Norm/state_action_metric_model |             124 |
|                     Norm/state_metric_model |             132 |
|        Norm/state_action_state_metric_model |             123 |
|                  Metric/self_state_distance |        0.000387 |
|                 Metric/cross_state_distance |            1.08 |
|           Metric/self_state_action_distance |        0.000525 |
|          Metric/cross_state_action_distance |             1.1 |
|             Metric/avg_self_state_asymmetry |               0 |
|            Metric/avg_cross_state_asymmetry |         0.00349 |
|                Metric/avg_self_sa_asymmetry |               0 |
|               Metric/avg_cross_sa_asymmetry |         0.00619 |
|  Metric/self_state_action_to_state_distance |        0.000554 |
| Metric/cross_state_action_to_state_distance |             1.1 |
|                   Metric/h_lambda_diff_self |        0.000597 |
|                  Metric/h_lambda_diff_cross |          0.0071 |
|                                 Eval/Return |             973 |
-----------------------------------------------------------------
-----------------------------------------------------------------
|                                 Train/Steps |           5e+06 |
|                            Loss/Loss_critic |          0.0189 |
|                             Loss/Loss_actor |           -98.4 |
|                             Loss/Loss_alpha |       -0.000292 |
|               Loss/Loss_state_action_metric |          0.0921 |
|                      Loss/Loss_state_metric |          0.0401 |
|             Loss/Loss_state_action_to_state |        0.000111 |
|                           Loss/Act_rep_loss |          0.0183 |
|                                   SAC/Alpha |         0.00156 |
|                              SAC/LogPi_mean |            3.35 |
|                                 SAC/Q1_mean |            98.4 |
|                                 SAC/Q2_mean |            98.4 |
|                            Norm/actor_model |             165 |
|                           Norm/critic_model |             202 |
|              Norm/state_action_metric_model |             126 |
|                     Norm/state_metric_model |             134 |
|        Norm/state_action_state_metric_model |             125 |
|                  Metric/self_state_distance |        0.000408 |
|                 Metric/cross_state_distance |            1.08 |
|           Metric/self_state_action_distance |        1.15e-06 |
|          Metric/cross_state_action_distance |            1.11 |
|             Metric/avg_self_state_asymmetry |               0 |
|            Metric/avg_cross_state_asymmetry |         0.00303 |
|                Metric/avg_self_sa_asymmetry |               0 |
|               Metric/avg_cross_sa_asymmetry |         0.00575 |
|  Metric/self_state_action_to_state_distance |        0.000387 |
| Metric/cross_state_action_to_state_distance |             1.1 |
|                   Metric/h_lambda_diff_self |        0.000386 |
|                  Metric/h_lambda_diff_cross |         0.00732 |
|                                 Eval/Return |             974 |
-----------------------------------------------------------------
[32mSaving model …[0m
[32mDone.[0m
[32mSaving model …[0m
[32mDone.[0m
E0901 19:27:01.838504 1084660 cuda_executor.cc:1526] Could not get kernel mode driver version: (INVALID_ARGUMENT: Version does not match the format X.Y.Z)
E0901 19:27:01.847079 1084549 cuda_executor.cc:1526] Could not get kernel mode driver version: (INVALID_ARGUMENT: Version does not match the format X.Y.Z)
[32mStart prefilling replay buffer[0m
[32mStart SAC training[0m
[32m{'log_freq': 1000, 'save_freq': 1000000, 'eval_episode_freq': 10, 'hidden_size': 256, 'lr': 0.001, 'max_grad_norm': 0.0, 'gamma': 0.99, 'update_tau': 0.005, 'train_per_step': 8, 'episode_length': 1000, 'warmup_samples': 8192, 'max_replay_size': 4000000, 'batch_size': 512, 'total_env_steps': 5000000, 'init_temperature': 0.1, 'nstep': 1, 'bootstrap_on_truncation': True, 'rep_lr_scale': 1.5, 'vis_feq': 100000, 'n_vis_frames': 4, 'num_envs': 128, 'grad_steps': 50, 'transfer_freq': 10, 'transfer_steps': 8, 'reward_scaling': 1.0, 'num_eval_envs': 128, 'target_entropy': -3.0}[0m
[32m[nstep] nstep=1 bootstrap_on_truncation=True (discount from the buffer already contains gamma^nstep)[0m
-----------------------------------------------------------------
|                                 Train/Steps |        1.36e+05 |
|                            Loss/Loss_critic |          0.0622 |
|                             Loss/Loss_actor |           -7.37 |
|                             Loss/Loss_alpha |         0.00343 |
|               Loss/Loss_state_action_metric |           0.161 |
|                      Loss/Loss_state_metric |          0.0966 |
|             Loss/Loss_state_action_to_state |         0.00242 |
|                           Loss/Act_rep_loss |         0.00423 |
|                                   SAC/Alpha |         0.00784 |
|                              SAC/LogPi_mean |             2.8 |
|                                 SAC/Q1_mean |            7.24 |
|                                 SAC/Q2_mean |            7.31 |
|                            Norm/actor_model |            39.9 |
|                           Norm/critic_model |            44.9 |
|              Norm/state_action_metric_model |            31.6 |
|                     Norm/state_metric_model |            31.4 |
|        Norm/state_action_state_metric_model |              32 |
|                  Metric/self_state_distance |         0.00307 |
|                 Metric/cross_state_distance |            1.34 |
|           Metric/self_state_action_distance |         0.00571 |
|          Metric/cross_state_action_distance |            1.47 |
|             Metric/avg_self_state_asymmetry |               0 |
|            Metric/avg_cross_state_asymmetry |          0.0148 |
|                Metric/avg_self_sa_asymmetry |               0 |
|               Metric/avg_cross_sa_asymmetry |          0.0226 |
|  Metric/self_state_action_to_state_distance |         0.00198 |
| Metric/cross_state_action_to_state_distance |            1.44 |
|                   Metric/h_lambda_diff_self |         0.00461 |
|                  Metric/h_lambda_diff_cross |          0.0407 |
|                                 Eval/Return |             458 |
-----------------------------------------------------------------
-----------------------------------------------------------------
|                                 Train/Steps |        2.64e+05 |
|                            Loss/Loss_critic |            0.11 |
|                             Loss/Loss_actor |           -19.5 |
|                             Loss/Loss_alpha |        -0.00297 |
|               Loss/Loss_state_action_metric |           0.517 |
|                      Loss/Loss_state_metric |           0.344 |
|             Loss/Loss_state_action_to_state |         0.00101 |
|                           Loss/Act_rep_loss |        0.000789 |
|                                   SAC/Alpha |          0.0115 |
|                              SAC/LogPi_mean |            2.92 |
|                                 SAC/Q1_mean |            19.4 |
|                                 SAC/Q2_mean |            19.4 |
|                            Norm/actor_model |            54.3 |
|                           Norm/critic_model |            64.5 |
|              Norm/state_action_metric_model |            35.4 |
|                     Norm/state_metric_model |            34.5 |
|        Norm/state_action_state_metric_model |            35.2 |
|                  Metric/self_state_distance |         0.00282 |
|                 Metric/cross_state_distance |            1.81 |
|           Metric/self_state_action_distance |         0.00647 |
|          Metric/cross_state_action_distance |            2.06 |
|             Metric/avg_self_state_asymmetry |               0 |
|            Metric/avg_cross_state_asymmetry |          0.0184 |
|                Metric/avg_self_sa_asymmetry |               0 |
|               Metric/avg_cross_sa_asymmetry |          0.0262 |
|  Metric/self_state_action_to_state_distance |         0.00116 |
| Metric/cross_state_action_to_state_distance |            2.07 |
|                   Metric/h_lambda_diff_self |         0.00548 |
|                  Metric/h_lambda_diff_cross |          0.0307 |
|                                 Eval/Return |             719 |
-----------------------------------------------------------------
-----------------------------------------------------------------
|                                 Train/Steps |        3.92e+05 |
|                            Loss/Loss_critic |          0.0957 |
|                             Loss/Loss_actor |             -35 |
|                             Loss/Loss_alpha |         0.00137 |
|               Loss/Loss_state_action_metric |           0.669 |
|                      Loss/Loss_state_metric |           0.452 |
|             Loss/Loss_state_action_to_state |         0.00109 |
|                           Loss/Act_rep_loss |        0.000876 |
|                                   SAC/Alpha |          0.0138 |
|                              SAC/LogPi_mean |            2.99 |
|                                 SAC/Q1_mean |            34.9 |
|                                 SAC/Q2_mean |            34.9 |
|                            Norm/actor_model |            61.9 |
|                           Norm/critic_model |            74.5 |
|              Norm/state_action_metric_model |            39.6 |
|                     Norm/state_metric_model |            38.2 |
|        Norm/state_action_state_metric_model |            38.7 |
|                  Metric/self_state_distance |         0.00757 |
|                 Metric/cross_state_distance |            1.99 |
|           Metric/self_state_action_distance |         0.00274 |
|          Metric/cross_state_action_distance |             2.3 |
|             Metric/avg_self_state_asymmetry |               0 |
|            Metric/avg_cross_state_asymmetry |          0.0141 |
|                Metric/avg_self_sa_asymmetry |               0 |
|               Metric/avg_cross_sa_asymmetry |           0.024 |
|  Metric/self_state_action_to_state_distance |        0.000767 |
| Metric/cross_state_action_to_state_distance |             2.3 |
|                   Metric/h_lambda_diff_self |         0.00231 |
|                  Metric/h_lambda_diff_cross |          0.0301 |
|                                 Eval/Return |             672 |
-----------------------------------------------------------------
-----------------------------------------------------------------
|                                 Train/Steps |         5.2e+05 |
|                            Loss/Loss_critic |          0.0682 |
|                             Loss/Loss_actor |           -49.2 |
|                             Loss/Loss_alpha |        -0.00116 |
|               Loss/Loss_state_action_metric |           0.708 |
|                      Loss/Loss_state_metric |           0.468 |
|             Loss/Loss_state_action_to_state |        0.000901 |
|                           Loss/Act_rep_loss |         0.00543 |
|                                   SAC/Alpha |          0.0103 |
|                              SAC/LogPi_mean |            3.25 |
|                                 SAC/Q1_mean |            49.1 |
|                                 SAC/Q2_mean |            49.2 |
|                            Norm/actor_model |            68.4 |
|                           Norm/critic_model |            81.7 |
|              Norm/state_action_metric_model |            43.8 |
|                     Norm/state_metric_model |            42.1 |
|        Norm/state_action_state_metric_model |            42.2 |
|                  Metric/self_state_distance |         0.00136 |
|                 Metric/cross_state_distance |            1.99 |
|           Metric/self_state_action_distance |          0.0037 |
|          Metric/cross_state_action_distance |            2.28 |
|             Metric/avg_self_state_asymmetry |               0 |
|            Metric/avg_cross_state_asymmetry |          0.0116 |
|                Metric/avg_self_sa_asymmetry |               0 |
|               Metric/avg_cross_sa_asymmetry |          0.0203 |
|  Metric/self_state_action_to_state_distance |         0.00397 |
| Metric/cross_state_action_to_state_distance |            2.28 |
|                   Metric/h_lambda_diff_self |         0.00388 |
|                  Metric/h_lambda_diff_cross |          0.0236 |
|                                 Eval/Return |             949 |
-----------------------------------------------------------------
-----------------------------------------------------------------
|                                 Train/Steps |        6.48e+05 |
|                            Loss/Loss_critic |           0.112 |
|                             Loss/Loss_actor |           -57.9 |
|                             Loss/Loss_alpha |         -0.0031 |
|               Loss/Loss_state_action_metric |           0.667 |
|                      Loss/Loss_state_metric |           0.455 |
|             Loss/Loss_state_action_to_state |        0.000745 |
|                           Loss/Act_rep_loss |         0.00541 |
|                                   SAC/Alpha |          0.0121 |
|                              SAC/LogPi_mean |            3.35 |
|                                 SAC/Q1_mean |            57.8 |
|                                 SAC/Q2_mean |            57.9 |
|                            Norm/actor_model |            74.5 |
|                           Norm/critic_model |            88.5 |
|              Norm/state_action_metric_model |            47.8 |
|                     Norm/state_metric_model |            46.1 |
|        Norm/state_action_state_metric_model |            45.7 |
|                  Metric/self_state_distance |          0.0011 |
|                 Metric/cross_state_distance |            1.93 |
|           Metric/self_state_action_distance |         0.00266 |
|          Metric/cross_state_action_distance |            2.22 |
|             Metric/avg_self_state_asymmetry |               0 |
|            Metric/avg_cross_state_asymmetry |          0.0115 |
|                Metric/avg_self_sa_asymmetry |               0 |
|               Metric/avg_cross_sa_asymmetry |          0.0156 |
|  Metric/self_state_action_to_state_distance |        0.000834 |
| Metric/cross_state_action_to_state_distance |            2.22 |
|                   Metric/h_lambda_diff_self |         0.00213 |
|                  Metric/h_lambda_diff_cross |          0.0222 |
|                                 Eval/Return |             966 |
-----------------------------------------------------------------
-----------------------------------------------------------------
|                                 Train/Steps |        7.76e+05 |
|                            Loss/Loss_critic |           0.104 |
|                             Loss/Loss_actor |           -66.4 |
|                             Loss/Loss_alpha |         0.00123 |
|               Loss/Loss_state_action_metric |           0.577 |
|                      Loss/Loss_state_metric |           0.398 |
|             Loss/Loss_state_action_to_state |        0.000992 |
|                           Loss/Act_rep_loss |         0.00739 |
|                                   SAC/Alpha |          0.0103 |
|                              SAC/LogPi_mean |            2.97 |
|                                 SAC/Q1_mean |            66.3 |
|                                 SAC/Q2_mean |            66.2 |
|                            Norm/actor_model |              80 |
|                           Norm/critic_model |            94.5 |
|              Norm/state_action_metric_model |            51.6 |
|                     Norm/state_metric_model |              50 |
|        Norm/state_action_state_metric_model |            49.2 |
|                  Metric/self_state_distance |        0.000934 |
|                 Metric/cross_state_distance |            1.85 |
|           Metric/self_state_action_distance |         0.00169 |
|          Metric/cross_state_action_distance |            2.07 |
|             Metric/avg_self_state_asymmetry |               0 |
|            Metric/avg_cross_state_asymmetry |          0.0114 |
|                Metric/avg_self_sa_asymmetry |               0 |
|               Metric/avg_cross_sa_asymmetry |          0.0149 |
|  Metric/self_state_action_to_state_distance |         0.00298 |
| Metric/cross_state_action_to_state_distance |            2.08 |
|                   Metric/h_lambda_diff_self |         0.00267 |
|                  Metric/h_lambda_diff_cross |           0.028 |
|                                 Eval/Return |             964 |
-----------------------------------------------------------------
-----------------------------------------------------------------
|                                 Train/Steps |        9.04e+05 |
|                            Loss/Loss_critic |          0.0721 |
|                             Loss/Loss_actor |           -73.1 |
|                             Loss/Loss_alpha |       -8.21e-05 |
|               Loss/Loss_state_action_metric |           0.593 |
|                      Loss/Loss_state_metric |           0.397 |
|             Loss/Loss_state_action_to_state |        0.000351 |
|                           Loss/Act_rep_loss |          0.0066 |
|                                   SAC/Alpha |         0.00699 |
|                              SAC/LogPi_mean |            2.96 |
|                                 SAC/Q1_mean |            73.1 |
|                                 SAC/Q2_mean |              73 |
|                            Norm/actor_model |            84.9 |
|                           Norm/critic_model |            99.7 |
|              Norm/state_action_metric_model |              55 |
|                     Norm/state_metric_model |            53.7 |
|        Norm/state_action_state_metric_model |            52.5 |
|                  Metric/self_state_distance |        0.000922 |
|                 Metric/cross_state_distance |             1.8 |
|           Metric/self_state_action_distance |         0.00183 |
|          Metric/cross_state_action_distance |            2.03 |
|             Metric/avg_self_state_asymmetry |               0 |
|            Metric/avg_cross_state_asymmetry |         0.00945 |
|                Metric/avg_self_sa_asymmetry |               0 |
|               Metric/avg_cross_sa_asymmetry |          0.0143 |
|  Metric/self_state_action_to_state_distance |        0.000447 |
| Metric/cross_state_action_to_state_distance |            2.04 |
|                   Metric/h_lambda_diff_self |         0.00154 |
|                  Metric/h_lambda_diff_cross |          0.0191 |
|                                 Eval/Return |             965 |
-----------------------------------------------------------------
-----------------------------------------------------------------
|                                 Train/Steps |        1.03e+06 |
|                            Loss/Loss_critic |          0.0658 |
|                             Loss/Loss_actor |           -77.1 |
|                             Loss/Loss_alpha |        -0.00175 |
|               Loss/Loss_state_action_metric |           0.577 |
|                      Loss/Loss_state_metric |           0.394 |
|             Loss/Loss_state_action_to_state |         0.00055 |
|                           Loss/Act_rep_loss |          0.0037 |
|                                   SAC/Alpha |         0.00701 |
|                              SAC/LogPi_mean |            2.93 |
|                                 SAC/Q1_mean |              77 |
|                                 SAC/Q2_mean |              77 |
|                            Norm/actor_model |            89.3 |
|                           Norm/critic_model |             105 |
|              Norm/state_action_metric_model |            58.5 |
|                     Norm/state_metric_model |            57.2 |
|        Norm/state_action_state_metric_model |            55.8 |
|                  Metric/self_state_distance |         0.00411 |
|                 Metric/cross_state_distance |            1.79 |
|           Metric/self_state_action_distance |           0.001 |
|          Metric/cross_state_action_distance |            2.02 |
|             Metric/avg_self_state_asymmetry |               0 |
|            Metric/avg_cross_state_asymmetry |         0.00995 |
|                Metric/avg_self_sa_asymmetry |               0 |
|               Metric/avg_cross_sa_asymmetry |          0.0146 |
|  Metric/self_state_action_to_state_distance |        0.000308 |
| Metric/cross_state_action_to_state_distance |            2.02 |
|                   Metric/h_lambda_diff_self |        0.000804 |
|                  Metric/h_lambda_diff_cross |          0.0188 |
|                                 Eval/Return |             969 |
-----------------------------------------------------------------
[32mSaving model …[0m
[32mDone.[0m
[32mSaving model …[0m
[32mDone.[0m
-----------------------------------------------------------------
|                                 Train/Steps |        1.16e+06 |
|                            Loss/Loss_critic |           0.069 |
|                             Loss/Loss_actor |           -80.3 |
|                             Loss/Loss_alpha |        -0.00208 |
|               Loss/Loss_state_action_metric |           0.546 |
|                      Loss/Loss_state_metric |           0.376 |
|             Loss/Loss_state_action_to_state |        0.000442 |
|                           Loss/Act_rep_loss |         0.00645 |
|                                   SAC/Alpha |         0.00665 |
|                              SAC/LogPi_mean |            3.22 |
|                                 SAC/Q1_mean |            80.3 |
|                                 SAC/Q2_mean |            80.2 |
|                            Norm/actor_model |            93.3 |
|                           Norm/critic_model |             109 |
|              Norm/state_action_metric_model |            61.8 |
|                     Norm/state_metric_model |            60.6 |
|        Norm/state_action_state_metric_model |            58.9 |
|                  Metric/self_state_distance |         0.00049 |
|                 Metric/cross_state_distance |            1.77 |
|           Metric/self_state_action_distance |         0.00164 |
|          Metric/cross_state_action_distance |            2.01 |
|             Metric/avg_self_state_asymmetry |               0 |
|            Metric/avg_cross_state_asymmetry |         0.00947 |
|                Metric/avg_self_sa_asymmetry |               0 |
|               Metric/avg_cross_sa_asymmetry |          0.0145 |
|  Metric/self_state_action_to_state_distance |         0.00102 |
| Metric/cross_state_action_to_state_distance |            1.99 |
|                   Metric/h_lambda_diff_self |         0.00136 |
|                  Metric/h_lambda_diff_cross |           0.024 |
|                                 Eval/Return |             970 |
-----------------------------------------------------------------
-----------------------------------------------------------------
|                                 Train/Steps |        1.29e+06 |
|                            Loss/Loss_critic |          0.0781 |
|                             Loss/Loss_actor |           -83.5 |
|                             Loss/Loss_alpha |       -0.000534 |
|               Loss/Loss_state_action_metric |           0.486 |
|                      Loss/Loss_state_metric |           0.334 |
|             Loss/Loss_state_action_to_state |        0.000631 |
|                           Loss/Act_rep_loss |         0.00657 |
|                                   SAC/Alpha |         0.00555 |
|                              SAC/LogPi_mean |            3.23 |
|                                 SAC/Q1_mean |            83.4 |
|                                 SAC/Q2_mean |            83.5 |
|                            Norm/actor_model |            97.4 |
|                           Norm/critic_model |             114 |
|              Norm/state_action_metric_model |            64.9 |
|                     Norm/state_metric_model |              64 |
|        Norm/state_action_state_metric_model |            61.8 |
|                  Metric/self_state_distance |        0.000624 |
|                 Metric/cross_state_distance |            1.68 |
|           Metric/self_state_action_distance |         0.00158 |
|          Metric/cross_state_action_distance |            1.89 |
|             Metric/avg_self_state_asymmetry |               0 |
|            Metric/avg_cross_state_asymmetry |         0.00836 |
|                Metric/avg_self_sa_asymmetry |               0 |
|               Metric/avg_cross_sa_asymmetry |          0.0133 |
|  Metric/self_state_action_to_state_distance |        0.000283 |
| Metric/cross_state_action_to_state_distance |            1.89 |
|                   Metric/h_lambda_diff_self |         0.00132 |
|                  Metric/h_lambda_diff_cross |          0.0176 |
|                                 Eval/Return |             968 |
-----------------------------------------------------------------
-----------------------------------------------------------------
|                                 Train/Steps |        1.42e+06 |
|                            Loss/Loss_critic |          0.0714 |
|                             Loss/Loss_actor |           -86.6 |
|                             Loss/Loss_alpha |        0.000536 |
|               Loss/Loss_state_action_metric |           0.444 |
|                      Loss/Loss_state_metric |           0.307 |
|             Loss/Loss_state_action_to_state |        0.000355 |
|                           Loss/Act_rep_loss |         0.00329 |
|                                   SAC/Alpha |         0.00644 |
|                              SAC/LogPi_mean |            2.78 |
|                                 SAC/Q1_mean |            86.5 |
|                                 SAC/Q2_mean |            86.5 |
|                            Norm/actor_model |             101 |
|                           Norm/critic_model |             118 |
|              Norm/state_action_metric_model |            67.9 |
|                     Norm/state_metric_model |            67.4 |
|        Norm/state_action_state_metric_model |            64.8 |
|                  Metric/self_state_distance |         0.00187 |
|                 Metric/cross_state_distance |            1.63 |
|           Metric/self_state_action_distance |        0.000408 |
|          Metric/cross_state_action_distance |            1.82 |
|             Metric/avg_self_state_asymmetry |               0 |
|            Metric/avg_cross_state_asymmetry |         0.00914 |
|                Metric/avg_self_sa_asymmetry |               0 |
|               Metric/avg_cross_sa_asymmetry |           0.013 |
|  Metric/self_state_action_to_state_distance |        0.000869 |
| Metric/cross_state_action_to_state_distance |             1.8 |
|                   Metric/h_lambda_diff_self |        0.000884 |
|                  Metric/h_lambda_diff_cross |          0.0191 |
|                                 Eval/Return |             970 |
-----------------------------------------------------------------
-----------------------------------------------------------------
|                                 Train/Steps |        1.54e+06 |
|                            Loss/Loss_critic |           0.105 |
|                             Loss/Loss_actor |           -87.8 |
|                             Loss/Loss_alpha |        0.000668 |
|               Loss/Loss_state_action_metric |           0.545 |
|                      Loss/Loss_state_metric |           0.326 |
|             Loss/Loss_state_action_to_state |          0.0005 |
|                           Loss/Act_rep_loss |         0.00277 |
|                                   SAC/Alpha |         0.00568 |
|                              SAC/LogPi_mean |            3.05 |
|                                 SAC/Q1_mean |            87.8 |
|                                 SAC/Q2_mean |            87.7 |
|                            Norm/actor_model |             104 |
|                           Norm/critic_model |             122 |
|              Norm/state_action_metric_model |            70.7 |
|                     Norm/state_metric_model |            70.8 |
|        Norm/state_action_state_metric_model |            67.6 |
|                  Metric/self_state_distance |         0.00132 |
|                 Metric/cross_state_distance |            1.66 |
|           Metric/self_state_action_distance |        0.000652 |
|          Metric/cross_state_action_distance |            1.86 |
|             Metric/avg_self_state_asymmetry |               0 |
|            Metric/avg_cross_state_asymmetry |         0.00895 |
|                Metric/avg_self_sa_asymmetry |               0 |
|               Metric/avg_cross_sa_asymmetry |          0.0147 |
|  Metric/self_state_action_to_state_distance |         3.5e-05 |
| Metric/cross_state_action_to_state_distance |            1.85 |
|                   Metric/h_lambda_diff_self |        0.000617 |
|                  Metric/h_lambda_diff_cross |          0.0214 |
|                                 Eval/Return |             971 |
-----------------------------------------------------------------
-----------------------------------------------------------------
|                                 Train/Steps |        1.67e+06 |
|                            Loss/Loss_critic |          0.0706 |
|                             Loss/Loss_actor |           -89.2 |
|                             Loss/Loss_alpha |         0.00178 |
|               Loss/Loss_state_action_metric |           0.411 |
|                      Loss/Loss_state_metric |           0.276 |
|             Loss/Loss_state_action_to_state |        0.000374 |
|                           Loss/Act_rep_loss |         0.00198 |
|                                   SAC/Alpha |         0.00498 |
|                              SAC/LogPi_mean |            2.78 |
|                                 SAC/Q1_mean |            89.2 |
|                                 SAC/Q2_mean |            89.2 |
|                            Norm/actor_model |             108 |
|                           Norm/critic_model |             126 |
|              Norm/state_action_metric_model |            73.5 |
|                     Norm/state_metric_model |            74.1 |
|        Norm/state_action_state_metric_model |            70.3 |
|                  Metric/self_state_distance |        0.000713 |
|                 Metric/cross_state_distance |            1.57 |
|           Metric/self_state_action_distance |         0.00549 |
|          Metric/cross_state_action_distance |            1.74 |
|             Metric/avg_self_state_asymmetry |               0 |
|            Metric/avg_cross_state_asymmetry |         0.00799 |
|                Metric/avg_self_sa_asymmetry |               0 |
|               Metric/avg_cross_sa_asymmetry |          0.0132 |
|  Metric/self_state_action_to_state_distance |        0.000727 |
| Metric/cross_state_action_to_state_distance |            1.73 |
|                   Metric/h_lambda_diff_self |         0.00483 |
|                  Metric/h_lambda_diff_cross |          0.0179 |
|                                 Eval/Return |             964 |
-----------------------------------------------------------------
-----------------------------------------------------------------
|                                 Train/Steps |         1.8e+06 |
|                            Loss/Loss_critic |          0.0435 |
|                             Loss/Loss_actor |           -90.6 |
|                             Loss/Loss_alpha |       -0.000595 |
|               Loss/Loss_state_action_metric |           0.376 |
|                      Loss/Loss_state_metric |           0.254 |
|             Loss/Loss_state_action_to_state |        0.000378 |
|                           Loss/Act_rep_loss |         0.00123 |
|                                   SAC/Alpha |         0.00484 |
|                              SAC/LogPi_mean |            3.11 |
|                                 SAC/Q1_mean |            90.6 |
|                                 SAC/Q2_mean |            90.6 |
|                            Norm/actor_model |             111 |
|                           Norm/critic_model |             130 |
|              Norm/state_action_metric_model |            76.2 |
|                     Norm/state_metric_model |            77.2 |
|        Norm/state_action_state_metric_model |              73 |
|                  Metric/self_state_distance |         0.00213 |
|                 Metric/cross_state_distance |            1.53 |
|           Metric/self_state_action_distance |         0.00117 |
|          Metric/cross_state_action_distance |            1.68 |
|             Metric/avg_self_state_asymmetry |               0 |
|            Metric/avg_cross_state_asymmetry |         0.00734 |
|                Metric/avg_self_sa_asymmetry |               0 |
|               Metric/avg_cross_sa_asymmetry |          0.0101 |
|  Metric/self_state_action_to_state_distance |        0.000174 |
| Metric/cross_state_action_to_state_distance |            1.68 |
|                   Metric/h_lambda_diff_self |         0.00103 |
|                  Metric/h_lambda_diff_cross |           0.013 |
|                                 Eval/Return |             973 |
-----------------------------------------------------------------
-----------------------------------------------------------------
|                                 Train/Steps |        1.93e+06 |
|                            Loss/Loss_critic |          0.0747 |
|                             Loss/Loss_actor |           -91.6 |
|                             Loss/Loss_alpha |        -0.00165 |
|               Loss/Loss_state_action_metric |           0.397 |
|                      Loss/Loss_state_metric |           0.256 |
|             Loss/Loss_state_action_to_state |        0.000428 |
|                           Loss/Act_rep_loss |         0.00605 |
|                                   SAC/Alpha |         0.00448 |
|                              SAC/LogPi_mean |            3.21 |
|                                 SAC/Q1_mean |            91.6 |
|                                 SAC/Q2_mean |            91.6 |
|                            Norm/actor_model |             114 |
|                           Norm/critic_model |             134 |
|              Norm/state_action_metric_model |            78.8 |
|                     Norm/state_metric_model |            80.2 |
|        Norm/state_action_state_metric_model |            75.6 |
|                  Metric/self_state_distance |        0.000832 |
|                 Metric/cross_state_distance |            1.53 |
|           Metric/self_state_action_distance |         0.00309 |
|          Metric/cross_state_action_distance |            1.68 |
|             Metric/avg_self_state_asymmetry |               0 |
|            Metric/avg_cross_state_asymmetry |         0.00709 |
|                Metric/avg_self_sa_asymmetry |               0 |
|               Metric/avg_cross_sa_asymmetry |          0.0109 |
|  Metric/self_state_action_to_state_distance |        0.000744 |
| Metric/cross_state_action_to_state_distance |            1.68 |
|                   Metric/h_lambda_diff_self |         0.00244 |
|                  Metric/h_lambda_diff_cross |          0.0165 |
|                                 Eval/Return |             970 |
-----------------------------------------------------------------
-----------------------------------------------------------------
|                                 Train/Steps |        2.06e+06 |
|                            Loss/Loss_critic |          0.0795 |
|                             Loss/Loss_actor |           -91.7 |
|                             Loss/Loss_alpha |       -0.000832 |
|               Loss/Loss_state_action_metric |           0.413 |
|                      Loss/Loss_state_metric |            0.27 |
|             Loss/Loss_state_action_to_state |        0.000471 |
|                           Loss/Act_rep_loss |         0.00846 |
|                                   SAC/Alpha |          0.0041 |
|                              SAC/LogPi_mean |            3.21 |
|                                 SAC/Q1_mean |            91.7 |
|                                 SAC/Q2_mean |            91.7 |
|                            Norm/actor_model |             117 |
|                           Norm/critic_model |             137 |
|              Norm/state_action_metric_model |            81.4 |
|                     Norm/state_metric_model |            83.5 |
|        Norm/state_action_state_metric_model |            78.3 |
|                  Metric/self_state_distance |        0.000214 |
|                 Metric/cross_state_distance |            1.55 |
|           Metric/self_state_action_distance |         0.00116 |
|          Metric/cross_state_action_distance |            1.71 |
|             Metric/avg_self_state_asymmetry |               0 |
|            Metric/avg_cross_state_asymmetry |         0.00622 |
|                Metric/avg_self_sa_asymmetry |               0 |
|               Metric/avg_cross_sa_asymmetry |          0.0111 |
|  Metric/self_state_action_to_state_distance |         0.00015 |
| Metric/cross_state_action_to_state_distance |             1.7 |
|                   Metric/h_lambda_diff_self |         0.00102 |
|                  Metric/h_lambda_diff_cross |          0.0132 |
|                                 Eval/Return |             972 |
-----------------------------------------------------------------
[32mSaving model …[0m
[32mDone.[0m
[32mSaving model …[0m
[32mDone.[0m
-----------------------------------------------------------------
|                                 Train/Steps |        2.18e+06 |
|                            Loss/Loss_critic |          0.0701 |
|                             Loss/Loss_actor |           -92.4 |
|                             Loss/Loss_alpha |        -0.00182 |
|               Loss/Loss_state_action_metric |           0.427 |
|                      Loss/Loss_state_metric |           0.247 |
|             Loss/Loss_state_action_to_state |        0.000318 |
|                           Loss/Act_rep_loss |          0.0126 |
|                                   SAC/Alpha |         0.00443 |
|                              SAC/LogPi_mean |            3.36 |
|                                 SAC/Q1_mean |            92.4 |
|                                 SAC/Q2_mean |            92.4 |
|                            Norm/actor_model |             120 |
|                           Norm/critic_model |             141 |
|              Norm/state_action_metric_model |            83.9 |
|                     Norm/state_metric_model |            86.3 |
|        Norm/state_action_state_metric_model |            80.8 |
|                  Metric/self_state_distance |        0.000638 |
|                 Metric/cross_state_distance |            1.49 |
|           Metric/self_state_action_distance |        0.000871 |
|          Metric/cross_state_action_distance |            1.62 |
|             Metric/avg_self_state_asymmetry |               0 |
|            Metric/avg_cross_state_asymmetry |         0.00606 |
|                Metric/avg_self_sa_asymmetry |               0 |
|               Metric/avg_cross_sa_asymmetry |          0.0097 |
|  Metric/self_state_action_to_state_distance |        0.000439 |
| Metric/cross_state_action_to_state_distance |            1.63 |
|                   Metric/h_lambda_diff_self |        0.000799 |
|                  Metric/h_lambda_diff_cross |          0.0134 |
|                                 Eval/Return |             972 |
-----------------------------------------------------------------
-----------------------------------------------------------------
|                                 Train/Steps |        2.31e+06 |
|                            Loss/Loss_critic |          0.0595 |
|                             Loss/Loss_actor |             -94 |
|                             Loss/Loss_alpha |         0.00209 |
|               Loss/Loss_state_action_metric |           0.296 |
|                      Loss/Loss_state_metric |           0.186 |
|             Loss/Loss_state_action_to_state |        0.000238 |
|                           Loss/Act_rep_loss |         0.00884 |
|                                   SAC/Alpha |         0.00402 |
|                              SAC/LogPi_mean |            2.52 |
|                                 SAC/Q1_mean |              94 |
|                                 SAC/Q2_mean |              94 |
|                            Norm/actor_model |             122 |
|                           Norm/critic_model |             144 |
|              Norm/state_action_metric_model |            86.3 |
|                     Norm/state_metric_model |            89.2 |
|        Norm/state_action_state_metric_model |            83.3 |
|                  Metric/self_state_distance |        0.000752 |
|                 Metric/cross_state_distance |            1.36 |
|           Metric/self_state_action_distance |         0.00152 |
|          Metric/cross_state_action_distance |            1.47 |
|             Metric/avg_self_state_asymmetry |               0 |
|            Metric/avg_cross_state_asymmetry |         0.00548 |
|                Metric/avg_self_sa_asymmetry |               0 |
|               Metric/avg_cross_sa_asymmetry |         0.00757 |
|  Metric/self_state_action_to_state_distance |         0.00172 |
| Metric/cross_state_action_to_state_distance |            1.46 |
|                   Metric/h_lambda_diff_self |         0.00169 |
|                  Metric/h_lambda_diff_cross |          0.0103 |
|                                 Eval/Return |             971 |
-----------------------------------------------------------------
-----------------------------------------------------------------
|                                 Train/Steps |        2.44e+06 |
|                            Loss/Loss_critic |          0.0575 |
|                             Loss/Loss_actor |           -93.8 |
|                             Loss/Loss_alpha |       -0.000576 |
|               Loss/Loss_state_action_metric |           0.327 |
|                      Loss/Loss_state_metric |           0.204 |
|             Loss/Loss_state_action_to_state |        0.000404 |
|                           Loss/Act_rep_loss |         0.00594 |
|                                   SAC/Alpha |         0.00344 |
|                              SAC/LogPi_mean |            2.94 |
|                                 SAC/Q1_mean |            93.8 |
|                                 SAC/Q2_mean |            93.8 |
|                            Norm/actor_model |             125 |
|                           Norm/critic_model |             148 |
|              Norm/state_action_metric_model |            88.6 |
|                     Norm/state_metric_model |            91.8 |
|        Norm/state_action_state_metric_model |            85.7 |
|                  Metric/self_state_distance |        0.000576 |
|                 Metric/cross_state_distance |            1.42 |
|           Metric/self_state_action_distance |         0.00335 |
|          Metric/cross_state_action_distance |            1.54 |
|             Metric/avg_self_state_asymmetry |               0 |
|            Metric/avg_cross_state_asymmetry |         0.00612 |
|                Metric/avg_self_sa_asymmetry |               0 |
|               Metric/avg_cross_sa_asymmetry |         0.00944 |
|  Metric/self_state_action_to_state_distance |        0.000419 |
| Metric/cross_state_action_to_state_distance |            1.53 |
|                   Metric/h_lambda_diff_self |         0.00316 |
|                  Metric/h_lambda_diff_cross |          0.0134 |
|                                 Eval/Return |             973 |
-----------------------------------------------------------------
-----------------------------------------------------------------
|                                 Train/Steps |        2.57e+06 |
|                            Loss/Loss_critic |          0.0573 |
|                             Loss/Loss_actor |           -94.7 |
|                             Loss/Loss_alpha |        0.000278 |
|               Loss/Loss_state_action_metric |           0.262 |
|                      Loss/Loss_state_metric |           0.176 |
|             Loss/Loss_state_action_to_state |        0.000635 |
|                           Loss/Act_rep_loss |         0.00418 |
|                                   SAC/Alpha |         0.00347 |
|                              SAC/LogPi_mean |            2.75 |
|                                 SAC/Q1_mean |            94.7 |
|                                 SAC/Q2_mean |            94.7 |
|                            Norm/actor_model |             127 |
|                           Norm/critic_model |             151 |
|              Norm/state_action_metric_model |            90.9 |
|                     Norm/state_metric_model |            94.5 |
|        Norm/state_action_state_metric_model |            88.2 |
|                  Metric/self_state_distance |        0.000258 |
|                 Metric/cross_state_distance |            1.36 |
|           Metric/self_state_action_distance |         0.00144 |
|          Metric/cross_state_action_distance |            1.47 |
|             Metric/avg_self_state_asymmetry |               0 |
|            Metric/avg_cross_state_asymmetry |         0.00557 |
|                Metric/avg_self_sa_asymmetry |               0 |
|               Metric/avg_cross_sa_asymmetry |          0.0108 |
|  Metric/self_state_action_to_state_distance |        0.000461 |
| Metric/cross_state_action_to_state_distance |            1.47 |
|                   Metric/h_lambda_diff_self |         0.00121 |
|                  Metric/h_lambda_diff_cross |          0.0125 |
|                                 Eval/Return |             973 |
-----------------------------------------------------------------
-----------------------------------------------------------------
|                                 Train/Steps |         2.7e+06 |
|                            Loss/Loss_critic |          0.0307 |
|                             Loss/Loss_actor |             -95 |
|                             Loss/Loss_alpha |         0.00211 |
|               Loss/Loss_state_action_metric |            0.27 |
|                      Loss/Loss_state_metric |           0.163 |
|             Loss/Loss_state_action_to_state |        0.000312 |
|                           Loss/Act_rep_loss |         0.00767 |
|                                   SAC/Alpha |         0.00373 |
|                              SAC/LogPi_mean |            2.41 |
|                                 SAC/Q1_mean |              95 |
|                                 SAC/Q2_mean |              95 |
|                            Norm/actor_model |             129 |
|                           Norm/critic_model |             154 |
|              Norm/state_action_metric_model |            93.2 |
|                     Norm/state_metric_model |            97.1 |
|        Norm/state_action_state_metric_model |            90.6 |
|                  Metric/self_state_distance |        0.000585 |
|                 Metric/cross_state_distance |            1.33 |
|           Metric/self_state_action_distance |         0.00123 |
|          Metric/cross_state_action_distance |            1.42 |
|             Metric/avg_self_state_asymmetry |               0 |
|            Metric/avg_cross_state_asymmetry |         0.00505 |
|                Metric/avg_self_sa_asymmetry |               0 |
|               Metric/avg_cross_sa_asymmetry |         0.00921 |
|  Metric/self_state_action_to_state_distance |        0.000478 |
| Metric/cross_state_action_to_state_distance |            1.42 |
|                   Metric/h_lambda_diff_self |        0.000981 |
|                  Metric/h_lambda_diff_cross |          0.0135 |
|                                 Eval/Return |             975 |
-----------------------------------------------------------------
-----------------------------------------------------------------
|                                 Train/Steps |        2.82e+06 |
|                            Loss/Loss_critic |          0.0745 |
|                             Loss/Loss_actor |           -94.5 |
|                             Loss/Loss_alpha |        -0.00172 |
|               Loss/Loss_state_action_metric |           0.312 |
|                      Loss/Loss_state_metric |           0.214 |
|             Loss/Loss_state_action_to_state |        0.000351 |
|                           Loss/Act_rep_loss |            0.01 |
|                                   SAC/Alpha |          0.0033 |
|                              SAC/LogPi_mean |            3.43 |
|                                 SAC/Q1_mean |            94.5 |
|                                 SAC/Q2_mean |            94.5 |
|                            Norm/actor_model |             131 |
|                           Norm/critic_model |             157 |
|              Norm/state_action_metric_model |            95.4 |
|                     Norm/state_metric_model |            99.7 |
|        Norm/state_action_state_metric_model |            93.1 |
|                  Metric/self_state_distance |        0.000348 |
|                 Metric/cross_state_distance |            1.42 |
|           Metric/self_state_action_distance |          0.0014 |
|          Metric/cross_state_action_distance |            1.54 |
|             Metric/avg_self_state_asymmetry |               0 |
|            Metric/avg_cross_state_asymmetry |         0.00622 |
|                Metric/avg_self_sa_asymmetry |               0 |
|               Metric/avg_cross_sa_asymmetry |         0.00886 |
|  Metric/self_state_action_to_state_distance |        0.000203 |
| Metric/cross_state_action_to_state_distance |            1.54 |
|                   Metric/h_lambda_diff_self |         0.00125 |
|                  Metric/h_lambda_diff_cross |          0.0117 |
|                                 Eval/Return |             972 |
-----------------------------------------------------------------
-----------------------------------------------------------------
|                                 Train/Steps |        2.95e+06 |
|                            Loss/Loss_critic |          0.0397 |
|                             Loss/Loss_actor |           -94.8 |
|                             Loss/Loss_alpha |       -0.000975 |
|               Loss/Loss_state_action_metric |           0.289 |
|                      Loss/Loss_state_metric |           0.198 |
|             Loss/Loss_state_action_to_state |        0.000417 |
|                           Loss/Act_rep_loss |          0.0109 |
|                                   SAC/Alpha |         0.00312 |
|                              SAC/LogPi_mean |            3.26 |
|                                 SAC/Q1_mean |            94.8 |
|                                 SAC/Q2_mean |            94.9 |
|                            Norm/actor_model |             133 |
|                           Norm/critic_model |             161 |
|              Norm/state_action_metric_model |            97.6 |
|                     Norm/state_metric_model |             102 |
|        Norm/state_action_state_metric_model |            95.3 |
|                  Metric/self_state_distance |        0.000994 |
|                 Metric/cross_state_distance |             1.4 |
|           Metric/self_state_action_distance |        0.000425 |
|          Metric/cross_state_action_distance |            1.52 |
|             Metric/avg_self_state_asymmetry |               0 |
|            Metric/avg_cross_state_asymmetry |         0.00563 |
|                Metric/avg_self_sa_asymmetry |               0 |
|               Metric/avg_cross_sa_asymmetry |         0.00912 |
|  Metric/self_state_action_to_state_distance |        0.000188 |
| Metric/cross_state_action_to_state_distance |            1.51 |
|                   Metric/h_lambda_diff_self |        0.000357 |
|                  Metric/h_lambda_diff_cross |          0.0125 |
|                                 Eval/Return |             971 |
-----------------------------------------------------------------
-----------------------------------------------------------------
|                                 Train/Steps |        3.08e+06 |
|                            Loss/Loss_critic |          0.0449 |
|                             Loss/Loss_actor |             -95 |
|                             Loss/Loss_alpha |        0.000302 |
|               Loss/Loss_state_action_metric |           0.318 |
|                      Loss/Loss_state_metric |           0.193 |
|             Loss/Loss_state_action_to_state |         0.00028 |
|                           Loss/Act_rep_loss |          0.0134 |
|                                   SAC/Alpha |         0.00309 |
|                              SAC/LogPi_mean |            2.97 |
|                                 SAC/Q1_mean |            94.9 |
|                                 SAC/Q2_mean |            95.1 |
|                            Norm/actor_model |             135 |
|                           Norm/critic_model |             164 |
|              Norm/state_action_metric_model |            99.8 |
|                     Norm/state_metric_model |             105 |
|        Norm/state_action_state_metric_model |            97.6 |
|                  Metric/self_state_distance |        5.52e-05 |
|                 Metric/cross_state_distance |            1.38 |
|           Metric/self_state_action_distance |        0.000513 |
|          Metric/cross_state_action_distance |            1.49 |
|             Metric/avg_self_state_asymmetry |               0 |
|            Metric/avg_cross_state_asymmetry |         0.00574 |
|                Metric/avg_self_sa_asymmetry |               0 |
|               Metric/avg_cross_sa_asymmetry |          0.0081 |
|  Metric/self_state_action_to_state_distance |        0.000599 |
| Metric/cross_state_action_to_state_distance |             1.5 |
|                   Metric/h_lambda_diff_self |        0.000626 |
|                  Metric/h_lambda_diff_cross |          0.0102 |
|                                 Eval/Return |             974 |
-----------------------------------------------------------------
[32mSaving model …[0m
[32mDone.[0m
[32mSaving model …[0m
[32mDone.[0m
-----------------------------------------------------------------
|                                 Train/Steps |        3.21e+06 |
|                            Loss/Loss_critic |           0.042 |
|                             Loss/Loss_actor |           -94.9 |
|                             Loss/Loss_alpha |        -8.7e-05 |
|               Loss/Loss_state_action_metric |           0.321 |
|                      Loss/Loss_state_metric |           0.199 |
|             Loss/Loss_state_action_to_state |        0.000304 |
|                           Loss/Act_rep_loss |          0.0123 |
|                                   SAC/Alpha |         0.00317 |
|                              SAC/LogPi_mean |            2.87 |
|                                 SAC/Q1_mean |            94.9 |
|                                 SAC/Q2_mean |              95 |
|                            Norm/actor_model |             137 |
|                           Norm/critic_model |             167 |
|              Norm/state_action_metric_model |             102 |
|                     Norm/state_metric_model |             107 |
|        Norm/state_action_state_metric_model |            99.8 |
|                  Metric/self_state_distance |        0.000747 |
|                 Metric/cross_state_distance |            1.38 |
|           Metric/self_state_action_distance |        0.000519 |
|          Metric/cross_state_action_distance |            1.49 |
|             Metric/avg_self_state_asymmetry |               0 |
|            Metric/avg_cross_state_asymmetry |         0.00468 |
|                Metric/avg_self_sa_asymmetry |               0 |
|               Metric/avg_cross_sa_asymmetry |         0.00884 |
|  Metric/self_state_action_to_state_distance |        0.000655 |
| Metric/cross_state_action_to_state_distance |            1.49 |
|                   Metric/h_lambda_diff_self |        0.000508 |
|                  Metric/h_lambda_diff_cross |          0.0112 |
|                                 Eval/Return |             974 |
-----------------------------------------------------------------
-----------------------------------------------------------------
|                                 Train/Steps |        3.34e+06 |
|                            Loss/Loss_critic |          0.0599 |
|                             Loss/Loss_actor |           -95.4 |
|                             Loss/Loss_alpha |       -0.000193 |
|               Loss/Loss_state_action_metric |           0.268 |
|                      Loss/Loss_state_metric |           0.183 |
|             Loss/Loss_state_action_to_state |        0.000331 |
|                           Loss/Act_rep_loss |         0.00991 |
|                                   SAC/Alpha |         0.00291 |
|                              SAC/LogPi_mean |            3.21 |
|                                 SAC/Q1_mean |            95.4 |
|                                 SAC/Q2_mean |            95.4 |
|                            Norm/actor_model |             139 |
|                           Norm/critic_model |             170 |
|              Norm/state_action_metric_model |             104 |
|                     Norm/state_metric_model |             110 |
|        Norm/state_action_state_metric_model |             102 |
|                  Metric/self_state_distance |        0.000316 |
|                 Metric/cross_state_distance |            1.36 |
|           Metric/self_state_action_distance |          0.0006 |
|          Metric/cross_state_action_distance |            1.48 |
|             Metric/avg_self_state_asymmetry |               0 |
|            Metric/avg_cross_state_asymmetry |         0.00511 |
|                Metric/avg_self_sa_asymmetry |               0 |
|               Metric/avg_cross_sa_asymmetry |         0.00977 |
|  Metric/self_state_action_to_state_distance |        7.39e-05 |
| Metric/cross_state_action_to_state_distance |            1.47 |
|                   Metric/h_lambda_diff_self |         0.00063 |
|                  Metric/h_lambda_diff_cross |          0.0111 |
|                                 Eval/Return |             975 |
-----------------------------------------------------------------
-----------------------------------------------------------------
|                                 Train/Steps |        3.46e+06 |
|                            Loss/Loss_critic |          0.0417 |
|                             Loss/Loss_actor |           -95.6 |
|                             Loss/Loss_alpha |       -0.000641 |
|               Loss/Loss_state_action_metric |           0.259 |
|                      Loss/Loss_state_metric |           0.178 |
|             Loss/Loss_state_action_to_state |         0.00014 |
|                           Loss/Act_rep_loss |          0.0124 |
|                                   SAC/Alpha |         0.00242 |
|                              SAC/LogPi_mean |            3.21 |
|                                 SAC/Q1_mean |            95.5 |
|                                 SAC/Q2_mean |            95.6 |
|                            Norm/actor_model |             141 |
|                           Norm/critic_model |             172 |
|              Norm/state_action_metric_model |             106 |
|                     Norm/state_metric_model |             112 |
|        Norm/state_action_state_metric_model |             104 |
|                  Metric/self_state_distance |        0.000472 |
|                 Metric/cross_state_distance |            1.35 |
|           Metric/self_state_action_distance |          0.0011 |
|          Metric/cross_state_action_distance |            1.45 |
|             Metric/avg_self_state_asymmetry |               0 |
|            Metric/avg_cross_state_asymmetry |         0.00496 |
|                Metric/avg_self_sa_asymmetry |               0 |
|               Metric/avg_cross_sa_asymmetry |         0.00704 |
|  Metric/self_state_action_to_state_distance |        0.000354 |
| Metric/cross_state_action_to_state_distance |            1.45 |
|                   Metric/h_lambda_diff_self |         0.00087 |
|                  Metric/h_lambda_diff_cross |         0.00847 |
|                                 Eval/Return |             976 |
-----------------------------------------------------------------
-----------------------------------------------------------------
|                                 Train/Steps |        3.59e+06 |
|                            Loss/Loss_critic |          0.0363 |
|                             Loss/Loss_actor |           -96.3 |
|                             Loss/Loss_alpha |       -0.000794 |
|               Loss/Loss_state_action_metric |           0.229 |
|                      Loss/Loss_state_metric |           0.149 |
|             Loss/Loss_state_action_to_state |          0.0002 |
|                           Loss/Act_rep_loss |          0.0179 |
|                                   SAC/Alpha |         0.00276 |
|                              SAC/LogPi_mean |            3.35 |
|                                 SAC/Q1_mean |            96.2 |
|                                 SAC/Q2_mean |            96.2 |
|                            Norm/actor_model |             143 |
|                           Norm/critic_model |             175 |
|              Norm/state_action_metric_model |             108 |
|                     Norm/state_metric_model |             114 |
|        Norm/state_action_state_metric_model |             106 |
|                  Metric/self_state_distance |        0.000525 |
|                 Metric/cross_state_distance |            1.29 |
|           Metric/self_state_action_distance |        0.000457 |
|          Metric/cross_state_action_distance |            1.38 |
|             Metric/avg_self_state_asymmetry |               0 |
|            Metric/avg_cross_state_asymmetry |         0.00554 |
|                Metric/avg_self_sa_asymmetry |               0 |
|               Metric/avg_cross_sa_asymmetry |         0.00808 |
|  Metric/self_state_action_to_state_distance |        0.000343 |
| Metric/cross_state_action_to_state_distance |            1.38 |
|                   Metric/h_lambda_diff_self |        0.000425 |
|                  Metric/h_lambda_diff_cross |          0.0161 |
|                                 Eval/Return |             972 |
-----------------------------------------------------------------
-----------------------------------------------------------------
|                                 Train/Steps |        3.72e+06 |
|                            Loss/Loss_critic |          0.0659 |
|                             Loss/Loss_actor |             -96 |
|                             Loss/Loss_alpha |        0.000404 |
|               Loss/Loss_state_action_metric |           0.246 |
|                      Loss/Loss_state_metric |           0.169 |
|             Loss/Loss_state_action_to_state |        0.000278 |
|                           Loss/Act_rep_loss |           0.015 |
|                                   SAC/Alpha |         0.00272 |
|                              SAC/LogPi_mean |            2.71 |
|                                 SAC/Q1_mean |              96 |
|                                 SAC/Q2_mean |              96 |
|                            Norm/actor_model |             145 |
|                           Norm/critic_model |             178 |
|              Norm/state_action_metric_model |             110 |
|                     Norm/state_metric_model |             116 |
|        Norm/state_action_state_metric_model |             109 |
|                  Metric/self_state_distance |        0.000335 |
|                 Metric/cross_state_distance |            1.34 |
|           Metric/self_state_action_distance |          0.0011 |
|          Metric/cross_state_action_distance |            1.43 |
|             Metric/avg_self_state_asymmetry |               0 |
|            Metric/avg_cross_state_asymmetry |         0.00536 |
|                Metric/avg_self_sa_asymmetry |               0 |
|               Metric/avg_cross_sa_asymmetry |          0.0089 |
|  Metric/self_state_action_to_state_distance |        0.000191 |
| Metric/cross_state_action_to_state_distance |            1.45 |
|                   Metric/h_lambda_diff_self |        0.000982 |
|                  Metric/h_lambda_diff_cross |          0.0206 |
|                                 Eval/Return |             975 |
-----------------------------------------------------------------
-----------------------------------------------------------------
|                                 Train/Steps |        3.85e+06 |
|                            Loss/Loss_critic |          0.0987 |
|                             Loss/Loss_actor |           -95.7 |
|                             Loss/Loss_alpha |        0.000643 |
|               Loss/Loss_state_action_metric |           0.292 |
|                      Loss/Loss_state_metric |           0.174 |
|             Loss/Loss_state_action_to_state |        0.000209 |
|                           Loss/Act_rep_loss |         0.00758 |
|                                   SAC/Alpha |         0.00268 |
|                              SAC/LogPi_mean |            2.91 |
|                                 SAC/Q1_mean |            95.6 |
|                                 SAC/Q2_mean |            95.7 |
|                            Norm/actor_model |             147 |
|                           Norm/critic_model |             181 |
|              Norm/state_action_metric_model |             112 |
|                     Norm/state_metric_model |             119 |
|        Norm/state_action_state_metric_model |             110 |
|                  Metric/self_state_distance |        0.000423 |
|                 Metric/cross_state_distance |            1.35 |
|           Metric/self_state_action_distance |         0.00127 |
|          Metric/cross_state_action_distance |            1.46 |
|             Metric/avg_self_state_asymmetry |               0 |
|            Metric/avg_cross_state_asymmetry |         0.00496 |
|                Metric/avg_self_sa_asymmetry |               0 |
|               Metric/avg_cross_sa_asymmetry |         0.00825 |
|  Metric/self_state_action_to_state_distance |        0.000224 |
| Metric/cross_state_action_to_state_distance |            1.45 |
|                   Metric/h_lambda_diff_self |         0.00113 |
|                  Metric/h_lambda_diff_cross |          0.0139 |
|                                 Eval/Return |             971 |
-----------------------------------------------------------------
-----------------------------------------------------------------
|                                 Train/Steps |        3.98e+06 |
|                            Loss/Loss_critic |          0.0387 |
|                             Loss/Loss_actor |           -96.6 |
|                             Loss/Loss_alpha |        -0.00116 |
|               Loss/Loss_state_action_metric |           0.252 |
|                      Loss/Loss_state_metric |           0.128 |
|             Loss/Loss_state_action_to_state |        0.000208 |
|                           Loss/Act_rep_loss |          0.0108 |
|                                   SAC/Alpha |         0.00239 |
|                              SAC/LogPi_mean |            3.29 |
|                                 SAC/Q1_mean |            96.6 |
|                                 SAC/Q2_mean |            96.6 |
|                            Norm/actor_model |             149 |
|                           Norm/critic_model |             184 |
|              Norm/state_action_metric_model |             114 |
|                     Norm/state_metric_model |             121 |
|        Norm/state_action_state_metric_model |             113 |
|                  Metric/self_state_distance |        0.000672 |
|                 Metric/cross_state_distance |            1.26 |
|           Metric/self_state_action_distance |        0.000582 |
|          Metric/cross_state_action_distance |            1.34 |
|             Metric/avg_self_state_asymmetry |               0 |
|            Metric/avg_cross_state_asymmetry |         0.00489 |
|                Metric/avg_self_sa_asymmetry |               0 |
|               Metric/avg_cross_sa_asymmetry |         0.00804 |
|  Metric/self_state_action_to_state_distance |        0.000137 |
| Metric/cross_state_action_to_state_distance |            1.33 |
|                   Metric/h_lambda_diff_self |        0.000532 |
|                  Metric/h_lambda_diff_cross |          0.0123 |
|                                 Eval/Return |             974 |
-----------------------------------------------------------------
-----------------------------------------------------------------
|                                 Train/Steps |         4.1e+06 |
|                            Loss/Loss_critic |          0.0413 |
|                             Loss/Loss_actor |             -97 |
|                             Loss/Loss_alpha |        -0.00126 |
|               Loss/Loss_state_action_metric |           0.147 |
|                      Loss/Loss_state_metric |           0.101 |
|             Loss/Loss_state_action_to_state |        0.000117 |
|                           Loss/Act_rep_loss |         0.00848 |
|                                   SAC/Alpha |         0.00202 |
|                              SAC/LogPi_mean |             3.5 |
|                                 SAC/Q1_mean |              97 |
|                                 SAC/Q2_mean |              97 |
|                            Norm/actor_model |             151 |
|                           Norm/critic_model |             186 |
|              Norm/state_action_metric_model |             116 |
|                     Norm/state_metric_model |             123 |
|        Norm/state_action_state_metric_model |             114 |
|                  Metric/self_state_distance |        0.000401 |
|                 Metric/cross_state_distance |             1.2 |
|           Metric/self_state_action_distance |         0.00122 |
|          Metric/cross_state_action_distance |            1.26 |
|             Metric/avg_self_state_asymmetry |               0 |
|            Metric/avg_cross_state_asymmetry |         0.00417 |
|                Metric/avg_self_sa_asymmetry |               0 |
|               Metric/avg_cross_sa_asymmetry |         0.00662 |
|  Metric/self_state_action_to_state_distance |        0.000229 |
| Metric/cross_state_action_to_state_distance |            1.25 |
|                   Metric/h_lambda_diff_self |         0.00112 |
|                  Metric/h_lambda_diff_cross |          0.0145 |
|                                 Eval/Return |             972 |
-----------------------------------------------------------------
[32mSaving model …[0m
[32mDone.[0m
[32mSaving model …[0m
[32mDone.[0m
-----------------------------------------------------------------
|                                 Train/Steps |        4.23e+06 |
|                            Loss/Loss_critic |          0.0448 |
|                             Loss/Loss_actor |           -97.2 |
|                             Loss/Loss_alpha |         -0.0011 |
|               Loss/Loss_state_action_metric |           0.193 |
|                      Loss/Loss_state_metric |           0.118 |
|             Loss/Loss_state_action_to_state |        0.000241 |
|                           Loss/Act_rep_loss |         0.00985 |
|                                   SAC/Alpha |         0.00174 |
|                              SAC/LogPi_mean |            3.68 |
|                                 SAC/Q1_mean |            97.1 |
|                                 SAC/Q2_mean |            97.2 |
|                            Norm/actor_model |             152 |
|                           Norm/critic_model |             189 |
|              Norm/state_action_metric_model |             118 |
|                     Norm/state_metric_model |             125 |
|        Norm/state_action_state_metric_model |             116 |
|                  Metric/self_state_distance |         0.00128 |
|                 Metric/cross_state_distance |            1.23 |
|           Metric/self_state_action_distance |         0.00112 |
|          Metric/cross_state_action_distance |             1.3 |
|             Metric/avg_self_state_asymmetry |               0 |
|            Metric/avg_cross_state_asymmetry |         0.00422 |
|                Metric/avg_self_sa_asymmetry |               0 |
|               Metric/avg_cross_sa_asymmetry |         0.00721 |
|  Metric/self_state_action_to_state_distance |        0.000656 |
| Metric/cross_state_action_to_state_distance |             1.3 |
|                   Metric/h_lambda_diff_self |        0.000863 |
|                  Metric/h_lambda_diff_cross |          0.0119 |
|                                 Eval/Return |             974 |
-----------------------------------------------------------------
-----------------------------------------------------------------
|                                 Train/Steps |        4.36e+06 |
|                            Loss/Loss_critic |          0.0331 |
|                             Loss/Loss_actor |           -97.6 |
|                             Loss/Loss_alpha |          -0.001 |
|               Loss/Loss_state_action_metric |           0.125 |
|                      Loss/Loss_state_metric |          0.0859 |
|             Loss/Loss_state_action_to_state |        0.000158 |
|                           Loss/Act_rep_loss |          0.0144 |
|                                   SAC/Alpha |         0.00139 |
|                              SAC/LogPi_mean |            3.57 |
|                                 SAC/Q1_mean |            97.6 |
|                                 SAC/Q2_mean |            97.7 |
|                            Norm/actor_model |             154 |
|                           Norm/critic_model |             191 |
|              Norm/state_action_metric_model |             120 |
|                     Norm/state_metric_model |             127 |
|        Norm/state_action_state_metric_model |             118 |
|                  Metric/self_state_distance |        0.000934 |
|                 Metric/cross_state_distance |            1.17 |
|           Metric/self_state_action_distance |         0.00107 |
|          Metric/cross_state_action_distance |            1.22 |
|             Metric/avg_self_state_asymmetry |               0 |
|            Metric/avg_cross_state_asymmetry |         0.00349 |
|                Metric/avg_self_sa_asymmetry |               0 |
|               Metric/avg_cross_sa_asymmetry |         0.00696 |
|  Metric/self_state_action_to_state_distance |        0.000121 |
| Metric/cross_state_action_to_state_distance |            1.22 |
|                   Metric/h_lambda_diff_self |        0.000963 |
|                  Metric/h_lambda_diff_cross |         0.00824 |
|                                 Eval/Return |             930 |
-----------------------------------------------------------------
-----------------------------------------------------------------
|                                 Train/Steps |        4.49e+06 |
|                            Loss/Loss_critic |          0.0251 |
|                             Loss/Loss_actor |           -98.2 |
|                             Loss/Loss_alpha |       -0.000189 |
|               Loss/Loss_state_action_metric |           0.091 |
|                      Loss/Loss_state_metric |          0.0402 |
|             Loss/Loss_state_action_to_state |         0.00022 |
|                           Loss/Act_rep_loss |          0.0159 |
|                                   SAC/Alpha |         0.00122 |
|                              SAC/LogPi_mean |            3.04 |
|                                 SAC/Q1_mean |            98.3 |
|                                 SAC/Q2_mean |            98.2 |
|                            Norm/actor_model |             156 |
|                           Norm/critic_model |             193 |
|              Norm/state_action_metric_model |             121 |
|                     Norm/state_metric_model |             129 |
|        Norm/state_action_state_metric_model |             120 |
|                  Metric/self_state_distance |        1.23e-05 |
|                 Metric/cross_state_distance |            1.07 |
|           Metric/self_state_action_distance |        0.000299 |
|          Metric/cross_state_action_distance |            1.09 |
|             Metric/avg_self_state_asymmetry |               0 |
|            Metric/avg_cross_state_asymmetry |          0.0027 |
|                Metric/avg_self_sa_asymmetry |               0 |
|               Metric/avg_cross_sa_asymmetry |         0.00504 |
|  Metric/self_state_action_to_state_distance |        0.000316 |
| Metric/cross_state_action_to_state_distance |             1.1 |
|                   Metric/h_lambda_diff_self |         0.00032 |
|                  Metric/h_lambda_diff_cross |         0.00611 |
|                                 Eval/Return |             974 |
-----------------------------------------------------------------
-----------------------------------------------------------------
|                                 Train/Steps |        4.62e+06 |
|                            Loss/Loss_critic |            0.11 |
|                             Loss/Loss_actor |           -98.3 |
|                             Loss/Loss_alpha |        0.000165 |
|               Loss/Loss_state_action_metric |            0.12 |
|                      Loss/Loss_state_metric |          0.0349 |
|             Loss/Loss_state_action_to_state |        0.000138 |
|                           Loss/Act_rep_loss |          0.0127 |
|                                   SAC/Alpha |         0.00159 |
|                              SAC/LogPi_mean |            2.87 |
|                                 SAC/Q1_mean |            98.3 |
|                                 SAC/Q2_mean |            98.3 |
|                            Norm/actor_model |             157 |
|                           Norm/critic_model |             196 |
|              Norm/state_action_metric_model |             123 |
|                     Norm/state_metric_model |             131 |
|        Norm/state_action_state_metric_model |             122 |
|                  Metric/self_state_distance |        0.000206 |
|                 Metric/cross_state_distance |            1.06 |
|           Metric/self_state_action_distance |        7.23e-05 |
|          Metric/cross_state_action_distance |            1.09 |
|             Metric/avg_self_state_asymmetry |               0 |
|            Metric/avg_cross_state_asymmetry |          0.0031 |
|                Metric/avg_self_sa_asymmetry |               0 |
|               Metric/avg_cross_sa_asymmetry |          0.0053 |
|  Metric/self_state_action_to_state_distance |         0.00041 |
| Metric/cross_state_action_to_state_distance |            1.09 |
|                   Metric/h_lambda_diff_self |        0.000373 |
|                  Metric/h_lambda_diff_cross |         0.00681 |
|                                 Eval/Return |             972 |
-----------------------------------------------------------------
-----------------------------------------------------------------
|                                 Train/Steps |        4.74e+06 |
|                            Loss/Loss_critic |          0.0385 |
|                             Loss/Loss_actor |           -98.3 |
|                             Loss/Loss_alpha |        0.000265 |
|               Loss/Loss_state_action_metric |          0.0732 |
|                      Loss/Loss_state_metric |          0.0504 |
|             Loss/Loss_state_action_to_state |         0.00017 |
|                           Loss/Act_rep_loss |          0.0118 |
|                                   SAC/Alpha |         0.00126 |
|                              SAC/LogPi_mean |             2.9 |
|                                 SAC/Q1_mean |            98.3 |
|                                 SAC/Q2_mean |            98.3 |
|                            Norm/actor_model |             159 |
|                           Norm/critic_model |             198 |
|              Norm/state_action_metric_model |             125 |
|                     Norm/state_metric_model |             134 |
|        Norm/state_action_state_metric_model |             124 |
|                  Metric/self_state_distance |        9.09e-05 |
|                 Metric/cross_state_distance |            1.09 |
|           Metric/self_state_action_distance |        0.000473 |
|          Metric/cross_state_action_distance |            1.12 |
|             Metric/avg_self_state_asymmetry |               0 |
|            Metric/avg_cross_state_asymmetry |          0.0032 |
|                Metric/avg_self_sa_asymmetry |               0 |
|               Metric/avg_cross_sa_asymmetry |         0.00555 |
|  Metric/self_state_action_to_state_distance |        1.36e-05 |
| Metric/cross_state_action_to_state_distance |            1.11 |
|                   Metric/h_lambda_diff_self |        0.000467 |
|                  Metric/h_lambda_diff_cross |         0.00778 |
|                                 Eval/Return |             946 |
-----------------------------------------------------------------
-----------------------------------------------------------------
|                                 Train/Steps |        4.87e+06 |
|                            Loss/Loss_critic |         0.00918 |
|                             Loss/Loss_actor |           -98.5 |
|                             Loss/Loss_alpha |        0.000462 |
|               Loss/Loss_state_action_metric |          0.0801 |
|                      Loss/Loss_state_metric |          0.0426 |
|             Loss/Loss_state_action_to_state |        0.000159 |
|                           Loss/Act_rep_loss |          0.0136 |
|                                   SAC/Alpha |         0.00125 |
|                              SAC/LogPi_mean |            2.63 |
|                                 SAC/Q1_mean |            98.5 |
|                                 SAC/Q2_mean |            98.5 |
|                            Norm/actor_model |             160 |
|                           Norm/critic_model |             200 |
|              Norm/state_action_metric_model |             127 |
|                     Norm/state_metric_model |             136 |
|        Norm/state_action_state_metric_model |             126 |
|                  Metric/self_state_distance |        0.000554 |
|                 Metric/cross_state_distance |            1.08 |
|           Metric/self_state_action_distance |        0.000565 |
|          Metric/cross_state_action_distance |            1.11 |
|             Metric/avg_self_state_asymmetry |               0 |
|            Metric/avg_cross_state_asymmetry |         0.00342 |
|                Metric/avg_self_sa_asymmetry |               0 |
|               Metric/avg_cross_sa_asymmetry |          0.0051 |
|  Metric/self_state_action_to_state_distance |         0.00187 |
| Metric/cross_state_action_to_state_distance |            1.11 |
|                   Metric/h_lambda_diff_self |         0.00164 |
|                  Metric/h_lambda_diff_cross |          0.0073 |
|                                 Eval/Return |             963 |
-----------------------------------------------------------------
-----------------------------------------------------------------
|                                 Train/Steps |           5e+06 |
|                            Loss/Loss_critic |          0.0202 |
|                             Loss/Loss_actor |           -98.5 |
|                             Loss/Loss_alpha |         0.00019 |
|               Loss/Loss_state_action_metric |           0.082 |
|                      Loss/Loss_state_metric |          0.0331 |
|             Loss/Loss_state_action_to_state |        7.13e-05 |
|                           Loss/Act_rep_loss |          0.0203 |
|                                   SAC/Alpha |         0.00134 |
|                              SAC/LogPi_mean |            2.68 |
|                                 SAC/Q1_mean |            98.5 |
|                                 SAC/Q2_mean |            98.6 |
|                            Norm/actor_model |             162 |
|                           Norm/critic_model |             202 |
|              Norm/state_action_metric_model |             129 |
|                     Norm/state_metric_model |             138 |
|        Norm/state_action_state_metric_model |             128 |
|                  Metric/self_state_distance |        0.000125 |
|                 Metric/cross_state_distance |            1.07 |
|           Metric/self_state_action_distance |         0.00113 |
|          Metric/cross_state_action_distance |            1.09 |
|             Metric/avg_self_state_asymmetry |               0 |
|            Metric/avg_cross_state_asymmetry |         0.00288 |
|                Metric/avg_self_sa_asymmetry |               0 |
|               Metric/avg_cross_sa_asymmetry |         0.00521 |
|  Metric/self_state_action_to_state_distance |        2.26e-05 |
| Metric/cross_state_action_to_state_distance |            1.09 |
|                   Metric/h_lambda_diff_self |         0.00111 |
|                  Metric/h_lambda_diff_cross |         0.00544 |
|                                 Eval/Return |             974 |
-----------------------------------------------------------------
[32mSaving model …[0m
[32mDone.[0m
[32mSaving model …[0m
[32mDone.[0m
