E0904 00:36:22.983517  244898 cuda_executor.cc:1526] Could not get kernel mode driver version: (INVALID_ARGUMENT: Version does not match the format X.Y.Z)
E0904 00:36:22.991836  244785 cuda_executor.cc:1526] Could not get kernel mode driver version: (INVALID_ARGUMENT: Version does not match the format X.Y.Z)
[32mStart prefilling replay buffer[0m
[32mStart SAC training[0m
[32m{'log_freq': 1000, 'save_freq': 1000000, 'eval_episode_freq': 10, 'hidden_size': 256, 'lr': 0.001, 'max_grad_norm': 0.0, 'gamma': 0.99, 'update_tau': 0.005, 'train_per_step': 8, 'episode_length': 1000, 'warmup_samples': 8192, 'max_replay_size': 4000000, 'batch_size': 512, 'total_env_steps': 5000000, 'init_temperature': 0.1, 'nstep': 1, 'bootstrap_on_truncation': True, 'rep_lr_scale': 2.0, 'vis_feq': 100000, 'n_vis_frames': 4, 'num_envs': 128, 'grad_steps': 50, 'transfer_freq': 10, 'transfer_steps': 8, 'reward_scaling': 1.0, 'num_eval_envs': 128, 'target_entropy': -3.0}[0m
[32m[nstep] nstep=1 bootstrap_on_truncation=True (discount from the buffer already contains gamma^nstep)[0m
-----------------------------------------------------------------
|                                 Train/Steps |        1.36e+05 |
|                            Loss/Loss_critic |         0.00346 |
|                             Loss/Loss_actor |           -7.38 |
|                             Loss/Loss_alpha |          0.0796 |
|               Loss/Loss_state_action_metric |          0.0114 |
|                      Loss/Loss_state_metric |         0.00581 |
|             Loss/Loss_state_action_to_state |        0.000315 |
|                           Loss/Act_rep_loss |         0.00222 |
|                                   SAC/Alpha |          0.0157 |
|                              SAC/LogPi_mean |           -2.16 |
|                                 SAC/Q1_mean |            7.29 |
|                                 SAC/Q2_mean |            7.29 |
|                            Norm/actor_model |            30.1 |
|                           Norm/critic_model |            49.9 |
|              Norm/state_action_metric_model |            31.5 |
|                     Norm/state_metric_model |            31.4 |
|        Norm/state_action_state_metric_model |            31.6 |
|                  Metric/self_state_distance |         0.00131 |
|                 Metric/cross_state_distance |            1.09 |
|           Metric/self_state_action_distance |         0.00455 |
|          Metric/cross_state_action_distance |            1.11 |
|             Metric/avg_self_state_asymmetry |               0 |
|            Metric/avg_cross_state_asymmetry |         0.00767 |
|                Metric/avg_self_sa_asymmetry |               0 |
|               Metric/avg_cross_sa_asymmetry |          0.0108 |
|  Metric/self_state_action_to_state_distance |         0.00151 |
| Metric/cross_state_action_to_state_distance |            1.11 |
|                   Metric/h_lambda_diff_self |         0.00356 |
|                  Metric/h_lambda_diff_cross |          0.0161 |
|                                 Eval/Return |            43.7 |
-----------------------------------------------------------------
-----------------------------------------------------------------
|                                 Train/Steps |        2.64e+05 |
|                            Loss/Loss_critic |          0.0366 |
|                             Loss/Loss_actor |           -14.7 |
|                             Loss/Loss_alpha |         0.00121 |
|               Loss/Loss_state_action_metric |           0.143 |
|                      Loss/Loss_state_metric |          0.0912 |
|             Loss/Loss_state_action_to_state |         0.00119 |
|                           Loss/Act_rep_loss |        0.000331 |
|                                   SAC/Alpha |         0.00778 |
|                              SAC/LogPi_mean |            2.65 |
|                                 SAC/Q1_mean |            14.6 |
|                                 SAC/Q2_mean |            14.6 |
|                            Norm/actor_model |            46.1 |
|                           Norm/critic_model |            62.1 |
|              Norm/state_action_metric_model |              35 |
|                     Norm/state_metric_model |            34.5 |
|        Norm/state_action_state_metric_model |            35.2 |
|                  Metric/self_state_distance |         0.00458 |
|                 Metric/cross_state_distance |            1.43 |
|           Metric/self_state_action_distance |          0.0117 |
|          Metric/cross_state_action_distance |            1.55 |
|             Metric/avg_self_state_asymmetry |               0 |
|            Metric/avg_cross_state_asymmetry |          0.0151 |
|                Metric/avg_self_sa_asymmetry |               0 |
|               Metric/avg_cross_sa_asymmetry |          0.0207 |
|  Metric/self_state_action_to_state_distance |          0.0014 |
| Metric/cross_state_action_to_state_distance |            1.54 |
|                   Metric/h_lambda_diff_self |          0.0105 |
|                  Metric/h_lambda_diff_cross |          0.0278 |
|                                 Eval/Return |             542 |
-----------------------------------------------------------------
-----------------------------------------------------------------
|                                 Train/Steps |        3.92e+05 |
|                            Loss/Loss_critic |           0.148 |
|                             Loss/Loss_actor |             -29 |
|                             Loss/Loss_alpha |        0.000621 |
|               Loss/Loss_state_action_metric |           0.493 |
|                      Loss/Loss_state_metric |           0.332 |
|             Loss/Loss_state_action_to_state |         0.00094 |
|                           Loss/Act_rep_loss |        0.000627 |
|                                   SAC/Alpha |          0.0125 |
|                              SAC/LogPi_mean |            3.09 |
|                                 SAC/Q1_mean |            28.8 |
|                                 SAC/Q2_mean |            28.8 |
|                            Norm/actor_model |            56.9 |
|                           Norm/critic_model |            73.7 |
|              Norm/state_action_metric_model |            39.6 |
|                     Norm/state_metric_model |            38.7 |
|        Norm/state_action_state_metric_model |            39.6 |
|                  Metric/self_state_distance |         0.00415 |
|                 Metric/cross_state_distance |            1.85 |
|           Metric/self_state_action_distance |          0.0026 |
|          Metric/cross_state_action_distance |             2.1 |
|             Metric/avg_self_state_asymmetry |               0 |
|            Metric/avg_cross_state_asymmetry |          0.0158 |
|                Metric/avg_self_sa_asymmetry |               0 |
|               Metric/avg_cross_sa_asymmetry |          0.0216 |
|  Metric/self_state_action_to_state_distance |         0.00133 |
| Metric/cross_state_action_to_state_distance |             2.1 |
|                   Metric/h_lambda_diff_self |         0.00234 |
|                  Metric/h_lambda_diff_cross |           0.028 |
|                                 Eval/Return |             941 |
-----------------------------------------------------------------
E0904 00:39:29.880393  246646 cuda_executor.cc:1526] Could not get kernel mode driver version: (INVALID_ARGUMENT: Version does not match the format X.Y.Z)
E0904 00:39:29.888695  246537 cuda_executor.cc:1526] Could not get kernel mode driver version: (INVALID_ARGUMENT: Version does not match the format X.Y.Z)
[32mStart prefilling replay buffer[0m
[32mStart SAC training[0m
[32m{'log_freq': 1000, 'save_freq': 1000000, 'eval_episode_freq': 10, 'hidden_size': 256, 'lr': 0.001, 'max_grad_norm': 0.0, 'gamma': 0.99, 'update_tau': 0.005, 'train_per_step': 8, 'episode_length': 1000, 'warmup_samples': 8192, 'max_replay_size': 4000000, 'batch_size': 512, 'total_env_steps': 5000000, 'init_temperature': 0.1, 'nstep': 1, 'bootstrap_on_truncation': True, 'rep_lr_scale': 0.5, 'vis_feq': 100000, 'n_vis_frames': 4, 'num_envs': 128, 'grad_steps': 50, 'transfer_freq': 10, 'transfer_steps': 8, 'reward_scaling': 1.0, 'num_eval_envs': 128, 'target_entropy': -3.0}[0m
[32m[nstep] nstep=1 bootstrap_on_truncation=True (discount from the buffer already contains gamma^nstep)[0m
-----------------------------------------------------------------
|                                 Train/Steps |        1.36e+05 |
|                            Loss/Loss_critic |         0.00401 |
|                             Loss/Loss_actor |           -7.28 |
|                             Loss/Loss_alpha |          0.0778 |
|               Loss/Loss_state_action_metric |          0.0139 |
|                      Loss/Loss_state_metric |           0.006 |
|             Loss/Loss_state_action_to_state |        0.000349 |
|                           Loss/Act_rep_loss |         0.00144 |
|                                   SAC/Alpha |          0.0157 |
|                              SAC/LogPi_mean |           -1.87 |
|                                 SAC/Q1_mean |            7.18 |
|                                 SAC/Q2_mean |            7.19 |
|                            Norm/actor_model |            29.9 |
|                           Norm/critic_model |            49.8 |
|              Norm/state_action_metric_model |            31.4 |
|                     Norm/state_metric_model |            31.4 |
|        Norm/state_action_state_metric_model |            31.6 |
|                  Metric/self_state_distance |         0.00146 |
|                 Metric/cross_state_distance |            1.09 |
|           Metric/self_state_action_distance |         0.00699 |
|          Metric/cross_state_action_distance |            1.12 |
|             Metric/avg_self_state_asymmetry |               0 |
|            Metric/avg_cross_state_asymmetry |         0.00707 |
|                Metric/avg_self_sa_asymmetry |               0 |
|               Metric/avg_cross_sa_asymmetry |          0.0102 |
|  Metric/self_state_action_to_state_distance |         0.00327 |
| Metric/cross_state_action_to_state_distance |            1.11 |
|                   Metric/h_lambda_diff_self |         0.00689 |
|                  Metric/h_lambda_diff_cross |          0.0164 |
|                                 Eval/Return |            70.7 |
-----------------------------------------------------------------
-----------------------------------------------------------------
|                                 Train/Steps |        2.64e+05 |
|                            Loss/Loss_critic |          0.0616 |
|                             Loss/Loss_actor |           -14.5 |
|                             Loss/Loss_alpha |        -0.00435 |
|               Loss/Loss_state_action_metric |           0.286 |
|                      Loss/Loss_state_metric |            0.18 |
|             Loss/Loss_state_action_to_state |         0.00119 |
|                           Loss/Act_rep_loss |        0.000128 |
|                                   SAC/Alpha |         0.00899 |
|                              SAC/LogPi_mean |            3.27 |
|                                 SAC/Q1_mean |            14.3 |
|                                 SAC/Q2_mean |            14.3 |
|                            Norm/actor_model |            45.8 |
|                           Norm/critic_model |              63 |
|              Norm/state_action_metric_model |              35 |
|                     Norm/state_metric_model |            34.7 |
|        Norm/state_action_state_metric_model |            35.3 |
|                  Metric/self_state_distance |         0.00267 |
|                 Metric/cross_state_distance |            1.52 |
|           Metric/self_state_action_distance |         0.00526 |
|          Metric/cross_state_action_distance |            1.67 |
|             Metric/avg_self_state_asymmetry |               0 |
|            Metric/avg_cross_state_asymmetry |          0.0146 |
|                Metric/avg_self_sa_asymmetry |               0 |
|               Metric/avg_cross_sa_asymmetry |          0.0213 |
|  Metric/self_state_action_to_state_distance |         0.00211 |
| Metric/cross_state_action_to_state_distance |            1.67 |
|                   Metric/h_lambda_diff_self |         0.00434 |
|                  Metric/h_lambda_diff_cross |          0.0286 |
|                                 Eval/Return |             677 |
-----------------------------------------------------------------
-----------------------------------------------------------------
|                                 Train/Steps |        3.92e+05 |
|                            Loss/Loss_critic |           0.138 |
|                             Loss/Loss_actor |           -31.7 |
|                             Loss/Loss_alpha |         -0.0175 |
|               Loss/Loss_state_action_metric |           0.569 |
|                      Loss/Loss_state_metric |           0.385 |
|             Loss/Loss_state_action_to_state |         0.00102 |
|                           Loss/Act_rep_loss |        0.000851 |
|                                   SAC/Alpha |          0.0201 |
|                              SAC/LogPi_mean |            3.63 |
|                                 SAC/Q1_mean |            31.3 |
|                                 SAC/Q2_mean |            31.4 |
|                            Norm/actor_model |            55.2 |
|                           Norm/critic_model |            74.6 |
|              Norm/state_action_metric_model |            39.3 |
|                     Norm/state_metric_model |            39.1 |
|        Norm/state_action_state_metric_model |              40 |
|                  Metric/self_state_distance |         0.00253 |
|                 Metric/cross_state_distance |            1.87 |
|           Metric/self_state_action_distance |         0.00205 |
|          Metric/cross_state_action_distance |            2.13 |
|             Metric/avg_self_state_asymmetry |               0 |
|            Metric/avg_cross_state_asymmetry |          0.0155 |
|                Metric/avg_self_sa_asymmetry |               0 |
|               Metric/avg_cross_sa_asymmetry |          0.0206 |
|  Metric/self_state_action_to_state_distance |         0.00144 |
| Metric/cross_state_action_to_state_distance |            2.12 |
|                   Metric/h_lambda_diff_self |         0.00183 |
|                  Metric/h_lambda_diff_cross |          0.0265 |
|                                 Eval/Return |             953 |
-----------------------------------------------------------------
E0904 00:42:32.213059  248490 cuda_executor.cc:1526] Could not get kernel mode driver version: (INVALID_ARGUMENT: Version does not match the format X.Y.Z)
E0904 00:42:32.221537  248381 cuda_executor.cc:1526] Could not get kernel mode driver version: (INVALID_ARGUMENT: Version does not match the format X.Y.Z)
[32mStart prefilling replay buffer[0m
[32mStart SAC training[0m
[32m{'log_freq': 1000, 'save_freq': 1000000, 'eval_episode_freq': 10, 'hidden_size': 256, 'lr': 0.001, 'max_grad_norm': 0.0, 'gamma': 0.99, 'update_tau': 0.005, 'train_per_step': 8, 'episode_length': 1000, 'warmup_samples': 8192, 'max_replay_size': 4000000, 'batch_size': 512, 'total_env_steps': 5000000, 'init_temperature': 0.1, 'nstep': 1, 'bootstrap_on_truncation': True, 'rep_lr_scale': 0.01, 'vis_feq': 100000, 'n_vis_frames': 4, 'num_envs': 128, 'grad_steps': 50, 'transfer_freq': 10, 'transfer_steps': 8, 'reward_scaling': 1.0, 'num_eval_envs': 128, 'target_entropy': -3.0}[0m
[32m[nstep] nstep=1 bootstrap_on_truncation=True (discount from the buffer already contains gamma^nstep)[0m
-----------------------------------------------------------------
|                                 Train/Steps |        1.36e+05 |
|                            Loss/Loss_critic |         0.00576 |
|                             Loss/Loss_actor |           -7.37 |
|                             Loss/Loss_alpha |          0.0812 |
|               Loss/Loss_state_action_metric |          0.0159 |
|                      Loss/Loss_state_metric |         0.00732 |
|             Loss/Loss_state_action_to_state |        0.000343 |
|                           Loss/Act_rep_loss |           0.002 |
|                                   SAC/Alpha |          0.0157 |
|                              SAC/LogPi_mean |           -2.04 |
|                                 SAC/Q1_mean |            7.27 |
|                                 SAC/Q2_mean |            7.28 |
|                            Norm/actor_model |            30.3 |
|                           Norm/critic_model |            50.6 |
|              Norm/state_action_metric_model |            31.5 |
|                     Norm/state_metric_model |            31.3 |
|        Norm/state_action_state_metric_model |            31.6 |
|                  Metric/self_state_distance |          0.0015 |
|                 Metric/cross_state_distance |             1.1 |
|           Metric/self_state_action_distance |         0.00418 |
|          Metric/cross_state_action_distance |            1.13 |
|             Metric/avg_self_state_asymmetry |               0 |
|            Metric/avg_cross_state_asymmetry |         0.00808 |
|                Metric/avg_self_sa_asymmetry |               0 |
|               Metric/avg_cross_sa_asymmetry |          0.0126 |
|  Metric/self_state_action_to_state_distance |         0.00217 |
| Metric/cross_state_action_to_state_distance |            1.12 |
|                   Metric/h_lambda_diff_self |         0.00404 |
|                  Metric/h_lambda_diff_cross |          0.0181 |
|                                 Eval/Return |            32.9 |
-----------------------------------------------------------------
-----------------------------------------------------------------
|                                 Train/Steps |        2.64e+05 |
|                            Loss/Loss_critic |           0.109 |
|                             Loss/Loss_actor |           -20.6 |
|                             Loss/Loss_alpha |        -0.00387 |
|               Loss/Loss_state_action_metric |           0.541 |
|                      Loss/Loss_state_metric |            0.35 |
|             Loss/Loss_state_action_to_state |         0.00112 |
|                           Loss/Act_rep_loss |        0.000136 |
|                                   SAC/Alpha |          0.0136 |
|                              SAC/LogPi_mean |            3.22 |
|                                 SAC/Q1_mean |            20.3 |
|                                 SAC/Q2_mean |            20.4 |
|                            Norm/actor_model |            47.1 |
|                           Norm/critic_model |            64.6 |
|              Norm/state_action_metric_model |            35.2 |
|                     Norm/state_metric_model |            34.6 |
|        Norm/state_action_state_metric_model |            35.6 |
|                  Metric/self_state_distance |          0.0033 |
|                 Metric/cross_state_distance |            1.83 |
|           Metric/self_state_action_distance |         0.00557 |
|          Metric/cross_state_action_distance |            2.11 |
|             Metric/avg_self_state_asymmetry |               0 |
|            Metric/avg_cross_state_asymmetry |          0.0201 |
|                Metric/avg_self_sa_asymmetry |               0 |
|               Metric/avg_cross_sa_asymmetry |          0.0209 |
|  Metric/self_state_action_to_state_distance |         0.00265 |
| Metric/cross_state_action_to_state_distance |            2.08 |
|                   Metric/h_lambda_diff_self |         0.00483 |
|                  Metric/h_lambda_diff_cross |          0.0406 |
|                                 Eval/Return |             948 |
-----------------------------------------------------------------
-----------------------------------------------------------------
|                                 Train/Steps |        3.92e+05 |
|                            Loss/Loss_critic |           0.108 |
|                             Loss/Loss_actor |           -44.6 |
|                             Loss/Loss_alpha |         0.00109 |
|               Loss/Loss_state_action_metric |           0.764 |
|                      Loss/Loss_state_metric |           0.528 |
|             Loss/Loss_state_action_to_state |        0.000617 |
|                           Loss/Act_rep_loss |         0.00153 |
|                                   SAC/Alpha |          0.0185 |
|                              SAC/LogPi_mean |            2.78 |
|                                 SAC/Q1_mean |            44.3 |
|                                 SAC/Q2_mean |            44.4 |
|                            Norm/actor_model |            56.6 |
|                           Norm/critic_model |              75 |
|              Norm/state_action_metric_model |            39.1 |
|                     Norm/state_metric_model |            38.8 |
|        Norm/state_action_state_metric_model |            39.9 |
|                  Metric/self_state_distance |         0.00379 |
|                 Metric/cross_state_distance |            2.07 |
|           Metric/self_state_action_distance |         0.00311 |
|          Metric/cross_state_action_distance |            2.36 |
|             Metric/avg_self_state_asymmetry |               0 |
|            Metric/avg_cross_state_asymmetry |          0.0178 |
|                Metric/avg_self_sa_asymmetry |               0 |
|               Metric/avg_cross_sa_asymmetry |          0.0177 |
|  Metric/self_state_action_to_state_distance |         0.00305 |
| Metric/cross_state_action_to_state_distance |            2.37 |
|                   Metric/h_lambda_diff_self |         0.00282 |
|                  Metric/h_lambda_diff_cross |          0.0241 |
|                                 Eval/Return |             963 |
-----------------------------------------------------------------
-----------------------------------------------------------------
|                                 Train/Steps |         5.2e+05 |
|                            Loss/Loss_critic |          0.0882 |
|                             Loss/Loss_actor |           -61.7 |
|                             Loss/Loss_alpha |       -0.000672 |
|               Loss/Loss_state_action_metric |           0.774 |
|                      Loss/Loss_state_metric |           0.522 |
|             Loss/Loss_state_action_to_state |        0.000638 |
|                           Loss/Act_rep_loss |         0.00593 |
|                                   SAC/Alpha |          0.0128 |
|                              SAC/LogPi_mean |            3.09 |
|                                 SAC/Q1_mean |            61.5 |
|                                 SAC/Q2_mean |            61.5 |
|                            Norm/actor_model |            63.8 |
|                           Norm/critic_model |            82.3 |
|              Norm/state_action_metric_model |              43 |
|                     Norm/state_metric_model |            43.2 |
|        Norm/state_action_state_metric_model |            43.7 |
|                  Metric/self_state_distance |         0.00347 |
|                 Metric/cross_state_distance |            2.05 |
|           Metric/self_state_action_distance |         0.00356 |
|          Metric/cross_state_action_distance |            2.35 |
|             Metric/avg_self_state_asymmetry |               0 |
|            Metric/avg_cross_state_asymmetry |          0.0124 |
|                Metric/avg_self_sa_asymmetry |               0 |
|               Metric/avg_cross_sa_asymmetry |          0.0157 |
|  Metric/self_state_action_to_state_distance |        0.000804 |
| Metric/cross_state_action_to_state_distance |            2.35 |
|                   Metric/h_lambda_diff_self |         0.00288 |
|                  Metric/h_lambda_diff_cross |          0.0252 |
|                                 Eval/Return |             963 |
-----------------------------------------------------------------
-----------------------------------------------------------------
|                                 Train/Steps |        6.48e+05 |
|                            Loss/Loss_critic |          0.0716 |
|                             Loss/Loss_actor |           -72.8 |
|                             Loss/Loss_alpha |       -0.000106 |
|               Loss/Loss_state_action_metric |           0.747 |
|                      Loss/Loss_state_metric |           0.515 |
|             Loss/Loss_state_action_to_state |        0.000513 |
|                           Loss/Act_rep_loss |         0.00146 |
|                                   SAC/Alpha |         0.00991 |
|                              SAC/LogPi_mean |            2.92 |
|                                 SAC/Q1_mean |            72.6 |
|                                 SAC/Q2_mean |            72.7 |
|                            Norm/actor_model |            69.7 |
|                           Norm/critic_model |              89 |
|              Norm/state_action_metric_model |            46.7 |
|                     Norm/state_metric_model |            47.3 |
|        Norm/state_action_state_metric_model |            47.1 |
|                  Metric/self_state_distance |         0.00177 |
|                 Metric/cross_state_distance |            2.01 |
|           Metric/self_state_action_distance |          0.0013 |
|          Metric/cross_state_action_distance |             2.3 |
|             Metric/avg_self_state_asymmetry |               0 |
|            Metric/avg_cross_state_asymmetry |          0.0101 |
|                Metric/avg_self_sa_asymmetry |               0 |
|               Metric/avg_cross_sa_asymmetry |          0.0148 |
|  Metric/self_state_action_to_state_distance |         0.00222 |
| Metric/cross_state_action_to_state_distance |            2.28 |
|                   Metric/h_lambda_diff_self |         0.00184 |
|                  Metric/h_lambda_diff_cross |          0.0254 |
|                                 Eval/Return |             967 |
-----------------------------------------------------------------
-----------------------------------------------------------------
|                                 Train/Steps |        7.76e+05 |
|                            Loss/Loss_critic |           0.103 |
|                             Loss/Loss_actor |           -79.9 |
|                             Loss/Loss_alpha |       -0.000227 |
|               Loss/Loss_state_action_metric |           0.611 |
|                      Loss/Loss_state_metric |           0.415 |
|             Loss/Loss_state_action_to_state |        0.000565 |
|                           Loss/Act_rep_loss |         0.00521 |
|                                   SAC/Alpha |         0.00787 |
|                              SAC/LogPi_mean |            3.14 |
|                                 SAC/Q1_mean |            79.7 |
|                                 SAC/Q2_mean |            79.8 |
|                            Norm/actor_model |            74.8 |
|                           Norm/critic_model |            95.3 |
|              Norm/state_action_metric_model |            50.2 |
|                     Norm/state_metric_model |            51.5 |
|        Norm/state_action_state_metric_model |            50.5 |
|                  Metric/self_state_distance |         0.00174 |
|                 Metric/cross_state_distance |            1.83 |
|           Metric/self_state_action_distance |          0.0027 |
|          Metric/cross_state_action_distance |            2.09 |
|             Metric/avg_self_state_asymmetry |               0 |
|            Metric/avg_cross_state_asymmetry |          0.0106 |
|                Metric/avg_self_sa_asymmetry |               0 |
|               Metric/avg_cross_sa_asymmetry |          0.0141 |
|  Metric/self_state_action_to_state_distance |         0.00193 |
| Metric/cross_state_action_to_state_distance |            2.07 |
|                   Metric/h_lambda_diff_self |         0.00387 |
|                  Metric/h_lambda_diff_cross |          0.0231 |
|                                 Eval/Return |             965 |
-----------------------------------------------------------------
E0904 00:48:11.544109  250639 cuda_executor.cc:1526] Could not get kernel mode driver version: (INVALID_ARGUMENT: Version does not match the format X.Y.Z)
E0904 00:48:11.552454  250527 cuda_executor.cc:1526] Could not get kernel mode driver version: (INVALID_ARGUMENT: Version does not match the format X.Y.Z)
[32mStart prefilling replay buffer[0m
[32mStart SAC training[0m
[32m{'log_freq': 1000, 'save_freq': 1000000, 'eval_episode_freq': 10, 'hidden_size': 256, 'lr': 0.001, 'max_grad_norm': 0.0, 'gamma': 0.99, 'update_tau': 0.005, 'train_per_step': 8, 'episode_length': 1000, 'warmup_samples': 8192, 'max_replay_size': 4000000, 'batch_size': 512, 'total_env_steps': 5000000, 'init_temperature': 0.1, 'nstep': 1, 'bootstrap_on_truncation': True, 'rep_lr_scale': 0.01, 'vis_feq': 100000, 'n_vis_frames': 4, 'num_envs': 128, 'grad_steps': 50, 'transfer_freq': 10, 'transfer_steps': 8, 'reward_scaling': 1.0, 'num_eval_envs': 128, 'target_entropy': -3.0}[0m
[32m[nstep] nstep=1 bootstrap_on_truncation=True (discount from the buffer already contains gamma^nstep)[0m
-----------------------------------------------------------------
|                                 Train/Steps |        1.36e+05 |
|                            Loss/Loss_critic |         0.00576 |
|                             Loss/Loss_actor |           -7.37 |
|                             Loss/Loss_alpha |          0.0812 |
|               Loss/Loss_state_action_metric |          0.0159 |
|                      Loss/Loss_state_metric |         0.00732 |
|             Loss/Loss_state_action_to_state |        0.000343 |
|                           Loss/Act_rep_loss |           0.002 |
|                                   SAC/Alpha |          0.0157 |
|                              SAC/LogPi_mean |           -2.04 |
|                                 SAC/Q1_mean |            7.27 |
|                                 SAC/Q2_mean |            7.28 |
|                            Norm/actor_model |            30.3 |
|                           Norm/critic_model |            50.6 |
|              Norm/state_action_metric_model |            31.5 |
|                     Norm/state_metric_model |            31.3 |
|        Norm/state_action_state_metric_model |            31.6 |
|                  Metric/self_state_distance |          0.0015 |
|                 Metric/cross_state_distance |             1.1 |
|           Metric/self_state_action_distance |         0.00418 |
|          Metric/cross_state_action_distance |            1.13 |
|             Metric/avg_self_state_asymmetry |               0 |
|            Metric/avg_cross_state_asymmetry |         0.00808 |
|                Metric/avg_self_sa_asymmetry |               0 |
|               Metric/avg_cross_sa_asymmetry |          0.0126 |
|  Metric/self_state_action_to_state_distance |         0.00217 |
| Metric/cross_state_action_to_state_distance |            1.12 |
|                   Metric/h_lambda_diff_self |         0.00404 |
|                  Metric/h_lambda_diff_cross |          0.0181 |
|                                 Eval/Return |            32.9 |
-----------------------------------------------------------------
-----------------------------------------------------------------
|                                 Train/Steps |        2.64e+05 |
|                            Loss/Loss_critic |           0.109 |
|                             Loss/Loss_actor |           -20.6 |
|                             Loss/Loss_alpha |        -0.00387 |
|               Loss/Loss_state_action_metric |           0.541 |
|                      Loss/Loss_state_metric |            0.35 |
|             Loss/Loss_state_action_to_state |         0.00112 |
|                           Loss/Act_rep_loss |        0.000136 |
|                                   SAC/Alpha |          0.0136 |
|                              SAC/LogPi_mean |            3.22 |
|                                 SAC/Q1_mean |            20.3 |
|                                 SAC/Q2_mean |            20.4 |
|                            Norm/actor_model |            47.1 |
|                           Norm/critic_model |            64.6 |
|              Norm/state_action_metric_model |            35.2 |
|                     Norm/state_metric_model |            34.6 |
|        Norm/state_action_state_metric_model |            35.6 |
|                  Metric/self_state_distance |          0.0033 |
|                 Metric/cross_state_distance |            1.83 |
|           Metric/self_state_action_distance |         0.00557 |
|          Metric/cross_state_action_distance |            2.11 |
|             Metric/avg_self_state_asymmetry |               0 |
|            Metric/avg_cross_state_asymmetry |          0.0201 |
|                Metric/avg_self_sa_asymmetry |               0 |
|               Metric/avg_cross_sa_asymmetry |          0.0209 |
|  Metric/self_state_action_to_state_distance |         0.00265 |
| Metric/cross_state_action_to_state_distance |            2.08 |
|                   Metric/h_lambda_diff_self |         0.00483 |
|                  Metric/h_lambda_diff_cross |          0.0406 |
|                                 Eval/Return |             948 |
-----------------------------------------------------------------
-----------------------------------------------------------------
|                                 Train/Steps |        3.92e+05 |
|                            Loss/Loss_critic |           0.108 |
|                             Loss/Loss_actor |           -44.6 |
|                             Loss/Loss_alpha |         0.00109 |
|               Loss/Loss_state_action_metric |           0.764 |
|                      Loss/Loss_state_metric |           0.528 |
|             Loss/Loss_state_action_to_state |        0.000617 |
|                           Loss/Act_rep_loss |         0.00153 |
|                                   SAC/Alpha |          0.0185 |
|                              SAC/LogPi_mean |            2.78 |
|                                 SAC/Q1_mean |            44.3 |
|                                 SAC/Q2_mean |            44.4 |
|                            Norm/actor_model |            56.6 |
|                           Norm/critic_model |              75 |
|              Norm/state_action_metric_model |            39.1 |
|                     Norm/state_metric_model |            38.8 |
|        Norm/state_action_state_metric_model |            39.9 |
|                  Metric/self_state_distance |         0.00379 |
|                 Metric/cross_state_distance |            2.07 |
|           Metric/self_state_action_distance |         0.00311 |
|          Metric/cross_state_action_distance |            2.36 |
|             Metric/avg_self_state_asymmetry |               0 |
|            Metric/avg_cross_state_asymmetry |          0.0178 |
|                Metric/avg_self_sa_asymmetry |               0 |
|               Metric/avg_cross_sa_asymmetry |          0.0177 |
|  Metric/self_state_action_to_state_distance |         0.00305 |
| Metric/cross_state_action_to_state_distance |            2.37 |
|                   Metric/h_lambda_diff_self |         0.00282 |
|                  Metric/h_lambda_diff_cross |          0.0241 |
|                                 Eval/Return |             963 |
-----------------------------------------------------------------
-----------------------------------------------------------------
|                                 Train/Steps |         5.2e+05 |
|                            Loss/Loss_critic |          0.0882 |
|                             Loss/Loss_actor |           -61.7 |
|                             Loss/Loss_alpha |       -0.000672 |
|               Loss/Loss_state_action_metric |           0.774 |
|                      Loss/Loss_state_metric |           0.522 |
|             Loss/Loss_state_action_to_state |        0.000638 |
|                           Loss/Act_rep_loss |         0.00593 |
|                                   SAC/Alpha |          0.0128 |
|                              SAC/LogPi_mean |            3.09 |
|                                 SAC/Q1_mean |            61.5 |
|                                 SAC/Q2_mean |            61.5 |
|                            Norm/actor_model |            63.8 |
|                           Norm/critic_model |            82.3 |
|              Norm/state_action_metric_model |              43 |
|                     Norm/state_metric_model |            43.2 |
|        Norm/state_action_state_metric_model |            43.7 |
|                  Metric/self_state_distance |         0.00347 |
|                 Metric/cross_state_distance |            2.05 |
|           Metric/self_state_action_distance |         0.00356 |
|          Metric/cross_state_action_distance |            2.35 |
|             Metric/avg_self_state_asymmetry |               0 |
|            Metric/avg_cross_state_asymmetry |          0.0124 |
|                Metric/avg_self_sa_asymmetry |               0 |
|               Metric/avg_cross_sa_asymmetry |          0.0157 |
|  Metric/self_state_action_to_state_distance |        0.000804 |
| Metric/cross_state_action_to_state_distance |            2.35 |
|                   Metric/h_lambda_diff_self |         0.00288 |
|                  Metric/h_lambda_diff_cross |          0.0252 |
|                                 Eval/Return |             963 |
-----------------------------------------------------------------
E0904 00:52:16.369651  252601 cuda_executor.cc:1526] Could not get kernel mode driver version: (INVALID_ARGUMENT: Version does not match the format X.Y.Z)
E0904 00:52:16.378116  252492 cuda_executor.cc:1526] Could not get kernel mode driver version: (INVALID_ARGUMENT: Version does not match the format X.Y.Z)
[32mStart prefilling replay buffer[0m
[32mStart SAC training[0m
[32m{'log_freq': 1000, 'save_freq': 1000000, 'eval_episode_freq': 10, 'hidden_size': 256, 'lr': 0.001, 'max_grad_norm': 0.0, 'gamma': 0.99, 'update_tau': 0.005, 'train_per_step': 8, 'episode_length': 1000, 'warmup_samples': 8192, 'max_replay_size': 4000000, 'batch_size': 512, 'total_env_steps': 5000000, 'init_temperature': 0.1, 'nstep': 3, 'bootstrap_on_truncation': True, 'rep_lr_scale': 0.01, 'vis_feq': 100000, 'n_vis_frames': 4, 'num_envs': 128, 'grad_steps': 50, 'transfer_freq': 10, 'transfer_steps': 8, 'reward_scaling': 1.0, 'num_eval_envs': 128, 'target_entropy': -3.0}[0m
[32m[nstep] nstep=3 bootstrap_on_truncation=True (discount from the buffer already contains gamma^nstep)[0m
-----------------------------------------------------------------
|                                 Train/Steps |        1.36e+05 |
|                            Loss/Loss_critic |          0.0305 |
|                             Loss/Loss_actor |           -8.05 |
|                             Loss/Loss_alpha |         0.00931 |
|               Loss/Loss_state_action_metric |            0.21 |
|                      Loss/Loss_state_metric |           0.112 |
|             Loss/Loss_state_action_to_state |        0.000738 |
|                           Loss/Act_rep_loss |         0.00792 |
|                                   SAC/Alpha |          0.0189 |
|                              SAC/LogPi_mean |            2.56 |
|                                 SAC/Q1_mean |            7.81 |
|                                 SAC/Q2_mean |            7.82 |
|                            Norm/actor_model |            32.3 |
|                           Norm/critic_model |            51.7 |
|              Norm/state_action_metric_model |            31.2 |
|                     Norm/state_metric_model |            30.4 |
|        Norm/state_action_state_metric_model |              31 |
|                  Metric/self_state_distance |         0.00418 |
|                 Metric/cross_state_distance |            1.52 |
|           Metric/self_state_action_distance |           0.011 |
|          Metric/cross_state_action_distance |            1.68 |
|             Metric/avg_self_state_asymmetry |               0 |
|            Metric/avg_cross_state_asymmetry |          0.0113 |
|                Metric/avg_self_sa_asymmetry |               0 |
|               Metric/avg_cross_sa_asymmetry |          0.0161 |
|  Metric/self_state_action_to_state_distance |         0.00182 |
| Metric/cross_state_action_to_state_distance |            1.67 |
|                   Metric/h_lambda_diff_self |          0.0101 |
|                  Metric/h_lambda_diff_cross |          0.0257 |
|                                 Eval/Return |             269 |
-----------------------------------------------------------------
-----------------------------------------------------------------
|                                 Train/Steps |        2.64e+05 |
|                            Loss/Loss_critic |          0.0444 |
|                             Loss/Loss_actor |           -22.1 |
|                             Loss/Loss_alpha |         -0.0028 |
|               Loss/Loss_state_action_metric |           0.782 |
|                      Loss/Loss_state_metric |           0.431 |
|             Loss/Loss_state_action_to_state |        0.000845 |
|                           Loss/Act_rep_loss |         0.00142 |
|                                   SAC/Alpha |          0.0182 |
|                              SAC/LogPi_mean |               3 |
|                                 SAC/Q1_mean |            21.9 |
|                                 SAC/Q2_mean |            21.9 |
|                            Norm/actor_model |            48.4 |
|                           Norm/critic_model |            62.1 |
|              Norm/state_action_metric_model |            32.7 |
|                     Norm/state_metric_model |            31.7 |
|        Norm/state_action_state_metric_model |            32.7 |
|                  Metric/self_state_distance |          0.0017 |
|                 Metric/cross_state_distance |            2.03 |
|           Metric/self_state_action_distance |         0.00901 |
|          Metric/cross_state_action_distance |            2.38 |
|             Metric/avg_self_state_asymmetry |               0 |
|            Metric/avg_cross_state_asymmetry |          0.0141 |
|                Metric/avg_self_sa_asymmetry |               0 |
|               Metric/avg_cross_sa_asymmetry |          0.0195 |
|  Metric/self_state_action_to_state_distance |         0.00166 |
| Metric/cross_state_action_to_state_distance |            2.38 |
|                   Metric/h_lambda_diff_self |         0.00841 |
|                  Metric/h_lambda_diff_cross |          0.0372 |
|                                 Eval/Return |             512 |
-----------------------------------------------------------------
-----------------------------------------------------------------
|                                 Train/Steps |        3.92e+05 |
|                            Loss/Loss_critic |          0.0605 |
|                             Loss/Loss_actor |             -34 |
|                             Loss/Loss_alpha |         0.00245 |
|               Loss/Loss_state_action_metric |           0.755 |
|                      Loss/Loss_state_metric |            0.44 |
|             Loss/Loss_state_action_to_state |        0.000696 |
|                           Loss/Act_rep_loss |        0.000199 |
|                                   SAC/Alpha |          0.0213 |
|                              SAC/LogPi_mean |            2.87 |
|                                 SAC/Q1_mean |            33.7 |
|                                 SAC/Q2_mean |            33.8 |
|                            Norm/actor_model |            57.5 |
|                           Norm/critic_model |            70.6 |
|              Norm/state_action_metric_model |              35 |
|                     Norm/state_metric_model |            34.7 |
|        Norm/state_action_state_metric_model |            34.9 |
|                  Metric/self_state_distance |         0.00222 |
|                 Metric/cross_state_distance |            1.94 |
|           Metric/self_state_action_distance |         0.00355 |
|          Metric/cross_state_action_distance |             2.4 |
|             Metric/avg_self_state_asymmetry |               0 |
|            Metric/avg_cross_state_asymmetry |          0.0144 |
|                Metric/avg_self_sa_asymmetry |               0 |
|               Metric/avg_cross_sa_asymmetry |          0.0221 |
|  Metric/self_state_action_to_state_distance |         0.00159 |
| Metric/cross_state_action_to_state_distance |            2.39 |
|                   Metric/h_lambda_diff_self |         0.00336 |
|                  Metric/h_lambda_diff_cross |          0.0356 |
|                                 Eval/Return |             556 |
-----------------------------------------------------------------
-----------------------------------------------------------------
|                                 Train/Steps |         5.2e+05 |
|                            Loss/Loss_critic |          0.0733 |
|                             Loss/Loss_actor |           -42.1 |
|                             Loss/Loss_alpha |        -0.00952 |
|               Loss/Loss_state_action_metric |           0.806 |
|                      Loss/Loss_state_metric |           0.445 |
|             Loss/Loss_state_action_to_state |        0.000672 |
|                           Loss/Act_rep_loss |        0.000135 |
|                                   SAC/Alpha |          0.0217 |
|                              SAC/LogPi_mean |            3.53 |
|                                 SAC/Q1_mean |            41.9 |
|                                 SAC/Q2_mean |            41.9 |
|                            Norm/actor_model |            64.5 |
|                           Norm/critic_model |            77.7 |
|              Norm/state_action_metric_model |            37.6 |
|                     Norm/state_metric_model |            38.2 |
|        Norm/state_action_state_metric_model |            37.2 |
|                  Metric/self_state_distance |         0.00138 |
|                 Metric/cross_state_distance |            1.95 |
|           Metric/self_state_action_distance |          0.0013 |
|          Metric/cross_state_action_distance |             2.4 |
|             Metric/avg_self_state_asymmetry |               0 |
|            Metric/avg_cross_state_asymmetry |          0.0129 |
|                Metric/avg_self_sa_asymmetry |               0 |
|               Metric/avg_cross_sa_asymmetry |          0.0165 |
|  Metric/self_state_action_to_state_distance |         0.00116 |
| Metric/cross_state_action_to_state_distance |             2.4 |
|                   Metric/h_lambda_diff_self |         0.00116 |
|                  Metric/h_lambda_diff_cross |          0.0254 |
|                                 Eval/Return |             591 |
-----------------------------------------------------------------
-----------------------------------------------------------------
|                                 Train/Steps |        6.48e+05 |
|                            Loss/Loss_critic |          0.0792 |
|                             Loss/Loss_actor |           -47.3 |
|                             Loss/Loss_alpha |         0.00786 |
|               Loss/Loss_state_action_metric |           0.877 |
|                      Loss/Loss_state_metric |           0.488 |
|             Loss/Loss_state_action_to_state |         0.00126 |
|                           Loss/Act_rep_loss |        0.000208 |
|                                   SAC/Alpha |          0.0205 |
|                              SAC/LogPi_mean |            2.56 |
|                                 SAC/Q1_mean |            47.1 |
|                                 SAC/Q2_mean |            47.2 |
|                            Norm/actor_model |              70 |
|                           Norm/critic_model |            83.9 |
|              Norm/state_action_metric_model |            40.2 |
|                     Norm/state_metric_model |            41.6 |
|        Norm/state_action_state_metric_model |            39.4 |
|                  Metric/self_state_distance |         0.00257 |
|                 Metric/cross_state_distance |            1.98 |
|           Metric/self_state_action_distance |          0.0017 |
|          Metric/cross_state_action_distance |            2.42 |
|             Metric/avg_self_state_asymmetry |               0 |
|            Metric/avg_cross_state_asymmetry |          0.0121 |
|                Metric/avg_self_sa_asymmetry |               0 |
|               Metric/avg_cross_sa_asymmetry |          0.0151 |
|  Metric/self_state_action_to_state_distance |         0.00199 |
| Metric/cross_state_action_to_state_distance |            2.42 |
|                   Metric/h_lambda_diff_self |         0.00261 |
|                  Metric/h_lambda_diff_cross |          0.0261 |
|                                 Eval/Return |             605 |
-----------------------------------------------------------------
-----------------------------------------------------------------
|                                 Train/Steps |        7.76e+05 |
|                            Loss/Loss_critic |          0.0614 |
|                             Loss/Loss_actor |           -50.3 |
|                             Loss/Loss_alpha |         0.00809 |
|               Loss/Loss_state_action_metric |           0.732 |
|                      Loss/Loss_state_metric |           0.363 |
|             Loss/Loss_state_action_to_state |        0.000716 |
|                           Loss/Act_rep_loss |        0.000164 |
|                                   SAC/Alpha |          0.0196 |
|                              SAC/LogPi_mean |            2.86 |
|                                 SAC/Q1_mean |            50.1 |
|                                 SAC/Q2_mean |            50.1 |
|                            Norm/actor_model |              75 |
|                           Norm/critic_model |            89.8 |
|              Norm/state_action_metric_model |            42.6 |
|                     Norm/state_metric_model |            44.8 |
|        Norm/state_action_state_metric_model |            41.7 |
|                  Metric/self_state_distance |         0.00193 |
|                 Metric/cross_state_distance |            1.82 |
|           Metric/self_state_action_distance |         0.00503 |
|          Metric/cross_state_action_distance |            2.28 |
|             Metric/avg_self_state_asymmetry |               0 |
|            Metric/avg_cross_state_asymmetry |          0.0114 |
|                Metric/avg_self_sa_asymmetry |               0 |
|               Metric/avg_cross_sa_asymmetry |          0.0145 |
|  Metric/self_state_action_to_state_distance |        6.65e-05 |
| Metric/cross_state_action_to_state_distance |            2.28 |
|                   Metric/h_lambda_diff_self |         0.00497 |
|                  Metric/h_lambda_diff_cross |          0.0275 |
|                                 Eval/Return |             606 |
-----------------------------------------------------------------
E0904 01:00:20.646016  254845 cuda_executor.cc:1526] Could not get kernel mode driver version: (INVALID_ARGUMENT: Version does not match the format X.Y.Z)
E0904 01:00:20.654211  254736 cuda_executor.cc:1526] Could not get kernel mode driver version: (INVALID_ARGUMENT: Version does not match the format X.Y.Z)
[32mStart prefilling replay buffer[0m
[32mStart SAC training[0m
[32m{'log_freq': 1000, 'save_freq': 1000000, 'eval_episode_freq': 10, 'hidden_size': 256, 'lr': 0.001, 'max_grad_norm': 0.0, 'gamma': 0.99, 'update_tau': 0.005, 'train_per_step': 8, 'episode_length': 1000, 'warmup_samples': 8192, 'max_replay_size': 4000000, 'batch_size': 512, 'total_env_steps': 5000000, 'init_temperature': 0.1, 'nstep': 3, 'bootstrap_on_truncation': True, 'rep_lr_scale': 0.01, 'vis_feq': 100000, 'n_vis_frames': 4, 'num_envs': 128, 'grad_steps': 50, 'transfer_freq': 10, 'transfer_steps': 8, 'reward_scaling': 1.0, 'num_eval_envs': 128, 'target_entropy': -3.0}[0m
[32m[nstep] nstep=3 bootstrap_on_truncation=True (discount from the buffer already contains gamma^nstep)[0m
-----------------------------------------------------------------
|                                 Train/Steps |        1.36e+05 |
|                            Loss/Loss_critic |          0.0231 |
|                             Loss/Loss_actor |           -9.95 |
|                             Loss/Loss_alpha |          0.0352 |
|               Loss/Loss_state_action_metric |           0.174 |
|                      Loss/Loss_state_metric |           0.104 |
|             Loss/Loss_state_action_to_state |         0.00102 |
|                           Loss/Act_rep_loss |        0.000996 |
|                                   SAC/Alpha |          0.0182 |
|                              SAC/LogPi_mean |            1.29 |
|                                 SAC/Q1_mean |             9.8 |
|                                 SAC/Q2_mean |            9.79 |
|                            Norm/actor_model |            38.4 |
|                           Norm/critic_model |            47.8 |
|              Norm/state_action_metric_model |            30.8 |
|                     Norm/state_metric_model |            30.2 |
|        Norm/state_action_state_metric_model |              31 |
|                  Metric/self_state_distance |         0.00386 |
|                 Metric/cross_state_distance |            1.52 |
|           Metric/self_state_action_distance |         0.00676 |
|          Metric/cross_state_action_distance |             1.7 |
|             Metric/avg_self_state_asymmetry |               0 |
|            Metric/avg_cross_state_asymmetry |          0.0107 |
|                Metric/avg_self_sa_asymmetry |               0 |
|               Metric/avg_cross_sa_asymmetry |          0.0161 |
|  Metric/self_state_action_to_state_distance |         0.00437 |
| Metric/cross_state_action_to_state_distance |            1.67 |
|                   Metric/h_lambda_diff_self |         0.00609 |
|                  Metric/h_lambda_diff_cross |          0.0412 |
|                                 Eval/Return |             281 |
-----------------------------------------------------------------
E0904 01:02:40.925311  256914 cuda_executor.cc:1526] Could not get kernel mode driver version: (INVALID_ARGUMENT: Version does not match the format X.Y.Z)
E0904 01:02:40.933690  256805 cuda_executor.cc:1526] Could not get kernel mode driver version: (INVALID_ARGUMENT: Version does not match the format X.Y.Z)
[32mStart prefilling replay buffer[0m
[32mStart SAC training[0m
[32m{'log_freq': 1000, 'save_freq': 1000000, 'eval_episode_freq': 10, 'hidden_size': 256, 'lr': 0.001, 'max_grad_norm': 0.0, 'gamma': 0.99, 'update_tau': 0.005, 'train_per_step': 8, 'episode_length': 1000, 'warmup_samples': 8192, 'max_replay_size': 4000000, 'batch_size': 512, 'total_env_steps': 5000000, 'init_temperature': 0.1, 'nstep': 3, 'bootstrap_on_truncation': True, 'rep_lr_scale': 1.5, 'vis_feq': 100000, 'n_vis_frames': 4, 'num_envs': 128, 'grad_steps': 50, 'transfer_freq': 10, 'transfer_steps': 8, 'reward_scaling': 1.0, 'num_eval_envs': 128, 'target_entropy': -3.0}[0m
[32m[nstep] nstep=3 bootstrap_on_truncation=True (discount from the buffer already contains gamma^nstep)[0m
-----------------------------------------------------------------
|                                 Train/Steps |        1.36e+05 |
|                            Loss/Loss_critic |          0.0366 |
|                             Loss/Loss_actor |           -10.1 |
|                             Loss/Loss_alpha |          0.0258 |
|               Loss/Loss_state_action_metric |            0.23 |
|                      Loss/Loss_state_metric |            0.13 |
|             Loss/Loss_state_action_to_state |         0.00103 |
|                           Loss/Act_rep_loss |        0.000691 |
|                                   SAC/Alpha |          0.0188 |
|                              SAC/LogPi_mean |             1.6 |
|                                 SAC/Q1_mean |             9.9 |
|                                 SAC/Q2_mean |             9.9 |
|                            Norm/actor_model |            38.9 |
|                           Norm/critic_model |            48.4 |
|              Norm/state_action_metric_model |            30.8 |
|                     Norm/state_metric_model |            30.2 |
|        Norm/state_action_state_metric_model |              31 |
|                  Metric/self_state_distance |         0.00349 |
|                 Metric/cross_state_distance |            1.58 |
|           Metric/self_state_action_distance |         0.00806 |
|          Metric/cross_state_action_distance |            1.77 |
|             Metric/avg_self_state_asymmetry |               0 |
|            Metric/avg_cross_state_asymmetry |          0.0138 |
|                Metric/avg_self_sa_asymmetry |               0 |
|               Metric/avg_cross_sa_asymmetry |          0.0187 |
|  Metric/self_state_action_to_state_distance |         0.00642 |
| Metric/cross_state_action_to_state_distance |            1.76 |
|                   Metric/h_lambda_diff_self |         0.00643 |
|                  Metric/h_lambda_diff_cross |          0.0364 |
|                                 Eval/Return |             343 |
-----------------------------------------------------------------
-----------------------------------------------------------------
|                                 Train/Steps |        2.64e+05 |
|                            Loss/Loss_critic |          0.0641 |
|                             Loss/Loss_actor |           -26.9 |
|                             Loss/Loss_alpha |         0.00258 |
|               Loss/Loss_state_action_metric |           0.978 |
|                      Loss/Loss_state_metric |             0.5 |
|             Loss/Loss_state_action_to_state |        0.000991 |
|                           Loss/Act_rep_loss |        0.000261 |
|                                   SAC/Alpha |          0.0163 |
|                              SAC/LogPi_mean |            2.78 |
|                                 SAC/Q1_mean |            26.7 |
|                                 SAC/Q2_mean |            26.7 |
|                            Norm/actor_model |              58 |
|                           Norm/critic_model |            59.5 |
|              Norm/state_action_metric_model |            32.4 |
|                     Norm/state_metric_model |            31.4 |
|        Norm/state_action_state_metric_model |            32.3 |
|                  Metric/self_state_distance |         0.00177 |
|                 Metric/cross_state_distance |            2.07 |
|           Metric/self_state_action_distance |         0.00482 |
|          Metric/cross_state_action_distance |            2.52 |
|             Metric/avg_self_state_asymmetry |               0 |
|            Metric/avg_cross_state_asymmetry |           0.014 |
|                Metric/avg_self_sa_asymmetry |               0 |
|               Metric/avg_cross_sa_asymmetry |           0.026 |
|  Metric/self_state_action_to_state_distance |          0.0007 |
| Metric/cross_state_action_to_state_distance |            2.52 |
|                   Metric/h_lambda_diff_self |         0.00419 |
|                  Metric/h_lambda_diff_cross |          0.0324 |
|                                 Eval/Return |             573 |
-----------------------------------------------------------------
-----------------------------------------------------------------
|                                 Train/Steps |        3.92e+05 |
|                            Loss/Loss_critic |          0.0785 |
|                             Loss/Loss_actor |           -39.3 |
|                             Loss/Loss_alpha |         0.00154 |
|               Loss/Loss_state_action_metric |           0.895 |
|                      Loss/Loss_state_metric |           0.514 |
|             Loss/Loss_state_action_to_state |         0.00123 |
|                           Loss/Act_rep_loss |               0 |
|                                   SAC/Alpha |          0.0174 |
|                              SAC/LogPi_mean |             2.7 |
|                                 SAC/Q1_mean |              39 |
|                                 SAC/Q2_mean |            39.1 |
|                            Norm/actor_model |            69.6 |
|                           Norm/critic_model |            68.8 |
|              Norm/state_action_metric_model |            34.6 |
|                     Norm/state_metric_model |            34.3 |
|        Norm/state_action_state_metric_model |            34.3 |
|                  Metric/self_state_distance |         0.00184 |
|                 Metric/cross_state_distance |            2.04 |
|           Metric/self_state_action_distance |          0.0056 |
|          Metric/cross_state_action_distance |             2.5 |
|             Metric/avg_self_state_asymmetry |               0 |
|            Metric/avg_cross_state_asymmetry |          0.0208 |
|                Metric/avg_self_sa_asymmetry |               0 |
|               Metric/avg_cross_sa_asymmetry |          0.0164 |
|  Metric/self_state_action_to_state_distance |        0.000951 |
| Metric/cross_state_action_to_state_distance |             2.5 |
|                   Metric/h_lambda_diff_self |         0.00481 |
|                  Metric/h_lambda_diff_cross |          0.0309 |
|                                 Eval/Return |             596 |
-----------------------------------------------------------------
-----------------------------------------------------------------
|                                 Train/Steps |         5.2e+05 |
|                            Loss/Loss_critic |          0.0764 |
|                             Loss/Loss_actor |           -47.1 |
|                             Loss/Loss_alpha |        -0.00355 |
|               Loss/Loss_state_action_metric |           0.914 |
|                      Loss/Loss_state_metric |           0.496 |
|             Loss/Loss_state_action_to_state |         0.00052 |
|                           Loss/Act_rep_loss |               0 |
|                                   SAC/Alpha |          0.0163 |
|                              SAC/LogPi_mean |            3.35 |
|                                 SAC/Q1_mean |            46.9 |
|                                 SAC/Q2_mean |            46.9 |
|                            Norm/actor_model |              78 |
|                           Norm/critic_model |            76.2 |
|              Norm/state_action_metric_model |            37.2 |
|                     Norm/state_metric_model |            37.4 |
|        Norm/state_action_state_metric_model |            36.7 |
|                  Metric/self_state_distance |         0.00184 |
|                 Metric/cross_state_distance |               2 |
|           Metric/self_state_action_distance |         0.00377 |
|          Metric/cross_state_action_distance |            2.45 |
|             Metric/avg_self_state_asymmetry |               0 |
|            Metric/avg_cross_state_asymmetry |          0.0151 |
|                Metric/avg_self_sa_asymmetry |               0 |
|               Metric/avg_cross_sa_asymmetry |          0.0151 |
|  Metric/self_state_action_to_state_distance |         0.00067 |
| Metric/cross_state_action_to_state_distance |            2.45 |
|                   Metric/h_lambda_diff_self |         0.00363 |
|                  Metric/h_lambda_diff_cross |          0.0279 |
|                                 Eval/Return |             615 |
-----------------------------------------------------------------
-----------------------------------------------------------------
|                                 Train/Steps |        6.48e+05 |
|                            Loss/Loss_critic |          0.0646 |
|                             Loss/Loss_actor |           -51.8 |
|                             Loss/Loss_alpha |         0.00129 |
|               Loss/Loss_state_action_metric |           0.898 |
|                      Loss/Loss_state_metric |           0.487 |
|             Loss/Loss_state_action_to_state |        0.000475 |
|                           Loss/Act_rep_loss |        7.63e-06 |
|                                   SAC/Alpha |          0.0155 |
|                              SAC/LogPi_mean |            2.95 |
|                                 SAC/Q1_mean |            51.7 |
|                                 SAC/Q2_mean |            51.7 |
|                            Norm/actor_model |              85 |
|                           Norm/critic_model |            82.9 |
|              Norm/state_action_metric_model |            39.7 |
|                     Norm/state_metric_model |              41 |
|        Norm/state_action_state_metric_model |              39 |
|                  Metric/self_state_distance |        0.000796 |
|                 Metric/cross_state_distance |            1.97 |
|           Metric/self_state_action_distance |         0.00706 |
|          Metric/cross_state_action_distance |             2.4 |
|             Metric/avg_self_state_asymmetry |               0 |
|            Metric/avg_cross_state_asymmetry |           0.016 |
|                Metric/avg_self_sa_asymmetry |               0 |
|               Metric/avg_cross_sa_asymmetry |          0.0153 |
|  Metric/self_state_action_to_state_distance |        0.000468 |
| Metric/cross_state_action_to_state_distance |             2.4 |
|                   Metric/h_lambda_diff_self |         0.00663 |
|                  Metric/h_lambda_diff_cross |          0.0293 |
|                                 Eval/Return |             635 |
-----------------------------------------------------------------
-----------------------------------------------------------------
|                                 Train/Steps |        7.76e+05 |
|                            Loss/Loss_critic |          0.0695 |
|                             Loss/Loss_actor |           -54.8 |
|                             Loss/Loss_alpha |         0.00249 |
|               Loss/Loss_state_action_metric |           0.784 |
|                      Loss/Loss_state_metric |           0.377 |
|             Loss/Loss_state_action_to_state |         0.00082 |
|                           Loss/Act_rep_loss |        6.51e-06 |
|                                   SAC/Alpha |          0.0154 |
|                              SAC/LogPi_mean |            3.15 |
|                                 SAC/Q1_mean |            54.7 |
|                                 SAC/Q2_mean |            54.7 |
|                            Norm/actor_model |              91 |
|                           Norm/critic_model |            89.4 |
|              Norm/state_action_metric_model |              42 |
|                     Norm/state_metric_model |            44.9 |
|        Norm/state_action_state_metric_model |            41.1 |
|                  Metric/self_state_distance |         0.00202 |
|                 Metric/cross_state_distance |            1.82 |
|           Metric/self_state_action_distance |         0.00176 |
|          Metric/cross_state_action_distance |            2.28 |
|             Metric/avg_self_state_asymmetry |               0 |
|            Metric/avg_cross_state_asymmetry |          0.0205 |
|                Metric/avg_self_sa_asymmetry |               0 |
|               Metric/avg_cross_sa_asymmetry |          0.0162 |
|  Metric/self_state_action_to_state_distance |         0.00111 |
| Metric/cross_state_action_to_state_distance |            2.29 |
|                   Metric/h_lambda_diff_self |         0.00147 |
|                  Metric/h_lambda_diff_cross |          0.0324 |
|                                 Eval/Return |             653 |
-----------------------------------------------------------------
-----------------------------------------------------------------
|                                 Train/Steps |        9.04e+05 |
|                            Loss/Loss_critic |            0.06 |
|                             Loss/Loss_actor |           -57.3 |
|                             Loss/Loss_alpha |         0.00106 |
|               Loss/Loss_state_action_metric |           0.944 |
|                      Loss/Loss_state_metric |            0.45 |
|             Loss/Loss_state_action_to_state |        0.000505 |
|                           Loss/Act_rep_loss |        6.57e-06 |
|                                   SAC/Alpha |          0.0154 |
|                              SAC/LogPi_mean |               3 |
|                                 SAC/Q1_mean |            57.2 |
|                                 SAC/Q2_mean |            57.2 |
|                            Norm/actor_model |            96.3 |
|                           Norm/critic_model |            95.5 |
|              Norm/state_action_metric_model |            44.3 |
|                     Norm/state_metric_model |            48.6 |
|        Norm/state_action_state_metric_model |            43.4 |
|                  Metric/self_state_distance |         0.00234 |
|                 Metric/cross_state_distance |            1.89 |
|           Metric/self_state_action_distance |         0.00262 |
|          Metric/cross_state_action_distance |            2.33 |
|             Metric/avg_self_state_asymmetry |               0 |
|            Metric/avg_cross_state_asymmetry |          0.0155 |
|                Metric/avg_self_sa_asymmetry |               0 |
|               Metric/avg_cross_sa_asymmetry |          0.0155 |
|  Metric/self_state_action_to_state_distance |         0.00118 |
| Metric/cross_state_action_to_state_distance |            2.34 |
|                   Metric/h_lambda_diff_self |         0.00222 |
|                  Metric/h_lambda_diff_cross |          0.0253 |
|                                 Eval/Return |             656 |
-----------------------------------------------------------------
E0904 01:06:30.702697  258967 cuda_executor.cc:1526] Could not get kernel mode driver version: (INVALID_ARGUMENT: Version does not match the format X.Y.Z)
E0904 01:06:30.712579  258857 cuda_executor.cc:1526] Could not get kernel mode driver version: (INVALID_ARGUMENT: Version does not match the format X.Y.Z)
[32mStart prefilling replay buffer[0m
[32mStart SAC training[0m
[32m{'log_freq': 1000, 'save_freq': 1000000, 'eval_episode_freq': 10, 'hidden_size': 256, 'lr': 0.001, 'max_grad_norm': 0.0, 'gamma': 0.99, 'update_tau': 0.005, 'train_per_step': 8, 'episode_length': 1000, 'warmup_samples': 8192, 'max_replay_size': 4000000, 'batch_size': 512, 'total_env_steps': 5000000, 'init_temperature': 0.1, 'nstep': 3, 'bootstrap_on_truncation': True, 'rep_lr_scale': 1.5, 'vis_feq': 100000, 'n_vis_frames': 4, 'num_envs': 128, 'grad_steps': 50, 'transfer_freq': 10, 'transfer_steps': 8, 'reward_scaling': 1.0, 'num_eval_envs': 128, 'target_entropy': -3.0}[0m
[32m[nstep] nstep=3 bootstrap_on_truncation=True (discount from the buffer already contains gamma^nstep)[0m
-----------------------------------------------------------------
|                                 Train/Steps |        1.36e+05 |
|                            Loss/Loss_critic |           0.039 |
|                             Loss/Loss_actor |           -10.4 |
|                             Loss/Loss_alpha |          0.0262 |
|               Loss/Loss_state_action_metric |           0.283 |
|                      Loss/Loss_state_metric |           0.151 |
|             Loss/Loss_state_action_to_state |        0.000961 |
|                           Loss/Act_rep_loss |         0.00146 |
|                                   SAC/Alpha |          0.0197 |
|                              SAC/LogPi_mean |            1.58 |
|                                 SAC/Q1_mean |            10.2 |
|                                 SAC/Q2_mean |            10.2 |
|                            Norm/actor_model |            38.1 |
|                           Norm/critic_model |            48.4 |
|              Norm/state_action_metric_model |            30.7 |
|                     Norm/state_metric_model |            30.2 |
|        Norm/state_action_state_metric_model |              31 |
|                  Metric/self_state_distance |         0.00517 |
|                 Metric/cross_state_distance |            1.63 |
|           Metric/self_state_action_distance |          0.0128 |
|          Metric/cross_state_action_distance |            1.81 |
|             Metric/avg_self_state_asymmetry |               0 |
|            Metric/avg_cross_state_asymmetry |          0.0148 |
|                Metric/avg_self_sa_asymmetry |               0 |
|               Metric/avg_cross_sa_asymmetry |           0.018 |
|  Metric/self_state_action_to_state_distance |         0.00304 |
| Metric/cross_state_action_to_state_distance |            1.82 |
|                   Metric/h_lambda_diff_self |          0.0124 |
|                  Metric/h_lambda_diff_cross |          0.0331 |
|                                 Eval/Return |             122 |
-----------------------------------------------------------------
-----------------------------------------------------------------
|                                 Train/Steps |        2.64e+05 |
|                            Loss/Loss_critic |          0.0855 |
|                             Loss/Loss_actor |           -28.1 |
|                             Loss/Loss_alpha |         0.00129 |
|               Loss/Loss_state_action_metric |            1.13 |
|                      Loss/Loss_state_metric |           0.551 |
|             Loss/Loss_state_action_to_state |        0.000978 |
|                           Loss/Act_rep_loss |         0.00222 |
|                                   SAC/Alpha |          0.0179 |
|                              SAC/LogPi_mean |            2.76 |
|                                 SAC/Q1_mean |            27.9 |
|                                 SAC/Q2_mean |            27.9 |
|                            Norm/actor_model |            58.8 |
|                           Norm/critic_model |            60.2 |
|              Norm/state_action_metric_model |            32.6 |
|                     Norm/state_metric_model |            31.7 |
|        Norm/state_action_state_metric_model |            32.7 |
|                  Metric/self_state_distance |         0.00278 |
|                 Metric/cross_state_distance |            2.12 |
|           Metric/self_state_action_distance |         0.00548 |
|          Metric/cross_state_action_distance |            2.66 |
|             Metric/avg_self_state_asymmetry |               0 |
|            Metric/avg_cross_state_asymmetry |          0.0266 |
|                Metric/avg_self_sa_asymmetry |               0 |
|               Metric/avg_cross_sa_asymmetry |          0.0237 |
|  Metric/self_state_action_to_state_distance |         0.00498 |
| Metric/cross_state_action_to_state_distance |            2.65 |
|                   Metric/h_lambda_diff_self |          0.0065 |
|                  Metric/h_lambda_diff_cross |          0.0387 |
|                                 Eval/Return |             589 |
-----------------------------------------------------------------
-----------------------------------------------------------------
|                                 Train/Steps |        3.92e+05 |
|                            Loss/Loss_critic |           0.103 |
|                             Loss/Loss_actor |           -41.1 |
|                             Loss/Loss_alpha |        -0.00764 |
|               Loss/Loss_state_action_metric |           0.985 |
|                      Loss/Loss_state_metric |           0.579 |
|             Loss/Loss_state_action_to_state |        0.000696 |
|                           Loss/Act_rep_loss |        0.000572 |
|                                   SAC/Alpha |          0.0201 |
|                              SAC/LogPi_mean |            3.13 |
|                                 SAC/Q1_mean |            40.8 |
|                                 SAC/Q2_mean |            40.8 |
|                            Norm/actor_model |            70.3 |
|                           Norm/critic_model |            69.7 |
|              Norm/state_action_metric_model |            35.3 |
|                     Norm/state_metric_model |            35.5 |
|        Norm/state_action_state_metric_model |            34.7 |
|                  Metric/self_state_distance |        0.000915 |
|                 Metric/cross_state_distance |            2.13 |
|           Metric/self_state_action_distance |         0.00501 |
|          Metric/cross_state_action_distance |            2.58 |
|             Metric/avg_self_state_asymmetry |               0 |
|            Metric/avg_cross_state_asymmetry |          0.0262 |
|                Metric/avg_self_sa_asymmetry |               0 |
|               Metric/avg_cross_sa_asymmetry |          0.0207 |
|  Metric/self_state_action_to_state_distance |         0.00383 |
| Metric/cross_state_action_to_state_distance |            2.57 |
|                   Metric/h_lambda_diff_self |         0.00415 |
|                  Metric/h_lambda_diff_cross |          0.0376 |
|                                 Eval/Return |             645 |
-----------------------------------------------------------------
-----------------------------------------------------------------
|                                 Train/Steps |         5.2e+05 |
|                            Loss/Loss_critic |            0.12 |
|                             Loss/Loss_actor |           -49.3 |
|                             Loss/Loss_alpha |        -0.00366 |
|               Loss/Loss_state_action_metric |            1.05 |
|                      Loss/Loss_state_metric |           0.545 |
|             Loss/Loss_state_action_to_state |        0.000744 |
|                           Loss/Act_rep_loss |               0 |
|                                   SAC/Alpha |          0.0205 |
|                              SAC/LogPi_mean |            3.05 |
|                                 SAC/Q1_mean |            49.1 |
|                                 SAC/Q2_mean |            49.1 |
|                            Norm/actor_model |            78.4 |
|                           Norm/critic_model |            77.7 |
|              Norm/state_action_metric_model |            38.1 |
|                     Norm/state_metric_model |            39.3 |
|        Norm/state_action_state_metric_model |            37.1 |
|                  Metric/self_state_distance |         0.00296 |
|                 Metric/cross_state_distance |            2.03 |
|           Metric/self_state_action_distance |         0.00296 |
|          Metric/cross_state_action_distance |            2.56 |
|             Metric/avg_self_state_asymmetry |               0 |
|            Metric/avg_cross_state_asymmetry |           0.017 |
|                Metric/avg_self_sa_asymmetry |               0 |
|               Metric/avg_cross_sa_asymmetry |          0.0185 |
|  Metric/self_state_action_to_state_distance |         5.5e-05 |
| Metric/cross_state_action_to_state_distance |            2.55 |
|                   Metric/h_lambda_diff_self |         0.00292 |
|                  Metric/h_lambda_diff_cross |          0.0324 |
|                                 Eval/Return |             661 |
-----------------------------------------------------------------
-----------------------------------------------------------------
|                                 Train/Steps |        6.48e+05 |
|                            Loss/Loss_critic |            0.12 |
|                             Loss/Loss_actor |           -54.7 |
|                             Loss/Loss_alpha |         0.00178 |
|               Loss/Loss_state_action_metric |            1.09 |
|                      Loss/Loss_state_metric |           0.568 |
|             Loss/Loss_state_action_to_state |        0.000493 |
|                           Loss/Act_rep_loss |        4.29e-05 |
|                                   SAC/Alpha |            0.02 |
|                              SAC/LogPi_mean |            2.94 |
|                                 SAC/Q1_mean |            54.5 |
|                                 SAC/Q2_mean |            54.5 |
|                            Norm/actor_model |            84.7 |
|                           Norm/critic_model |            84.9 |
|              Norm/state_action_metric_model |              41 |
|                     Norm/state_metric_model |            43.2 |
|        Norm/state_action_state_metric_model |            39.6 |
|                  Metric/self_state_distance |        0.000361 |
|                 Metric/cross_state_distance |            2.03 |
|           Metric/self_state_action_distance |         0.00279 |
|          Metric/cross_state_action_distance |            2.54 |
|             Metric/avg_self_state_asymmetry |               0 |
|            Metric/avg_cross_state_asymmetry |          0.0186 |
|                Metric/avg_self_sa_asymmetry |               0 |
|               Metric/avg_cross_sa_asymmetry |          0.0207 |
|  Metric/self_state_action_to_state_distance |        0.000155 |
| Metric/cross_state_action_to_state_distance |            2.55 |
|                   Metric/h_lambda_diff_self |         0.00266 |
|                  Metric/h_lambda_diff_cross |          0.0272 |
|                                 Eval/Return |             696 |
-----------------------------------------------------------------
-----------------------------------------------------------------
|                                 Train/Steps |        7.76e+05 |
|                            Loss/Loss_critic |           0.079 |
|                             Loss/Loss_actor |           -58.6 |
|                             Loss/Loss_alpha |         0.00584 |
|               Loss/Loss_state_action_metric |           0.837 |
|                      Loss/Loss_state_metric |             0.4 |
|             Loss/Loss_state_action_to_state |        0.000822 |
|                           Loss/Act_rep_loss |        8.93e-07 |
|                                   SAC/Alpha |          0.0196 |
|                              SAC/LogPi_mean |            3.03 |
|                                 SAC/Q1_mean |            58.4 |
|                                 SAC/Q2_mean |            58.4 |
|                            Norm/actor_model |              90 |
|                           Norm/critic_model |            91.5 |
|              Norm/state_action_metric_model |            43.5 |
|                     Norm/state_metric_model |            47.1 |
|        Norm/state_action_state_metric_model |            41.9 |
|                  Metric/self_state_distance |         0.00117 |
|                 Metric/cross_state_distance |            1.86 |
|           Metric/self_state_action_distance |         0.00118 |
|          Metric/cross_state_action_distance |            2.34 |
|             Metric/avg_self_state_asymmetry |               0 |
|            Metric/avg_cross_state_asymmetry |          0.0156 |
|                Metric/avg_self_sa_asymmetry |               0 |
|               Metric/avg_cross_sa_asymmetry |           0.016 |
|  Metric/self_state_action_to_state_distance |        0.000746 |
| Metric/cross_state_action_to_state_distance |            2.35 |
|                   Metric/h_lambda_diff_self |         0.00104 |
|                  Metric/h_lambda_diff_cross |          0.0246 |
|                                 Eval/Return |             717 |
-----------------------------------------------------------------
-----------------------------------------------------------------
|                                 Train/Steps |        9.04e+05 |
|                            Loss/Loss_critic |           0.281 |
|                             Loss/Loss_actor |           -61.1 |
|                             Loss/Loss_alpha |          0.0002 |
|               Loss/Loss_state_action_metric |            1.05 |
|                      Loss/Loss_state_metric |           0.526 |
|             Loss/Loss_state_action_to_state |        0.000604 |
|                           Loss/Act_rep_loss |        1.68e-05 |
|                                   SAC/Alpha |          0.0199 |
|                              SAC/LogPi_mean |            2.93 |
|                                 SAC/Q1_mean |            60.9 |
|                                 SAC/Q2_mean |            60.9 |
|                            Norm/actor_model |            94.8 |
|                           Norm/critic_model |            97.4 |
|              Norm/state_action_metric_model |            45.8 |
|                     Norm/state_metric_model |            51.3 |
|        Norm/state_action_state_metric_model |              44 |
|                  Metric/self_state_distance |         0.00139 |
|                 Metric/cross_state_distance |            1.94 |
|           Metric/self_state_action_distance |         0.00415 |
|          Metric/cross_state_action_distance |            2.42 |
|             Metric/avg_self_state_asymmetry |               0 |
|            Metric/avg_cross_state_asymmetry |          0.0127 |
|                Metric/avg_self_sa_asymmetry |               0 |
|               Metric/avg_cross_sa_asymmetry |          0.0153 |
|  Metric/self_state_action_to_state_distance |        0.000705 |
| Metric/cross_state_action_to_state_distance |            2.43 |
|                   Metric/h_lambda_diff_self |         0.00359 |
|                  Metric/h_lambda_diff_cross |          0.0294 |
|                                 Eval/Return |             739 |
-----------------------------------------------------------------
-----------------------------------------------------------------
|                                 Train/Steps |        1.03e+06 |
|                            Loss/Loss_critic |          0.0743 |
|                             Loss/Loss_actor |           -62.2 |
|                             Loss/Loss_alpha |        -0.00776 |
|               Loss/Loss_state_action_metric |            1.08 |
|                      Loss/Loss_state_metric |           0.501 |
|             Loss/Loss_state_action_to_state |         0.00036 |
|                           Loss/Act_rep_loss |        2.02e-06 |
|                                   SAC/Alpha |          0.0199 |
|                              SAC/LogPi_mean |            3.28 |
|                                 SAC/Q1_mean |              62 |
|                                 SAC/Q2_mean |              62 |
|                            Norm/actor_model |              99 |
|                           Norm/critic_model |             103 |
|              Norm/state_action_metric_model |            48.1 |
|                     Norm/state_metric_model |            54.8 |
|        Norm/state_action_state_metric_model |            46.1 |
|                  Metric/self_state_distance |        0.000272 |
|                 Metric/cross_state_distance |            1.87 |
|           Metric/self_state_action_distance |        0.000994 |
|          Metric/cross_state_action_distance |            2.45 |
|             Metric/avg_self_state_asymmetry |               0 |
|            Metric/avg_cross_state_asymmetry |          0.0115 |
|                Metric/avg_self_sa_asymmetry |               0 |
|               Metric/avg_cross_sa_asymmetry |          0.0149 |
|  Metric/self_state_action_to_state_distance |         0.00472 |
| Metric/cross_state_action_to_state_distance |            2.45 |
|                   Metric/h_lambda_diff_self |          0.0049 |
|                  Metric/h_lambda_diff_cross |          0.0239 |
|                                 Eval/Return |             768 |
-----------------------------------------------------------------
[32mSaving model …[0m
[32mDone.[0m
[32mSaving model …[0m
[32mDone.[0m
-----------------------------------------------------------------
|                                 Train/Steps |        1.16e+06 |
|                            Loss/Loss_critic |           0.103 |
|                             Loss/Loss_actor |           -64.7 |
|                             Loss/Loss_alpha |         0.00322 |
|               Loss/Loss_state_action_metric |           0.789 |
|                      Loss/Loss_state_metric |           0.406 |
|             Loss/Loss_state_action_to_state |         0.00026 |
|                           Loss/Act_rep_loss |        4.33e-05 |
|                                   SAC/Alpha |          0.0203 |
|                              SAC/LogPi_mean |            2.76 |
|                                 SAC/Q1_mean |            64.6 |
|                                 SAC/Q2_mean |            64.6 |
|                            Norm/actor_model |             103 |
|                           Norm/critic_model |             109 |
|              Norm/state_action_metric_model |              50 |
|                     Norm/state_metric_model |            58.5 |
|        Norm/state_action_state_metric_model |            48.1 |
|                  Metric/self_state_distance |        0.000528 |
|                 Metric/cross_state_distance |            1.79 |
|           Metric/self_state_action_distance |         0.00379 |
|          Metric/cross_state_action_distance |            2.24 |
|             Metric/avg_self_state_asymmetry |               0 |
|            Metric/avg_cross_state_asymmetry |          0.0148 |
|                Metric/avg_self_sa_asymmetry |               0 |
|               Metric/avg_cross_sa_asymmetry |          0.0155 |
|  Metric/self_state_action_to_state_distance |         0.00102 |
| Metric/cross_state_action_to_state_distance |            2.25 |
|                   Metric/h_lambda_diff_self |         0.00329 |
|                  Metric/h_lambda_diff_cross |          0.0215 |
|                                 Eval/Return |             763 |
-----------------------------------------------------------------
-----------------------------------------------------------------
|                                 Train/Steps |        1.29e+06 |
|                            Loss/Loss_critic |          0.0724 |
|                             Loss/Loss_actor |             -66 |
|                             Loss/Loss_alpha |         0.00223 |
|               Loss/Loss_state_action_metric |           0.709 |
|                      Loss/Loss_state_metric |           0.374 |
|             Loss/Loss_state_action_to_state |        0.000347 |
|                           Loss/Act_rep_loss |         1.2e-05 |
|                                   SAC/Alpha |          0.0205 |
|                              SAC/LogPi_mean |            2.84 |
|                                 SAC/Q1_mean |            65.8 |
|                                 SAC/Q2_mean |            65.9 |
|                            Norm/actor_model |             106 |
|                           Norm/critic_model |             114 |
|              Norm/state_action_metric_model |            52.1 |
|                     Norm/state_metric_model |            61.9 |
|        Norm/state_action_state_metric_model |              50 |
|                  Metric/self_state_distance |        0.000504 |
|                 Metric/cross_state_distance |            1.73 |
|           Metric/self_state_action_distance |        0.000684 |
|          Metric/cross_state_action_distance |            2.27 |
|             Metric/avg_self_state_asymmetry |               0 |
|            Metric/avg_cross_state_asymmetry |          0.0177 |
|                Metric/avg_self_sa_asymmetry |               0 |
|               Metric/avg_cross_sa_asymmetry |          0.0158 |
|  Metric/self_state_action_to_state_distance |        0.000271 |
| Metric/cross_state_action_to_state_distance |            2.26 |
|                   Metric/h_lambda_diff_self |        0.000751 |
|                  Metric/h_lambda_diff_cross |          0.0231 |
|                                 Eval/Return |             779 |
-----------------------------------------------------------------
-----------------------------------------------------------------
|                                 Train/Steps |        1.42e+06 |
|                            Loss/Loss_critic |           0.121 |
|                             Loss/Loss_actor |           -68.3 |
|                             Loss/Loss_alpha |         -0.0044 |
|               Loss/Loss_state_action_metric |           0.708 |
|                      Loss/Loss_state_metric |           0.379 |
|             Loss/Loss_state_action_to_state |         0.00045 |
|                           Loss/Act_rep_loss |               0 |
|                                   SAC/Alpha |          0.0214 |
|                              SAC/LogPi_mean |            3.01 |
|                                 SAC/Q1_mean |            68.1 |
|                                 SAC/Q2_mean |            68.2 |
|                            Norm/actor_model |             110 |
|                           Norm/critic_model |             120 |
|              Norm/state_action_metric_model |            53.9 |
|                     Norm/state_metric_model |            65.4 |
|        Norm/state_action_state_metric_model |              52 |
|                  Metric/self_state_distance |        0.000919 |
|                 Metric/cross_state_distance |            1.74 |
|           Metric/self_state_action_distance |         0.00195 |
|          Metric/cross_state_action_distance |            2.26 |
|             Metric/avg_self_state_asymmetry |               0 |
|            Metric/avg_cross_state_asymmetry |          0.0135 |
|                Metric/avg_self_sa_asymmetry |               0 |
|               Metric/avg_cross_sa_asymmetry |          0.0143 |
|  Metric/self_state_action_to_state_distance |        0.000136 |
| Metric/cross_state_action_to_state_distance |            2.22 |
|                   Metric/h_lambda_diff_self |         0.00188 |
|                  Metric/h_lambda_diff_cross |          0.0372 |
|                                 Eval/Return |             777 |
-----------------------------------------------------------------
-----------------------------------------------------------------
|                                 Train/Steps |        1.54e+06 |
|                            Loss/Loss_critic |          0.0824 |
|                             Loss/Loss_actor |           -68.1 |
|                             Loss/Loss_alpha |       -0.000549 |
|               Loss/Loss_state_action_metric |            1.01 |
|                      Loss/Loss_state_metric |           0.427 |
|             Loss/Loss_state_action_to_state |        0.000289 |
|                           Loss/Act_rep_loss |               0 |
|                                   SAC/Alpha |          0.0211 |
|                              SAC/LogPi_mean |            3.14 |
|                                 SAC/Q1_mean |              68 |
|                                 SAC/Q2_mean |              68 |
|                            Norm/actor_model |             113 |
|                           Norm/critic_model |             125 |
|              Norm/state_action_metric_model |            55.7 |
|                     Norm/state_metric_model |            68.5 |
|        Norm/state_action_state_metric_model |              54 |
|                  Metric/self_state_distance |        8.23e-05 |
|                 Metric/cross_state_distance |            1.82 |
|           Metric/self_state_action_distance |         0.00474 |
|          Metric/cross_state_action_distance |            2.31 |
|             Metric/avg_self_state_asymmetry |               0 |
|            Metric/avg_cross_state_asymmetry |           0.018 |
|                Metric/avg_self_sa_asymmetry |               0 |
|               Metric/avg_cross_sa_asymmetry |           0.014 |
|  Metric/self_state_action_to_state_distance |        0.000156 |
| Metric/cross_state_action_to_state_distance |            2.32 |
|                   Metric/h_lambda_diff_self |         0.00458 |
|                  Metric/h_lambda_diff_cross |          0.0215 |
|                                 Eval/Return |             791 |
-----------------------------------------------------------------
-----------------------------------------------------------------
|                                 Train/Steps |        1.67e+06 |
|                            Loss/Loss_critic |          0.0878 |
|                             Loss/Loss_actor |           -69.7 |
|                             Loss/Loss_alpha |         0.00537 |
|               Loss/Loss_state_action_metric |           0.851 |
|                      Loss/Loss_state_metric |           0.386 |
|             Loss/Loss_state_action_to_state |         0.00111 |
|                           Loss/Act_rep_loss |        2.95e-06 |
|                                   SAC/Alpha |          0.0207 |
|                              SAC/LogPi_mean |            2.86 |
|                                 SAC/Q1_mean |            69.5 |
|                                 SAC/Q2_mean |            69.5 |
|                            Norm/actor_model |             117 |
|                           Norm/critic_model |             130 |
|              Norm/state_action_metric_model |            57.6 |
|                     Norm/state_metric_model |            71.6 |
|        Norm/state_action_state_metric_model |            55.8 |
|                  Metric/self_state_distance |        0.000377 |
|                 Metric/cross_state_distance |            1.75 |
|           Metric/self_state_action_distance |        0.000403 |
|          Metric/cross_state_action_distance |            2.23 |
|             Metric/avg_self_state_asymmetry |               0 |
|            Metric/avg_cross_state_asymmetry |          0.0149 |
|                Metric/avg_self_sa_asymmetry |               0 |
|               Metric/avg_cross_sa_asymmetry |          0.0133 |
|  Metric/self_state_action_to_state_distance |        5.37e-05 |
| Metric/cross_state_action_to_state_distance |            2.23 |
|                   Metric/h_lambda_diff_self |        0.000382 |
|                  Metric/h_lambda_diff_cross |          0.0195 |
|                                 Eval/Return |             804 |
-----------------------------------------------------------------
-----------------------------------------------------------------
|                                 Train/Steps |         1.8e+06 |
|                            Loss/Loss_critic |          0.0695 |
|                             Loss/Loss_actor |           -70.6 |
|                             Loss/Loss_alpha |        -0.00166 |
|               Loss/Loss_state_action_metric |           0.741 |
|                      Loss/Loss_state_metric |           0.359 |
|             Loss/Loss_state_action_to_state |        0.000612 |
|                           Loss/Act_rep_loss |               0 |
|                                   SAC/Alpha |          0.0211 |
|                              SAC/LogPi_mean |            2.84 |
|                                 SAC/Q1_mean |            70.5 |
|                                 SAC/Q2_mean |            70.5 |
|                            Norm/actor_model |             120 |
|                           Norm/critic_model |             134 |
|              Norm/state_action_metric_model |            59.3 |
|                     Norm/state_metric_model |            74.7 |
|        Norm/state_action_state_metric_model |            57.8 |
|                  Metric/self_state_distance |        0.000619 |
|                 Metric/cross_state_distance |             1.7 |
|           Metric/self_state_action_distance |         0.00201 |
|          Metric/cross_state_action_distance |            2.21 |
|             Metric/avg_self_state_asymmetry |               0 |
|            Metric/avg_cross_state_asymmetry |          0.0133 |
|                Metric/avg_self_sa_asymmetry |               0 |
|               Metric/avg_cross_sa_asymmetry |          0.0137 |
|  Metric/self_state_action_to_state_distance |        0.000593 |
| Metric/cross_state_action_to_state_distance |            2.21 |
|                   Metric/h_lambda_diff_self |         0.00224 |
|                  Metric/h_lambda_diff_cross |          0.0192 |
|                                 Eval/Return |             795 |
-----------------------------------------------------------------
-----------------------------------------------------------------
|                                 Train/Steps |        1.93e+06 |
|                            Loss/Loss_critic |           0.295 |
|                             Loss/Loss_actor |           -71.6 |
|                             Loss/Loss_alpha |         0.00474 |
|               Loss/Loss_state_action_metric |           0.883 |
|                      Loss/Loss_state_metric |           0.428 |
|             Loss/Loss_state_action_to_state |        0.000324 |
|                           Loss/Act_rep_loss |        2.58e-09 |
|                                   SAC/Alpha |          0.0212 |
|                              SAC/LogPi_mean |            2.68 |
|                                 SAC/Q1_mean |            71.5 |
|                                 SAC/Q2_mean |            71.5 |
|                            Norm/actor_model |             123 |
|                           Norm/critic_model |             139 |
|              Norm/state_action_metric_model |            61.1 |
|                     Norm/state_metric_model |            77.7 |
|        Norm/state_action_state_metric_model |            59.6 |
|                  Metric/self_state_distance |         0.00061 |
|                 Metric/cross_state_distance |            1.74 |
|           Metric/self_state_action_distance |         0.00216 |
|          Metric/cross_state_action_distance |            2.24 |
|             Metric/avg_self_state_asymmetry |               0 |
|            Metric/avg_cross_state_asymmetry |          0.0109 |
|                Metric/avg_self_sa_asymmetry |               0 |
|               Metric/avg_cross_sa_asymmetry |          0.0135 |
|  Metric/self_state_action_to_state_distance |        0.000154 |
| Metric/cross_state_action_to_state_distance |            2.25 |
|                   Metric/h_lambda_diff_self |         0.00203 |
|                  Metric/h_lambda_diff_cross |          0.0239 |
|                                 Eval/Return |             805 |
-----------------------------------------------------------------
-----------------------------------------------------------------
|                                 Train/Steps |        2.06e+06 |
|                            Loss/Loss_critic |            0.17 |
|                             Loss/Loss_actor |           -72.2 |
|                             Loss/Loss_alpha |         0.00326 |
|               Loss/Loss_state_action_metric |           0.918 |
|                      Loss/Loss_state_metric |            0.35 |
|             Loss/Loss_state_action_to_state |        0.000308 |
|                           Loss/Act_rep_loss |        5.36e-05 |
|                                   SAC/Alpha |          0.0214 |
|                              SAC/LogPi_mean |            2.73 |
|                                 SAC/Q1_mean |            72.1 |
|                                 SAC/Q2_mean |            72.1 |
|                            Norm/actor_model |             125 |
|                           Norm/critic_model |             144 |
|              Norm/state_action_metric_model |            62.8 |
|                     Norm/state_metric_model |            80.5 |
|        Norm/state_action_state_metric_model |            61.3 |
|                  Metric/self_state_distance |        0.000382 |
|                 Metric/cross_state_distance |            1.64 |
|           Metric/self_state_action_distance |        0.000983 |
|          Metric/cross_state_action_distance |            2.22 |
|             Metric/avg_self_state_asymmetry |               0 |
|            Metric/avg_cross_state_asymmetry |          0.0149 |
|                Metric/avg_self_sa_asymmetry |               0 |
|               Metric/avg_cross_sa_asymmetry |          0.0149 |
|  Metric/self_state_action_to_state_distance |        8.27e-05 |
| Metric/cross_state_action_to_state_distance |            2.24 |
|                   Metric/h_lambda_diff_self |         0.00093 |
|                  Metric/h_lambda_diff_cross |          0.0237 |
|                                 Eval/Return |             812 |
-----------------------------------------------------------------
[32mSaving model …[0m
[32mDone.[0m
[32mSaving model …[0m
[32mDone.[0m
-----------------------------------------------------------------
|                                 Train/Steps |        2.18e+06 |
|                            Loss/Loss_critic |          0.0747 |
|                             Loss/Loss_actor |           -73.1 |
|                             Loss/Loss_alpha |        -0.00461 |
|               Loss/Loss_state_action_metric |           0.705 |
|                      Loss/Loss_state_metric |           0.312 |
|             Loss/Loss_state_action_to_state |        0.000428 |
|                           Loss/Act_rep_loss |        3.17e-06 |
|                                   SAC/Alpha |          0.0217 |
|                              SAC/LogPi_mean |               3 |
|                                 SAC/Q1_mean |              73 |
|                                 SAC/Q2_mean |            72.9 |
|                            Norm/actor_model |             128 |
|                           Norm/critic_model |             148 |
|              Norm/state_action_metric_model |            64.4 |
|                     Norm/state_metric_model |            83.4 |
|        Norm/state_action_state_metric_model |            63.1 |
|                  Metric/self_state_distance |        0.000267 |
|                 Metric/cross_state_distance |            1.63 |
|           Metric/self_state_action_distance |        0.000761 |
|          Metric/cross_state_action_distance |            2.09 |
|             Metric/avg_self_state_asymmetry |               0 |
|            Metric/avg_cross_state_asymmetry |          0.0125 |
|                Metric/avg_self_sa_asymmetry |               0 |
|               Metric/avg_cross_sa_asymmetry |          0.0117 |
|  Metric/self_state_action_to_state_distance |        0.000268 |
| Metric/cross_state_action_to_state_distance |            2.08 |
|                   Metric/h_lambda_diff_self |        0.000691 |
|                  Metric/h_lambda_diff_cross |          0.0159 |
|                                 Eval/Return |             822 |
-----------------------------------------------------------------
-----------------------------------------------------------------
|                                 Train/Steps |        2.31e+06 |
|                            Loss/Loss_critic |          0.0969 |
|                             Loss/Loss_actor |           -74.2 |
|                             Loss/Loss_alpha |         0.00156 |
|               Loss/Loss_state_action_metric |           0.608 |
|                      Loss/Loss_state_metric |           0.297 |
|             Loss/Loss_state_action_to_state |        0.000285 |
|                           Loss/Act_rep_loss |        2.56e-05 |
|                                   SAC/Alpha |          0.0209 |
|                              SAC/LogPi_mean |            2.91 |
|                                 SAC/Q1_mean |            74.1 |
|                                 SAC/Q2_mean |            74.1 |
|                            Norm/actor_model |             131 |
|                           Norm/critic_model |             153 |
|              Norm/state_action_metric_model |            66.1 |
|                     Norm/state_metric_model |              86 |
|        Norm/state_action_state_metric_model |            64.9 |
|                  Metric/self_state_distance |         0.00161 |
|                 Metric/cross_state_distance |            1.58 |
|           Metric/self_state_action_distance |         0.00136 |
|          Metric/cross_state_action_distance |            2.07 |
|             Metric/avg_self_state_asymmetry |               0 |
|            Metric/avg_cross_state_asymmetry |          0.0149 |
|                Metric/avg_self_sa_asymmetry |               0 |
|               Metric/avg_cross_sa_asymmetry |          0.0145 |
|  Metric/self_state_action_to_state_distance |        3.21e-05 |
| Metric/cross_state_action_to_state_distance |            2.07 |
|                   Metric/h_lambda_diff_self |         0.00134 |
|                  Metric/h_lambda_diff_cross |          0.0225 |
|                                 Eval/Return |             835 |
-----------------------------------------------------------------
E0904 01:15:24.498104  261243 cuda_executor.cc:1526] Could not get kernel mode driver version: (INVALID_ARGUMENT: Version does not match the format X.Y.Z)
E0904 01:15:24.506578  261134 cuda_executor.cc:1526] Could not get kernel mode driver version: (INVALID_ARGUMENT: Version does not match the format X.Y.Z)
[32mStart prefilling replay buffer[0m
[32mStart SAC training[0m
[32m{'log_freq': 1000, 'save_freq': 1000000, 'eval_episode_freq': 10, 'hidden_size': 256, 'lr': 0.001, 'max_grad_norm': 0.0, 'gamma': 0.99, 'update_tau': 0.005, 'train_per_step': 8, 'episode_length': 1000, 'warmup_samples': 8192, 'max_replay_size': 4000000, 'batch_size': 512, 'total_env_steps': 5000000, 'init_temperature': 0.1, 'nstep': 3, 'bootstrap_on_truncation': True, 'rep_lr_scale': 1.5, 'vis_feq': 100000, 'n_vis_frames': 4, 'num_envs': 128, 'grad_steps': 50, 'transfer_freq': 10, 'transfer_steps': 8, 'reward_scaling': 1.0, 'num_eval_envs': 128, 'target_entropy': -3.0}[0m
[32m[nstep] nstep=3 bootstrap_on_truncation=True (discount from the buffer already contains gamma^nstep)[0m
-----------------------------------------------------------------
|                                 Train/Steps |        1.36e+05 |
|                            Loss/Loss_critic |          0.0304 |
|                             Loss/Loss_actor |           -8.69 |
|                             Loss/Loss_alpha |          0.0192 |
|               Loss/Loss_state_action_metric |           0.247 |
|                      Loss/Loss_state_metric |           0.135 |
|             Loss/Loss_state_action_to_state |        0.000874 |
|                           Loss/Act_rep_loss |         0.00715 |
|                                   SAC/Alpha |          0.0189 |
|                              SAC/LogPi_mean |            1.93 |
|                                 SAC/Q1_mean |            8.48 |
|                                 SAC/Q2_mean |            8.48 |
|                            Norm/actor_model |            32.9 |
|                           Norm/critic_model |              52 |
|              Norm/state_action_metric_model |              31 |
|                     Norm/state_metric_model |            30.4 |
|        Norm/state_action_state_metric_model |              31 |
|                  Metric/self_state_distance |         0.00349 |
|                 Metric/cross_state_distance |            1.56 |
|           Metric/self_state_action_distance |          0.0165 |
|          Metric/cross_state_action_distance |            1.75 |
|             Metric/avg_self_state_asymmetry |               0 |
|            Metric/avg_cross_state_asymmetry |          0.0114 |
|                Metric/avg_self_sa_asymmetry |               0 |
|               Metric/avg_cross_sa_asymmetry |          0.0175 |
|  Metric/self_state_action_to_state_distance |        0.000648 |
| Metric/cross_state_action_to_state_distance |            1.76 |
|                   Metric/h_lambda_diff_self |           0.016 |
|                  Metric/h_lambda_diff_cross |          0.0334 |
|                                 Eval/Return |             288 |
-----------------------------------------------------------------
-----------------------------------------------------------------
|                                 Train/Steps |        2.64e+05 |
|                            Loss/Loss_critic |           0.061 |
|                             Loss/Loss_actor |           -22.7 |
|                             Loss/Loss_alpha |        -0.00216 |
|               Loss/Loss_state_action_metric |           0.857 |
|                      Loss/Loss_state_metric |           0.475 |
|             Loss/Loss_state_action_to_state |        0.000805 |
|                           Loss/Act_rep_loss |         0.00154 |
|                                   SAC/Alpha |          0.0165 |
|                              SAC/LogPi_mean |            2.89 |
|                                 SAC/Q1_mean |            22.5 |
|                                 SAC/Q2_mean |            22.6 |
|                            Norm/actor_model |            51.5 |
|                           Norm/critic_model |            64.1 |
|              Norm/state_action_metric_model |            32.8 |
|                     Norm/state_metric_model |            32.5 |
|        Norm/state_action_state_metric_model |            33.1 |
|                  Metric/self_state_distance |         0.00174 |
|                 Metric/cross_state_distance |            2.05 |
|           Metric/self_state_action_distance |         0.00407 |
|          Metric/cross_state_action_distance |            2.45 |
|             Metric/avg_self_state_asymmetry |               0 |
|            Metric/avg_cross_state_asymmetry |           0.014 |
|                Metric/avg_self_sa_asymmetry |               0 |
|               Metric/avg_cross_sa_asymmetry |          0.0225 |
|  Metric/self_state_action_to_state_distance |         0.00126 |
| Metric/cross_state_action_to_state_distance |            2.44 |
|                   Metric/h_lambda_diff_self |         0.00335 |
|                  Metric/h_lambda_diff_cross |          0.0365 |
|                                 Eval/Return |             557 |
-----------------------------------------------------------------
-----------------------------------------------------------------
|                                 Train/Steps |        3.92e+05 |
|                            Loss/Loss_critic |           0.125 |
|                             Loss/Loss_actor |           -35.8 |
|                             Loss/Loss_alpha |        -0.00056 |
|               Loss/Loss_state_action_metric |           0.938 |
|                      Loss/Loss_state_metric |           0.559 |
|             Loss/Loss_state_action_to_state |        0.000563 |
|                           Loss/Act_rep_loss |        0.000879 |
|                                   SAC/Alpha |          0.0195 |
|                              SAC/LogPi_mean |            2.93 |
|                                 SAC/Q1_mean |            35.5 |
|                                 SAC/Q2_mean |            35.5 |
|                            Norm/actor_model |            61.7 |
|                           Norm/critic_model |            73.3 |
|              Norm/state_action_metric_model |            35.1 |
|                     Norm/state_metric_model |            36.1 |
|        Norm/state_action_state_metric_model |            35.4 |
|                  Metric/self_state_distance |         0.00362 |
|                 Metric/cross_state_distance |            2.08 |
|           Metric/self_state_action_distance |         0.00605 |
|          Metric/cross_state_action_distance |            2.57 |
|             Metric/avg_self_state_asymmetry |               0 |
|            Metric/avg_cross_state_asymmetry |           0.015 |
|                Metric/avg_self_sa_asymmetry |               0 |
|               Metric/avg_cross_sa_asymmetry |          0.0207 |
|  Metric/self_state_action_to_state_distance |         0.00192 |
| Metric/cross_state_action_to_state_distance |            2.55 |
|                   Metric/h_lambda_diff_self |         0.00468 |
|                  Metric/h_lambda_diff_cross |          0.0321 |
|                                 Eval/Return |             563 |
-----------------------------------------------------------------
-----------------------------------------------------------------
|                                 Train/Steps |         5.2e+05 |
|                            Loss/Loss_critic |          0.0702 |
|                             Loss/Loss_actor |           -44.3 |
|                             Loss/Loss_alpha |         0.00333 |
|               Loss/Loss_state_action_metric |            1.01 |
|                      Loss/Loss_state_metric |           0.555 |
|             Loss/Loss_state_action_to_state |        0.000954 |
|                           Loss/Act_rep_loss |        0.000182 |
|                                   SAC/Alpha |          0.0165 |
|                              SAC/LogPi_mean |            2.94 |
|                                 SAC/Q1_mean |            44.1 |
|                                 SAC/Q2_mean |            44.2 |
|                            Norm/actor_model |            69.5 |
|                           Norm/critic_model |            80.5 |
|              Norm/state_action_metric_model |            37.5 |
|                     Norm/state_metric_model |            39.4 |
|        Norm/state_action_state_metric_model |              38 |
|                  Metric/self_state_distance |           0.003 |
|                 Metric/cross_state_distance |            2.05 |
|           Metric/self_state_action_distance |         0.00279 |
|          Metric/cross_state_action_distance |            2.53 |
|             Metric/avg_self_state_asymmetry |               0 |
|            Metric/avg_cross_state_asymmetry |          0.0131 |
|                Metric/avg_self_sa_asymmetry |               0 |
|               Metric/avg_cross_sa_asymmetry |          0.0212 |
|  Metric/self_state_action_to_state_distance |        0.000978 |
| Metric/cross_state_action_to_state_distance |            2.54 |
|                   Metric/h_lambda_diff_self |         0.00218 |
|                  Metric/h_lambda_diff_cross |          0.0314 |
|                                 Eval/Return |             587 |
-----------------------------------------------------------------
-----------------------------------------------------------------
|                                 Train/Steps |        6.48e+05 |
|                            Loss/Loss_critic |          0.0623 |
|                             Loss/Loss_actor |           -48.7 |
|                             Loss/Loss_alpha |         0.00134 |
|               Loss/Loss_state_action_metric |           0.931 |
|                      Loss/Loss_state_metric |            0.52 |
|             Loss/Loss_state_action_to_state |         0.00051 |
|                           Loss/Act_rep_loss |         0.00029 |
|                                   SAC/Alpha |          0.0157 |
|                              SAC/LogPi_mean |            2.81 |
|                                 SAC/Q1_mean |            48.5 |
|                                 SAC/Q2_mean |            48.5 |
|                            Norm/actor_model |            75.5 |
|                           Norm/critic_model |            86.5 |
|              Norm/state_action_metric_model |            39.9 |
|                     Norm/state_metric_model |            42.9 |
|        Norm/state_action_state_metric_model |            40.6 |
|                  Metric/self_state_distance |         0.00137 |
|                 Metric/cross_state_distance |            1.99 |
|           Metric/self_state_action_distance |         0.00134 |
|          Metric/cross_state_action_distance |            2.43 |
|             Metric/avg_self_state_asymmetry |               0 |
|            Metric/avg_cross_state_asymmetry |          0.0155 |
|                Metric/avg_self_sa_asymmetry |               0 |
|               Metric/avg_cross_sa_asymmetry |          0.0194 |
|  Metric/self_state_action_to_state_distance |         0.00129 |
| Metric/cross_state_action_to_state_distance |            2.43 |
|                   Metric/h_lambda_diff_self |         0.00131 |
|                  Metric/h_lambda_diff_cross |          0.0274 |
|                                 Eval/Return |             611 |
-----------------------------------------------------------------
-----------------------------------------------------------------
|                                 Train/Steps |        7.76e+05 |
|                            Loss/Loss_critic |          0.0666 |
|                             Loss/Loss_actor |           -51.5 |
|                             Loss/Loss_alpha |        0.000516 |
|               Loss/Loss_state_action_metric |           0.803 |
|                      Loss/Loss_state_metric |           0.426 |
|             Loss/Loss_state_action_to_state |        0.000655 |
|                           Loss/Act_rep_loss |        2.93e-06 |
|                                   SAC/Alpha |          0.0161 |
|                              SAC/LogPi_mean |             3.1 |
|                                 SAC/Q1_mean |            51.3 |
|                                 SAC/Q2_mean |            51.3 |
|                            Norm/actor_model |            80.8 |
|                           Norm/critic_model |            92.3 |
|              Norm/state_action_metric_model |            42.2 |
|                     Norm/state_metric_model |            46.5 |
|        Norm/state_action_state_metric_model |              43 |
|                  Metric/self_state_distance |        0.000598 |
|                 Metric/cross_state_distance |            1.89 |
|           Metric/self_state_action_distance |         0.00198 |
|          Metric/cross_state_action_distance |            2.31 |
|             Metric/avg_self_state_asymmetry |               0 |
|            Metric/avg_cross_state_asymmetry |          0.0179 |
|                Metric/avg_self_sa_asymmetry |               0 |
|               Metric/avg_cross_sa_asymmetry |          0.0176 |
|  Metric/self_state_action_to_state_distance |         0.00099 |
| Metric/cross_state_action_to_state_distance |            2.32 |
|                   Metric/h_lambda_diff_self |         0.00186 |
|                  Metric/h_lambda_diff_cross |          0.0251 |
|                                 Eval/Return |             635 |
-----------------------------------------------------------------
-----------------------------------------------------------------
|                                 Train/Steps |        9.04e+05 |
|                            Loss/Loss_critic |          0.0643 |
|                             Loss/Loss_actor |           -54.4 |
|                             Loss/Loss_alpha |        -0.00105 |
|               Loss/Loss_state_action_metric |            1.05 |
|                      Loss/Loss_state_metric |           0.533 |
|             Loss/Loss_state_action_to_state |        0.000352 |
|                           Loss/Act_rep_loss |        7.36e-05 |
|                                   SAC/Alpha |          0.0167 |
|                              SAC/LogPi_mean |            3.02 |
|                                 SAC/Q1_mean |            54.3 |
|                                 SAC/Q2_mean |            54.3 |
|                            Norm/actor_model |            85.4 |
|                           Norm/critic_model |            97.9 |
|              Norm/state_action_metric_model |            44.5 |
|                     Norm/state_metric_model |            50.3 |
|        Norm/state_action_state_metric_model |            45.3 |
|                  Metric/self_state_distance |          0.0028 |
|                 Metric/cross_state_distance |            1.97 |
|           Metric/self_state_action_distance |        0.000445 |
|          Metric/cross_state_action_distance |            2.41 |
|             Metric/avg_self_state_asymmetry |               0 |
|            Metric/avg_cross_state_asymmetry |          0.0164 |
|                Metric/avg_self_sa_asymmetry |               0 |
|               Metric/avg_cross_sa_asymmetry |          0.0165 |
|  Metric/self_state_action_to_state_distance |         0.00251 |
| Metric/cross_state_action_to_state_distance |            2.43 |
|                   Metric/h_lambda_diff_self |         0.00225 |
|                  Metric/h_lambda_diff_cross |          0.0291 |
|                                 Eval/Return |             650 |
-----------------------------------------------------------------
-----------------------------------------------------------------
|                                 Train/Steps |        1.03e+06 |
|                            Loss/Loss_critic |          0.0544 |
|                             Loss/Loss_actor |           -56.3 |
|                             Loss/Loss_alpha |        -0.00375 |
|               Loss/Loss_state_action_metric |            0.92 |
|                      Loss/Loss_state_metric |           0.449 |
|             Loss/Loss_state_action_to_state |        0.000462 |
|                           Loss/Act_rep_loss |        9.89e-07 |
|                                   SAC/Alpha |          0.0172 |
|                              SAC/LogPi_mean |            3.12 |
|                                 SAC/Q1_mean |            56.3 |
|                                 SAC/Q2_mean |            56.2 |
|                            Norm/actor_model |            89.6 |
|                           Norm/critic_model |             103 |
|              Norm/state_action_metric_model |            46.6 |
|                     Norm/state_metric_model |            53.8 |
|        Norm/state_action_state_metric_model |            47.5 |
|                  Metric/self_state_distance |        0.000477 |
|                 Metric/cross_state_distance |            1.85 |
|           Metric/self_state_action_distance |         0.00103 |
|          Metric/cross_state_action_distance |             2.3 |
|             Metric/avg_self_state_asymmetry |               0 |
|            Metric/avg_cross_state_asymmetry |          0.0141 |
|                Metric/avg_self_sa_asymmetry |               0 |
|               Metric/avg_cross_sa_asymmetry |           0.015 |
|  Metric/self_state_action_to_state_distance |        0.000302 |
| Metric/cross_state_action_to_state_distance |            2.31 |
|                   Metric/h_lambda_diff_self |        0.000896 |
|                  Metric/h_lambda_diff_cross |          0.0221 |
|                                 Eval/Return |             690 |
-----------------------------------------------------------------
[32mSaving model …[0m
[32mDone.[0m
[32mSaving model …[0m
[32mDone.[0m
-----------------------------------------------------------------
|                                 Train/Steps |        1.16e+06 |
|                            Loss/Loss_critic |          0.0484 |
|                             Loss/Loss_actor |           -58.3 |
|                             Loss/Loss_alpha |        0.000616 |
|               Loss/Loss_state_action_metric |           0.808 |
|                      Loss/Loss_state_metric |           0.425 |
|             Loss/Loss_state_action_to_state |        0.000352 |
|                           Loss/Act_rep_loss |               0 |
|                                   SAC/Alpha |          0.0184 |
|                              SAC/LogPi_mean |            3.06 |
|                                 SAC/Q1_mean |            58.2 |
|                                 SAC/Q2_mean |            58.2 |
|                            Norm/actor_model |            93.3 |
|                           Norm/critic_model |             109 |
|              Norm/state_action_metric_model |            48.7 |
|                     Norm/state_metric_model |            57.8 |
|        Norm/state_action_state_metric_model |            49.6 |
|                  Metric/self_state_distance |        0.000861 |
|                 Metric/cross_state_distance |            1.83 |
|           Metric/self_state_action_distance |         0.00293 |
|          Metric/cross_state_action_distance |            2.26 |
|             Metric/avg_self_state_asymmetry |               0 |
|            Metric/avg_cross_state_asymmetry |          0.0114 |
|                Metric/avg_self_sa_asymmetry |               0 |
|               Metric/avg_cross_sa_asymmetry |          0.0172 |
|  Metric/self_state_action_to_state_distance |        0.000759 |
| Metric/cross_state_action_to_state_distance |            2.26 |
|                   Metric/h_lambda_diff_self |         0.00231 |
|                  Metric/h_lambda_diff_cross |          0.0226 |
|                                 Eval/Return |             709 |
-----------------------------------------------------------------
-----------------------------------------------------------------
|                                 Train/Steps |        1.29e+06 |
|                            Loss/Loss_critic |          0.0535 |
|                             Loss/Loss_actor |           -59.6 |
|                             Loss/Loss_alpha |       -5.79e-06 |
|               Loss/Loss_state_action_metric |           0.688 |
|                      Loss/Loss_state_metric |           0.415 |
|             Loss/Loss_state_action_to_state |        0.000283 |
|                           Loss/Act_rep_loss |        0.000165 |
|                                   SAC/Alpha |          0.0183 |
|                              SAC/LogPi_mean |               3 |
|                                 SAC/Q1_mean |            59.4 |
|                                 SAC/Q2_mean |            59.4 |
|                            Norm/actor_model |            96.8 |
|                           Norm/critic_model |             114 |
|              Norm/state_action_metric_model |            50.7 |
|                     Norm/state_metric_model |            61.8 |
|        Norm/state_action_state_metric_model |            51.7 |
|                  Metric/self_state_distance |          0.0016 |
|                 Metric/cross_state_distance |            1.86 |
|           Metric/self_state_action_distance |         0.00189 |
|          Metric/cross_state_action_distance |            2.26 |
|             Metric/avg_self_state_asymmetry |               0 |
|            Metric/avg_cross_state_asymmetry |          0.0138 |
|                Metric/avg_self_sa_asymmetry |               0 |
|               Metric/avg_cross_sa_asymmetry |          0.0143 |
|  Metric/self_state_action_to_state_distance |        6.44e-05 |
| Metric/cross_state_action_to_state_distance |            2.26 |
|                   Metric/h_lambda_diff_self |         0.00183 |
|                  Metric/h_lambda_diff_cross |          0.0188 |
|                                 Eval/Return |             715 |
-----------------------------------------------------------------
