Train/Steps,Loss/Loss_critic,Loss/Loss_actor,Loss/Loss_alpha,SAC/Alpha,SAC/LogPi_mean,SAC/Q1_mean,SAC/Q2_mean,Norm/actor_model,Norm/critic_model,Eval/Return
641000,0.07052519917488098,-15.827466011047363,0.5241507291793823,0.01510049868375063,-13.710823059082031,15.627840042114258,15.645074844360352,23.348228,46.82613,6.1453007e-09
642000,0.3149944543838501,-12.066919326782227,0.06927823275327682,0.002688973443582654,-4.76382303237915,12.034071922302246,12.014717102050781,26.704977,51.574867,2.2210283e-05
643000,2.2795748710632324,-16.64028549194336,-0.020241498947143555,0.0028181408997625113,28.182571411132812,15.888270378112793,15.9390287399292,31.675997,55.16029,0.00015253898
644000,2.605679750442505,-22.823993682861328,0.003397193271666765,0.0021780829411000013,19.440282821655273,22.471054077148438,22.418170928955078,35.567493,58.981384,3.0142676e-06
645000,5.452995300292969,-25.68380355834961,-0.0021731406450271606,0.002912810305133462,21.746063232421875,25.245304107666016,25.285551071166992,38.078365,62.08824,0.019020835
646000,6.631949424743652,-25.506488800048828,-0.0022952875588089228,0.001854515983723104,22.237674713134766,24.975605010986328,24.987056732177734,40.124653,64.56408,0.24887276
647000,2.4143903255462646,-23.620616912841797,-0.0011366006219759583,0.0015669326530769467,21.725366592407227,23.213537216186523,23.176589965820312,41.56398,66.855,1.2601566e-05
