E0907 05:30:19.581097 1037531 cuda_executor.cc:1526] Could not get kernel mode driver version: (INVALID_ARGUMENT: Version does not match the format X.Y.Z)
E0907 05:30:19.589749 1037418 cuda_executor.cc:1526] Could not get kernel mode driver version: (INVALID_ARGUMENT: Version does not match the format X.Y.Z)
[32mStart prefilling replay buffer[0m
[32mStart SAC training[0m
[32m{'log_freq': 1000, 'save_freq': 1000000, 'eval_episode_freq': 10, 'hidden_size': 256, 'lr': 0.001, 'max_grad_norm': 0.0, 'gamma': 0.99, 'update_tau': 0.005, 'train_per_step': 8, 'episode_length': 1000, 'warmup_samples': 8192, 'max_replay_size': 4000000, 'batch_size': 512, 'total_env_steps': 5000000, 'init_temperature': 0.1, 'nstep': 3, 'bootstrap_on_truncation': True, 'rep_lr_scale': 1.5, 'vis_feq': 100000, 'n_vis_frames': 4, 'num_envs': 128, 'grad_steps': 50, 'transfer_freq': 10, 'transfer_steps': 8, 'reward_scaling': 1.0, 'num_eval_envs': 128, 'target_entropy': -10.5}[0m
[32m[nstep] nstep=3 bootstrap_on_truncation=True (discount from the buffer already contains gamma^nstep)[0m
-----------------------------------------------------------------
|                                 Train/Steps |        1.36e+05 |
|                            Loss/Loss_critic |         0.00101 |
|                             Loss/Loss_actor |           -3.63 |
|                             Loss/Loss_alpha |          0.0332 |
|               Loss/Loss_state_action_metric |          0.0206 |
|                      Loss/Loss_state_metric |         0.00831 |
|             Loss/Loss_state_action_to_state |        0.000318 |
|                           Loss/Act_rep_loss |           0.109 |
|                                   SAC/Alpha |         0.00157 |
|                              SAC/LogPi_mean |           -10.5 |
|                                 SAC/Q1_mean |             3.6 |
|                                 SAC/Q2_mean |             3.6 |
|                            Norm/actor_model |            27.1 |
|                           Norm/critic_model |            48.5 |
|              Norm/state_action_metric_model |            33.9 |
|                     Norm/state_metric_model |            33.4 |
|        Norm/state_action_state_metric_model |            33.9 |
|                  Metric/self_state_distance |         0.00121 |
|                 Metric/cross_state_distance |               1 |
|           Metric/self_state_action_distance |         0.00131 |
|          Metric/cross_state_action_distance |            1.01 |
|             Metric/avg_self_state_asymmetry |               0 |
|            Metric/avg_cross_state_asymmetry |         0.00669 |
|                Metric/avg_self_sa_asymmetry |               0 |
|               Metric/avg_cross_sa_asymmetry |         0.00879 |
|  Metric/self_state_action_to_state_distance |        0.000639 |
| Metric/cross_state_action_to_state_distance |            1.01 |
|                   Metric/h_lambda_diff_self |         0.00115 |
|                  Metric/h_lambda_diff_cross |          0.0139 |
|                                 Eval/Return |            6.79 |
-----------------------------------------------------------------
-----------------------------------------------------------------
|                                 Train/Steps |        2.64e+05 |
|                            Loss/Loss_critic |          0.0232 |
|                             Loss/Loss_actor |           -1.34 |
|                             Loss/Loss_alpha |        -0.00254 |
|               Loss/Loss_state_action_metric |          0.0394 |
|                      Loss/Loss_state_metric |          0.0124 |
|             Loss/Loss_state_action_to_state |         0.00026 |
|                           Loss/Act_rep_loss |          0.0589 |
|                                   SAC/Alpha |        0.000185 |
|                              SAC/LogPi_mean |            24.3 |
|                                 SAC/Q1_mean |            1.32 |
|                                 SAC/Q2_mean |            1.33 |
|                            Norm/actor_model |            43.3 |
|                           Norm/critic_model |            64.6 |
|              Norm/state_action_metric_model |              38 |
|                     Norm/state_metric_model |            36.1 |
|        Norm/state_action_state_metric_model |            36.6 |
|                  Metric/self_state_distance |        0.000527 |
|                 Metric/cross_state_distance |           0.992 |
|           Metric/self_state_action_distance |         0.00157 |
|          Metric/cross_state_action_distance |               1 |
|             Metric/avg_self_state_asymmetry |               0 |
|            Metric/avg_cross_state_asymmetry |         0.00372 |
|                Metric/avg_self_sa_asymmetry |               0 |
|               Metric/avg_cross_sa_asymmetry |         0.00775 |
|  Metric/self_state_action_to_state_distance |        0.000662 |
| Metric/cross_state_action_to_state_distance |           0.988 |
|                   Metric/h_lambda_diff_self |         0.00148 |
|                  Metric/h_lambda_diff_cross |           0.017 |
|                                 Eval/Return |            6.86 |
-----------------------------------------------------------------
-----------------------------------------------------------------
|                                 Train/Steps |        3.92e+05 |
|                            Loss/Loss_critic |          0.0154 |
|                             Loss/Loss_actor |          -0.727 |
|                             Loss/Loss_alpha |        -0.00148 |
|               Loss/Loss_state_action_metric |          0.0269 |
|                      Loss/Loss_state_metric |          0.0177 |
|             Loss/Loss_state_action_to_state |        0.000387 |
|                           Loss/Act_rep_loss |          0.0701 |
|                                   SAC/Alpha |        0.000388 |
|                              SAC/LogPi_mean |            13.7 |
|                                 SAC/Q1_mean |           0.704 |
|                                 SAC/Q2_mean |           0.702 |
|                            Norm/actor_model |            51.6 |
|                           Norm/critic_model |            77.2 |
|              Norm/state_action_metric_model |              45 |
|                     Norm/state_metric_model |            40.4 |
|        Norm/state_action_state_metric_model |            41.2 |
|                  Metric/self_state_distance |        0.000471 |
|                 Metric/cross_state_distance |            1.03 |
|           Metric/self_state_action_distance |          0.0015 |
|          Metric/cross_state_action_distance |            1.04 |
|             Metric/avg_self_state_asymmetry |               0 |
|            Metric/avg_cross_state_asymmetry |         0.00638 |
|                Metric/avg_self_sa_asymmetry |               0 |
|               Metric/avg_cross_sa_asymmetry |          0.0112 |
|  Metric/self_state_action_to_state_distance |        0.000622 |
| Metric/cross_state_action_to_state_distance |            1.03 |
|                   Metric/h_lambda_diff_self |         0.00128 |
|                  Metric/h_lambda_diff_cross |          0.0165 |
|                                 Eval/Return |            3.75 |
-----------------------------------------------------------------
-----------------------------------------------------------------
|                                 Train/Steps |         5.2e+05 |
|                            Loss/Loss_critic |          0.0093 |
|                             Loss/Loss_actor |          -0.324 |
|                             Loss/Loss_alpha |        0.000249 |
|               Loss/Loss_state_action_metric |          0.0199 |
|                      Loss/Loss_state_metric |          0.0133 |
|             Loss/Loss_state_action_to_state |        0.000395 |
|                           Loss/Act_rep_loss |          0.0747 |
|                                   SAC/Alpha |        0.000322 |
|                              SAC/LogPi_mean |             9.5 |
|                                 SAC/Q1_mean |           0.311 |
|                                 SAC/Q2_mean |           0.308 |
|                            Norm/actor_model |            57.5 |
|                           Norm/critic_model |            87.5 |
|              Norm/state_action_metric_model |            50.7 |
|                     Norm/state_metric_model |            45.1 |
|        Norm/state_action_state_metric_model |            46.3 |
|                  Metric/self_state_distance |        0.000808 |
|                 Metric/cross_state_distance |            1.01 |
|           Metric/self_state_action_distance |         0.00176 |
|          Metric/cross_state_action_distance |               1 |
|             Metric/avg_self_state_asymmetry |               0 |
|            Metric/avg_cross_state_asymmetry |         0.00746 |
|                Metric/avg_self_sa_asymmetry |               0 |
|               Metric/avg_cross_sa_asymmetry |          0.0113 |
|  Metric/self_state_action_to_state_distance |        0.000391 |
| Metric/cross_state_action_to_state_distance |               1 |
|                   Metric/h_lambda_diff_self |          0.0016 |
|                  Metric/h_lambda_diff_cross |          0.0117 |
|                                 Eval/Return |            9.57 |
-----------------------------------------------------------------
-----------------------------------------------------------------
|                                 Train/Steps |        6.48e+05 |
|                            Loss/Loss_critic |          0.0141 |
|                             Loss/Loss_actor |          -0.302 |
|                             Loss/Loss_alpha |       -0.000411 |
|               Loss/Loss_state_action_metric |          0.0342 |
|                      Loss/Loss_state_metric |          0.0121 |
|             Loss/Loss_state_action_to_state |         0.00038 |
|                           Loss/Act_rep_loss |          0.0713 |
|                                   SAC/Alpha |        0.000301 |
|                              SAC/LogPi_mean |            12.6 |
|                                 SAC/Q1_mean |           0.273 |
|                                 SAC/Q2_mean |           0.272 |
|                            Norm/actor_model |            62.4 |
|                           Norm/critic_model |            96.6 |
|              Norm/state_action_metric_model |            55.8 |
|                     Norm/state_metric_model |            49.3 |
|        Norm/state_action_state_metric_model |            51.4 |
|                  Metric/self_state_distance |        0.000532 |
|                 Metric/cross_state_distance |            1.01 |
|           Metric/self_state_action_distance |        0.000741 |
|          Metric/cross_state_action_distance |            1.02 |
|             Metric/avg_self_state_asymmetry |               0 |
|            Metric/avg_cross_state_asymmetry |         0.00728 |
|                Metric/avg_self_sa_asymmetry |               0 |
|               Metric/avg_cross_sa_asymmetry |          0.0109 |
|  Metric/self_state_action_to_state_distance |        0.000438 |
| Metric/cross_state_action_to_state_distance |            1.01 |
|                   Metric/h_lambda_diff_self |        0.000622 |
|                  Metric/h_lambda_diff_cross |          0.0112 |
|                                 Eval/Return |            8.57 |
-----------------------------------------------------------------
-----------------------------------------------------------------
|                                 Train/Steps |        7.76e+05 |
|                            Loss/Loss_critic |          0.0328 |
|                             Loss/Loss_actor |          -0.258 |
|                             Loss/Loss_alpha |        0.000136 |
|               Loss/Loss_state_action_metric |          0.0585 |
|                      Loss/Loss_state_metric |          0.0185 |
|             Loss/Loss_state_action_to_state |        0.000637 |
|                           Loss/Act_rep_loss |          0.0714 |
|                                   SAC/Alpha |        0.000276 |
|                              SAC/LogPi_mean |            9.98 |
|                                 SAC/Q1_mean |           0.266 |
|                                 SAC/Q2_mean |           0.248 |
|                            Norm/actor_model |            66.2 |
|                           Norm/critic_model |             105 |
|              Norm/state_action_metric_model |            60.3 |
|                     Norm/state_metric_model |            53.2 |
|        Norm/state_action_state_metric_model |            55.9 |
|                  Metric/self_state_distance |        0.000367 |
|                 Metric/cross_state_distance |            1.04 |
|           Metric/self_state_action_distance |         0.00178 |
|          Metric/cross_state_action_distance |            1.05 |
|             Metric/avg_self_state_asymmetry |               0 |
|            Metric/avg_cross_state_asymmetry |         0.00572 |
|                Metric/avg_self_sa_asymmetry |               0 |
|               Metric/avg_cross_sa_asymmetry |          0.0112 |
|  Metric/self_state_action_to_state_distance |        0.000149 |
| Metric/cross_state_action_to_state_distance |            1.04 |
|                   Metric/h_lambda_diff_self |         0.00163 |
|                  Metric/h_lambda_diff_cross |          0.0139 |
|                                 Eval/Return |            6.53 |
-----------------------------------------------------------------
-----------------------------------------------------------------
|                                 Train/Steps |        9.04e+05 |
|                            Loss/Loss_critic |             nan |
|                             Loss/Loss_actor |             nan |
|                             Loss/Loss_alpha |             nan |
|               Loss/Loss_state_action_metric |             nan |
|                      Loss/Loss_state_metric |             nan |
|             Loss/Loss_state_action_to_state |             nan |
|                           Loss/Act_rep_loss |             nan |
|                                   SAC/Alpha |             nan |
|                              SAC/LogPi_mean |             nan |
|                                 SAC/Q1_mean |             nan |
|                                 SAC/Q2_mean |             nan |
|                            Norm/actor_model |             nan |
|                           Norm/critic_model |             nan |
|              Norm/state_action_metric_model |             nan |
|                     Norm/state_metric_model |             nan |
|        Norm/state_action_state_metric_model |             nan |
|                  Metric/self_state_distance |             nan |
|                 Metric/cross_state_distance |             nan |
|           Metric/self_state_action_distance |             nan |
|          Metric/cross_state_action_distance |             nan |
|             Metric/avg_self_state_asymmetry |             nan |
|            Metric/avg_cross_state_asymmetry |             nan |
|                Metric/avg_self_sa_asymmetry |             nan |
|               Metric/avg_cross_sa_asymmetry |             nan |
|  Metric/self_state_action_to_state_distance |             nan |
| Metric/cross_state_action_to_state_distance |             nan |
|                   Metric/h_lambda_diff_self |             nan |
|                  Metric/h_lambda_diff_cross |             nan |
|                                 Eval/Return |             nan |
-----------------------------------------------------------------
WARNING:tensorboardX.x2num:NaN or Inf found in input tensor.
WARNING:tensorboardX.x2num:NaN or Inf found in input tensor.
WARNING:tensorboardX.x2num:NaN or Inf found in input tensor.
WARNING:tensorboardX.x2num:NaN or Inf found in input tensor.
WARNING:tensorboardX.x2num:NaN or Inf found in input tensor.
WARNING:tensorboardX.x2num:NaN or Inf found in input tensor.
WARNING:tensorboardX.x2num:NaN or Inf found in input tensor.
WARNING:tensorboardX.x2num:NaN or Inf found in input tensor.
WARNING:tensorboardX.x2num:NaN or Inf found in input tensor.
WARNING:tensorboardX.x2num:NaN or Inf found in input tensor.
WARNING:tensorboardX.x2num:NaN or Inf found in input tensor.
WARNING:tensorboardX.x2num:NaN or Inf found in input tensor.
WARNING:tensorboardX.x2num:NaN or Inf found in input tensor.
WARNING:tensorboardX.x2num:NaN or Inf found in input tensor.
WARNING:tensorboardX.x2num:NaN or Inf found in input tensor.
WARNING:tensorboardX.x2num:NaN or Inf found in input tensor.
WARNING:tensorboardX.x2num:NaN or Inf found in input tensor.
WARNING:tensorboardX.x2num:NaN or Inf found in input tensor.
WARNING:tensorboardX.x2num:NaN or Inf found in input tensor.
WARNING:tensorboardX.x2num:NaN or Inf found in input tensor.
WARNING:tensorboardX.x2num:NaN or Inf found in input tensor.
WARNING:tensorboardX.x2num:NaN or Inf found in input tensor.
WARNING:tensorboardX.x2num:NaN or Inf found in input tensor.
WARNING:tensorboardX.x2num:NaN or Inf found in input tensor.
WARNING:tensorboardX.x2num:NaN or Inf found in input tensor.
WARNING:tensorboardX.x2num:NaN or Inf found in input tensor.
WARNING:tensorboardX.x2num:NaN or Inf found in input tensor.
WARNING:tensorboardX.x2num:NaN or Inf found in input tensor.
WARNING:tensorboardX.x2num:NaN or Inf found in input tensor.
-----------------------------------------------------------------
|                                 Train/Steps |        1.03e+06 |
|                            Loss/Loss_critic |             nan |
|                             Loss/Loss_actor |             nan |
|                             Loss/Loss_alpha |             nan |
|               Loss/Loss_state_action_metric |             nan |
|                      Loss/Loss_state_metric |             nan |
|             Loss/Loss_state_action_to_state |             nan |
|                           Loss/Act_rep_loss |             nan |
|                                   SAC/Alpha |             nan |
|                              SAC/LogPi_mean |             nan |
|                                 SAC/Q1_mean |             nan |
|                                 SAC/Q2_mean |             nan |
|                            Norm/actor_model |             nan |
|                           Norm/critic_model |             nan |
|              Norm/state_action_metric_model |             nan |
|                     Norm/state_metric_model |             nan |
|        Norm/state_action_state_metric_model |             nan |
|                  Metric/self_state_distance |             nan |
|                 Metric/cross_state_distance |             nan |
|           Metric/self_state_action_distance |             nan |
|          Metric/cross_state_action_distance |             nan |
|             Metric/avg_self_state_asymmetry |             nan |
|            Metric/avg_cross_state_asymmetry |             nan |
|                Metric/avg_self_sa_asymmetry |             nan |
|               Metric/avg_cross_sa_asymmetry |             nan |
|  Metric/self_state_action_to_state_distance |             nan |
| Metric/cross_state_action_to_state_distance |             nan |
|                   Metric/h_lambda_diff_self |             nan |
|                  Metric/h_lambda_diff_cross |             nan |
|                                 Eval/Return |             nan |
-----------------------------------------------------------------
WARNING:tensorboardX.x2num:NaN or Inf found in input tensor.
WARNING:tensorboardX.x2num:NaN or Inf found in input tensor.
WARNING:tensorboardX.x2num:NaN or Inf found in input tensor.
WARNING:tensorboardX.x2num:NaN or Inf found in input tensor.
WARNING:tensorboardX.x2num:NaN or Inf found in input tensor.
WARNING:tensorboardX.x2num:NaN or Inf found in input tensor.
WARNING:tensorboardX.x2num:NaN or Inf found in input tensor.
WARNING:tensorboardX.x2num:NaN or Inf found in input tensor.
WARNING:tensorboardX.x2num:NaN or Inf found in input tensor.
WARNING:tensorboardX.x2num:NaN or Inf found in input tensor.
WARNING:tensorboardX.x2num:NaN or Inf found in input tensor.
WARNING:tensorboardX.x2num:NaN or Inf found in input tensor.
WARNING:tensorboardX.x2num:NaN or Inf found in input tensor.
WARNING:tensorboardX.x2num:NaN or Inf found in input tensor.
WARNING:tensorboardX.x2num:NaN or Inf found in input tensor.
WARNING:tensorboardX.x2num:NaN or Inf found in input tensor.
WARNING:tensorboardX.x2num:NaN or Inf found in input tensor.
WARNING:tensorboardX.x2num:NaN or Inf found in input tensor.
WARNING:tensorboardX.x2num:NaN or Inf found in input tensor.
WARNING:tensorboardX.x2num:NaN or Inf found in input tensor.
WARNING:tensorboardX.x2num:NaN or Inf found in input tensor.
WARNING:tensorboardX.x2num:NaN or Inf found in input tensor.
WARNING:tensorboardX.x2num:NaN or Inf found in input tensor.
WARNING:tensorboardX.x2num:NaN or Inf found in input tensor.
WARNING:tensorboardX.x2num:NaN or Inf found in input tensor.
WARNING:tensorboardX.x2num:NaN or Inf found in input tensor.
WARNING:tensorboardX.x2num:NaN or Inf found in input tensor.
WARNING:tensorboardX.x2num:NaN or Inf found in input tensor.
WARNING:tensorboardX.x2num:NaN or Inf found in input tensor.
[32mSaving model …[0m
[32mDone.[0m
[32mSaving model …[0m
[32mDone.[0m
-----------------------------------------------------------------
|                                 Train/Steps |        1.16e+06 |
|                            Loss/Loss_critic |             nan |
|                             Loss/Loss_actor |             nan |
|                             Loss/Loss_alpha |             nan |
|               Loss/Loss_state_action_metric |             nan |
|                      Loss/Loss_state_metric |             nan |
|             Loss/Loss_state_action_to_state |             nan |
|                           Loss/Act_rep_loss |             nan |
|                                   SAC/Alpha |             nan |
|                              SAC/LogPi_mean |             nan |
|                                 SAC/Q1_mean |             nan |
|                                 SAC/Q2_mean |             nan |
|                            Norm/actor_model |             nan |
|                           Norm/critic_model |             nan |
|              Norm/state_action_metric_model |             nan |
|                     Norm/state_metric_model |             nan |
|        Norm/state_action_state_metric_model |             nan |
|                  Metric/self_state_distance |             nan |
|                 Metric/cross_state_distance |             nan |
|           Metric/self_state_action_distance |             nan |
|          Metric/cross_state_action_distance |             nan |
|             Metric/avg_self_state_asymmetry |             nan |
|            Metric/avg_cross_state_asymmetry |             nan |
|                Metric/avg_self_sa_asymmetry |             nan |
|               Metric/avg_cross_sa_asymmetry |             nan |
|  Metric/self_state_action_to_state_distance |             nan |
| Metric/cross_state_action_to_state_distance |             nan |
|                   Metric/h_lambda_diff_self |             nan |
|                  Metric/h_lambda_diff_cross |             nan |
|                                 Eval/Return |             nan |
-----------------------------------------------------------------
WARNING:tensorboardX.x2num:NaN or Inf found in input tensor.
WARNING:tensorboardX.x2num:NaN or Inf found in input tensor.
WARNING:tensorboardX.x2num:NaN or Inf found in input tensor.
WARNING:tensorboardX.x2num:NaN or Inf found in input tensor.
WARNING:tensorboardX.x2num:NaN or Inf found in input tensor.
WARNING:tensorboardX.x2num:NaN or Inf found in input tensor.
WARNING:tensorboardX.x2num:NaN or Inf found in input tensor.
WARNING:tensorboardX.x2num:NaN or Inf found in input tensor.
WARNING:tensorboardX.x2num:NaN or Inf found in input tensor.
WARNING:tensorboardX.x2num:NaN or Inf found in input tensor.
WARNING:tensorboardX.x2num:NaN or Inf found in input tensor.
WARNING:tensorboardX.x2num:NaN or Inf found in input tensor.
WARNING:tensorboardX.x2num:NaN or Inf found in input tensor.
WARNING:tensorboardX.x2num:NaN or Inf found in input tensor.
WARNING:tensorboardX.x2num:NaN or Inf found in input tensor.
WARNING:tensorboardX.x2num:NaN or Inf found in input tensor.
WARNING:tensorboardX.x2num:NaN or Inf found in input tensor.
WARNING:tensorboardX.x2num:NaN or Inf found in input tensor.
WARNING:tensorboardX.x2num:NaN or Inf found in input tensor.
WARNING:tensorboardX.x2num:NaN or Inf found in input tensor.
WARNING:tensorboardX.x2num:NaN or Inf found in input tensor.
WARNING:tensorboardX.x2num:NaN or Inf found in input tensor.
WARNING:tensorboardX.x2num:NaN or Inf found in input tensor.
WARNING:tensorboardX.x2num:NaN or Inf found in input tensor.
WARNING:tensorboardX.x2num:NaN or Inf found in input tensor.
WARNING:tensorboardX.x2num:NaN or Inf found in input tensor.
WARNING:tensorboardX.x2num:NaN or Inf found in input tensor.
WARNING:tensorboardX.x2num:NaN or Inf found in input tensor.
WARNING:tensorboardX.x2num:NaN or Inf found in input tensor.
-----------------------------------------------------------------
|                                 Train/Steps |        1.29e+06 |
|                            Loss/Loss_critic |             nan |
|                             Loss/Loss_actor |             nan |
|                             Loss/Loss_alpha |             nan |
|               Loss/Loss_state_action_metric |             nan |
|                      Loss/Loss_state_metric |             nan |
|             Loss/Loss_state_action_to_state |             nan |
|                           Loss/Act_rep_loss |             nan |
|                                   SAC/Alpha |             nan |
|                              SAC/LogPi_mean |             nan |
|                                 SAC/Q1_mean |             nan |
|                                 SAC/Q2_mean |             nan |
|                            Norm/actor_model |             nan |
|                           Norm/critic_model |             nan |
|              Norm/state_action_metric_model |             nan |
|                     Norm/state_metric_model |             nan |
|        Norm/state_action_state_metric_model |             nan |
|                  Metric/self_state_distance |             nan |
|                 Metric/cross_state_distance |             nan |
|           Metric/self_state_action_distance |             nan |
|          Metric/cross_state_action_distance |             nan |
|             Metric/avg_self_state_asymmetry |             nan |
|            Metric/avg_cross_state_asymmetry |             nan |
|                Metric/avg_self_sa_asymmetry |             nan |
|               Metric/avg_cross_sa_asymmetry |             nan |
|  Metric/self_state_action_to_state_distance |             nan |
| Metric/cross_state_action_to_state_distance |             nan |
|                   Metric/h_lambda_diff_self |             nan |
|                  Metric/h_lambda_diff_cross |             nan |
|                                 Eval/Return |             nan |
-----------------------------------------------------------------
WARNING:tensorboardX.x2num:NaN or Inf found in input tensor.
WARNING:tensorboardX.x2num:NaN or Inf found in input tensor.
WARNING:tensorboardX.x2num:NaN or Inf found in input tensor.
WARNING:tensorboardX.x2num:NaN or Inf found in input tensor.
WARNING:tensorboardX.x2num:NaN or Inf found in input tensor.
WARNING:tensorboardX.x2num:NaN or Inf found in input tensor.
WARNING:tensorboardX.x2num:NaN or Inf found in input tensor.
WARNING:tensorboardX.x2num:NaN or Inf found in input tensor.
WARNING:tensorboardX.x2num:NaN or Inf found in input tensor.
WARNING:tensorboardX.x2num:NaN or Inf found in input tensor.
WARNING:tensorboardX.x2num:NaN or Inf found in input tensor.
WARNING:tensorboardX.x2num:NaN or Inf found in input tensor.
WARNING:tensorboardX.x2num:NaN or Inf found in input tensor.
WARNING:tensorboardX.x2num:NaN or Inf found in input tensor.
WARNING:tensorboardX.x2num:NaN or Inf found in input tensor.
WARNING:tensorboardX.x2num:NaN or Inf found in input tensor.
WARNING:tensorboardX.x2num:NaN or Inf found in input tensor.
WARNING:tensorboardX.x2num:NaN or Inf found in input tensor.
WARNING:tensorboardX.x2num:NaN or Inf found in input tensor.
WARNING:tensorboardX.x2num:NaN or Inf found in input tensor.
WARNING:tensorboardX.x2num:NaN or Inf found in input tensor.
WARNING:tensorboardX.x2num:NaN or Inf found in input tensor.
WARNING:tensorboardX.x2num:NaN or Inf found in input tensor.
WARNING:tensorboardX.x2num:NaN or Inf found in input tensor.
WARNING:tensorboardX.x2num:NaN or Inf found in input tensor.
WARNING:tensorboardX.x2num:NaN or Inf found in input tensor.
WARNING:tensorboardX.x2num:NaN or Inf found in input tensor.
WARNING:tensorboardX.x2num:NaN or Inf found in input tensor.
WARNING:tensorboardX.x2num:NaN or Inf found in input tensor.
-----------------------------------------------------------------
|                                 Train/Steps |        1.42e+06 |
|                            Loss/Loss_critic |             nan |
|                             Loss/Loss_actor |             nan |
|                             Loss/Loss_alpha |             nan |
|               Loss/Loss_state_action_metric |             nan |
|                      Loss/Loss_state_metric |             nan |
|             Loss/Loss_state_action_to_state |             nan |
|                           Loss/Act_rep_loss |             nan |
|                                   SAC/Alpha |             nan |
|                              SAC/LogPi_mean |             nan |
|                                 SAC/Q1_mean |             nan |
|                                 SAC/Q2_mean |             nan |
|                            Norm/actor_model |             nan |
|                           Norm/critic_model |             nan |
|              Norm/state_action_metric_model |             nan |
|                     Norm/state_metric_model |             nan |
|        Norm/state_action_state_metric_model |             nan |
|                  Metric/self_state_distance |             nan |
|                 Metric/cross_state_distance |             nan |
|           Metric/self_state_action_distance |             nan |
|          Metric/cross_state_action_distance |             nan |
|             Metric/avg_self_state_asymmetry |             nan |
|            Metric/avg_cross_state_asymmetry |             nan |
|                Metric/avg_self_sa_asymmetry |             nan |
|               Metric/avg_cross_sa_asymmetry |             nan |
|  Metric/self_state_action_to_state_distance |             nan |
| Metric/cross_state_action_to_state_distance |             nan |
|                   Metric/h_lambda_diff_self |             nan |
|                  Metric/h_lambda_diff_cross |             nan |
|                                 Eval/Return |             nan |
-----------------------------------------------------------------
WARNING:tensorboardX.x2num:NaN or Inf found in input tensor.
WARNING:tensorboardX.x2num:NaN or Inf found in input tensor.
WARNING:tensorboardX.x2num:NaN or Inf found in input tensor.
WARNING:tensorboardX.x2num:NaN or Inf found in input tensor.
WARNING:tensorboardX.x2num:NaN or Inf found in input tensor.
WARNING:tensorboardX.x2num:NaN or Inf found in input tensor.
WARNING:tensorboardX.x2num:NaN or Inf found in input tensor.
WARNING:tensorboardX.x2num:NaN or Inf found in input tensor.
WARNING:tensorboardX.x2num:NaN or Inf found in input tensor.
WARNING:tensorboardX.x2num:NaN or Inf found in input tensor.
WARNING:tensorboardX.x2num:NaN or Inf found in input tensor.
WARNING:tensorboardX.x2num:NaN or Inf found in input tensor.
WARNING:tensorboardX.x2num:NaN or Inf found in input tensor.
WARNING:tensorboardX.x2num:NaN or Inf found in input tensor.
WARNING:tensorboardX.x2num:NaN or Inf found in input tensor.
WARNING:tensorboardX.x2num:NaN or Inf found in input tensor.
WARNING:tensorboardX.x2num:NaN or Inf found in input tensor.
WARNING:tensorboardX.x2num:NaN or Inf found in input tensor.
WARNING:tensorboardX.x2num:NaN or Inf found in input tensor.
WARNING:tensorboardX.x2num:NaN or Inf found in input tensor.
WARNING:tensorboardX.x2num:NaN or Inf found in input tensor.
WARNING:tensorboardX.x2num:NaN or Inf found in input tensor.
WARNING:tensorboardX.x2num:NaN or Inf found in input tensor.
WARNING:tensorboardX.x2num:NaN or Inf found in input tensor.
WARNING:tensorboardX.x2num:NaN or Inf found in input tensor.
WARNING:tensorboardX.x2num:NaN or Inf found in input tensor.
WARNING:tensorboardX.x2num:NaN or Inf found in input tensor.
WARNING:tensorboardX.x2num:NaN or Inf found in input tensor.
WARNING:tensorboardX.x2num:NaN or Inf found in input tensor.
-----------------------------------------------------------------
|                                 Train/Steps |        1.54e+06 |
|                            Loss/Loss_critic |             nan |
|                             Loss/Loss_actor |             nan |
|                             Loss/Loss_alpha |             nan |
|               Loss/Loss_state_action_metric |             nan |
|                      Loss/Loss_state_metric |             nan |
|             Loss/Loss_state_action_to_state |             nan |
|                           Loss/Act_rep_loss |             nan |
|                                   SAC/Alpha |             nan |
|                              SAC/LogPi_mean |             nan |
|                                 SAC/Q1_mean |             nan |
|                                 SAC/Q2_mean |             nan |
|                            Norm/actor_model |             nan |
|                           Norm/critic_model |             nan |
|              Norm/state_action_metric_model |             nan |
|                     Norm/state_metric_model |             nan |
|        Norm/state_action_state_metric_model |             nan |
|                  Metric/self_state_distance |             nan |
|                 Metric/cross_state_distance |             nan |
|           Metric/self_state_action_distance |             nan |
|          Metric/cross_state_action_distance |             nan |
|             Metric/avg_self_state_asymmetry |             nan |
|            Metric/avg_cross_state_asymmetry |             nan |
|                Metric/avg_self_sa_asymmetry |             nan |
|               Metric/avg_cross_sa_asymmetry |             nan |
|  Metric/self_state_action_to_state_distance |             nan |
| Metric/cross_state_action_to_state_distance |             nan |
|                   Metric/h_lambda_diff_self |             nan |
|                  Metric/h_lambda_diff_cross |             nan |
|                                 Eval/Return |             nan |
-----------------------------------------------------------------
WARNING:tensorboardX.x2num:NaN or Inf found in input tensor.
WARNING:tensorboardX.x2num:NaN or Inf found in input tensor.
WARNING:tensorboardX.x2num:NaN or Inf found in input tensor.
WARNING:tensorboardX.x2num:NaN or Inf found in input tensor.
WARNING:tensorboardX.x2num:NaN or Inf found in input tensor.
WARNING:tensorboardX.x2num:NaN or Inf found in input tensor.
WARNING:tensorboardX.x2num:NaN or Inf found in input tensor.
WARNING:tensorboardX.x2num:NaN or Inf found in input tensor.
WARNING:tensorboardX.x2num:NaN or Inf found in input tensor.
WARNING:tensorboardX.x2num:NaN or Inf found in input tensor.
WARNING:tensorboardX.x2num:NaN or Inf found in input tensor.
WARNING:tensorboardX.x2num:NaN or Inf found in input tensor.
WARNING:tensorboardX.x2num:NaN or Inf found in input tensor.
WARNING:tensorboardX.x2num:NaN or Inf found in input tensor.
WARNING:tensorboardX.x2num:NaN or Inf found in input tensor.
WARNING:tensorboardX.x2num:NaN or Inf found in input tensor.
WARNING:tensorboardX.x2num:NaN or Inf found in input tensor.
WARNING:tensorboardX.x2num:NaN or Inf found in input tensor.
WARNING:tensorboardX.x2num:NaN or Inf found in input tensor.
WARNING:tensorboardX.x2num:NaN or Inf found in input tensor.
WARNING:tensorboardX.x2num:NaN or Inf found in input tensor.
WARNING:tensorboardX.x2num:NaN or Inf found in input tensor.
WARNING:tensorboardX.x2num:NaN or Inf found in input tensor.
WARNING:tensorboardX.x2num:NaN or Inf found in input tensor.
WARNING:tensorboardX.x2num:NaN or Inf found in input tensor.
WARNING:tensorboardX.x2num:NaN or Inf found in input tensor.
WARNING:tensorboardX.x2num:NaN or Inf found in input tensor.
WARNING:tensorboardX.x2num:NaN or Inf found in input tensor.
WARNING:tensorboardX.x2num:NaN or Inf found in input tensor.
-----------------------------------------------------------------
|                                 Train/Steps |        1.67e+06 |
|                            Loss/Loss_critic |             nan |
|                             Loss/Loss_actor |             nan |
|                             Loss/Loss_alpha |             nan |
|               Loss/Loss_state_action_metric |             nan |
|                      Loss/Loss_state_metric |             nan |
|             Loss/Loss_state_action_to_state |             nan |
|                           Loss/Act_rep_loss |             nan |
|                                   SAC/Alpha |             nan |
|                              SAC/LogPi_mean |             nan |
|                                 SAC/Q1_mean |             nan |
|                                 SAC/Q2_mean |             nan |
|                            Norm/actor_model |             nan |
|                           Norm/critic_model |             nan |
|              Norm/state_action_metric_model |             nan |
|                     Norm/state_metric_model |             nan |
|        Norm/state_action_state_metric_model |             nan |
|                  Metric/self_state_distance |             nan |
|                 Metric/cross_state_distance |             nan |
|           Metric/self_state_action_distance |             nan |
|          Metric/cross_state_action_distance |             nan |
|             Metric/avg_self_state_asymmetry |             nan |
|            Metric/avg_cross_state_asymmetry |             nan |
|                Metric/avg_self_sa_asymmetry |             nan |
|               Metric/avg_cross_sa_asymmetry |             nan |
|  Metric/self_state_action_to_state_distance |             nan |
| Metric/cross_state_action_to_state_distance |             nan |
|                   Metric/h_lambda_diff_self |             nan |
|                  Metric/h_lambda_diff_cross |             nan |
|                                 Eval/Return |             nan |
-----------------------------------------------------------------
WARNING:tensorboardX.x2num:NaN or Inf found in input tensor.
WARNING:tensorboardX.x2num:NaN or Inf found in input tensor.
WARNING:tensorboardX.x2num:NaN or Inf found in input tensor.
WARNING:tensorboardX.x2num:NaN or Inf found in input tensor.
WARNING:tensorboardX.x2num:NaN or Inf found in input tensor.
WARNING:tensorboardX.x2num:NaN or Inf found in input tensor.
WARNING:tensorboardX.x2num:NaN or Inf found in input tensor.
WARNING:tensorboardX.x2num:NaN or Inf found in input tensor.
WARNING:tensorboardX.x2num:NaN or Inf found in input tensor.
WARNING:tensorboardX.x2num:NaN or Inf found in input tensor.
WARNING:tensorboardX.x2num:NaN or Inf found in input tensor.
WARNING:tensorboardX.x2num:NaN or Inf found in input tensor.
WARNING:tensorboardX.x2num:NaN or Inf found in input tensor.
WARNING:tensorboardX.x2num:NaN or Inf found in input tensor.
WARNING:tensorboardX.x2num:NaN or Inf found in input tensor.
WARNING:tensorboardX.x2num:NaN or Inf found in input tensor.
WARNING:tensorboardX.x2num:NaN or Inf found in input tensor.
WARNING:tensorboardX.x2num:NaN or Inf found in input tensor.
WARNING:tensorboardX.x2num:NaN or Inf found in input tensor.
WARNING:tensorboardX.x2num:NaN or Inf found in input tensor.
WARNING:tensorboardX.x2num:NaN or Inf found in input tensor.
WARNING:tensorboardX.x2num:NaN or Inf found in input tensor.
WARNING:tensorboardX.x2num:NaN or Inf found in input tensor.
WARNING:tensorboardX.x2num:NaN or Inf found in input tensor.
WARNING:tensorboardX.x2num:NaN or Inf found in input tensor.
WARNING:tensorboardX.x2num:NaN or Inf found in input tensor.
WARNING:tensorboardX.x2num:NaN or Inf found in input tensor.
WARNING:tensorboardX.x2num:NaN or Inf found in input tensor.
WARNING:tensorboardX.x2num:NaN or Inf found in input tensor.
-----------------------------------------------------------------
|                                 Train/Steps |         1.8e+06 |
|                            Loss/Loss_critic |             nan |
|                             Loss/Loss_actor |             nan |
|                             Loss/Loss_alpha |             nan |
|               Loss/Loss_state_action_metric |             nan |
|                      Loss/Loss_state_metric |             nan |
|             Loss/Loss_state_action_to_state |             nan |
|                           Loss/Act_rep_loss |             nan |
|                                   SAC/Alpha |             nan |
|                              SAC/LogPi_mean |             nan |
|                                 SAC/Q1_mean |             nan |
|                                 SAC/Q2_mean |             nan |
|                            Norm/actor_model |             nan |
|                           Norm/critic_model |             nan |
|              Norm/state_action_metric_model |             nan |
|                     Norm/state_metric_model |             nan |
|        Norm/state_action_state_metric_model |             nan |
|                  Metric/self_state_distance |             nan |
|                 Metric/cross_state_distance |             nan |
|           Metric/self_state_action_distance |             nan |
|          Metric/cross_state_action_distance |             nan |
|             Metric/avg_self_state_asymmetry |             nan |
|            Metric/avg_cross_state_asymmetry |             nan |
|                Metric/avg_self_sa_asymmetry |             nan |
|               Metric/avg_cross_sa_asymmetry |             nan |
|  Metric/self_state_action_to_state_distance |             nan |
| Metric/cross_state_action_to_state_distance |             nan |
|                   Metric/h_lambda_diff_self |             nan |
|                  Metric/h_lambda_diff_cross |             nan |
|                                 Eval/Return |             nan |
-----------------------------------------------------------------
WARNING:tensorboardX.x2num:NaN or Inf found in input tensor.
WARNING:tensorboardX.x2num:NaN or Inf found in input tensor.
WARNING:tensorboardX.x2num:NaN or Inf found in input tensor.
WARNING:tensorboardX.x2num:NaN or Inf found in input tensor.
WARNING:tensorboardX.x2num:NaN or Inf found in input tensor.
WARNING:tensorboardX.x2num:NaN or Inf found in input tensor.
WARNING:tensorboardX.x2num:NaN or Inf found in input tensor.
WARNING:tensorboardX.x2num:NaN or Inf found in input tensor.
WARNING:tensorboardX.x2num:NaN or Inf found in input tensor.
WARNING:tensorboardX.x2num:NaN or Inf found in input tensor.
WARNING:tensorboardX.x2num:NaN or Inf found in input tensor.
WARNING:tensorboardX.x2num:NaN or Inf found in input tensor.
WARNING:tensorboardX.x2num:NaN or Inf found in input tensor.
WARNING:tensorboardX.x2num:NaN or Inf found in input tensor.
WARNING:tensorboardX.x2num:NaN or Inf found in input tensor.
WARNING:tensorboardX.x2num:NaN or Inf found in input tensor.
WARNING:tensorboardX.x2num:NaN or Inf found in input tensor.
WARNING:tensorboardX.x2num:NaN or Inf found in input tensor.
WARNING:tensorboardX.x2num:NaN or Inf found in input tensor.
WARNING:tensorboardX.x2num:NaN or Inf found in input tensor.
WARNING:tensorboardX.x2num:NaN or Inf found in input tensor.
WARNING:tensorboardX.x2num:NaN or Inf found in input tensor.
WARNING:tensorboardX.x2num:NaN or Inf found in input tensor.
WARNING:tensorboardX.x2num:NaN or Inf found in input tensor.
WARNING:tensorboardX.x2num:NaN or Inf found in input tensor.
WARNING:tensorboardX.x2num:NaN or Inf found in input tensor.
WARNING:tensorboardX.x2num:NaN or Inf found in input tensor.
WARNING:tensorboardX.x2num:NaN or Inf found in input tensor.
WARNING:tensorboardX.x2num:NaN or Inf found in input tensor.
-----------------------------------------------------------------
|                                 Train/Steps |        1.93e+06 |
|                            Loss/Loss_critic |             nan |
|                             Loss/Loss_actor |             nan |
|                             Loss/Loss_alpha |             nan |
|               Loss/Loss_state_action_metric |             nan |
|                      Loss/Loss_state_metric |             nan |
|             Loss/Loss_state_action_to_state |             nan |
|                           Loss/Act_rep_loss |             nan |
|                                   SAC/Alpha |             nan |
|                              SAC/LogPi_mean |             nan |
|                                 SAC/Q1_mean |             nan |
|                                 SAC/Q2_mean |             nan |
|                            Norm/actor_model |             nan |
|                           Norm/critic_model |             nan |
|              Norm/state_action_metric_model |             nan |
|                     Norm/state_metric_model |             nan |
|        Norm/state_action_state_metric_model |             nan |
|                  Metric/self_state_distance |             nan |
|                 Metric/cross_state_distance |             nan |
|           Metric/self_state_action_distance |             nan |
|          Metric/cross_state_action_distance |             nan |
|             Metric/avg_self_state_asymmetry |             nan |
|            Metric/avg_cross_state_asymmetry |             nan |
|                Metric/avg_self_sa_asymmetry |             nan |
|               Metric/avg_cross_sa_asymmetry |             nan |
|  Metric/self_state_action_to_state_distance |             nan |
| Metric/cross_state_action_to_state_distance |             nan |
|                   Metric/h_lambda_diff_self |             nan |
|                  Metric/h_lambda_diff_cross |             nan |
|                                 Eval/Return |             nan |
-----------------------------------------------------------------
WARNING:tensorboardX.x2num:NaN or Inf found in input tensor.
WARNING:tensorboardX.x2num:NaN or Inf found in input tensor.
WARNING:tensorboardX.x2num:NaN or Inf found in input tensor.
WARNING:tensorboardX.x2num:NaN or Inf found in input tensor.
WARNING:tensorboardX.x2num:NaN or Inf found in input tensor.
WARNING:tensorboardX.x2num:NaN or Inf found in input tensor.
WARNING:tensorboardX.x2num:NaN or Inf found in input tensor.
WARNING:tensorboardX.x2num:NaN or Inf found in input tensor.
WARNING:tensorboardX.x2num:NaN or Inf found in input tensor.
WARNING:tensorboardX.x2num:NaN or Inf found in input tensor.
WARNING:tensorboardX.x2num:NaN or Inf found in input tensor.
WARNING:tensorboardX.x2num:NaN or Inf found in input tensor.
WARNING:tensorboardX.x2num:NaN or Inf found in input tensor.
WARNING:tensorboardX.x2num:NaN or Inf found in input tensor.
WARNING:tensorboardX.x2num:NaN or Inf found in input tensor.
WARNING:tensorboardX.x2num:NaN or Inf found in input tensor.
WARNING:tensorboardX.x2num:NaN or Inf found in input tensor.
WARNING:tensorboardX.x2num:NaN or Inf found in input tensor.
WARNING:tensorboardX.x2num:NaN or Inf found in input tensor.
WARNING:tensorboardX.x2num:NaN or Inf found in input tensor.
WARNING:tensorboardX.x2num:NaN or Inf found in input tensor.
WARNING:tensorboardX.x2num:NaN or Inf found in input tensor.
WARNING:tensorboardX.x2num:NaN or Inf found in input tensor.
WARNING:tensorboardX.x2num:NaN or Inf found in input tensor.
WARNING:tensorboardX.x2num:NaN or Inf found in input tensor.
WARNING:tensorboardX.x2num:NaN or Inf found in input tensor.
WARNING:tensorboardX.x2num:NaN or Inf found in input tensor.
WARNING:tensorboardX.x2num:NaN or Inf found in input tensor.
WARNING:tensorboardX.x2num:NaN or Inf found in input tensor.
-----------------------------------------------------------------
|                                 Train/Steps |        2.06e+06 |
|                            Loss/Loss_critic |             nan |
|                             Loss/Loss_actor |             nan |
|                             Loss/Loss_alpha |             nan |
|               Loss/Loss_state_action_metric |             nan |
|                      Loss/Loss_state_metric |             nan |
|             Loss/Loss_state_action_to_state |             nan |
|                           Loss/Act_rep_loss |             nan |
|                                   SAC/Alpha |             nan |
|                              SAC/LogPi_mean |             nan |
|                                 SAC/Q1_mean |             nan |
|                                 SAC/Q2_mean |             nan |
|                            Norm/actor_model |             nan |
|                           Norm/critic_model |             nan |
|              Norm/state_action_metric_model |             nan |
|                     Norm/state_metric_model |             nan |
|        Norm/state_action_state_metric_model |             nan |
|                  Metric/self_state_distance |             nan |
|                 Metric/cross_state_distance |             nan |
|           Metric/self_state_action_distance |             nan |
|          Metric/cross_state_action_distance |             nan |
|             Metric/avg_self_state_asymmetry |             nan |
|            Metric/avg_cross_state_asymmetry |             nan |
|                Metric/avg_self_sa_asymmetry |             nan |
|               Metric/avg_cross_sa_asymmetry |             nan |
|  Metric/self_state_action_to_state_distance |             nan |
| Metric/cross_state_action_to_state_distance |             nan |
|                   Metric/h_lambda_diff_self |             nan |
|                  Metric/h_lambda_diff_cross |             nan |
|                                 Eval/Return |             nan |
-----------------------------------------------------------------
WARNING:tensorboardX.x2num:NaN or Inf found in input tensor.
WARNING:tensorboardX.x2num:NaN or Inf found in input tensor.
WARNING:tensorboardX.x2num:NaN or Inf found in input tensor.
WARNING:tensorboardX.x2num:NaN or Inf found in input tensor.
WARNING:tensorboardX.x2num:NaN or Inf found in input tensor.
WARNING:tensorboardX.x2num:NaN or Inf found in input tensor.
WARNING:tensorboardX.x2num:NaN or Inf found in input tensor.
WARNING:tensorboardX.x2num:NaN or Inf found in input tensor.
WARNING:tensorboardX.x2num:NaN or Inf found in input tensor.
WARNING:tensorboardX.x2num:NaN or Inf found in input tensor.
WARNING:tensorboardX.x2num:NaN or Inf found in input tensor.
WARNING:tensorboardX.x2num:NaN or Inf found in input tensor.
WARNING:tensorboardX.x2num:NaN or Inf found in input tensor.
WARNING:tensorboardX.x2num:NaN or Inf found in input tensor.
WARNING:tensorboardX.x2num:NaN or Inf found in input tensor.
WARNING:tensorboardX.x2num:NaN or Inf found in input tensor.
WARNING:tensorboardX.x2num:NaN or Inf found in input tensor.
WARNING:tensorboardX.x2num:NaN or Inf found in input tensor.
WARNING:tensorboardX.x2num:NaN or Inf found in input tensor.
WARNING:tensorboardX.x2num:NaN or Inf found in input tensor.
WARNING:tensorboardX.x2num:NaN or Inf found in input tensor.
WARNING:tensorboardX.x2num:NaN or Inf found in input tensor.
WARNING:tensorboardX.x2num:NaN or Inf found in input tensor.
WARNING:tensorboardX.x2num:NaN or Inf found in input tensor.
WARNING:tensorboardX.x2num:NaN or Inf found in input tensor.
WARNING:tensorboardX.x2num:NaN or Inf found in input tensor.
WARNING:tensorboardX.x2num:NaN or Inf found in input tensor.
WARNING:tensorboardX.x2num:NaN or Inf found in input tensor.
WARNING:tensorboardX.x2num:NaN or Inf found in input tensor.
[32mSaving model …[0m
[32mDone.[0m
[32mSaving model …[0m
[32mDone.[0m
-----------------------------------------------------------------
|                                 Train/Steps |        2.18e+06 |
|                            Loss/Loss_critic |             nan |
|                             Loss/Loss_actor |             nan |
|                             Loss/Loss_alpha |             nan |
|               Loss/Loss_state_action_metric |             nan |
|                      Loss/Loss_state_metric |             nan |
|             Loss/Loss_state_action_to_state |             nan |
|                           Loss/Act_rep_loss |             nan |
|                                   SAC/Alpha |             nan |
|                              SAC/LogPi_mean |             nan |
|                                 SAC/Q1_mean |             nan |
|                                 SAC/Q2_mean |             nan |
|                            Norm/actor_model |             nan |
|                           Norm/critic_model |             nan |
|              Norm/state_action_metric_model |             nan |
|                     Norm/state_metric_model |             nan |
|        Norm/state_action_state_metric_model |             nan |
|                  Metric/self_state_distance |             nan |
|                 Metric/cross_state_distance |             nan |
|           Metric/self_state_action_distance |             nan |
|          Metric/cross_state_action_distance |             nan |
|             Metric/avg_self_state_asymmetry |             nan |
|            Metric/avg_cross_state_asymmetry |             nan |
|                Metric/avg_self_sa_asymmetry |             nan |
|               Metric/avg_cross_sa_asymmetry |             nan |
|  Metric/self_state_action_to_state_distance |             nan |
| Metric/cross_state_action_to_state_distance |             nan |
|                   Metric/h_lambda_diff_self |             nan |
|                  Metric/h_lambda_diff_cross |             nan |
|                                 Eval/Return |             nan |
-----------------------------------------------------------------
WARNING:tensorboardX.x2num:NaN or Inf found in input tensor.
WARNING:tensorboardX.x2num:NaN or Inf found in input tensor.
WARNING:tensorboardX.x2num:NaN or Inf found in input tensor.
WARNING:tensorboardX.x2num:NaN or Inf found in input tensor.
WARNING:tensorboardX.x2num:NaN or Inf found in input tensor.
WARNING:tensorboardX.x2num:NaN or Inf found in input tensor.
WARNING:tensorboardX.x2num:NaN or Inf found in input tensor.
WARNING:tensorboardX.x2num:NaN or Inf found in input tensor.
WARNING:tensorboardX.x2num:NaN or Inf found in input tensor.
WARNING:tensorboardX.x2num:NaN or Inf found in input tensor.
WARNING:tensorboardX.x2num:NaN or Inf found in input tensor.
WARNING:tensorboardX.x2num:NaN or Inf found in input tensor.
WARNING:tensorboardX.x2num:NaN or Inf found in input tensor.
WARNING:tensorboardX.x2num:NaN or Inf found in input tensor.
WARNING:tensorboardX.x2num:NaN or Inf found in input tensor.
WARNING:tensorboardX.x2num:NaN or Inf found in input tensor.
WARNING:tensorboardX.x2num:NaN or Inf found in input tensor.
WARNING:tensorboardX.x2num:NaN or Inf found in input tensor.
WARNING:tensorboardX.x2num:NaN or Inf found in input tensor.
WARNING:tensorboardX.x2num:NaN or Inf found in input tensor.
WARNING:tensorboardX.x2num:NaN or Inf found in input tensor.
WARNING:tensorboardX.x2num:NaN or Inf found in input tensor.
WARNING:tensorboardX.x2num:NaN or Inf found in input tensor.
WARNING:tensorboardX.x2num:NaN or Inf found in input tensor.
WARNING:tensorboardX.x2num:NaN or Inf found in input tensor.
WARNING:tensorboardX.x2num:NaN or Inf found in input tensor.
WARNING:tensorboardX.x2num:NaN or Inf found in input tensor.
WARNING:tensorboardX.x2num:NaN or Inf found in input tensor.
WARNING:tensorboardX.x2num:NaN or Inf found in input tensor.
-----------------------------------------------------------------
|                                 Train/Steps |        2.31e+06 |
|                            Loss/Loss_critic |             nan |
|                             Loss/Loss_actor |             nan |
|                             Loss/Loss_alpha |             nan |
|               Loss/Loss_state_action_metric |             nan |
|                      Loss/Loss_state_metric |             nan |
|             Loss/Loss_state_action_to_state |             nan |
|                           Loss/Act_rep_loss |             nan |
|                                   SAC/Alpha |             nan |
|                              SAC/LogPi_mean |             nan |
|                                 SAC/Q1_mean |             nan |
|                                 SAC/Q2_mean |             nan |
|                            Norm/actor_model |             nan |
|                           Norm/critic_model |             nan |
|              Norm/state_action_metric_model |             nan |
|                     Norm/state_metric_model |             nan |
|        Norm/state_action_state_metric_model |             nan |
|                  Metric/self_state_distance |             nan |
|                 Metric/cross_state_distance |             nan |
|           Metric/self_state_action_distance |             nan |
|          Metric/cross_state_action_distance |             nan |
|             Metric/avg_self_state_asymmetry |             nan |
|            Metric/avg_cross_state_asymmetry |             nan |
|                Metric/avg_self_sa_asymmetry |             nan |
|               Metric/avg_cross_sa_asymmetry |             nan |
|  Metric/self_state_action_to_state_distance |             nan |
| Metric/cross_state_action_to_state_distance |             nan |
|                   Metric/h_lambda_diff_self |             nan |
|                  Metric/h_lambda_diff_cross |             nan |
|                                 Eval/Return |             nan |
-----------------------------------------------------------------
WARNING:tensorboardX.x2num:NaN or Inf found in input tensor.
WARNING:tensorboardX.x2num:NaN or Inf found in input tensor.
WARNING:tensorboardX.x2num:NaN or Inf found in input tensor.
WARNING:tensorboardX.x2num:NaN or Inf found in input tensor.
WARNING:tensorboardX.x2num:NaN or Inf found in input tensor.
WARNING:tensorboardX.x2num:NaN or Inf found in input tensor.
WARNING:tensorboardX.x2num:NaN or Inf found in input tensor.
WARNING:tensorboardX.x2num:NaN or Inf found in input tensor.
WARNING:tensorboardX.x2num:NaN or Inf found in input tensor.
WARNING:tensorboardX.x2num:NaN or Inf found in input tensor.
WARNING:tensorboardX.x2num:NaN or Inf found in input tensor.
WARNING:tensorboardX.x2num:NaN or Inf found in input tensor.
WARNING:tensorboardX.x2num:NaN or Inf found in input tensor.
WARNING:tensorboardX.x2num:NaN or Inf found in input tensor.
WARNING:tensorboardX.x2num:NaN or Inf found in input tensor.
WARNING:tensorboardX.x2num:NaN or Inf found in input tensor.
WARNING:tensorboardX.x2num:NaN or Inf found in input tensor.
WARNING:tensorboardX.x2num:NaN or Inf found in input tensor.
WARNING:tensorboardX.x2num:NaN or Inf found in input tensor.
WARNING:tensorboardX.x2num:NaN or Inf found in input tensor.
WARNING:tensorboardX.x2num:NaN or Inf found in input tensor.
WARNING:tensorboardX.x2num:NaN or Inf found in input tensor.
WARNING:tensorboardX.x2num:NaN or Inf found in input tensor.
WARNING:tensorboardX.x2num:NaN or Inf found in input tensor.
WARNING:tensorboardX.x2num:NaN or Inf found in input tensor.
WARNING:tensorboardX.x2num:NaN or Inf found in input tensor.
WARNING:tensorboardX.x2num:NaN or Inf found in input tensor.
WARNING:tensorboardX.x2num:NaN or Inf found in input tensor.
WARNING:tensorboardX.x2num:NaN or Inf found in input tensor.
-----------------------------------------------------------------
|                                 Train/Steps |        2.44e+06 |
|                            Loss/Loss_critic |             nan |
|                             Loss/Loss_actor |             nan |
|                             Loss/Loss_alpha |             nan |
|               Loss/Loss_state_action_metric |             nan |
|                      Loss/Loss_state_metric |             nan |
|             Loss/Loss_state_action_to_state |             nan |
|                           Loss/Act_rep_loss |             nan |
|                                   SAC/Alpha |             nan |
|                              SAC/LogPi_mean |             nan |
|                                 SAC/Q1_mean |             nan |
|                                 SAC/Q2_mean |             nan |
|                            Norm/actor_model |             nan |
|                           Norm/critic_model |             nan |
|              Norm/state_action_metric_model |             nan |
|                     Norm/state_metric_model |             nan |
|        Norm/state_action_state_metric_model |             nan |
|                  Metric/self_state_distance |             nan |
|                 Metric/cross_state_distance |             nan |
|           Metric/self_state_action_distance |             nan |
|          Metric/cross_state_action_distance |             nan |
|             Metric/avg_self_state_asymmetry |             nan |
|            Metric/avg_cross_state_asymmetry |             nan |
|                Metric/avg_self_sa_asymmetry |             nan |
|               Metric/avg_cross_sa_asymmetry |             nan |
|  Metric/self_state_action_to_state_distance |             nan |
| Metric/cross_state_action_to_state_distance |             nan |
|                   Metric/h_lambda_diff_self |             nan |
|                  Metric/h_lambda_diff_cross |             nan |
|                                 Eval/Return |             nan |
-----------------------------------------------------------------
WARNING:tensorboardX.x2num:NaN or Inf found in input tensor.
WARNING:tensorboardX.x2num:NaN or Inf found in input tensor.
WARNING:tensorboardX.x2num:NaN or Inf found in input tensor.
WARNING:tensorboardX.x2num:NaN or Inf found in input tensor.
WARNING:tensorboardX.x2num:NaN or Inf found in input tensor.
WARNING:tensorboardX.x2num:NaN or Inf found in input tensor.
WARNING:tensorboardX.x2num:NaN or Inf found in input tensor.
WARNING:tensorboardX.x2num:NaN or Inf found in input tensor.
WARNING:tensorboardX.x2num:NaN or Inf found in input tensor.
WARNING:tensorboardX.x2num:NaN or Inf found in input tensor.
WARNING:tensorboardX.x2num:NaN or Inf found in input tensor.
WARNING:tensorboardX.x2num:NaN or Inf found in input tensor.
WARNING:tensorboardX.x2num:NaN or Inf found in input tensor.
WARNING:tensorboardX.x2num:NaN or Inf found in input tensor.
WARNING:tensorboardX.x2num:NaN or Inf found in input tensor.
WARNING:tensorboardX.x2num:NaN or Inf found in input tensor.
WARNING:tensorboardX.x2num:NaN or Inf found in input tensor.
WARNING:tensorboardX.x2num:NaN or Inf found in input tensor.
WARNING:tensorboardX.x2num:NaN or Inf found in input tensor.
WARNING:tensorboardX.x2num:NaN or Inf found in input tensor.
WARNING:tensorboardX.x2num:NaN or Inf found in input tensor.
WARNING:tensorboardX.x2num:NaN or Inf found in input tensor.
WARNING:tensorboardX.x2num:NaN or Inf found in input tensor.
WARNING:tensorboardX.x2num:NaN or Inf found in input tensor.
WARNING:tensorboardX.x2num:NaN or Inf found in input tensor.
WARNING:tensorboardX.x2num:NaN or Inf found in input tensor.
WARNING:tensorboardX.x2num:NaN or Inf found in input tensor.
WARNING:tensorboardX.x2num:NaN or Inf found in input tensor.
WARNING:tensorboardX.x2num:NaN or Inf found in input tensor.
-----------------------------------------------------------------
|                                 Train/Steps |        2.57e+06 |
|                            Loss/Loss_critic |             nan |
|                             Loss/Loss_actor |             nan |
|                             Loss/Loss_alpha |             nan |
|               Loss/Loss_state_action_metric |             nan |
|                      Loss/Loss_state_metric |             nan |
|             Loss/Loss_state_action_to_state |             nan |
|                           Loss/Act_rep_loss |             nan |
|                                   SAC/Alpha |             nan |
|                              SAC/LogPi_mean |             nan |
|                                 SAC/Q1_mean |             nan |
|                                 SAC/Q2_mean |             nan |
|                            Norm/actor_model |             nan |
|                           Norm/critic_model |             nan |
|              Norm/state_action_metric_model |             nan |
|                     Norm/state_metric_model |             nan |
|        Norm/state_action_state_metric_model |             nan |
|                  Metric/self_state_distance |             nan |
|                 Metric/cross_state_distance |             nan |
|           Metric/self_state_action_distance |             nan |
|          Metric/cross_state_action_distance |             nan |
|             Metric/avg_self_state_asymmetry |             nan |
|            Metric/avg_cross_state_asymmetry |             nan |
|                Metric/avg_self_sa_asymmetry |             nan |
|               Metric/avg_cross_sa_asymmetry |             nan |
|  Metric/self_state_action_to_state_distance |             nan |
| Metric/cross_state_action_to_state_distance |             nan |
|                   Metric/h_lambda_diff_self |             nan |
|                  Metric/h_lambda_diff_cross |             nan |
|                                 Eval/Return |             nan |
-----------------------------------------------------------------
WARNING:tensorboardX.x2num:NaN or Inf found in input tensor.
WARNING:tensorboardX.x2num:NaN or Inf found in input tensor.
WARNING:tensorboardX.x2num:NaN or Inf found in input tensor.
WARNING:tensorboardX.x2num:NaN or Inf found in input tensor.
WARNING:tensorboardX.x2num:NaN or Inf found in input tensor.
WARNING:tensorboardX.x2num:NaN or Inf found in input tensor.
WARNING:tensorboardX.x2num:NaN or Inf found in input tensor.
WARNING:tensorboardX.x2num:NaN or Inf found in input tensor.
WARNING:tensorboardX.x2num:NaN or Inf found in input tensor.
WARNING:tensorboardX.x2num:NaN or Inf found in input tensor.
WARNING:tensorboardX.x2num:NaN or Inf found in input tensor.
WARNING:tensorboardX.x2num:NaN or Inf found in input tensor.
WARNING:tensorboardX.x2num:NaN or Inf found in input tensor.
WARNING:tensorboardX.x2num:NaN or Inf found in input tensor.
WARNING:tensorboardX.x2num:NaN or Inf found in input tensor.
WARNING:tensorboardX.x2num:NaN or Inf found in input tensor.
WARNING:tensorboardX.x2num:NaN or Inf found in input tensor.
WARNING:tensorboardX.x2num:NaN or Inf found in input tensor.
WARNING:tensorboardX.x2num:NaN or Inf found in input tensor.
WARNING:tensorboardX.x2num:NaN or Inf found in input tensor.
WARNING:tensorboardX.x2num:NaN or Inf found in input tensor.
WARNING:tensorboardX.x2num:NaN or Inf found in input tensor.
WARNING:tensorboardX.x2num:NaN or Inf found in input tensor.
WARNING:tensorboardX.x2num:NaN or Inf found in input tensor.
WARNING:tensorboardX.x2num:NaN or Inf found in input tensor.
WARNING:tensorboardX.x2num:NaN or Inf found in input tensor.
WARNING:tensorboardX.x2num:NaN or Inf found in input tensor.
WARNING:tensorboardX.x2num:NaN or Inf found in input tensor.
WARNING:tensorboardX.x2num:NaN or Inf found in input tensor.
-----------------------------------------------------------------
|                                 Train/Steps |         2.7e+06 |
|                            Loss/Loss_critic |             nan |
|                             Loss/Loss_actor |             nan |
|                             Loss/Loss_alpha |             nan |
|               Loss/Loss_state_action_metric |             nan |
|                      Loss/Loss_state_metric |             nan |
|             Loss/Loss_state_action_to_state |             nan |
|                           Loss/Act_rep_loss |             nan |
|                                   SAC/Alpha |             nan |
|                              SAC/LogPi_mean |             nan |
|                                 SAC/Q1_mean |             nan |
|                                 SAC/Q2_mean |             nan |
|                            Norm/actor_model |             nan |
|                           Norm/critic_model |             nan |
|              Norm/state_action_metric_model |             nan |
|                     Norm/state_metric_model |             nan |
|        Norm/state_action_state_metric_model |             nan |
|                  Metric/self_state_distance |             nan |
|                 Metric/cross_state_distance |             nan |
|           Metric/self_state_action_distance |             nan |
|          Metric/cross_state_action_distance |             nan |
|             Metric/avg_self_state_asymmetry |             nan |
|            Metric/avg_cross_state_asymmetry |             nan |
|                Metric/avg_self_sa_asymmetry |             nan |
|               Metric/avg_cross_sa_asymmetry |             nan |
|  Metric/self_state_action_to_state_distance |             nan |
| Metric/cross_state_action_to_state_distance |             nan |
|                   Metric/h_lambda_diff_self |             nan |
|                  Metric/h_lambda_diff_cross |             nan |
|                                 Eval/Return |             nan |
-----------------------------------------------------------------
WARNING:tensorboardX.x2num:NaN or Inf found in input tensor.
WARNING:tensorboardX.x2num:NaN or Inf found in input tensor.
WARNING:tensorboardX.x2num:NaN or Inf found in input tensor.
WARNING:tensorboardX.x2num:NaN or Inf found in input tensor.
WARNING:tensorboardX.x2num:NaN or Inf found in input tensor.
WARNING:tensorboardX.x2num:NaN or Inf found in input tensor.
WARNING:tensorboardX.x2num:NaN or Inf found in input tensor.
WARNING:tensorboardX.x2num:NaN or Inf found in input tensor.
WARNING:tensorboardX.x2num:NaN or Inf found in input tensor.
WARNING:tensorboardX.x2num:NaN or Inf found in input tensor.
WARNING:tensorboardX.x2num:NaN or Inf found in input tensor.
WARNING:tensorboardX.x2num:NaN or Inf found in input tensor.
WARNING:tensorboardX.x2num:NaN or Inf found in input tensor.
WARNING:tensorboardX.x2num:NaN or Inf found in input tensor.
WARNING:tensorboardX.x2num:NaN or Inf found in input tensor.
WARNING:tensorboardX.x2num:NaN or Inf found in input tensor.
WARNING:tensorboardX.x2num:NaN or Inf found in input tensor.
WARNING:tensorboardX.x2num:NaN or Inf found in input tensor.
WARNING:tensorboardX.x2num:NaN or Inf found in input tensor.
WARNING:tensorboardX.x2num:NaN or Inf found in input tensor.
WARNING:tensorboardX.x2num:NaN or Inf found in input tensor.
WARNING:tensorboardX.x2num:NaN or Inf found in input tensor.
WARNING:tensorboardX.x2num:NaN or Inf found in input tensor.
WARNING:tensorboardX.x2num:NaN or Inf found in input tensor.
WARNING:tensorboardX.x2num:NaN or Inf found in input tensor.
WARNING:tensorboardX.x2num:NaN or Inf found in input tensor.
WARNING:tensorboardX.x2num:NaN or Inf found in input tensor.
WARNING:tensorboardX.x2num:NaN or Inf found in input tensor.
WARNING:tensorboardX.x2num:NaN or Inf found in input tensor.
-----------------------------------------------------------------
|                                 Train/Steps |        2.82e+06 |
|                            Loss/Loss_critic |             nan |
|                             Loss/Loss_actor |             nan |
|                             Loss/Loss_alpha |             nan |
|               Loss/Loss_state_action_metric |             nan |
|                      Loss/Loss_state_metric |             nan |
|             Loss/Loss_state_action_to_state |             nan |
|                           Loss/Act_rep_loss |             nan |
|                                   SAC/Alpha |             nan |
|                              SAC/LogPi_mean |             nan |
|                                 SAC/Q1_mean |             nan |
|                                 SAC/Q2_mean |             nan |
|                            Norm/actor_model |             nan |
|                           Norm/critic_model |             nan |
|              Norm/state_action_metric_model |             nan |
|                     Norm/state_metric_model |             nan |
|        Norm/state_action_state_metric_model |             nan |
|                  Metric/self_state_distance |             nan |
|                 Metric/cross_state_distance |             nan |
|           Metric/self_state_action_distance |             nan |
|          Metric/cross_state_action_distance |             nan |
|             Metric/avg_self_state_asymmetry |             nan |
|            Metric/avg_cross_state_asymmetry |             nan |
|                Metric/avg_self_sa_asymmetry |             nan |
|               Metric/avg_cross_sa_asymmetry |             nan |
|  Metric/self_state_action_to_state_distance |             nan |
| Metric/cross_state_action_to_state_distance |             nan |
|                   Metric/h_lambda_diff_self |             nan |
|                  Metric/h_lambda_diff_cross |             nan |
|                                 Eval/Return |             nan |
-----------------------------------------------------------------
WARNING:tensorboardX.x2num:NaN or Inf found in input tensor.
WARNING:tensorboardX.x2num:NaN or Inf found in input tensor.
WARNING:tensorboardX.x2num:NaN or Inf found in input tensor.
WARNING:tensorboardX.x2num:NaN or Inf found in input tensor.
WARNING:tensorboardX.x2num:NaN or Inf found in input tensor.
WARNING:tensorboardX.x2num:NaN or Inf found in input tensor.
WARNING:tensorboardX.x2num:NaN or Inf found in input tensor.
WARNING:tensorboardX.x2num:NaN or Inf found in input tensor.
WARNING:tensorboardX.x2num:NaN or Inf found in input tensor.
WARNING:tensorboardX.x2num:NaN or Inf found in input tensor.
WARNING:tensorboardX.x2num:NaN or Inf found in input tensor.
WARNING:tensorboardX.x2num:NaN or Inf found in input tensor.
WARNING:tensorboardX.x2num:NaN or Inf found in input tensor.
WARNING:tensorboardX.x2num:NaN or Inf found in input tensor.
WARNING:tensorboardX.x2num:NaN or Inf found in input tensor.
WARNING:tensorboardX.x2num:NaN or Inf found in input tensor.
WARNING:tensorboardX.x2num:NaN or Inf found in input tensor.
WARNING:tensorboardX.x2num:NaN or Inf found in input tensor.
WARNING:tensorboardX.x2num:NaN or Inf found in input tensor.
WARNING:tensorboardX.x2num:NaN or Inf found in input tensor.
WARNING:tensorboardX.x2num:NaN or Inf found in input tensor.
WARNING:tensorboardX.x2num:NaN or Inf found in input tensor.
WARNING:tensorboardX.x2num:NaN or Inf found in input tensor.
WARNING:tensorboardX.x2num:NaN or Inf found in input tensor.
WARNING:tensorboardX.x2num:NaN or Inf found in input tensor.
WARNING:tensorboardX.x2num:NaN or Inf found in input tensor.
WARNING:tensorboardX.x2num:NaN or Inf found in input tensor.
WARNING:tensorboardX.x2num:NaN or Inf found in input tensor.
WARNING:tensorboardX.x2num:NaN or Inf found in input tensor.
-----------------------------------------------------------------
|                                 Train/Steps |        2.95e+06 |
|                            Loss/Loss_critic |             nan |
|                             Loss/Loss_actor |             nan |
|                             Loss/Loss_alpha |             nan |
|               Loss/Loss_state_action_metric |             nan |
|                      Loss/Loss_state_metric |             nan |
|             Loss/Loss_state_action_to_state |             nan |
|                           Loss/Act_rep_loss |             nan |
|                                   SAC/Alpha |             nan |
|                              SAC/LogPi_mean |             nan |
|                                 SAC/Q1_mean |             nan |
|                                 SAC/Q2_mean |             nan |
|                            Norm/actor_model |             nan |
|                           Norm/critic_model |             nan |
|              Norm/state_action_metric_model |             nan |
|                     Norm/state_metric_model |             nan |
|        Norm/state_action_state_metric_model |             nan |
|                  Metric/self_state_distance |             nan |
|                 Metric/cross_state_distance |             nan |
|           Metric/self_state_action_distance |             nan |
|          Metric/cross_state_action_distance |             nan |
|             Metric/avg_self_state_asymmetry |             nan |
|            Metric/avg_cross_state_asymmetry |             nan |
|                Metric/avg_self_sa_asymmetry |             nan |
|               Metric/avg_cross_sa_asymmetry |             nan |
|  Metric/self_state_action_to_state_distance |             nan |
| Metric/cross_state_action_to_state_distance |             nan |
|                   Metric/h_lambda_diff_self |             nan |
|                  Metric/h_lambda_diff_cross |             nan |
|                                 Eval/Return |             nan |
-----------------------------------------------------------------
WARNING:tensorboardX.x2num:NaN or Inf found in input tensor.
WARNING:tensorboardX.x2num:NaN or Inf found in input tensor.
WARNING:tensorboardX.x2num:NaN or Inf found in input tensor.
WARNING:tensorboardX.x2num:NaN or Inf found in input tensor.
WARNING:tensorboardX.x2num:NaN or Inf found in input tensor.
WARNING:tensorboardX.x2num:NaN or Inf found in input tensor.
WARNING:tensorboardX.x2num:NaN or Inf found in input tensor.
WARNING:tensorboardX.x2num:NaN or Inf found in input tensor.
WARNING:tensorboardX.x2num:NaN or Inf found in input tensor.
WARNING:tensorboardX.x2num:NaN or Inf found in input tensor.
WARNING:tensorboardX.x2num:NaN or Inf found in input tensor.
WARNING:tensorboardX.x2num:NaN or Inf found in input tensor.
WARNING:tensorboardX.x2num:NaN or Inf found in input tensor.
WARNING:tensorboardX.x2num:NaN or Inf found in input tensor.
WARNING:tensorboardX.x2num:NaN or Inf found in input tensor.
WARNING:tensorboardX.x2num:NaN or Inf found in input tensor.
WARNING:tensorboardX.x2num:NaN or Inf found in input tensor.
WARNING:tensorboardX.x2num:NaN or Inf found in input tensor.
WARNING:tensorboardX.x2num:NaN or Inf found in input tensor.
WARNING:tensorboardX.x2num:NaN or Inf found in input tensor.
WARNING:tensorboardX.x2num:NaN or Inf found in input tensor.
WARNING:tensorboardX.x2num:NaN or Inf found in input tensor.
WARNING:tensorboardX.x2num:NaN or Inf found in input tensor.
WARNING:tensorboardX.x2num:NaN or Inf found in input tensor.
WARNING:tensorboardX.x2num:NaN or Inf found in input tensor.
WARNING:tensorboardX.x2num:NaN or Inf found in input tensor.
WARNING:tensorboardX.x2num:NaN or Inf found in input tensor.
WARNING:tensorboardX.x2num:NaN or Inf found in input tensor.
WARNING:tensorboardX.x2num:NaN or Inf found in input tensor.
-----------------------------------------------------------------
|                                 Train/Steps |        3.08e+06 |
|                            Loss/Loss_critic |             nan |
|                             Loss/Loss_actor |             nan |
|                             Loss/Loss_alpha |             nan |
|               Loss/Loss_state_action_metric |             nan |
|                      Loss/Loss_state_metric |             nan |
|             Loss/Loss_state_action_to_state |             nan |
|                           Loss/Act_rep_loss |             nan |
|                                   SAC/Alpha |             nan |
|                              SAC/LogPi_mean |             nan |
|                                 SAC/Q1_mean |             nan |
|                                 SAC/Q2_mean |             nan |
|                            Norm/actor_model |             nan |
|                           Norm/critic_model |             nan |
|              Norm/state_action_metric_model |             nan |
|                     Norm/state_metric_model |             nan |
|        Norm/state_action_state_metric_model |             nan |
|                  Metric/self_state_distance |             nan |
|                 Metric/cross_state_distance |             nan |
|           Metric/self_state_action_distance |             nan |
|          Metric/cross_state_action_distance |             nan |
|             Metric/avg_self_state_asymmetry |             nan |
|            Metric/avg_cross_state_asymmetry |             nan |
|                Metric/avg_self_sa_asymmetry |             nan |
|               Metric/avg_cross_sa_asymmetry |             nan |
|  Metric/self_state_action_to_state_distance |             nan |
| Metric/cross_state_action_to_state_distance |             nan |
|                   Metric/h_lambda_diff_self |             nan |
|                  Metric/h_lambda_diff_cross |             nan |
|                                 Eval/Return |             nan |
-----------------------------------------------------------------
WARNING:tensorboardX.x2num:NaN or Inf found in input tensor.
WARNING:tensorboardX.x2num:NaN or Inf found in input tensor.
WARNING:tensorboardX.x2num:NaN or Inf found in input tensor.
WARNING:tensorboardX.x2num:NaN or Inf found in input tensor.
WARNING:tensorboardX.x2num:NaN or Inf found in input tensor.
WARNING:tensorboardX.x2num:NaN or Inf found in input tensor.
WARNING:tensorboardX.x2num:NaN or Inf found in input tensor.
WARNING:tensorboardX.x2num:NaN or Inf found in input tensor.
WARNING:tensorboardX.x2num:NaN or Inf found in input tensor.
WARNING:tensorboardX.x2num:NaN or Inf found in input tensor.
WARNING:tensorboardX.x2num:NaN or Inf found in input tensor.
WARNING:tensorboardX.x2num:NaN or Inf found in input tensor.
WARNING:tensorboardX.x2num:NaN or Inf found in input tensor.
WARNING:tensorboardX.x2num:NaN or Inf found in input tensor.
WARNING:tensorboardX.x2num:NaN or Inf found in input tensor.
WARNING:tensorboardX.x2num:NaN or Inf found in input tensor.
WARNING:tensorboardX.x2num:NaN or Inf found in input tensor.
WARNING:tensorboardX.x2num:NaN or Inf found in input tensor.
WARNING:tensorboardX.x2num:NaN or Inf found in input tensor.
WARNING:tensorboardX.x2num:NaN or Inf found in input tensor.
WARNING:tensorboardX.x2num:NaN or Inf found in input tensor.
WARNING:tensorboardX.x2num:NaN or Inf found in input tensor.
WARNING:tensorboardX.x2num:NaN or Inf found in input tensor.
WARNING:tensorboardX.x2num:NaN or Inf found in input tensor.
WARNING:tensorboardX.x2num:NaN or Inf found in input tensor.
WARNING:tensorboardX.x2num:NaN or Inf found in input tensor.
WARNING:tensorboardX.x2num:NaN or Inf found in input tensor.
WARNING:tensorboardX.x2num:NaN or Inf found in input tensor.
WARNING:tensorboardX.x2num:NaN or Inf found in input tensor.
[32mSaving model …[0m
[32mDone.[0m
[32mSaving model …[0m
[32mDone.[0m
-----------------------------------------------------------------
|                                 Train/Steps |        3.21e+06 |
|                            Loss/Loss_critic |             nan |
|                             Loss/Loss_actor |             nan |
|                             Loss/Loss_alpha |             nan |
|               Loss/Loss_state_action_metric |             nan |
|                      Loss/Loss_state_metric |             nan |
|             Loss/Loss_state_action_to_state |             nan |
|                           Loss/Act_rep_loss |             nan |
|                                   SAC/Alpha |             nan |
|                              SAC/LogPi_mean |             nan |
|                                 SAC/Q1_mean |             nan |
|                                 SAC/Q2_mean |             nan |
|                            Norm/actor_model |             nan |
|                           Norm/critic_model |             nan |
|              Norm/state_action_metric_model |             nan |
|                     Norm/state_metric_model |             nan |
|        Norm/state_action_state_metric_model |             nan |
|                  Metric/self_state_distance |             nan |
|                 Metric/cross_state_distance |             nan |
|           Metric/self_state_action_distance |             nan |
|          Metric/cross_state_action_distance |             nan |
|             Metric/avg_self_state_asymmetry |             nan |
|            Metric/avg_cross_state_asymmetry |             nan |
|                Metric/avg_self_sa_asymmetry |             nan |
|               Metric/avg_cross_sa_asymmetry |             nan |
|  Metric/self_state_action_to_state_distance |             nan |
| Metric/cross_state_action_to_state_distance |             nan |
|                   Metric/h_lambda_diff_self |             nan |
|                  Metric/h_lambda_diff_cross |             nan |
|                                 Eval/Return |             nan |
-----------------------------------------------------------------
WARNING:tensorboardX.x2num:NaN or Inf found in input tensor.
WARNING:tensorboardX.x2num:NaN or Inf found in input tensor.
WARNING:tensorboardX.x2num:NaN or Inf found in input tensor.
WARNING:tensorboardX.x2num:NaN or Inf found in input tensor.
WARNING:tensorboardX.x2num:NaN or Inf found in input tensor.
WARNING:tensorboardX.x2num:NaN or Inf found in input tensor.
WARNING:tensorboardX.x2num:NaN or Inf found in input tensor.
WARNING:tensorboardX.x2num:NaN or Inf found in input tensor.
WARNING:tensorboardX.x2num:NaN or Inf found in input tensor.
WARNING:tensorboardX.x2num:NaN or Inf found in input tensor.
WARNING:tensorboardX.x2num:NaN or Inf found in input tensor.
WARNING:tensorboardX.x2num:NaN or Inf found in input tensor.
WARNING:tensorboardX.x2num:NaN or Inf found in input tensor.
WARNING:tensorboardX.x2num:NaN or Inf found in input tensor.
WARNING:tensorboardX.x2num:NaN or Inf found in input tensor.
WARNING:tensorboardX.x2num:NaN or Inf found in input tensor.
WARNING:tensorboardX.x2num:NaN or Inf found in input tensor.
WARNING:tensorboardX.x2num:NaN or Inf found in input tensor.
WARNING:tensorboardX.x2num:NaN or Inf found in input tensor.
WARNING:tensorboardX.x2num:NaN or Inf found in input tensor.
WARNING:tensorboardX.x2num:NaN or Inf found in input tensor.
WARNING:tensorboardX.x2num:NaN or Inf found in input tensor.
WARNING:tensorboardX.x2num:NaN or Inf found in input tensor.
WARNING:tensorboardX.x2num:NaN or Inf found in input tensor.
WARNING:tensorboardX.x2num:NaN or Inf found in input tensor.
WARNING:tensorboardX.x2num:NaN or Inf found in input tensor.
WARNING:tensorboardX.x2num:NaN or Inf found in input tensor.
WARNING:tensorboardX.x2num:NaN or Inf found in input tensor.
WARNING:tensorboardX.x2num:NaN or Inf found in input tensor.
-----------------------------------------------------------------
|                                 Train/Steps |        3.34e+06 |
|                            Loss/Loss_critic |             nan |
|                             Loss/Loss_actor |             nan |
|                             Loss/Loss_alpha |             nan |
|               Loss/Loss_state_action_metric |             nan |
|                      Loss/Loss_state_metric |             nan |
|             Loss/Loss_state_action_to_state |             nan |
|                           Loss/Act_rep_loss |             nan |
|                                   SAC/Alpha |             nan |
|                              SAC/LogPi_mean |             nan |
|                                 SAC/Q1_mean |             nan |
|                                 SAC/Q2_mean |             nan |
|                            Norm/actor_model |             nan |
|                           Norm/critic_model |             nan |
|              Norm/state_action_metric_model |             nan |
|                     Norm/state_metric_model |             nan |
|        Norm/state_action_state_metric_model |             nan |
|                  Metric/self_state_distance |             nan |
|                 Metric/cross_state_distance |             nan |
|           Metric/self_state_action_distance |             nan |
|          Metric/cross_state_action_distance |             nan |
|             Metric/avg_self_state_asymmetry |             nan |
|            Metric/avg_cross_state_asymmetry |             nan |
|                Metric/avg_self_sa_asymmetry |             nan |
|               Metric/avg_cross_sa_asymmetry |             nan |
|  Metric/self_state_action_to_state_distance |             nan |
| Metric/cross_state_action_to_state_distance |             nan |
|                   Metric/h_lambda_diff_self |             nan |
|                  Metric/h_lambda_diff_cross |             nan |
|                                 Eval/Return |             nan |
-----------------------------------------------------------------
WARNING:tensorboardX.x2num:NaN or Inf found in input tensor.
WARNING:tensorboardX.x2num:NaN or Inf found in input tensor.
WARNING:tensorboardX.x2num:NaN or Inf found in input tensor.
WARNING:tensorboardX.x2num:NaN or Inf found in input tensor.
WARNING:tensorboardX.x2num:NaN or Inf found in input tensor.
WARNING:tensorboardX.x2num:NaN or Inf found in input tensor.
WARNING:tensorboardX.x2num:NaN or Inf found in input tensor.
WARNING:tensorboardX.x2num:NaN or Inf found in input tensor.
WARNING:tensorboardX.x2num:NaN or Inf found in input tensor.
WARNING:tensorboardX.x2num:NaN or Inf found in input tensor.
WARNING:tensorboardX.x2num:NaN or Inf found in input tensor.
WARNING:tensorboardX.x2num:NaN or Inf found in input tensor.
WARNING:tensorboardX.x2num:NaN or Inf found in input tensor.
WARNING:tensorboardX.x2num:NaN or Inf found in input tensor.
WARNING:tensorboardX.x2num:NaN or Inf found in input tensor.
WARNING:tensorboardX.x2num:NaN or Inf found in input tensor.
WARNING:tensorboardX.x2num:NaN or Inf found in input tensor.
WARNING:tensorboardX.x2num:NaN or Inf found in input tensor.
WARNING:tensorboardX.x2num:NaN or Inf found in input tensor.
WARNING:tensorboardX.x2num:NaN or Inf found in input tensor.
WARNING:tensorboardX.x2num:NaN or Inf found in input tensor.
WARNING:tensorboardX.x2num:NaN or Inf found in input tensor.
WARNING:tensorboardX.x2num:NaN or Inf found in input tensor.
WARNING:tensorboardX.x2num:NaN or Inf found in input tensor.
WARNING:tensorboardX.x2num:NaN or Inf found in input tensor.
WARNING:tensorboardX.x2num:NaN or Inf found in input tensor.
WARNING:tensorboardX.x2num:NaN or Inf found in input tensor.
WARNING:tensorboardX.x2num:NaN or Inf found in input tensor.
WARNING:tensorboardX.x2num:NaN or Inf found in input tensor.
-----------------------------------------------------------------
|                                 Train/Steps |        3.46e+06 |
|                            Loss/Loss_critic |             nan |
|                             Loss/Loss_actor |             nan |
|                             Loss/Loss_alpha |             nan |
|               Loss/Loss_state_action_metric |             nan |
|                      Loss/Loss_state_metric |             nan |
|             Loss/Loss_state_action_to_state |             nan |
|                           Loss/Act_rep_loss |             nan |
|                                   SAC/Alpha |             nan |
|                              SAC/LogPi_mean |             nan |
|                                 SAC/Q1_mean |             nan |
|                                 SAC/Q2_mean |             nan |
|                            Norm/actor_model |             nan |
|                           Norm/critic_model |             nan |
|              Norm/state_action_metric_model |             nan |
|                     Norm/state_metric_model |             nan |
|        Norm/state_action_state_metric_model |             nan |
|                  Metric/self_state_distance |             nan |
|                 Metric/cross_state_distance |             nan |
|           Metric/self_state_action_distance |             nan |
|          Metric/cross_state_action_distance |             nan |
|             Metric/avg_self_state_asymmetry |             nan |
|            Metric/avg_cross_state_asymmetry |             nan |
|                Metric/avg_self_sa_asymmetry |             nan |
|               Metric/avg_cross_sa_asymmetry |             nan |
|  Metric/self_state_action_to_state_distance |             nan |
| Metric/cross_state_action_to_state_distance |             nan |
|                   Metric/h_lambda_diff_self |             nan |
|                  Metric/h_lambda_diff_cross |             nan |
|                                 Eval/Return |             nan |
-----------------------------------------------------------------
WARNING:tensorboardX.x2num:NaN or Inf found in input tensor.
WARNING:tensorboardX.x2num:NaN or Inf found in input tensor.
WARNING:tensorboardX.x2num:NaN or Inf found in input tensor.
WARNING:tensorboardX.x2num:NaN or Inf found in input tensor.
WARNING:tensorboardX.x2num:NaN or Inf found in input tensor.
WARNING:tensorboardX.x2num:NaN or Inf found in input tensor.
WARNING:tensorboardX.x2num:NaN or Inf found in input tensor.
WARNING:tensorboardX.x2num:NaN or Inf found in input tensor.
WARNING:tensorboardX.x2num:NaN or Inf found in input tensor.
WARNING:tensorboardX.x2num:NaN or Inf found in input tensor.
WARNING:tensorboardX.x2num:NaN or Inf found in input tensor.
WARNING:tensorboardX.x2num:NaN or Inf found in input tensor.
WARNING:tensorboardX.x2num:NaN or Inf found in input tensor.
WARNING:tensorboardX.x2num:NaN or Inf found in input tensor.
WARNING:tensorboardX.x2num:NaN or Inf found in input tensor.
WARNING:tensorboardX.x2num:NaN or Inf found in input tensor.
WARNING:tensorboardX.x2num:NaN or Inf found in input tensor.
WARNING:tensorboardX.x2num:NaN or Inf found in input tensor.
WARNING:tensorboardX.x2num:NaN or Inf found in input tensor.
WARNING:tensorboardX.x2num:NaN or Inf found in input tensor.
WARNING:tensorboardX.x2num:NaN or Inf found in input tensor.
WARNING:tensorboardX.x2num:NaN or Inf found in input tensor.
WARNING:tensorboardX.x2num:NaN or Inf found in input tensor.
WARNING:tensorboardX.x2num:NaN or Inf found in input tensor.
WARNING:tensorboardX.x2num:NaN or Inf found in input tensor.
WARNING:tensorboardX.x2num:NaN or Inf found in input tensor.
WARNING:tensorboardX.x2num:NaN or Inf found in input tensor.
WARNING:tensorboardX.x2num:NaN or Inf found in input tensor.
WARNING:tensorboardX.x2num:NaN or Inf found in input tensor.
-----------------------------------------------------------------
|                                 Train/Steps |        3.59e+06 |
|                            Loss/Loss_critic |             nan |
|                             Loss/Loss_actor |             nan |
|                             Loss/Loss_alpha |             nan |
|               Loss/Loss_state_action_metric |             nan |
|                      Loss/Loss_state_metric |             nan |
|             Loss/Loss_state_action_to_state |             nan |
|                           Loss/Act_rep_loss |             nan |
|                                   SAC/Alpha |             nan |
|                              SAC/LogPi_mean |             nan |
|                                 SAC/Q1_mean |             nan |
|                                 SAC/Q2_mean |             nan |
|                            Norm/actor_model |             nan |
|                           Norm/critic_model |             nan |
|              Norm/state_action_metric_model |             nan |
|                     Norm/state_metric_model |             nan |
|        Norm/state_action_state_metric_model |             nan |
|                  Metric/self_state_distance |             nan |
|                 Metric/cross_state_distance |             nan |
|           Metric/self_state_action_distance |             nan |
|          Metric/cross_state_action_distance |             nan |
|             Metric/avg_self_state_asymmetry |             nan |
|            Metric/avg_cross_state_asymmetry |             nan |
|                Metric/avg_self_sa_asymmetry |             nan |
|               Metric/avg_cross_sa_asymmetry |             nan |
|  Metric/self_state_action_to_state_distance |             nan |
| Metric/cross_state_action_to_state_distance |             nan |
|                   Metric/h_lambda_diff_self |             nan |
|                  Metric/h_lambda_diff_cross |             nan |
|                                 Eval/Return |             nan |
-----------------------------------------------------------------
WARNING:tensorboardX.x2num:NaN or Inf found in input tensor.
WARNING:tensorboardX.x2num:NaN or Inf found in input tensor.
WARNING:tensorboardX.x2num:NaN or Inf found in input tensor.
WARNING:tensorboardX.x2num:NaN or Inf found in input tensor.
WARNING:tensorboardX.x2num:NaN or Inf found in input tensor.
WARNING:tensorboardX.x2num:NaN or Inf found in input tensor.
WARNING:tensorboardX.x2num:NaN or Inf found in input tensor.
WARNING:tensorboardX.x2num:NaN or Inf found in input tensor.
WARNING:tensorboardX.x2num:NaN or Inf found in input tensor.
WARNING:tensorboardX.x2num:NaN or Inf found in input tensor.
WARNING:tensorboardX.x2num:NaN or Inf found in input tensor.
WARNING:tensorboardX.x2num:NaN or Inf found in input tensor.
WARNING:tensorboardX.x2num:NaN or Inf found in input tensor.
WARNING:tensorboardX.x2num:NaN or Inf found in input tensor.
WARNING:tensorboardX.x2num:NaN or Inf found in input tensor.
WARNING:tensorboardX.x2num:NaN or Inf found in input tensor.
WARNING:tensorboardX.x2num:NaN or Inf found in input tensor.
WARNING:tensorboardX.x2num:NaN or Inf found in input tensor.
WARNING:tensorboardX.x2num:NaN or Inf found in input tensor.
WARNING:tensorboardX.x2num:NaN or Inf found in input tensor.
WARNING:tensorboardX.x2num:NaN or Inf found in input tensor.
WARNING:tensorboardX.x2num:NaN or Inf found in input tensor.
WARNING:tensorboardX.x2num:NaN or Inf found in input tensor.
WARNING:tensorboardX.x2num:NaN or Inf found in input tensor.
WARNING:tensorboardX.x2num:NaN or Inf found in input tensor.
WARNING:tensorboardX.x2num:NaN or Inf found in input tensor.
WARNING:tensorboardX.x2num:NaN or Inf found in input tensor.
WARNING:tensorboardX.x2num:NaN or Inf found in input tensor.
WARNING:tensorboardX.x2num:NaN or Inf found in input tensor.
-----------------------------------------------------------------
|                                 Train/Steps |        3.72e+06 |
|                            Loss/Loss_critic |             nan |
|                             Loss/Loss_actor |             nan |
|                             Loss/Loss_alpha |             nan |
|               Loss/Loss_state_action_metric |             nan |
|                      Loss/Loss_state_metric |             nan |
|             Loss/Loss_state_action_to_state |             nan |
|                           Loss/Act_rep_loss |             nan |
|                                   SAC/Alpha |             nan |
|                              SAC/LogPi_mean |             nan |
|                                 SAC/Q1_mean |             nan |
|                                 SAC/Q2_mean |             nan |
|                            Norm/actor_model |             nan |
|                           Norm/critic_model |             nan |
|              Norm/state_action_metric_model |             nan |
|                     Norm/state_metric_model |             nan |
|        Norm/state_action_state_metric_model |             nan |
|                  Metric/self_state_distance |             nan |
|                 Metric/cross_state_distance |             nan |
|           Metric/self_state_action_distance |             nan |
|          Metric/cross_state_action_distance |             nan |
|             Metric/avg_self_state_asymmetry |             nan |
|            Metric/avg_cross_state_asymmetry |             nan |
|                Metric/avg_self_sa_asymmetry |             nan |
|               Metric/avg_cross_sa_asymmetry |             nan |
|  Metric/self_state_action_to_state_distance |             nan |
| Metric/cross_state_action_to_state_distance |             nan |
|                   Metric/h_lambda_diff_self |             nan |
|                  Metric/h_lambda_diff_cross |             nan |
|                                 Eval/Return |             nan |
-----------------------------------------------------------------
WARNING:tensorboardX.x2num:NaN or Inf found in input tensor.
WARNING:tensorboardX.x2num:NaN or Inf found in input tensor.
WARNING:tensorboardX.x2num:NaN or Inf found in input tensor.
WARNING:tensorboardX.x2num:NaN or Inf found in input tensor.
WARNING:tensorboardX.x2num:NaN or Inf found in input tensor.
WARNING:tensorboardX.x2num:NaN or Inf found in input tensor.
WARNING:tensorboardX.x2num:NaN or Inf found in input tensor.
WARNING:tensorboardX.x2num:NaN or Inf found in input tensor.
WARNING:tensorboardX.x2num:NaN or Inf found in input tensor.
WARNING:tensorboardX.x2num:NaN or Inf found in input tensor.
WARNING:tensorboardX.x2num:NaN or Inf found in input tensor.
WARNING:tensorboardX.x2num:NaN or Inf found in input tensor.
WARNING:tensorboardX.x2num:NaN or Inf found in input tensor.
WARNING:tensorboardX.x2num:NaN or Inf found in input tensor.
WARNING:tensorboardX.x2num:NaN or Inf found in input tensor.
WARNING:tensorboardX.x2num:NaN or Inf found in input tensor.
WARNING:tensorboardX.x2num:NaN or Inf found in input tensor.
WARNING:tensorboardX.x2num:NaN or Inf found in input tensor.
WARNING:tensorboardX.x2num:NaN or Inf found in input tensor.
WARNING:tensorboardX.x2num:NaN or Inf found in input tensor.
WARNING:tensorboardX.x2num:NaN or Inf found in input tensor.
WARNING:tensorboardX.x2num:NaN or Inf found in input tensor.
WARNING:tensorboardX.x2num:NaN or Inf found in input tensor.
WARNING:tensorboardX.x2num:NaN or Inf found in input tensor.
WARNING:tensorboardX.x2num:NaN or Inf found in input tensor.
WARNING:tensorboardX.x2num:NaN or Inf found in input tensor.
WARNING:tensorboardX.x2num:NaN or Inf found in input tensor.
WARNING:tensorboardX.x2num:NaN or Inf found in input tensor.
WARNING:tensorboardX.x2num:NaN or Inf found in input tensor.
-----------------------------------------------------------------
|                                 Train/Steps |        3.85e+06 |
|                            Loss/Loss_critic |             nan |
|                             Loss/Loss_actor |             nan |
|                             Loss/Loss_alpha |             nan |
|               Loss/Loss_state_action_metric |             nan |
|                      Loss/Loss_state_metric |             nan |
|             Loss/Loss_state_action_to_state |             nan |
|                           Loss/Act_rep_loss |             nan |
|                                   SAC/Alpha |             nan |
|                              SAC/LogPi_mean |             nan |
|                                 SAC/Q1_mean |             nan |
|                                 SAC/Q2_mean |             nan |
|                            Norm/actor_model |             nan |
|                           Norm/critic_model |             nan |
|              Norm/state_action_metric_model |             nan |
|                     Norm/state_metric_model |             nan |
|        Norm/state_action_state_metric_model |             nan |
|                  Metric/self_state_distance |             nan |
|                 Metric/cross_state_distance |             nan |
|           Metric/self_state_action_distance |             nan |
|          Metric/cross_state_action_distance |             nan |
|             Metric/avg_self_state_asymmetry |             nan |
|            Metric/avg_cross_state_asymmetry |             nan |
|                Metric/avg_self_sa_asymmetry |             nan |
|               Metric/avg_cross_sa_asymmetry |             nan |
|  Metric/self_state_action_to_state_distance |             nan |
| Metric/cross_state_action_to_state_distance |             nan |
|                   Metric/h_lambda_diff_self |             nan |
|                  Metric/h_lambda_diff_cross |             nan |
|                                 Eval/Return |             nan |
-----------------------------------------------------------------
WARNING:tensorboardX.x2num:NaN or Inf found in input tensor.
WARNING:tensorboardX.x2num:NaN or Inf found in input tensor.
WARNING:tensorboardX.x2num:NaN or Inf found in input tensor.
WARNING:tensorboardX.x2num:NaN or Inf found in input tensor.
WARNING:tensorboardX.x2num:NaN or Inf found in input tensor.
WARNING:tensorboardX.x2num:NaN or Inf found in input tensor.
WARNING:tensorboardX.x2num:NaN or Inf found in input tensor.
WARNING:tensorboardX.x2num:NaN or Inf found in input tensor.
WARNING:tensorboardX.x2num:NaN or Inf found in input tensor.
WARNING:tensorboardX.x2num:NaN or Inf found in input tensor.
WARNING:tensorboardX.x2num:NaN or Inf found in input tensor.
WARNING:tensorboardX.x2num:NaN or Inf found in input tensor.
WARNING:tensorboardX.x2num:NaN or Inf found in input tensor.
WARNING:tensorboardX.x2num:NaN or Inf found in input tensor.
WARNING:tensorboardX.x2num:NaN or Inf found in input tensor.
WARNING:tensorboardX.x2num:NaN or Inf found in input tensor.
WARNING:tensorboardX.x2num:NaN or Inf found in input tensor.
WARNING:tensorboardX.x2num:NaN or Inf found in input tensor.
WARNING:tensorboardX.x2num:NaN or Inf found in input tensor.
WARNING:tensorboardX.x2num:NaN or Inf found in input tensor.
WARNING:tensorboardX.x2num:NaN or Inf found in input tensor.
WARNING:tensorboardX.x2num:NaN or Inf found in input tensor.
WARNING:tensorboardX.x2num:NaN or Inf found in input tensor.
WARNING:tensorboardX.x2num:NaN or Inf found in input tensor.
WARNING:tensorboardX.x2num:NaN or Inf found in input tensor.
WARNING:tensorboardX.x2num:NaN or Inf found in input tensor.
WARNING:tensorboardX.x2num:NaN or Inf found in input tensor.
WARNING:tensorboardX.x2num:NaN or Inf found in input tensor.
WARNING:tensorboardX.x2num:NaN or Inf found in input tensor.
-----------------------------------------------------------------
|                                 Train/Steps |        3.98e+06 |
|                            Loss/Loss_critic |             nan |
|                             Loss/Loss_actor |             nan |
|                             Loss/Loss_alpha |             nan |
|               Loss/Loss_state_action_metric |             nan |
|                      Loss/Loss_state_metric |             nan |
|             Loss/Loss_state_action_to_state |             nan |
|                           Loss/Act_rep_loss |             nan |
|                                   SAC/Alpha |             nan |
|                              SAC/LogPi_mean |             nan |
|                                 SAC/Q1_mean |             nan |
|                                 SAC/Q2_mean |             nan |
|                            Norm/actor_model |             nan |
|                           Norm/critic_model |             nan |
|              Norm/state_action_metric_model |             nan |
|                     Norm/state_metric_model |             nan |
|        Norm/state_action_state_metric_model |             nan |
|                  Metric/self_state_distance |             nan |
|                 Metric/cross_state_distance |             nan |
|           Metric/self_state_action_distance |             nan |
|          Metric/cross_state_action_distance |             nan |
|             Metric/avg_self_state_asymmetry |             nan |
|            Metric/avg_cross_state_asymmetry |             nan |
|                Metric/avg_self_sa_asymmetry |             nan |
|               Metric/avg_cross_sa_asymmetry |             nan |
|  Metric/self_state_action_to_state_distance |             nan |
| Metric/cross_state_action_to_state_distance |             nan |
|                   Metric/h_lambda_diff_self |             nan |
|                  Metric/h_lambda_diff_cross |             nan |
|                                 Eval/Return |             nan |
-----------------------------------------------------------------
WARNING:tensorboardX.x2num:NaN or Inf found in input tensor.
WARNING:tensorboardX.x2num:NaN or Inf found in input tensor.
WARNING:tensorboardX.x2num:NaN or Inf found in input tensor.
WARNING:tensorboardX.x2num:NaN or Inf found in input tensor.
WARNING:tensorboardX.x2num:NaN or Inf found in input tensor.
WARNING:tensorboardX.x2num:NaN or Inf found in input tensor.
WARNING:tensorboardX.x2num:NaN or Inf found in input tensor.
WARNING:tensorboardX.x2num:NaN or Inf found in input tensor.
WARNING:tensorboardX.x2num:NaN or Inf found in input tensor.
WARNING:tensorboardX.x2num:NaN or Inf found in input tensor.
WARNING:tensorboardX.x2num:NaN or Inf found in input tensor.
WARNING:tensorboardX.x2num:NaN or Inf found in input tensor.
WARNING:tensorboardX.x2num:NaN or Inf found in input tensor.
WARNING:tensorboardX.x2num:NaN or Inf found in input tensor.
WARNING:tensorboardX.x2num:NaN or Inf found in input tensor.
WARNING:tensorboardX.x2num:NaN or Inf found in input tensor.
WARNING:tensorboardX.x2num:NaN or Inf found in input tensor.
WARNING:tensorboardX.x2num:NaN or Inf found in input tensor.
WARNING:tensorboardX.x2num:NaN or Inf found in input tensor.
WARNING:tensorboardX.x2num:NaN or Inf found in input tensor.
WARNING:tensorboardX.x2num:NaN or Inf found in input tensor.
WARNING:tensorboardX.x2num:NaN or Inf found in input tensor.
WARNING:tensorboardX.x2num:NaN or Inf found in input tensor.
WARNING:tensorboardX.x2num:NaN or Inf found in input tensor.
WARNING:tensorboardX.x2num:NaN or Inf found in input tensor.
WARNING:tensorboardX.x2num:NaN or Inf found in input tensor.
WARNING:tensorboardX.x2num:NaN or Inf found in input tensor.
WARNING:tensorboardX.x2num:NaN or Inf found in input tensor.
WARNING:tensorboardX.x2num:NaN or Inf found in input tensor.
-----------------------------------------------------------------
|                                 Train/Steps |         4.1e+06 |
|                            Loss/Loss_critic |             nan |
|                             Loss/Loss_actor |             nan |
|                             Loss/Loss_alpha |             nan |
|               Loss/Loss_state_action_metric |             nan |
|                      Loss/Loss_state_metric |             nan |
|             Loss/Loss_state_action_to_state |             nan |
|                           Loss/Act_rep_loss |             nan |
|                                   SAC/Alpha |             nan |
|                              SAC/LogPi_mean |             nan |
|                                 SAC/Q1_mean |             nan |
|                                 SAC/Q2_mean |             nan |
|                            Norm/actor_model |             nan |
|                           Norm/critic_model |             nan |
|              Norm/state_action_metric_model |             nan |
|                     Norm/state_metric_model |             nan |
|        Norm/state_action_state_metric_model |             nan |
|                  Metric/self_state_distance |             nan |
|                 Metric/cross_state_distance |             nan |
|           Metric/self_state_action_distance |             nan |
|          Metric/cross_state_action_distance |             nan |
|             Metric/avg_self_state_asymmetry |             nan |
|            Metric/avg_cross_state_asymmetry |             nan |
|                Metric/avg_self_sa_asymmetry |             nan |
|               Metric/avg_cross_sa_asymmetry |             nan |
|  Metric/self_state_action_to_state_distance |             nan |
| Metric/cross_state_action_to_state_distance |             nan |
|                   Metric/h_lambda_diff_self |             nan |
|                  Metric/h_lambda_diff_cross |             nan |
|                                 Eval/Return |             nan |
-----------------------------------------------------------------
WARNING:tensorboardX.x2num:NaN or Inf found in input tensor.
WARNING:tensorboardX.x2num:NaN or Inf found in input tensor.
WARNING:tensorboardX.x2num:NaN or Inf found in input tensor.
WARNING:tensorboardX.x2num:NaN or Inf found in input tensor.
WARNING:tensorboardX.x2num:NaN or Inf found in input tensor.
WARNING:tensorboardX.x2num:NaN or Inf found in input tensor.
WARNING:tensorboardX.x2num:NaN or Inf found in input tensor.
WARNING:tensorboardX.x2num:NaN or Inf found in input tensor.
WARNING:tensorboardX.x2num:NaN or Inf found in input tensor.
WARNING:tensorboardX.x2num:NaN or Inf found in input tensor.
WARNING:tensorboardX.x2num:NaN or Inf found in input tensor.
WARNING:tensorboardX.x2num:NaN or Inf found in input tensor.
WARNING:tensorboardX.x2num:NaN or Inf found in input tensor.
WARNING:tensorboardX.x2num:NaN or Inf found in input tensor.
WARNING:tensorboardX.x2num:NaN or Inf found in input tensor.
WARNING:tensorboardX.x2num:NaN or Inf found in input tensor.
WARNING:tensorboardX.x2num:NaN or Inf found in input tensor.
WARNING:tensorboardX.x2num:NaN or Inf found in input tensor.
WARNING:tensorboardX.x2num:NaN or Inf found in input tensor.
WARNING:tensorboardX.x2num:NaN or Inf found in input tensor.
WARNING:tensorboardX.x2num:NaN or Inf found in input tensor.
WARNING:tensorboardX.x2num:NaN or Inf found in input tensor.
WARNING:tensorboardX.x2num:NaN or Inf found in input tensor.
WARNING:tensorboardX.x2num:NaN or Inf found in input tensor.
WARNING:tensorboardX.x2num:NaN or Inf found in input tensor.
WARNING:tensorboardX.x2num:NaN or Inf found in input tensor.
WARNING:tensorboardX.x2num:NaN or Inf found in input tensor.
WARNING:tensorboardX.x2num:NaN or Inf found in input tensor.
WARNING:tensorboardX.x2num:NaN or Inf found in input tensor.
[32mSaving model …[0m
[32mDone.[0m
[32mSaving model …[0m
[32mDone.[0m
-----------------------------------------------------------------
|                                 Train/Steps |        4.23e+06 |
|                            Loss/Loss_critic |             nan |
|                             Loss/Loss_actor |             nan |
|                             Loss/Loss_alpha |             nan |
|               Loss/Loss_state_action_metric |             nan |
|                      Loss/Loss_state_metric |             nan |
|             Loss/Loss_state_action_to_state |             nan |
|                           Loss/Act_rep_loss |             nan |
|                                   SAC/Alpha |             nan |
|                              SAC/LogPi_mean |             nan |
|                                 SAC/Q1_mean |             nan |
|                                 SAC/Q2_mean |             nan |
|                            Norm/actor_model |             nan |
|                           Norm/critic_model |             nan |
|              Norm/state_action_metric_model |             nan |
|                     Norm/state_metric_model |             nan |
|        Norm/state_action_state_metric_model |             nan |
|                  Metric/self_state_distance |             nan |
|                 Metric/cross_state_distance |             nan |
|           Metric/self_state_action_distance |             nan |
|          Metric/cross_state_action_distance |             nan |
|             Metric/avg_self_state_asymmetry |             nan |
|            Metric/avg_cross_state_asymmetry |             nan |
|                Metric/avg_self_sa_asymmetry |             nan |
|               Metric/avg_cross_sa_asymmetry |             nan |
|  Metric/self_state_action_to_state_distance |             nan |
| Metric/cross_state_action_to_state_distance |             nan |
|                   Metric/h_lambda_diff_self |             nan |
|                  Metric/h_lambda_diff_cross |             nan |
|                                 Eval/Return |             nan |
-----------------------------------------------------------------
WARNING:tensorboardX.x2num:NaN or Inf found in input tensor.
WARNING:tensorboardX.x2num:NaN or Inf found in input tensor.
WARNING:tensorboardX.x2num:NaN or Inf found in input tensor.
WARNING:tensorboardX.x2num:NaN or Inf found in input tensor.
WARNING:tensorboardX.x2num:NaN or Inf found in input tensor.
WARNING:tensorboardX.x2num:NaN or Inf found in input tensor.
WARNING:tensorboardX.x2num:NaN or Inf found in input tensor.
WARNING:tensorboardX.x2num:NaN or Inf found in input tensor.
WARNING:tensorboardX.x2num:NaN or Inf found in input tensor.
WARNING:tensorboardX.x2num:NaN or Inf found in input tensor.
WARNING:tensorboardX.x2num:NaN or Inf found in input tensor.
WARNING:tensorboardX.x2num:NaN or Inf found in input tensor.
WARNING:tensorboardX.x2num:NaN or Inf found in input tensor.
WARNING:tensorboardX.x2num:NaN or Inf found in input tensor.
WARNING:tensorboardX.x2num:NaN or Inf found in input tensor.
WARNING:tensorboardX.x2num:NaN or Inf found in input tensor.
WARNING:tensorboardX.x2num:NaN or Inf found in input tensor.
WARNING:tensorboardX.x2num:NaN or Inf found in input tensor.
WARNING:tensorboardX.x2num:NaN or Inf found in input tensor.
WARNING:tensorboardX.x2num:NaN or Inf found in input tensor.
WARNING:tensorboardX.x2num:NaN or Inf found in input tensor.
WARNING:tensorboardX.x2num:NaN or Inf found in input tensor.
WARNING:tensorboardX.x2num:NaN or Inf found in input tensor.
WARNING:tensorboardX.x2num:NaN or Inf found in input tensor.
WARNING:tensorboardX.x2num:NaN or Inf found in input tensor.
WARNING:tensorboardX.x2num:NaN or Inf found in input tensor.
WARNING:tensorboardX.x2num:NaN or Inf found in input tensor.
WARNING:tensorboardX.x2num:NaN or Inf found in input tensor.
WARNING:tensorboardX.x2num:NaN or Inf found in input tensor.
-----------------------------------------------------------------
|                                 Train/Steps |        4.36e+06 |
|                            Loss/Loss_critic |             nan |
|                             Loss/Loss_actor |             nan |
|                             Loss/Loss_alpha |             nan |
|               Loss/Loss_state_action_metric |             nan |
|                      Loss/Loss_state_metric |             nan |
|             Loss/Loss_state_action_to_state |             nan |
|                           Loss/Act_rep_loss |             nan |
|                                   SAC/Alpha |             nan |
|                              SAC/LogPi_mean |             nan |
|                                 SAC/Q1_mean |             nan |
|                                 SAC/Q2_mean |             nan |
|                            Norm/actor_model |             nan |
|                           Norm/critic_model |             nan |
|              Norm/state_action_metric_model |             nan |
|                     Norm/state_metric_model |             nan |
|        Norm/state_action_state_metric_model |             nan |
|                  Metric/self_state_distance |             nan |
|                 Metric/cross_state_distance |             nan |
|           Metric/self_state_action_distance |             nan |
|          Metric/cross_state_action_distance |             nan |
|             Metric/avg_self_state_asymmetry |             nan |
|            Metric/avg_cross_state_asymmetry |             nan |
|                Metric/avg_self_sa_asymmetry |             nan |
|               Metric/avg_cross_sa_asymmetry |             nan |
|  Metric/self_state_action_to_state_distance |             nan |
| Metric/cross_state_action_to_state_distance |             nan |
|                   Metric/h_lambda_diff_self |             nan |
|                  Metric/h_lambda_diff_cross |             nan |
|                                 Eval/Return |             nan |
-----------------------------------------------------------------
WARNING:tensorboardX.x2num:NaN or Inf found in input tensor.
WARNING:tensorboardX.x2num:NaN or Inf found in input tensor.
WARNING:tensorboardX.x2num:NaN or Inf found in input tensor.
WARNING:tensorboardX.x2num:NaN or Inf found in input tensor.
WARNING:tensorboardX.x2num:NaN or Inf found in input tensor.
WARNING:tensorboardX.x2num:NaN or Inf found in input tensor.
WARNING:tensorboardX.x2num:NaN or Inf found in input tensor.
WARNING:tensorboardX.x2num:NaN or Inf found in input tensor.
WARNING:tensorboardX.x2num:NaN or Inf found in input tensor.
WARNING:tensorboardX.x2num:NaN or Inf found in input tensor.
WARNING:tensorboardX.x2num:NaN or Inf found in input tensor.
WARNING:tensorboardX.x2num:NaN or Inf found in input tensor.
WARNING:tensorboardX.x2num:NaN or Inf found in input tensor.
WARNING:tensorboardX.x2num:NaN or Inf found in input tensor.
WARNING:tensorboardX.x2num:NaN or Inf found in input tensor.
WARNING:tensorboardX.x2num:NaN or Inf found in input tensor.
WARNING:tensorboardX.x2num:NaN or Inf found in input tensor.
WARNING:tensorboardX.x2num:NaN or Inf found in input tensor.
WARNING:tensorboardX.x2num:NaN or Inf found in input tensor.
WARNING:tensorboardX.x2num:NaN or Inf found in input tensor.
WARNING:tensorboardX.x2num:NaN or Inf found in input tensor.
WARNING:tensorboardX.x2num:NaN or Inf found in input tensor.
WARNING:tensorboardX.x2num:NaN or Inf found in input tensor.
WARNING:tensorboardX.x2num:NaN or Inf found in input tensor.
WARNING:tensorboardX.x2num:NaN or Inf found in input tensor.
WARNING:tensorboardX.x2num:NaN or Inf found in input tensor.
WARNING:tensorboardX.x2num:NaN or Inf found in input tensor.
WARNING:tensorboardX.x2num:NaN or Inf found in input tensor.
WARNING:tensorboardX.x2num:NaN or Inf found in input tensor.
-----------------------------------------------------------------
|                                 Train/Steps |        4.49e+06 |
|                            Loss/Loss_critic |             nan |
|                             Loss/Loss_actor |             nan |
|                             Loss/Loss_alpha |             nan |
|               Loss/Loss_state_action_metric |             nan |
|                      Loss/Loss_state_metric |             nan |
|             Loss/Loss_state_action_to_state |             nan |
|                           Loss/Act_rep_loss |             nan |
|                                   SAC/Alpha |             nan |
|                              SAC/LogPi_mean |             nan |
|                                 SAC/Q1_mean |             nan |
|                                 SAC/Q2_mean |             nan |
|                            Norm/actor_model |             nan |
|                           Norm/critic_model |             nan |
|              Norm/state_action_metric_model |             nan |
|                     Norm/state_metric_model |             nan |
|        Norm/state_action_state_metric_model |             nan |
|                  Metric/self_state_distance |             nan |
|                 Metric/cross_state_distance |             nan |
|           Metric/self_state_action_distance |             nan |
|          Metric/cross_state_action_distance |             nan |
|             Metric/avg_self_state_asymmetry |             nan |
|            Metric/avg_cross_state_asymmetry |             nan |
|                Metric/avg_self_sa_asymmetry |             nan |
|               Metric/avg_cross_sa_asymmetry |             nan |
|  Metric/self_state_action_to_state_distance |             nan |
| Metric/cross_state_action_to_state_distance |             nan |
|                   Metric/h_lambda_diff_self |             nan |
|                  Metric/h_lambda_diff_cross |             nan |
|                                 Eval/Return |             nan |
-----------------------------------------------------------------
WARNING:tensorboardX.x2num:NaN or Inf found in input tensor.
WARNING:tensorboardX.x2num:NaN or Inf found in input tensor.
WARNING:tensorboardX.x2num:NaN or Inf found in input tensor.
WARNING:tensorboardX.x2num:NaN or Inf found in input tensor.
WARNING:tensorboardX.x2num:NaN or Inf found in input tensor.
WARNING:tensorboardX.x2num:NaN or Inf found in input tensor.
WARNING:tensorboardX.x2num:NaN or Inf found in input tensor.
WARNING:tensorboardX.x2num:NaN or Inf found in input tensor.
WARNING:tensorboardX.x2num:NaN or Inf found in input tensor.
WARNING:tensorboardX.x2num:NaN or Inf found in input tensor.
WARNING:tensorboardX.x2num:NaN or Inf found in input tensor.
WARNING:tensorboardX.x2num:NaN or Inf found in input tensor.
WARNING:tensorboardX.x2num:NaN or Inf found in input tensor.
WARNING:tensorboardX.x2num:NaN or Inf found in input tensor.
WARNING:tensorboardX.x2num:NaN or Inf found in input tensor.
WARNING:tensorboardX.x2num:NaN or Inf found in input tensor.
WARNING:tensorboardX.x2num:NaN or Inf found in input tensor.
WARNING:tensorboardX.x2num:NaN or Inf found in input tensor.
WARNING:tensorboardX.x2num:NaN or Inf found in input tensor.
WARNING:tensorboardX.x2num:NaN or Inf found in input tensor.
WARNING:tensorboardX.x2num:NaN or Inf found in input tensor.
WARNING:tensorboardX.x2num:NaN or Inf found in input tensor.
WARNING:tensorboardX.x2num:NaN or Inf found in input tensor.
WARNING:tensorboardX.x2num:NaN or Inf found in input tensor.
WARNING:tensorboardX.x2num:NaN or Inf found in input tensor.
WARNING:tensorboardX.x2num:NaN or Inf found in input tensor.
WARNING:tensorboardX.x2num:NaN or Inf found in input tensor.
WARNING:tensorboardX.x2num:NaN or Inf found in input tensor.
WARNING:tensorboardX.x2num:NaN or Inf found in input tensor.
-----------------------------------------------------------------
|                                 Train/Steps |        4.62e+06 |
|                            Loss/Loss_critic |             nan |
|                             Loss/Loss_actor |             nan |
|                             Loss/Loss_alpha |             nan |
|               Loss/Loss_state_action_metric |             nan |
|                      Loss/Loss_state_metric |             nan |
|             Loss/Loss_state_action_to_state |             nan |
|                           Loss/Act_rep_loss |             nan |
|                                   SAC/Alpha |             nan |
|                              SAC/LogPi_mean |             nan |
|                                 SAC/Q1_mean |             nan |
|                                 SAC/Q2_mean |             nan |
|                            Norm/actor_model |             nan |
|                           Norm/critic_model |             nan |
|              Norm/state_action_metric_model |             nan |
|                     Norm/state_metric_model |             nan |
|        Norm/state_action_state_metric_model |             nan |
|                  Metric/self_state_distance |             nan |
|                 Metric/cross_state_distance |             nan |
|           Metric/self_state_action_distance |             nan |
|          Metric/cross_state_action_distance |             nan |
|             Metric/avg_self_state_asymmetry |             nan |
|            Metric/avg_cross_state_asymmetry |             nan |
|                Metric/avg_self_sa_asymmetry |             nan |
|               Metric/avg_cross_sa_asymmetry |             nan |
|  Metric/self_state_action_to_state_distance |             nan |
| Metric/cross_state_action_to_state_distance |             nan |
|                   Metric/h_lambda_diff_self |             nan |
|                  Metric/h_lambda_diff_cross |             nan |
|                                 Eval/Return |             nan |
-----------------------------------------------------------------
WARNING:tensorboardX.x2num:NaN or Inf found in input tensor.
WARNING:tensorboardX.x2num:NaN or Inf found in input tensor.
WARNING:tensorboardX.x2num:NaN or Inf found in input tensor.
WARNING:tensorboardX.x2num:NaN or Inf found in input tensor.
WARNING:tensorboardX.x2num:NaN or Inf found in input tensor.
WARNING:tensorboardX.x2num:NaN or Inf found in input tensor.
WARNING:tensorboardX.x2num:NaN or Inf found in input tensor.
WARNING:tensorboardX.x2num:NaN or Inf found in input tensor.
WARNING:tensorboardX.x2num:NaN or Inf found in input tensor.
WARNING:tensorboardX.x2num:NaN or Inf found in input tensor.
WARNING:tensorboardX.x2num:NaN or Inf found in input tensor.
WARNING:tensorboardX.x2num:NaN or Inf found in input tensor.
WARNING:tensorboardX.x2num:NaN or Inf found in input tensor.
WARNING:tensorboardX.x2num:NaN or Inf found in input tensor.
WARNING:tensorboardX.x2num:NaN or Inf found in input tensor.
WARNING:tensorboardX.x2num:NaN or Inf found in input tensor.
WARNING:tensorboardX.x2num:NaN or Inf found in input tensor.
WARNING:tensorboardX.x2num:NaN or Inf found in input tensor.
WARNING:tensorboardX.x2num:NaN or Inf found in input tensor.
WARNING:tensorboardX.x2num:NaN or Inf found in input tensor.
WARNING:tensorboardX.x2num:NaN or Inf found in input tensor.
WARNING:tensorboardX.x2num:NaN or Inf found in input tensor.
WARNING:tensorboardX.x2num:NaN or Inf found in input tensor.
WARNING:tensorboardX.x2num:NaN or Inf found in input tensor.
WARNING:tensorboardX.x2num:NaN or Inf found in input tensor.
WARNING:tensorboardX.x2num:NaN or Inf found in input tensor.
WARNING:tensorboardX.x2num:NaN or Inf found in input tensor.
WARNING:tensorboardX.x2num:NaN or Inf found in input tensor.
WARNING:tensorboardX.x2num:NaN or Inf found in input tensor.
-----------------------------------------------------------------
|                                 Train/Steps |        4.74e+06 |
|                            Loss/Loss_critic |             nan |
|                             Loss/Loss_actor |             nan |
|                             Loss/Loss_alpha |             nan |
|               Loss/Loss_state_action_metric |             nan |
|                      Loss/Loss_state_metric |             nan |
|             Loss/Loss_state_action_to_state |             nan |
|                           Loss/Act_rep_loss |             nan |
|                                   SAC/Alpha |             nan |
|                              SAC/LogPi_mean |             nan |
|                                 SAC/Q1_mean |             nan |
|                                 SAC/Q2_mean |             nan |
|                            Norm/actor_model |             nan |
|                           Norm/critic_model |             nan |
|              Norm/state_action_metric_model |             nan |
|                     Norm/state_metric_model |             nan |
|        Norm/state_action_state_metric_model |             nan |
|                  Metric/self_state_distance |             nan |
|                 Metric/cross_state_distance |             nan |
|           Metric/self_state_action_distance |             nan |
|          Metric/cross_state_action_distance |             nan |
|             Metric/avg_self_state_asymmetry |             nan |
|            Metric/avg_cross_state_asymmetry |             nan |
|                Metric/avg_self_sa_asymmetry |             nan |
|               Metric/avg_cross_sa_asymmetry |             nan |
|  Metric/self_state_action_to_state_distance |             nan |
| Metric/cross_state_action_to_state_distance |             nan |
|                   Metric/h_lambda_diff_self |             nan |
|                  Metric/h_lambda_diff_cross |             nan |
|                                 Eval/Return |             nan |
-----------------------------------------------------------------
WARNING:tensorboardX.x2num:NaN or Inf found in input tensor.
WARNING:tensorboardX.x2num:NaN or Inf found in input tensor.
WARNING:tensorboardX.x2num:NaN or Inf found in input tensor.
WARNING:tensorboardX.x2num:NaN or Inf found in input tensor.
WARNING:tensorboardX.x2num:NaN or Inf found in input tensor.
WARNING:tensorboardX.x2num:NaN or Inf found in input tensor.
WARNING:tensorboardX.x2num:NaN or Inf found in input tensor.
WARNING:tensorboardX.x2num:NaN or Inf found in input tensor.
WARNING:tensorboardX.x2num:NaN or Inf found in input tensor.
WARNING:tensorboardX.x2num:NaN or Inf found in input tensor.
WARNING:tensorboardX.x2num:NaN or Inf found in input tensor.
WARNING:tensorboardX.x2num:NaN or Inf found in input tensor.
WARNING:tensorboardX.x2num:NaN or Inf found in input tensor.
WARNING:tensorboardX.x2num:NaN or Inf found in input tensor.
WARNING:tensorboardX.x2num:NaN or Inf found in input tensor.
WARNING:tensorboardX.x2num:NaN or Inf found in input tensor.
WARNING:tensorboardX.x2num:NaN or Inf found in input tensor.
WARNING:tensorboardX.x2num:NaN or Inf found in input tensor.
WARNING:tensorboardX.x2num:NaN or Inf found in input tensor.
WARNING:tensorboardX.x2num:NaN or Inf found in input tensor.
WARNING:tensorboardX.x2num:NaN or Inf found in input tensor.
WARNING:tensorboardX.x2num:NaN or Inf found in input tensor.
WARNING:tensorboardX.x2num:NaN or Inf found in input tensor.
WARNING:tensorboardX.x2num:NaN or Inf found in input tensor.
WARNING:tensorboardX.x2num:NaN or Inf found in input tensor.
WARNING:tensorboardX.x2num:NaN or Inf found in input tensor.
WARNING:tensorboardX.x2num:NaN or Inf found in input tensor.
WARNING:tensorboardX.x2num:NaN or Inf found in input tensor.
WARNING:tensorboardX.x2num:NaN or Inf found in input tensor.
-----------------------------------------------------------------
|                                 Train/Steps |        4.87e+06 |
|                            Loss/Loss_critic |             nan |
|                             Loss/Loss_actor |             nan |
|                             Loss/Loss_alpha |             nan |
|               Loss/Loss_state_action_metric |             nan |
|                      Loss/Loss_state_metric |             nan |
|             Loss/Loss_state_action_to_state |             nan |
|                           Loss/Act_rep_loss |             nan |
|                                   SAC/Alpha |             nan |
|                              SAC/LogPi_mean |             nan |
|                                 SAC/Q1_mean |             nan |
|                                 SAC/Q2_mean |             nan |
|                            Norm/actor_model |             nan |
|                           Norm/critic_model |             nan |
|              Norm/state_action_metric_model |             nan |
|                     Norm/state_metric_model |             nan |
|        Norm/state_action_state_metric_model |             nan |
|                  Metric/self_state_distance |             nan |
|                 Metric/cross_state_distance |             nan |
|           Metric/self_state_action_distance |             nan |
|          Metric/cross_state_action_distance |             nan |
|             Metric/avg_self_state_asymmetry |             nan |
|            Metric/avg_cross_state_asymmetry |             nan |
|                Metric/avg_self_sa_asymmetry |             nan |
|               Metric/avg_cross_sa_asymmetry |             nan |
|  Metric/self_state_action_to_state_distance |             nan |
| Metric/cross_state_action_to_state_distance |             nan |
|                   Metric/h_lambda_diff_self |             nan |
|                  Metric/h_lambda_diff_cross |             nan |
|                                 Eval/Return |             nan |
-----------------------------------------------------------------
WARNING:tensorboardX.x2num:NaN or Inf found in input tensor.
WARNING:tensorboardX.x2num:NaN or Inf found in input tensor.
WARNING:tensorboardX.x2num:NaN or Inf found in input tensor.
WARNING:tensorboardX.x2num:NaN or Inf found in input tensor.
WARNING:tensorboardX.x2num:NaN or Inf found in input tensor.
WARNING:tensorboardX.x2num:NaN or Inf found in input tensor.
WARNING:tensorboardX.x2num:NaN or Inf found in input tensor.
WARNING:tensorboardX.x2num:NaN or Inf found in input tensor.
WARNING:tensorboardX.x2num:NaN or Inf found in input tensor.
WARNING:tensorboardX.x2num:NaN or Inf found in input tensor.
WARNING:tensorboardX.x2num:NaN or Inf found in input tensor.
WARNING:tensorboardX.x2num:NaN or Inf found in input tensor.
WARNING:tensorboardX.x2num:NaN or Inf found in input tensor.
WARNING:tensorboardX.x2num:NaN or Inf found in input tensor.
WARNING:tensorboardX.x2num:NaN or Inf found in input tensor.
WARNING:tensorboardX.x2num:NaN or Inf found in input tensor.
WARNING:tensorboardX.x2num:NaN or Inf found in input tensor.
WARNING:tensorboardX.x2num:NaN or Inf found in input tensor.
WARNING:tensorboardX.x2num:NaN or Inf found in input tensor.
WARNING:tensorboardX.x2num:NaN or Inf found in input tensor.
WARNING:tensorboardX.x2num:NaN or Inf found in input tensor.
WARNING:tensorboardX.x2num:NaN or Inf found in input tensor.
WARNING:tensorboardX.x2num:NaN or Inf found in input tensor.
WARNING:tensorboardX.x2num:NaN or Inf found in input tensor.
WARNING:tensorboardX.x2num:NaN or Inf found in input tensor.
WARNING:tensorboardX.x2num:NaN or Inf found in input tensor.
WARNING:tensorboardX.x2num:NaN or Inf found in input tensor.
WARNING:tensorboardX.x2num:NaN or Inf found in input tensor.
WARNING:tensorboardX.x2num:NaN or Inf found in input tensor.
-----------------------------------------------------------------
|                                 Train/Steps |           5e+06 |
|                            Loss/Loss_critic |             nan |
|                             Loss/Loss_actor |             nan |
|                             Loss/Loss_alpha |             nan |
|               Loss/Loss_state_action_metric |             nan |
|                      Loss/Loss_state_metric |             nan |
|             Loss/Loss_state_action_to_state |             nan |
|                           Loss/Act_rep_loss |             nan |
|                                   SAC/Alpha |             nan |
|                              SAC/LogPi_mean |             nan |
|                                 SAC/Q1_mean |             nan |
|                                 SAC/Q2_mean |             nan |
|                            Norm/actor_model |             nan |
|                           Norm/critic_model |             nan |
|              Norm/state_action_metric_model |             nan |
|                     Norm/state_metric_model |             nan |
|        Norm/state_action_state_metric_model |             nan |
|                  Metric/self_state_distance |             nan |
|                 Metric/cross_state_distance |             nan |
|           Metric/self_state_action_distance |             nan |
|          Metric/cross_state_action_distance |             nan |
|             Metric/avg_self_state_asymmetry |             nan |
|            Metric/avg_cross_state_asymmetry |             nan |
|                Metric/avg_self_sa_asymmetry |             nan |
|               Metric/avg_cross_sa_asymmetry |             nan |
|  Metric/self_state_action_to_state_distance |             nan |
| Metric/cross_state_action_to_state_distance |             nan |
|                   Metric/h_lambda_diff_self |             nan |
|                  Metric/h_lambda_diff_cross |             nan |
|                                 Eval/Return |             nan |
-----------------------------------------------------------------
WARNING:tensorboardX.x2num:NaN or Inf found in input tensor.
WARNING:tensorboardX.x2num:NaN or Inf found in input tensor.
WARNING:tensorboardX.x2num:NaN or Inf found in input tensor.
WARNING:tensorboardX.x2num:NaN or Inf found in input tensor.
WARNING:tensorboardX.x2num:NaN or Inf found in input tensor.
WARNING:tensorboardX.x2num:NaN or Inf found in input tensor.
WARNING:tensorboardX.x2num:NaN or Inf found in input tensor.
WARNING:tensorboardX.x2num:NaN or Inf found in input tensor.
WARNING:tensorboardX.x2num:NaN or Inf found in input tensor.
WARNING:tensorboardX.x2num:NaN or Inf found in input tensor.
WARNING:tensorboardX.x2num:NaN or Inf found in input tensor.
WARNING:tensorboardX.x2num:NaN or Inf found in input tensor.
WARNING:tensorboardX.x2num:NaN or Inf found in input tensor.
WARNING:tensorboardX.x2num:NaN or Inf found in input tensor.
WARNING:tensorboardX.x2num:NaN or Inf found in input tensor.
WARNING:tensorboardX.x2num:NaN or Inf found in input tensor.
WARNING:tensorboardX.x2num:NaN or Inf found in input tensor.
WARNING:tensorboardX.x2num:NaN or Inf found in input tensor.
WARNING:tensorboardX.x2num:NaN or Inf found in input tensor.
WARNING:tensorboardX.x2num:NaN or Inf found in input tensor.
WARNING:tensorboardX.x2num:NaN or Inf found in input tensor.
WARNING:tensorboardX.x2num:NaN or Inf found in input tensor.
WARNING:tensorboardX.x2num:NaN or Inf found in input tensor.
WARNING:tensorboardX.x2num:NaN or Inf found in input tensor.
WARNING:tensorboardX.x2num:NaN or Inf found in input tensor.
WARNING:tensorboardX.x2num:NaN or Inf found in input tensor.
WARNING:tensorboardX.x2num:NaN or Inf found in input tensor.
WARNING:tensorboardX.x2num:NaN or Inf found in input tensor.
WARNING:tensorboardX.x2num:NaN or Inf found in input tensor.
[32mSaving model …[0m
[32mDone.[0m
[32mSaving model …[0m
[32mDone.[0m
