E0907 03:14:08.608015 1028025 cuda_executor.cc:1526] Could not get kernel mode driver version: (INVALID_ARGUMENT: Version does not match the format X.Y.Z)
E0907 03:14:08.616663 1027916 cuda_executor.cc:1526] Could not get kernel mode driver version: (INVALID_ARGUMENT: Version does not match the format X.Y.Z)
[32mStart prefilling replay buffer[0m
[32mStart SAC training[0m
[32m{'log_freq': 1000, 'save_freq': 1000000, 'eval_episode_freq': 10, 'hidden_size': 256, 'lr': 0.001, 'max_grad_norm': 0.0, 'gamma': 0.99, 'update_tau': 0.005, 'train_per_step': 8, 'episode_length': 1000, 'warmup_samples': 8192, 'max_replay_size': 4000000, 'batch_size': 512, 'total_env_steps': 5000000, 'init_temperature': 0.1, 'nstep': 3, 'bootstrap_on_truncation': True, 'rep_lr_scale': 1.5, 'vis_feq': 100000, 'n_vis_frames': 4, 'num_envs': 128, 'grad_steps': 50, 'transfer_freq': 10, 'transfer_steps': 8, 'reward_scaling': 1.0, 'num_eval_envs': 128, 'target_entropy': -10.5}[0m
[32m[nstep] nstep=3 bootstrap_on_truncation=True (discount from the buffer already contains gamma^nstep)[0m
-----------------------------------------------------------------
|                                 Train/Steps |        1.36e+05 |
|                            Loss/Loss_critic |        0.000877 |
|                             Loss/Loss_actor |           -3.56 |
|                             Loss/Loss_alpha |          0.0338 |
|               Loss/Loss_state_action_metric |          0.0133 |
|                      Loss/Loss_state_metric |         0.00896 |
|             Loss/Loss_state_action_to_state |        0.000291 |
|                           Loss/Act_rep_loss |           0.104 |
|                                   SAC/Alpha |         0.00161 |
|                              SAC/LogPi_mean |           -10.7 |
|                                 SAC/Q1_mean |            3.53 |
|                                 SAC/Q2_mean |            3.53 |
|                            Norm/actor_model |              28 |
|                           Norm/critic_model |            48.8 |
|              Norm/state_action_metric_model |            33.7 |
|                     Norm/state_metric_model |            33.1 |
|        Norm/state_action_state_metric_model |            33.3 |
|                  Metric/self_state_distance |        0.000461 |
|                 Metric/cross_state_distance |           0.994 |
|           Metric/self_state_action_distance |         0.00095 |
|          Metric/cross_state_action_distance |           0.979 |
|             Metric/avg_self_state_asymmetry |               0 |
|            Metric/avg_cross_state_asymmetry |         0.00639 |
|                Metric/avg_self_sa_asymmetry |               0 |
|               Metric/avg_cross_sa_asymmetry |         0.00978 |
|  Metric/self_state_action_to_state_distance |         0.00117 |
| Metric/cross_state_action_to_state_distance |           0.999 |
|                   Metric/h_lambda_diff_self |         0.00115 |
|                  Metric/h_lambda_diff_cross |          0.0215 |
|                                 Eval/Return |            3.27 |
-----------------------------------------------------------------
-----------------------------------------------------------------
|                                 Train/Steps |        2.64e+05 |
|                            Loss/Loss_critic |        0.000483 |
|                             Loss/Loss_actor |           -1.25 |
|                             Loss/Loss_alpha |        -0.00184 |
|               Loss/Loss_state_action_metric |          0.0216 |
|                      Loss/Loss_state_metric |          0.0104 |
|             Loss/Loss_state_action_to_state |        0.000224 |
|                           Loss/Act_rep_loss |          0.0735 |
|                                   SAC/Alpha |        0.000188 |
|                              SAC/LogPi_mean |            20.6 |
|                                 SAC/Q1_mean |            1.25 |
|                                 SAC/Q2_mean |            1.24 |
|                            Norm/actor_model |              40 |
|                           Norm/critic_model |            58.8 |
|              Norm/state_action_metric_model |            37.1 |
|                     Norm/state_metric_model |            35.7 |
|        Norm/state_action_state_metric_model |            35.7 |
|                  Metric/self_state_distance |         0.00201 |
|                 Metric/cross_state_distance |           0.993 |
|           Metric/self_state_action_distance |         0.00264 |
|          Metric/cross_state_action_distance |           0.992 |
|             Metric/avg_self_state_asymmetry |               0 |
|            Metric/avg_cross_state_asymmetry |         0.00416 |
|                Metric/avg_self_sa_asymmetry |               0 |
|               Metric/avg_cross_sa_asymmetry |         0.00976 |
|  Metric/self_state_action_to_state_distance |         0.00162 |
| Metric/cross_state_action_to_state_distance |           0.988 |
|                   Metric/h_lambda_diff_self |         0.00249 |
|                  Metric/h_lambda_diff_cross |         0.00983 |
|                                 Eval/Return |            5.25 |
-----------------------------------------------------------------
-----------------------------------------------------------------
|                                 Train/Steps |        3.92e+05 |
|                            Loss/Loss_critic |         0.00104 |
|                             Loss/Loss_actor |          -0.459 |
|                             Loss/Loss_alpha |        -0.00126 |
|               Loss/Loss_state_action_metric |           0.017 |
|                      Loss/Loss_state_metric |          0.0114 |
|             Loss/Loss_state_action_to_state |        0.000341 |
|                           Loss/Act_rep_loss |          0.0744 |
|                                   SAC/Alpha |        0.000259 |
|                              SAC/LogPi_mean |            15.7 |
|                                 SAC/Q1_mean |           0.452 |
|                                 SAC/Q2_mean |           0.455 |
|                            Norm/actor_model |            48.7 |
|                           Norm/critic_model |            68.1 |
|              Norm/state_action_metric_model |            43.1 |
|                     Norm/state_metric_model |              40 |
|        Norm/state_action_state_metric_model |            40.4 |
|                  Metric/self_state_distance |         0.00172 |
|                 Metric/cross_state_distance |           0.995 |
|           Metric/self_state_action_distance |         0.00232 |
|          Metric/cross_state_action_distance |           0.993 |
|             Metric/avg_self_state_asymmetry |               0 |
|            Metric/avg_cross_state_asymmetry |         0.00519 |
|                Metric/avg_self_sa_asymmetry |               0 |
|               Metric/avg_cross_sa_asymmetry |         0.00909 |
|  Metric/self_state_action_to_state_distance |        0.000652 |
| Metric/cross_state_action_to_state_distance |           0.994 |
|                   Metric/h_lambda_diff_self |         0.00203 |
|                  Metric/h_lambda_diff_cross |           0.012 |
|                                 Eval/Return |            6.39 |
-----------------------------------------------------------------
-----------------------------------------------------------------
|                                 Train/Steps |         5.2e+05 |
|                            Loss/Loss_critic |        0.000789 |
|                             Loss/Loss_actor |          -0.168 |
|                             Loss/Loss_alpha |       -0.000131 |
|               Loss/Loss_state_action_metric |          0.0363 |
|                      Loss/Loss_state_metric |          0.0101 |
|             Loss/Loss_state_action_to_state |        0.000227 |
|                           Loss/Act_rep_loss |          0.0728 |
|                                   SAC/Alpha |        0.000195 |
|                              SAC/LogPi_mean |              11 |
|                                 SAC/Q1_mean |           0.168 |
|                                 SAC/Q2_mean |           0.163 |
|                            Norm/actor_model |            55.8 |
|                           Norm/critic_model |            78.9 |
|              Norm/state_action_metric_model |            49.6 |
|                     Norm/state_metric_model |            44.8 |
|        Norm/state_action_state_metric_model |            45.7 |
|                  Metric/self_state_distance |          0.0015 |
|                 Metric/cross_state_distance |           0.996 |
|           Metric/self_state_action_distance |           0.002 |
|          Metric/cross_state_action_distance |           0.996 |
|             Metric/avg_self_state_asymmetry |               0 |
|            Metric/avg_cross_state_asymmetry |         0.00493 |
|                Metric/avg_self_sa_asymmetry |               0 |
|               Metric/avg_cross_sa_asymmetry |         0.00904 |
|  Metric/self_state_action_to_state_distance |        0.000451 |
| Metric/cross_state_action_to_state_distance |            0.99 |
|                   Metric/h_lambda_diff_self |         0.00165 |
|                  Metric/h_lambda_diff_cross |          0.0113 |
|                                 Eval/Return |             3.8 |
-----------------------------------------------------------------
-----------------------------------------------------------------
|                                 Train/Steps |        6.48e+05 |
|                            Loss/Loss_critic |             nan |
|                             Loss/Loss_actor |             nan |
|                             Loss/Loss_alpha |             nan |
|               Loss/Loss_state_action_metric |             nan |
|                      Loss/Loss_state_metric |             nan |
|             Loss/Loss_state_action_to_state |             nan |
|                           Loss/Act_rep_loss |             nan |
|                                   SAC/Alpha |             nan |
|                              SAC/LogPi_mean |             nan |
|                                 SAC/Q1_mean |             nan |
|                                 SAC/Q2_mean |             nan |
|                            Norm/actor_model |             nan |
|                           Norm/critic_model |             nan |
|              Norm/state_action_metric_model |             nan |
|                     Norm/state_metric_model |             nan |
|        Norm/state_action_state_metric_model |             nan |
|                  Metric/self_state_distance |             nan |
|                 Metric/cross_state_distance |             nan |
|           Metric/self_state_action_distance |             nan |
|          Metric/cross_state_action_distance |             nan |
|             Metric/avg_self_state_asymmetry |             nan |
|            Metric/avg_cross_state_asymmetry |             nan |
|                Metric/avg_self_sa_asymmetry |             nan |
|               Metric/avg_cross_sa_asymmetry |             nan |
|  Metric/self_state_action_to_state_distance |             nan |
| Metric/cross_state_action_to_state_distance |             nan |
|                   Metric/h_lambda_diff_self |             nan |
|                  Metric/h_lambda_diff_cross |             nan |
|                                 Eval/Return |             nan |
-----------------------------------------------------------------
WARNING:tensorboardX.x2num:NaN or Inf found in input tensor.
WARNING:tensorboardX.x2num:NaN or Inf found in input tensor.
WARNING:tensorboardX.x2num:NaN or Inf found in input tensor.
WARNING:tensorboardX.x2num:NaN or Inf found in input tensor.
WARNING:tensorboardX.x2num:NaN or Inf found in input tensor.
WARNING:tensorboardX.x2num:NaN or Inf found in input tensor.
WARNING:tensorboardX.x2num:NaN or Inf found in input tensor.
WARNING:tensorboardX.x2num:NaN or Inf found in input tensor.
WARNING:tensorboardX.x2num:NaN or Inf found in input tensor.
WARNING:tensorboardX.x2num:NaN or Inf found in input tensor.
WARNING:tensorboardX.x2num:NaN or Inf found in input tensor.
WARNING:tensorboardX.x2num:NaN or Inf found in input tensor.
WARNING:tensorboardX.x2num:NaN or Inf found in input tensor.
WARNING:tensorboardX.x2num:NaN or Inf found in input tensor.
WARNING:tensorboardX.x2num:NaN or Inf found in input tensor.
WARNING:tensorboardX.x2num:NaN or Inf found in input tensor.
WARNING:tensorboardX.x2num:NaN or Inf found in input tensor.
WARNING:tensorboardX.x2num:NaN or Inf found in input tensor.
WARNING:tensorboardX.x2num:NaN or Inf found in input tensor.
WARNING:tensorboardX.x2num:NaN or Inf found in input tensor.
WARNING:tensorboardX.x2num:NaN or Inf found in input tensor.
WARNING:tensorboardX.x2num:NaN or Inf found in input tensor.
WARNING:tensorboardX.x2num:NaN or Inf found in input tensor.
WARNING:tensorboardX.x2num:NaN or Inf found in input tensor.
WARNING:tensorboardX.x2num:NaN or Inf found in input tensor.
WARNING:tensorboardX.x2num:NaN or Inf found in input tensor.
WARNING:tensorboardX.x2num:NaN or Inf found in input tensor.
WARNING:tensorboardX.x2num:NaN or Inf found in input tensor.
WARNING:tensorboardX.x2num:NaN or Inf found in input tensor.
-----------------------------------------------------------------
|                                 Train/Steps |        7.76e+05 |
|                            Loss/Loss_critic |             nan |
|                             Loss/Loss_actor |             nan |
|                             Loss/Loss_alpha |             nan |
|               Loss/Loss_state_action_metric |             nan |
|                      Loss/Loss_state_metric |             nan |
|             Loss/Loss_state_action_to_state |             nan |
|                           Loss/Act_rep_loss |             nan |
|                                   SAC/Alpha |             nan |
|                              SAC/LogPi_mean |             nan |
|                                 SAC/Q1_mean |             nan |
|                                 SAC/Q2_mean |             nan |
|                            Norm/actor_model |             nan |
|                           Norm/critic_model |             nan |
|              Norm/state_action_metric_model |             nan |
|                     Norm/state_metric_model |             nan |
|        Norm/state_action_state_metric_model |             nan |
|                  Metric/self_state_distance |             nan |
|                 Metric/cross_state_distance |             nan |
|           Metric/self_state_action_distance |             nan |
|          Metric/cross_state_action_distance |             nan |
|             Metric/avg_self_state_asymmetry |             nan |
|            Metric/avg_cross_state_asymmetry |             nan |
|                Metric/avg_self_sa_asymmetry |             nan |
|               Metric/avg_cross_sa_asymmetry |             nan |
|  Metric/self_state_action_to_state_distance |             nan |
| Metric/cross_state_action_to_state_distance |             nan |
|                   Metric/h_lambda_diff_self |             nan |
|                  Metric/h_lambda_diff_cross |             nan |
|                                 Eval/Return |             nan |
-----------------------------------------------------------------
WARNING:tensorboardX.x2num:NaN or Inf found in input tensor.
WARNING:tensorboardX.x2num:NaN or Inf found in input tensor.
WARNING:tensorboardX.x2num:NaN or Inf found in input tensor.
WARNING:tensorboardX.x2num:NaN or Inf found in input tensor.
WARNING:tensorboardX.x2num:NaN or Inf found in input tensor.
WARNING:tensorboardX.x2num:NaN or Inf found in input tensor.
WARNING:tensorboardX.x2num:NaN or Inf found in input tensor.
WARNING:tensorboardX.x2num:NaN or Inf found in input tensor.
WARNING:tensorboardX.x2num:NaN or Inf found in input tensor.
WARNING:tensorboardX.x2num:NaN or Inf found in input tensor.
WARNING:tensorboardX.x2num:NaN or Inf found in input tensor.
WARNING:tensorboardX.x2num:NaN or Inf found in input tensor.
WARNING:tensorboardX.x2num:NaN or Inf found in input tensor.
WARNING:tensorboardX.x2num:NaN or Inf found in input tensor.
WARNING:tensorboardX.x2num:NaN or Inf found in input tensor.
WARNING:tensorboardX.x2num:NaN or Inf found in input tensor.
WARNING:tensorboardX.x2num:NaN or Inf found in input tensor.
WARNING:tensorboardX.x2num:NaN or Inf found in input tensor.
WARNING:tensorboardX.x2num:NaN or Inf found in input tensor.
WARNING:tensorboardX.x2num:NaN or Inf found in input tensor.
WARNING:tensorboardX.x2num:NaN or Inf found in input tensor.
WARNING:tensorboardX.x2num:NaN or Inf found in input tensor.
WARNING:tensorboardX.x2num:NaN or Inf found in input tensor.
WARNING:tensorboardX.x2num:NaN or Inf found in input tensor.
WARNING:tensorboardX.x2num:NaN or Inf found in input tensor.
WARNING:tensorboardX.x2num:NaN or Inf found in input tensor.
WARNING:tensorboardX.x2num:NaN or Inf found in input tensor.
WARNING:tensorboardX.x2num:NaN or Inf found in input tensor.
WARNING:tensorboardX.x2num:NaN or Inf found in input tensor.
-----------------------------------------------------------------
|                                 Train/Steps |        9.04e+05 |
|                            Loss/Loss_critic |             nan |
|                             Loss/Loss_actor |             nan |
|                             Loss/Loss_alpha |             nan |
|               Loss/Loss_state_action_metric |             nan |
|                      Loss/Loss_state_metric |             nan |
|             Loss/Loss_state_action_to_state |             nan |
|                           Loss/Act_rep_loss |             nan |
|                                   SAC/Alpha |             nan |
|                              SAC/LogPi_mean |             nan |
|                                 SAC/Q1_mean |             nan |
|                                 SAC/Q2_mean |             nan |
|                            Norm/actor_model |             nan |
|                           Norm/critic_model |             nan |
|              Norm/state_action_metric_model |             nan |
|                     Norm/state_metric_model |             nan |
|        Norm/state_action_state_metric_model |             nan |
|                  Metric/self_state_distance |             nan |
|                 Metric/cross_state_distance |             nan |
|           Metric/self_state_action_distance |             nan |
|          Metric/cross_state_action_distance |             nan |
|             Metric/avg_self_state_asymmetry |             nan |
|            Metric/avg_cross_state_asymmetry |             nan |
|                Metric/avg_self_sa_asymmetry |             nan |
|               Metric/avg_cross_sa_asymmetry |             nan |
|  Metric/self_state_action_to_state_distance |             nan |
| Metric/cross_state_action_to_state_distance |             nan |
|                   Metric/h_lambda_diff_self |             nan |
|                  Metric/h_lambda_diff_cross |             nan |
|                                 Eval/Return |             nan |
-----------------------------------------------------------------
WARNING:tensorboardX.x2num:NaN or Inf found in input tensor.
WARNING:tensorboardX.x2num:NaN or Inf found in input tensor.
WARNING:tensorboardX.x2num:NaN or Inf found in input tensor.
WARNING:tensorboardX.x2num:NaN or Inf found in input tensor.
WARNING:tensorboardX.x2num:NaN or Inf found in input tensor.
WARNING:tensorboardX.x2num:NaN or Inf found in input tensor.
WARNING:tensorboardX.x2num:NaN or Inf found in input tensor.
WARNING:tensorboardX.x2num:NaN or Inf found in input tensor.
WARNING:tensorboardX.x2num:NaN or Inf found in input tensor.
WARNING:tensorboardX.x2num:NaN or Inf found in input tensor.
WARNING:tensorboardX.x2num:NaN or Inf found in input tensor.
WARNING:tensorboardX.x2num:NaN or Inf found in input tensor.
WARNING:tensorboardX.x2num:NaN or Inf found in input tensor.
WARNING:tensorboardX.x2num:NaN or Inf found in input tensor.
WARNING:tensorboardX.x2num:NaN or Inf found in input tensor.
WARNING:tensorboardX.x2num:NaN or Inf found in input tensor.
WARNING:tensorboardX.x2num:NaN or Inf found in input tensor.
WARNING:tensorboardX.x2num:NaN or Inf found in input tensor.
WARNING:tensorboardX.x2num:NaN or Inf found in input tensor.
WARNING:tensorboardX.x2num:NaN or Inf found in input tensor.
WARNING:tensorboardX.x2num:NaN or Inf found in input tensor.
WARNING:tensorboardX.x2num:NaN or Inf found in input tensor.
WARNING:tensorboardX.x2num:NaN or Inf found in input tensor.
WARNING:tensorboardX.x2num:NaN or Inf found in input tensor.
WARNING:tensorboardX.x2num:NaN or Inf found in input tensor.
WARNING:tensorboardX.x2num:NaN or Inf found in input tensor.
WARNING:tensorboardX.x2num:NaN or Inf found in input tensor.
WARNING:tensorboardX.x2num:NaN or Inf found in input tensor.
WARNING:tensorboardX.x2num:NaN or Inf found in input tensor.
-----------------------------------------------------------------
|                                 Train/Steps |        1.03e+06 |
|                            Loss/Loss_critic |             nan |
|                             Loss/Loss_actor |             nan |
|                             Loss/Loss_alpha |             nan |
|               Loss/Loss_state_action_metric |             nan |
|                      Loss/Loss_state_metric |             nan |
|             Loss/Loss_state_action_to_state |             nan |
|                           Loss/Act_rep_loss |             nan |
|                                   SAC/Alpha |             nan |
|                              SAC/LogPi_mean |             nan |
|                                 SAC/Q1_mean |             nan |
|                                 SAC/Q2_mean |             nan |
|                            Norm/actor_model |             nan |
|                           Norm/critic_model |             nan |
|              Norm/state_action_metric_model |             nan |
|                     Norm/state_metric_model |             nan |
|        Norm/state_action_state_metric_model |             nan |
|                  Metric/self_state_distance |             nan |
|                 Metric/cross_state_distance |             nan |
|           Metric/self_state_action_distance |             nan |
|          Metric/cross_state_action_distance |             nan |
|             Metric/avg_self_state_asymmetry |             nan |
|            Metric/avg_cross_state_asymmetry |             nan |
|                Metric/avg_self_sa_asymmetry |             nan |
|               Metric/avg_cross_sa_asymmetry |             nan |
|  Metric/self_state_action_to_state_distance |             nan |
| Metric/cross_state_action_to_state_distance |             nan |
|                   Metric/h_lambda_diff_self |             nan |
|                  Metric/h_lambda_diff_cross |             nan |
|                                 Eval/Return |             nan |
-----------------------------------------------------------------
WARNING:tensorboardX.x2num:NaN or Inf found in input tensor.
WARNING:tensorboardX.x2num:NaN or Inf found in input tensor.
WARNING:tensorboardX.x2num:NaN or Inf found in input tensor.
WARNING:tensorboardX.x2num:NaN or Inf found in input tensor.
WARNING:tensorboardX.x2num:NaN or Inf found in input tensor.
WARNING:tensorboardX.x2num:NaN or Inf found in input tensor.
WARNING:tensorboardX.x2num:NaN or Inf found in input tensor.
WARNING:tensorboardX.x2num:NaN or Inf found in input tensor.
WARNING:tensorboardX.x2num:NaN or Inf found in input tensor.
WARNING:tensorboardX.x2num:NaN or Inf found in input tensor.
WARNING:tensorboardX.x2num:NaN or Inf found in input tensor.
WARNING:tensorboardX.x2num:NaN or Inf found in input tensor.
WARNING:tensorboardX.x2num:NaN or Inf found in input tensor.
WARNING:tensorboardX.x2num:NaN or Inf found in input tensor.
WARNING:tensorboardX.x2num:NaN or Inf found in input tensor.
WARNING:tensorboardX.x2num:NaN or Inf found in input tensor.
WARNING:tensorboardX.x2num:NaN or Inf found in input tensor.
WARNING:tensorboardX.x2num:NaN or Inf found in input tensor.
WARNING:tensorboardX.x2num:NaN or Inf found in input tensor.
WARNING:tensorboardX.x2num:NaN or Inf found in input tensor.
WARNING:tensorboardX.x2num:NaN or Inf found in input tensor.
WARNING:tensorboardX.x2num:NaN or Inf found in input tensor.
WARNING:tensorboardX.x2num:NaN or Inf found in input tensor.
WARNING:tensorboardX.x2num:NaN or Inf found in input tensor.
WARNING:tensorboardX.x2num:NaN or Inf found in input tensor.
WARNING:tensorboardX.x2num:NaN or Inf found in input tensor.
WARNING:tensorboardX.x2num:NaN or Inf found in input tensor.
WARNING:tensorboardX.x2num:NaN or Inf found in input tensor.
WARNING:tensorboardX.x2num:NaN or Inf found in input tensor.
[32mSaving model …[0m
[32mDone.[0m
[32mSaving model …[0m
[32mDone.[0m
-----------------------------------------------------------------
|                                 Train/Steps |        1.16e+06 |
|                            Loss/Loss_critic |             nan |
|                             Loss/Loss_actor |             nan |
|                             Loss/Loss_alpha |             nan |
|               Loss/Loss_state_action_metric |             nan |
|                      Loss/Loss_state_metric |             nan |
|             Loss/Loss_state_action_to_state |             nan |
|                           Loss/Act_rep_loss |             nan |
|                                   SAC/Alpha |             nan |
|                              SAC/LogPi_mean |             nan |
|                                 SAC/Q1_mean |             nan |
|                                 SAC/Q2_mean |             nan |
|                            Norm/actor_model |             nan |
|                           Norm/critic_model |             nan |
|              Norm/state_action_metric_model |             nan |
|                     Norm/state_metric_model |             nan |
|        Norm/state_action_state_metric_model |             nan |
|                  Metric/self_state_distance |             nan |
|                 Metric/cross_state_distance |             nan |
|           Metric/self_state_action_distance |             nan |
|          Metric/cross_state_action_distance |             nan |
|             Metric/avg_self_state_asymmetry |             nan |
|            Metric/avg_cross_state_asymmetry |             nan |
|                Metric/avg_self_sa_asymmetry |             nan |
|               Metric/avg_cross_sa_asymmetry |             nan |
|  Metric/self_state_action_to_state_distance |             nan |
| Metric/cross_state_action_to_state_distance |             nan |
|                   Metric/h_lambda_diff_self |             nan |
|                  Metric/h_lambda_diff_cross |             nan |
|                                 Eval/Return |             nan |
-----------------------------------------------------------------
WARNING:tensorboardX.x2num:NaN or Inf found in input tensor.
WARNING:tensorboardX.x2num:NaN or Inf found in input tensor.
WARNING:tensorboardX.x2num:NaN or Inf found in input tensor.
WARNING:tensorboardX.x2num:NaN or Inf found in input tensor.
WARNING:tensorboardX.x2num:NaN or Inf found in input tensor.
WARNING:tensorboardX.x2num:NaN or Inf found in input tensor.
WARNING:tensorboardX.x2num:NaN or Inf found in input tensor.
WARNING:tensorboardX.x2num:NaN or Inf found in input tensor.
WARNING:tensorboardX.x2num:NaN or Inf found in input tensor.
WARNING:tensorboardX.x2num:NaN or Inf found in input tensor.
WARNING:tensorboardX.x2num:NaN or Inf found in input tensor.
WARNING:tensorboardX.x2num:NaN or Inf found in input tensor.
WARNING:tensorboardX.x2num:NaN or Inf found in input tensor.
WARNING:tensorboardX.x2num:NaN or Inf found in input tensor.
WARNING:tensorboardX.x2num:NaN or Inf found in input tensor.
WARNING:tensorboardX.x2num:NaN or Inf found in input tensor.
WARNING:tensorboardX.x2num:NaN or Inf found in input tensor.
WARNING:tensorboardX.x2num:NaN or Inf found in input tensor.
WARNING:tensorboardX.x2num:NaN or Inf found in input tensor.
WARNING:tensorboardX.x2num:NaN or Inf found in input tensor.
WARNING:tensorboardX.x2num:NaN or Inf found in input tensor.
WARNING:tensorboardX.x2num:NaN or Inf found in input tensor.
WARNING:tensorboardX.x2num:NaN or Inf found in input tensor.
WARNING:tensorboardX.x2num:NaN or Inf found in input tensor.
WARNING:tensorboardX.x2num:NaN or Inf found in input tensor.
WARNING:tensorboardX.x2num:NaN or Inf found in input tensor.
WARNING:tensorboardX.x2num:NaN or Inf found in input tensor.
WARNING:tensorboardX.x2num:NaN or Inf found in input tensor.
WARNING:tensorboardX.x2num:NaN or Inf found in input tensor.
-----------------------------------------------------------------
|                                 Train/Steps |        1.29e+06 |
|                            Loss/Loss_critic |             nan |
|                             Loss/Loss_actor |             nan |
|                             Loss/Loss_alpha |             nan |
|               Loss/Loss_state_action_metric |             nan |
|                      Loss/Loss_state_metric |             nan |
|             Loss/Loss_state_action_to_state |             nan |
|                           Loss/Act_rep_loss |             nan |
|                                   SAC/Alpha |             nan |
|                              SAC/LogPi_mean |             nan |
|                                 SAC/Q1_mean |             nan |
|                                 SAC/Q2_mean |             nan |
|                            Norm/actor_model |             nan |
|                           Norm/critic_model |             nan |
|              Norm/state_action_metric_model |             nan |
|                     Norm/state_metric_model |             nan |
|        Norm/state_action_state_metric_model |             nan |
|                  Metric/self_state_distance |             nan |
|                 Metric/cross_state_distance |             nan |
|           Metric/self_state_action_distance |             nan |
|          Metric/cross_state_action_distance |             nan |
|             Metric/avg_self_state_asymmetry |             nan |
|            Metric/avg_cross_state_asymmetry |             nan |
|                Metric/avg_self_sa_asymmetry |             nan |
|               Metric/avg_cross_sa_asymmetry |             nan |
|  Metric/self_state_action_to_state_distance |             nan |
| Metric/cross_state_action_to_state_distance |             nan |
|                   Metric/h_lambda_diff_self |             nan |
|                  Metric/h_lambda_diff_cross |             nan |
|                                 Eval/Return |             nan |
-----------------------------------------------------------------
WARNING:tensorboardX.x2num:NaN or Inf found in input tensor.
WARNING:tensorboardX.x2num:NaN or Inf found in input tensor.
WARNING:tensorboardX.x2num:NaN or Inf found in input tensor.
WARNING:tensorboardX.x2num:NaN or Inf found in input tensor.
WARNING:tensorboardX.x2num:NaN or Inf found in input tensor.
WARNING:tensorboardX.x2num:NaN or Inf found in input tensor.
WARNING:tensorboardX.x2num:NaN or Inf found in input tensor.
WARNING:tensorboardX.x2num:NaN or Inf found in input tensor.
WARNING:tensorboardX.x2num:NaN or Inf found in input tensor.
WARNING:tensorboardX.x2num:NaN or Inf found in input tensor.
WARNING:tensorboardX.x2num:NaN or Inf found in input tensor.
WARNING:tensorboardX.x2num:NaN or Inf found in input tensor.
WARNING:tensorboardX.x2num:NaN or Inf found in input tensor.
WARNING:tensorboardX.x2num:NaN or Inf found in input tensor.
WARNING:tensorboardX.x2num:NaN or Inf found in input tensor.
WARNING:tensorboardX.x2num:NaN or Inf found in input tensor.
WARNING:tensorboardX.x2num:NaN or Inf found in input tensor.
WARNING:tensorboardX.x2num:NaN or Inf found in input tensor.
WARNING:tensorboardX.x2num:NaN or Inf found in input tensor.
WARNING:tensorboardX.x2num:NaN or Inf found in input tensor.
WARNING:tensorboardX.x2num:NaN or Inf found in input tensor.
WARNING:tensorboardX.x2num:NaN or Inf found in input tensor.
WARNING:tensorboardX.x2num:NaN or Inf found in input tensor.
WARNING:tensorboardX.x2num:NaN or Inf found in input tensor.
WARNING:tensorboardX.x2num:NaN or Inf found in input tensor.
WARNING:tensorboardX.x2num:NaN or Inf found in input tensor.
WARNING:tensorboardX.x2num:NaN or Inf found in input tensor.
WARNING:tensorboardX.x2num:NaN or Inf found in input tensor.
WARNING:tensorboardX.x2num:NaN or Inf found in input tensor.
-----------------------------------------------------------------
|                                 Train/Steps |        1.42e+06 |
|                            Loss/Loss_critic |             nan |
|                             Loss/Loss_actor |             nan |
|                             Loss/Loss_alpha |             nan |
|               Loss/Loss_state_action_metric |             nan |
|                      Loss/Loss_state_metric |             nan |
|             Loss/Loss_state_action_to_state |             nan |
|                           Loss/Act_rep_loss |             nan |
|                                   SAC/Alpha |             nan |
|                              SAC/LogPi_mean |             nan |
|                                 SAC/Q1_mean |             nan |
|                                 SAC/Q2_mean |             nan |
|                            Norm/actor_model |             nan |
|                           Norm/critic_model |             nan |
|              Norm/state_action_metric_model |             nan |
|                     Norm/state_metric_model |             nan |
|        Norm/state_action_state_metric_model |             nan |
|                  Metric/self_state_distance |             nan |
|                 Metric/cross_state_distance |             nan |
|           Metric/self_state_action_distance |             nan |
|          Metric/cross_state_action_distance |             nan |
|             Metric/avg_self_state_asymmetry |             nan |
|            Metric/avg_cross_state_asymmetry |             nan |
|                Metric/avg_self_sa_asymmetry |             nan |
|               Metric/avg_cross_sa_asymmetry |             nan |
|  Metric/self_state_action_to_state_distance |             nan |
| Metric/cross_state_action_to_state_distance |             nan |
|                   Metric/h_lambda_diff_self |             nan |
|                  Metric/h_lambda_diff_cross |             nan |
|                                 Eval/Return |             nan |
-----------------------------------------------------------------
WARNING:tensorboardX.x2num:NaN or Inf found in input tensor.
WARNING:tensorboardX.x2num:NaN or Inf found in input tensor.
WARNING:tensorboardX.x2num:NaN or Inf found in input tensor.
WARNING:tensorboardX.x2num:NaN or Inf found in input tensor.
WARNING:tensorboardX.x2num:NaN or Inf found in input tensor.
WARNING:tensorboardX.x2num:NaN or Inf found in input tensor.
WARNING:tensorboardX.x2num:NaN or Inf found in input tensor.
WARNING:tensorboardX.x2num:NaN or Inf found in input tensor.
WARNING:tensorboardX.x2num:NaN or Inf found in input tensor.
WARNING:tensorboardX.x2num:NaN or Inf found in input tensor.
WARNING:tensorboardX.x2num:NaN or Inf found in input tensor.
WARNING:tensorboardX.x2num:NaN or Inf found in input tensor.
WARNING:tensorboardX.x2num:NaN or Inf found in input tensor.
WARNING:tensorboardX.x2num:NaN or Inf found in input tensor.
WARNING:tensorboardX.x2num:NaN or Inf found in input tensor.
WARNING:tensorboardX.x2num:NaN or Inf found in input tensor.
WARNING:tensorboardX.x2num:NaN or Inf found in input tensor.
WARNING:tensorboardX.x2num:NaN or Inf found in input tensor.
WARNING:tensorboardX.x2num:NaN or Inf found in input tensor.
WARNING:tensorboardX.x2num:NaN or Inf found in input tensor.
WARNING:tensorboardX.x2num:NaN or Inf found in input tensor.
WARNING:tensorboardX.x2num:NaN or Inf found in input tensor.
WARNING:tensorboardX.x2num:NaN or Inf found in input tensor.
WARNING:tensorboardX.x2num:NaN or Inf found in input tensor.
WARNING:tensorboardX.x2num:NaN or Inf found in input tensor.
WARNING:tensorboardX.x2num:NaN or Inf found in input tensor.
WARNING:tensorboardX.x2num:NaN or Inf found in input tensor.
WARNING:tensorboardX.x2num:NaN or Inf found in input tensor.
WARNING:tensorboardX.x2num:NaN or Inf found in input tensor.
-----------------------------------------------------------------
|                                 Train/Steps |        1.54e+06 |
|                            Loss/Loss_critic |             nan |
|                             Loss/Loss_actor |             nan |
|                             Loss/Loss_alpha |             nan |
|               Loss/Loss_state_action_metric |             nan |
|                      Loss/Loss_state_metric |             nan |
|             Loss/Loss_state_action_to_state |             nan |
|                           Loss/Act_rep_loss |             nan |
|                                   SAC/Alpha |             nan |
|                              SAC/LogPi_mean |             nan |
|                                 SAC/Q1_mean |             nan |
|                                 SAC/Q2_mean |             nan |
|                            Norm/actor_model |             nan |
|                           Norm/critic_model |             nan |
|              Norm/state_action_metric_model |             nan |
|                     Norm/state_metric_model |             nan |
|        Norm/state_action_state_metric_model |             nan |
|                  Metric/self_state_distance |             nan |
|                 Metric/cross_state_distance |             nan |
|           Metric/self_state_action_distance |             nan |
|          Metric/cross_state_action_distance |             nan |
|             Metric/avg_self_state_asymmetry |             nan |
|            Metric/avg_cross_state_asymmetry |             nan |
|                Metric/avg_self_sa_asymmetry |             nan |
|               Metric/avg_cross_sa_asymmetry |             nan |
|  Metric/self_state_action_to_state_distance |             nan |
| Metric/cross_state_action_to_state_distance |             nan |
|                   Metric/h_lambda_diff_self |             nan |
|                  Metric/h_lambda_diff_cross |             nan |
|                                 Eval/Return |             nan |
-----------------------------------------------------------------
WARNING:tensorboardX.x2num:NaN or Inf found in input tensor.
WARNING:tensorboardX.x2num:NaN or Inf found in input tensor.
WARNING:tensorboardX.x2num:NaN or Inf found in input tensor.
WARNING:tensorboardX.x2num:NaN or Inf found in input tensor.
WARNING:tensorboardX.x2num:NaN or Inf found in input tensor.
WARNING:tensorboardX.x2num:NaN or Inf found in input tensor.
WARNING:tensorboardX.x2num:NaN or Inf found in input tensor.
WARNING:tensorboardX.x2num:NaN or Inf found in input tensor.
WARNING:tensorboardX.x2num:NaN or Inf found in input tensor.
WARNING:tensorboardX.x2num:NaN or Inf found in input tensor.
WARNING:tensorboardX.x2num:NaN or Inf found in input tensor.
WARNING:tensorboardX.x2num:NaN or Inf found in input tensor.
WARNING:tensorboardX.x2num:NaN or Inf found in input tensor.
WARNING:tensorboardX.x2num:NaN or Inf found in input tensor.
WARNING:tensorboardX.x2num:NaN or Inf found in input tensor.
WARNING:tensorboardX.x2num:NaN or Inf found in input tensor.
WARNING:tensorboardX.x2num:NaN or Inf found in input tensor.
WARNING:tensorboardX.x2num:NaN or Inf found in input tensor.
WARNING:tensorboardX.x2num:NaN or Inf found in input tensor.
WARNING:tensorboardX.x2num:NaN or Inf found in input tensor.
WARNING:tensorboardX.x2num:NaN or Inf found in input tensor.
WARNING:tensorboardX.x2num:NaN or Inf found in input tensor.
WARNING:tensorboardX.x2num:NaN or Inf found in input tensor.
WARNING:tensorboardX.x2num:NaN or Inf found in input tensor.
WARNING:tensorboardX.x2num:NaN or Inf found in input tensor.
WARNING:tensorboardX.x2num:NaN or Inf found in input tensor.
WARNING:tensorboardX.x2num:NaN or Inf found in input tensor.
WARNING:tensorboardX.x2num:NaN or Inf found in input tensor.
WARNING:tensorboardX.x2num:NaN or Inf found in input tensor.
-----------------------------------------------------------------
|                                 Train/Steps |        1.67e+06 |
|                            Loss/Loss_critic |             nan |
|                             Loss/Loss_actor |             nan |
|                             Loss/Loss_alpha |             nan |
|               Loss/Loss_state_action_metric |             nan |
|                      Loss/Loss_state_metric |             nan |
|             Loss/Loss_state_action_to_state |             nan |
|                           Loss/Act_rep_loss |             nan |
|                                   SAC/Alpha |             nan |
|                              SAC/LogPi_mean |             nan |
|                                 SAC/Q1_mean |             nan |
|                                 SAC/Q2_mean |             nan |
|                            Norm/actor_model |             nan |
|                           Norm/critic_model |             nan |
|              Norm/state_action_metric_model |             nan |
|                     Norm/state_metric_model |             nan |
|        Norm/state_action_state_metric_model |             nan |
|                  Metric/self_state_distance |             nan |
|                 Metric/cross_state_distance |             nan |
|           Metric/self_state_action_distance |             nan |
|          Metric/cross_state_action_distance |             nan |
|             Metric/avg_self_state_asymmetry |             nan |
|            Metric/avg_cross_state_asymmetry |             nan |
|                Metric/avg_self_sa_asymmetry |             nan |
|               Metric/avg_cross_sa_asymmetry |             nan |
|  Metric/self_state_action_to_state_distance |             nan |
| Metric/cross_state_action_to_state_distance |             nan |
|                   Metric/h_lambda_diff_self |             nan |
|                  Metric/h_lambda_diff_cross |             nan |
|                                 Eval/Return |             nan |
-----------------------------------------------------------------
WARNING:tensorboardX.x2num:NaN or Inf found in input tensor.
WARNING:tensorboardX.x2num:NaN or Inf found in input tensor.
WARNING:tensorboardX.x2num:NaN or Inf found in input tensor.
WARNING:tensorboardX.x2num:NaN or Inf found in input tensor.
WARNING:tensorboardX.x2num:NaN or Inf found in input tensor.
WARNING:tensorboardX.x2num:NaN or Inf found in input tensor.
WARNING:tensorboardX.x2num:NaN or Inf found in input tensor.
WARNING:tensorboardX.x2num:NaN or Inf found in input tensor.
WARNING:tensorboardX.x2num:NaN or Inf found in input tensor.
WARNING:tensorboardX.x2num:NaN or Inf found in input tensor.
WARNING:tensorboardX.x2num:NaN or Inf found in input tensor.
WARNING:tensorboardX.x2num:NaN or Inf found in input tensor.
WARNING:tensorboardX.x2num:NaN or Inf found in input tensor.
WARNING:tensorboardX.x2num:NaN or Inf found in input tensor.
WARNING:tensorboardX.x2num:NaN or Inf found in input tensor.
WARNING:tensorboardX.x2num:NaN or Inf found in input tensor.
WARNING:tensorboardX.x2num:NaN or Inf found in input tensor.
WARNING:tensorboardX.x2num:NaN or Inf found in input tensor.
WARNING:tensorboardX.x2num:NaN or Inf found in input tensor.
WARNING:tensorboardX.x2num:NaN or Inf found in input tensor.
WARNING:tensorboardX.x2num:NaN or Inf found in input tensor.
WARNING:tensorboardX.x2num:NaN or Inf found in input tensor.
WARNING:tensorboardX.x2num:NaN or Inf found in input tensor.
WARNING:tensorboardX.x2num:NaN or Inf found in input tensor.
WARNING:tensorboardX.x2num:NaN or Inf found in input tensor.
WARNING:tensorboardX.x2num:NaN or Inf found in input tensor.
WARNING:tensorboardX.x2num:NaN or Inf found in input tensor.
WARNING:tensorboardX.x2num:NaN or Inf found in input tensor.
WARNING:tensorboardX.x2num:NaN or Inf found in input tensor.
-----------------------------------------------------------------
|                                 Train/Steps |         1.8e+06 |
|                            Loss/Loss_critic |             nan |
|                             Loss/Loss_actor |             nan |
|                             Loss/Loss_alpha |             nan |
|               Loss/Loss_state_action_metric |             nan |
|                      Loss/Loss_state_metric |             nan |
|             Loss/Loss_state_action_to_state |             nan |
|                           Loss/Act_rep_loss |             nan |
|                                   SAC/Alpha |             nan |
|                              SAC/LogPi_mean |             nan |
|                                 SAC/Q1_mean |             nan |
|                                 SAC/Q2_mean |             nan |
|                            Norm/actor_model |             nan |
|                           Norm/critic_model |             nan |
|              Norm/state_action_metric_model |             nan |
|                     Norm/state_metric_model |             nan |
|        Norm/state_action_state_metric_model |             nan |
|                  Metric/self_state_distance |             nan |
|                 Metric/cross_state_distance |             nan |
|           Metric/self_state_action_distance |             nan |
|          Metric/cross_state_action_distance |             nan |
|             Metric/avg_self_state_asymmetry |             nan |
|            Metric/avg_cross_state_asymmetry |             nan |
|                Metric/avg_self_sa_asymmetry |             nan |
|               Metric/avg_cross_sa_asymmetry |             nan |
|  Metric/self_state_action_to_state_distance |             nan |
| Metric/cross_state_action_to_state_distance |             nan |
|                   Metric/h_lambda_diff_self |             nan |
|                  Metric/h_lambda_diff_cross |             nan |
|                                 Eval/Return |             nan |
-----------------------------------------------------------------
WARNING:tensorboardX.x2num:NaN or Inf found in input tensor.
WARNING:tensorboardX.x2num:NaN or Inf found in input tensor.
WARNING:tensorboardX.x2num:NaN or Inf found in input tensor.
WARNING:tensorboardX.x2num:NaN or Inf found in input tensor.
WARNING:tensorboardX.x2num:NaN or Inf found in input tensor.
WARNING:tensorboardX.x2num:NaN or Inf found in input tensor.
WARNING:tensorboardX.x2num:NaN or Inf found in input tensor.
WARNING:tensorboardX.x2num:NaN or Inf found in input tensor.
WARNING:tensorboardX.x2num:NaN or Inf found in input tensor.
WARNING:tensorboardX.x2num:NaN or Inf found in input tensor.
WARNING:tensorboardX.x2num:NaN or Inf found in input tensor.
WARNING:tensorboardX.x2num:NaN or Inf found in input tensor.
WARNING:tensorboardX.x2num:NaN or Inf found in input tensor.
WARNING:tensorboardX.x2num:NaN or Inf found in input tensor.
WARNING:tensorboardX.x2num:NaN or Inf found in input tensor.
WARNING:tensorboardX.x2num:NaN or Inf found in input tensor.
WARNING:tensorboardX.x2num:NaN or Inf found in input tensor.
WARNING:tensorboardX.x2num:NaN or Inf found in input tensor.
WARNING:tensorboardX.x2num:NaN or Inf found in input tensor.
WARNING:tensorboardX.x2num:NaN or Inf found in input tensor.
WARNING:tensorboardX.x2num:NaN or Inf found in input tensor.
WARNING:tensorboardX.x2num:NaN or Inf found in input tensor.
WARNING:tensorboardX.x2num:NaN or Inf found in input tensor.
WARNING:tensorboardX.x2num:NaN or Inf found in input tensor.
WARNING:tensorboardX.x2num:NaN or Inf found in input tensor.
WARNING:tensorboardX.x2num:NaN or Inf found in input tensor.
WARNING:tensorboardX.x2num:NaN or Inf found in input tensor.
WARNING:tensorboardX.x2num:NaN or Inf found in input tensor.
WARNING:tensorboardX.x2num:NaN or Inf found in input tensor.
-----------------------------------------------------------------
|                                 Train/Steps |        1.93e+06 |
|                            Loss/Loss_critic |             nan |
|                             Loss/Loss_actor |             nan |
|                             Loss/Loss_alpha |             nan |
|               Loss/Loss_state_action_metric |             nan |
|                      Loss/Loss_state_metric |             nan |
|             Loss/Loss_state_action_to_state |             nan |
|                           Loss/Act_rep_loss |             nan |
|                                   SAC/Alpha |             nan |
|                              SAC/LogPi_mean |             nan |
|                                 SAC/Q1_mean |             nan |
|                                 SAC/Q2_mean |             nan |
|                            Norm/actor_model |             nan |
|                           Norm/critic_model |             nan |
|              Norm/state_action_metric_model |             nan |
|                     Norm/state_metric_model |             nan |
|        Norm/state_action_state_metric_model |             nan |
|                  Metric/self_state_distance |             nan |
|                 Metric/cross_state_distance |             nan |
|           Metric/self_state_action_distance |             nan |
|          Metric/cross_state_action_distance |             nan |
|             Metric/avg_self_state_asymmetry |             nan |
|            Metric/avg_cross_state_asymmetry |             nan |
|                Metric/avg_self_sa_asymmetry |             nan |
|               Metric/avg_cross_sa_asymmetry |             nan |
|  Metric/self_state_action_to_state_distance |             nan |
| Metric/cross_state_action_to_state_distance |             nan |
|                   Metric/h_lambda_diff_self |             nan |
|                  Metric/h_lambda_diff_cross |             nan |
|                                 Eval/Return |             nan |
-----------------------------------------------------------------
WARNING:tensorboardX.x2num:NaN or Inf found in input tensor.
WARNING:tensorboardX.x2num:NaN or Inf found in input tensor.
WARNING:tensorboardX.x2num:NaN or Inf found in input tensor.
WARNING:tensorboardX.x2num:NaN or Inf found in input tensor.
WARNING:tensorboardX.x2num:NaN or Inf found in input tensor.
WARNING:tensorboardX.x2num:NaN or Inf found in input tensor.
WARNING:tensorboardX.x2num:NaN or Inf found in input tensor.
WARNING:tensorboardX.x2num:NaN or Inf found in input tensor.
WARNING:tensorboardX.x2num:NaN or Inf found in input tensor.
WARNING:tensorboardX.x2num:NaN or Inf found in input tensor.
WARNING:tensorboardX.x2num:NaN or Inf found in input tensor.
WARNING:tensorboardX.x2num:NaN or Inf found in input tensor.
WARNING:tensorboardX.x2num:NaN or Inf found in input tensor.
WARNING:tensorboardX.x2num:NaN or Inf found in input tensor.
WARNING:tensorboardX.x2num:NaN or Inf found in input tensor.
WARNING:tensorboardX.x2num:NaN or Inf found in input tensor.
WARNING:tensorboardX.x2num:NaN or Inf found in input tensor.
WARNING:tensorboardX.x2num:NaN or Inf found in input tensor.
WARNING:tensorboardX.x2num:NaN or Inf found in input tensor.
WARNING:tensorboardX.x2num:NaN or Inf found in input tensor.
WARNING:tensorboardX.x2num:NaN or Inf found in input tensor.
WARNING:tensorboardX.x2num:NaN or Inf found in input tensor.
WARNING:tensorboardX.x2num:NaN or Inf found in input tensor.
WARNING:tensorboardX.x2num:NaN or Inf found in input tensor.
WARNING:tensorboardX.x2num:NaN or Inf found in input tensor.
WARNING:tensorboardX.x2num:NaN or Inf found in input tensor.
WARNING:tensorboardX.x2num:NaN or Inf found in input tensor.
WARNING:tensorboardX.x2num:NaN or Inf found in input tensor.
WARNING:tensorboardX.x2num:NaN or Inf found in input tensor.
-----------------------------------------------------------------
|                                 Train/Steps |        2.06e+06 |
|                            Loss/Loss_critic |             nan |
|                             Loss/Loss_actor |             nan |
|                             Loss/Loss_alpha |             nan |
|               Loss/Loss_state_action_metric |             nan |
|                      Loss/Loss_state_metric |             nan |
|             Loss/Loss_state_action_to_state |             nan |
|                           Loss/Act_rep_loss |             nan |
|                                   SAC/Alpha |             nan |
|                              SAC/LogPi_mean |             nan |
|                                 SAC/Q1_mean |             nan |
|                                 SAC/Q2_mean |             nan |
|                            Norm/actor_model |             nan |
|                           Norm/critic_model |             nan |
|              Norm/state_action_metric_model |             nan |
|                     Norm/state_metric_model |             nan |
|        Norm/state_action_state_metric_model |             nan |
|                  Metric/self_state_distance |             nan |
|                 Metric/cross_state_distance |             nan |
|           Metric/self_state_action_distance |             nan |
|          Metric/cross_state_action_distance |             nan |
|             Metric/avg_self_state_asymmetry |             nan |
|            Metric/avg_cross_state_asymmetry |             nan |
|                Metric/avg_self_sa_asymmetry |             nan |
|               Metric/avg_cross_sa_asymmetry |             nan |
|  Metric/self_state_action_to_state_distance |             nan |
| Metric/cross_state_action_to_state_distance |             nan |
|                   Metric/h_lambda_diff_self |             nan |
|                  Metric/h_lambda_diff_cross |             nan |
|                                 Eval/Return |             nan |
-----------------------------------------------------------------
WARNING:tensorboardX.x2num:NaN or Inf found in input tensor.
WARNING:tensorboardX.x2num:NaN or Inf found in input tensor.
WARNING:tensorboardX.x2num:NaN or Inf found in input tensor.
WARNING:tensorboardX.x2num:NaN or Inf found in input tensor.
WARNING:tensorboardX.x2num:NaN or Inf found in input tensor.
WARNING:tensorboardX.x2num:NaN or Inf found in input tensor.
WARNING:tensorboardX.x2num:NaN or Inf found in input tensor.
WARNING:tensorboardX.x2num:NaN or Inf found in input tensor.
WARNING:tensorboardX.x2num:NaN or Inf found in input tensor.
WARNING:tensorboardX.x2num:NaN or Inf found in input tensor.
WARNING:tensorboardX.x2num:NaN or Inf found in input tensor.
WARNING:tensorboardX.x2num:NaN or Inf found in input tensor.
WARNING:tensorboardX.x2num:NaN or Inf found in input tensor.
WARNING:tensorboardX.x2num:NaN or Inf found in input tensor.
WARNING:tensorboardX.x2num:NaN or Inf found in input tensor.
WARNING:tensorboardX.x2num:NaN or Inf found in input tensor.
WARNING:tensorboardX.x2num:NaN or Inf found in input tensor.
WARNING:tensorboardX.x2num:NaN or Inf found in input tensor.
WARNING:tensorboardX.x2num:NaN or Inf found in input tensor.
WARNING:tensorboardX.x2num:NaN or Inf found in input tensor.
WARNING:tensorboardX.x2num:NaN or Inf found in input tensor.
WARNING:tensorboardX.x2num:NaN or Inf found in input tensor.
WARNING:tensorboardX.x2num:NaN or Inf found in input tensor.
WARNING:tensorboardX.x2num:NaN or Inf found in input tensor.
WARNING:tensorboardX.x2num:NaN or Inf found in input tensor.
WARNING:tensorboardX.x2num:NaN or Inf found in input tensor.
WARNING:tensorboardX.x2num:NaN or Inf found in input tensor.
WARNING:tensorboardX.x2num:NaN or Inf found in input tensor.
WARNING:tensorboardX.x2num:NaN or Inf found in input tensor.
[32mSaving model …[0m
[32mDone.[0m
[32mSaving model …[0m
[32mDone.[0m
-----------------------------------------------------------------
|                                 Train/Steps |        2.18e+06 |
|                            Loss/Loss_critic |             nan |
|                             Loss/Loss_actor |             nan |
|                             Loss/Loss_alpha |             nan |
|               Loss/Loss_state_action_metric |             nan |
|                      Loss/Loss_state_metric |             nan |
|             Loss/Loss_state_action_to_state |             nan |
|                           Loss/Act_rep_loss |             nan |
|                                   SAC/Alpha |             nan |
|                              SAC/LogPi_mean |             nan |
|                                 SAC/Q1_mean |             nan |
|                                 SAC/Q2_mean |             nan |
|                            Norm/actor_model |             nan |
|                           Norm/critic_model |             nan |
|              Norm/state_action_metric_model |             nan |
|                     Norm/state_metric_model |             nan |
|        Norm/state_action_state_metric_model |             nan |
|                  Metric/self_state_distance |             nan |
|                 Metric/cross_state_distance |             nan |
|           Metric/self_state_action_distance |             nan |
|          Metric/cross_state_action_distance |             nan |
|             Metric/avg_self_state_asymmetry |             nan |
|            Metric/avg_cross_state_asymmetry |             nan |
|                Metric/avg_self_sa_asymmetry |             nan |
|               Metric/avg_cross_sa_asymmetry |             nan |
|  Metric/self_state_action_to_state_distance |             nan |
| Metric/cross_state_action_to_state_distance |             nan |
|                   Metric/h_lambda_diff_self |             nan |
|                  Metric/h_lambda_diff_cross |             nan |
|                                 Eval/Return |             nan |
-----------------------------------------------------------------
WARNING:tensorboardX.x2num:NaN or Inf found in input tensor.
WARNING:tensorboardX.x2num:NaN or Inf found in input tensor.
WARNING:tensorboardX.x2num:NaN or Inf found in input tensor.
WARNING:tensorboardX.x2num:NaN or Inf found in input tensor.
WARNING:tensorboardX.x2num:NaN or Inf found in input tensor.
WARNING:tensorboardX.x2num:NaN or Inf found in input tensor.
WARNING:tensorboardX.x2num:NaN or Inf found in input tensor.
WARNING:tensorboardX.x2num:NaN or Inf found in input tensor.
WARNING:tensorboardX.x2num:NaN or Inf found in input tensor.
WARNING:tensorboardX.x2num:NaN or Inf found in input tensor.
WARNING:tensorboardX.x2num:NaN or Inf found in input tensor.
WARNING:tensorboardX.x2num:NaN or Inf found in input tensor.
WARNING:tensorboardX.x2num:NaN or Inf found in input tensor.
WARNING:tensorboardX.x2num:NaN or Inf found in input tensor.
WARNING:tensorboardX.x2num:NaN or Inf found in input tensor.
WARNING:tensorboardX.x2num:NaN or Inf found in input tensor.
WARNING:tensorboardX.x2num:NaN or Inf found in input tensor.
WARNING:tensorboardX.x2num:NaN or Inf found in input tensor.
WARNING:tensorboardX.x2num:NaN or Inf found in input tensor.
WARNING:tensorboardX.x2num:NaN or Inf found in input tensor.
WARNING:tensorboardX.x2num:NaN or Inf found in input tensor.
WARNING:tensorboardX.x2num:NaN or Inf found in input tensor.
WARNING:tensorboardX.x2num:NaN or Inf found in input tensor.
WARNING:tensorboardX.x2num:NaN or Inf found in input tensor.
WARNING:tensorboardX.x2num:NaN or Inf found in input tensor.
WARNING:tensorboardX.x2num:NaN or Inf found in input tensor.
WARNING:tensorboardX.x2num:NaN or Inf found in input tensor.
WARNING:tensorboardX.x2num:NaN or Inf found in input tensor.
WARNING:tensorboardX.x2num:NaN or Inf found in input tensor.
-----------------------------------------------------------------
|                                 Train/Steps |        2.31e+06 |
|                            Loss/Loss_critic |             nan |
|                             Loss/Loss_actor |             nan |
|                             Loss/Loss_alpha |             nan |
|               Loss/Loss_state_action_metric |             nan |
|                      Loss/Loss_state_metric |             nan |
|             Loss/Loss_state_action_to_state |             nan |
|                           Loss/Act_rep_loss |             nan |
|                                   SAC/Alpha |             nan |
|                              SAC/LogPi_mean |             nan |
|                                 SAC/Q1_mean |             nan |
|                                 SAC/Q2_mean |             nan |
|                            Norm/actor_model |             nan |
|                           Norm/critic_model |             nan |
|              Norm/state_action_metric_model |             nan |
|                     Norm/state_metric_model |             nan |
|        Norm/state_action_state_metric_model |             nan |
|                  Metric/self_state_distance |             nan |
|                 Metric/cross_state_distance |             nan |
|           Metric/self_state_action_distance |             nan |
|          Metric/cross_state_action_distance |             nan |
|             Metric/avg_self_state_asymmetry |             nan |
|            Metric/avg_cross_state_asymmetry |             nan |
|                Metric/avg_self_sa_asymmetry |             nan |
|               Metric/avg_cross_sa_asymmetry |             nan |
|  Metric/self_state_action_to_state_distance |             nan |
| Metric/cross_state_action_to_state_distance |             nan |
|                   Metric/h_lambda_diff_self |             nan |
|                  Metric/h_lambda_diff_cross |             nan |
|                                 Eval/Return |             nan |
-----------------------------------------------------------------
WARNING:tensorboardX.x2num:NaN or Inf found in input tensor.
WARNING:tensorboardX.x2num:NaN or Inf found in input tensor.
WARNING:tensorboardX.x2num:NaN or Inf found in input tensor.
WARNING:tensorboardX.x2num:NaN or Inf found in input tensor.
WARNING:tensorboardX.x2num:NaN or Inf found in input tensor.
WARNING:tensorboardX.x2num:NaN or Inf found in input tensor.
WARNING:tensorboardX.x2num:NaN or Inf found in input tensor.
WARNING:tensorboardX.x2num:NaN or Inf found in input tensor.
WARNING:tensorboardX.x2num:NaN or Inf found in input tensor.
WARNING:tensorboardX.x2num:NaN or Inf found in input tensor.
WARNING:tensorboardX.x2num:NaN or Inf found in input tensor.
WARNING:tensorboardX.x2num:NaN or Inf found in input tensor.
WARNING:tensorboardX.x2num:NaN or Inf found in input tensor.
WARNING:tensorboardX.x2num:NaN or Inf found in input tensor.
WARNING:tensorboardX.x2num:NaN or Inf found in input tensor.
WARNING:tensorboardX.x2num:NaN or Inf found in input tensor.
WARNING:tensorboardX.x2num:NaN or Inf found in input tensor.
WARNING:tensorboardX.x2num:NaN or Inf found in input tensor.
WARNING:tensorboardX.x2num:NaN or Inf found in input tensor.
WARNING:tensorboardX.x2num:NaN or Inf found in input tensor.
WARNING:tensorboardX.x2num:NaN or Inf found in input tensor.
WARNING:tensorboardX.x2num:NaN or Inf found in input tensor.
WARNING:tensorboardX.x2num:NaN or Inf found in input tensor.
WARNING:tensorboardX.x2num:NaN or Inf found in input tensor.
WARNING:tensorboardX.x2num:NaN or Inf found in input tensor.
WARNING:tensorboardX.x2num:NaN or Inf found in input tensor.
WARNING:tensorboardX.x2num:NaN or Inf found in input tensor.
WARNING:tensorboardX.x2num:NaN or Inf found in input tensor.
WARNING:tensorboardX.x2num:NaN or Inf found in input tensor.
-----------------------------------------------------------------
|                                 Train/Steps |        2.44e+06 |
|                            Loss/Loss_critic |             nan |
|                             Loss/Loss_actor |             nan |
|                             Loss/Loss_alpha |             nan |
|               Loss/Loss_state_action_metric |             nan |
|                      Loss/Loss_state_metric |             nan |
|             Loss/Loss_state_action_to_state |             nan |
|                           Loss/Act_rep_loss |             nan |
|                                   SAC/Alpha |             nan |
|                              SAC/LogPi_mean |             nan |
|                                 SAC/Q1_mean |             nan |
|                                 SAC/Q2_mean |             nan |
|                            Norm/actor_model |             nan |
|                           Norm/critic_model |             nan |
|              Norm/state_action_metric_model |             nan |
|                     Norm/state_metric_model |             nan |
|        Norm/state_action_state_metric_model |             nan |
|                  Metric/self_state_distance |             nan |
|                 Metric/cross_state_distance |             nan |
|           Metric/self_state_action_distance |             nan |
|          Metric/cross_state_action_distance |             nan |
|             Metric/avg_self_state_asymmetry |             nan |
|            Metric/avg_cross_state_asymmetry |             nan |
|                Metric/avg_self_sa_asymmetry |             nan |
|               Metric/avg_cross_sa_asymmetry |             nan |
|  Metric/self_state_action_to_state_distance |             nan |
| Metric/cross_state_action_to_state_distance |             nan |
|                   Metric/h_lambda_diff_self |             nan |
|                  Metric/h_lambda_diff_cross |             nan |
|                                 Eval/Return |             nan |
-----------------------------------------------------------------
WARNING:tensorboardX.x2num:NaN or Inf found in input tensor.
WARNING:tensorboardX.x2num:NaN or Inf found in input tensor.
WARNING:tensorboardX.x2num:NaN or Inf found in input tensor.
WARNING:tensorboardX.x2num:NaN or Inf found in input tensor.
WARNING:tensorboardX.x2num:NaN or Inf found in input tensor.
WARNING:tensorboardX.x2num:NaN or Inf found in input tensor.
WARNING:tensorboardX.x2num:NaN or Inf found in input tensor.
WARNING:tensorboardX.x2num:NaN or Inf found in input tensor.
WARNING:tensorboardX.x2num:NaN or Inf found in input tensor.
WARNING:tensorboardX.x2num:NaN or Inf found in input tensor.
WARNING:tensorboardX.x2num:NaN or Inf found in input tensor.
WARNING:tensorboardX.x2num:NaN or Inf found in input tensor.
WARNING:tensorboardX.x2num:NaN or Inf found in input tensor.
WARNING:tensorboardX.x2num:NaN or Inf found in input tensor.
WARNING:tensorboardX.x2num:NaN or Inf found in input tensor.
WARNING:tensorboardX.x2num:NaN or Inf found in input tensor.
WARNING:tensorboardX.x2num:NaN or Inf found in input tensor.
WARNING:tensorboardX.x2num:NaN or Inf found in input tensor.
WARNING:tensorboardX.x2num:NaN or Inf found in input tensor.
WARNING:tensorboardX.x2num:NaN or Inf found in input tensor.
WARNING:tensorboardX.x2num:NaN or Inf found in input tensor.
WARNING:tensorboardX.x2num:NaN or Inf found in input tensor.
WARNING:tensorboardX.x2num:NaN or Inf found in input tensor.
WARNING:tensorboardX.x2num:NaN or Inf found in input tensor.
WARNING:tensorboardX.x2num:NaN or Inf found in input tensor.
WARNING:tensorboardX.x2num:NaN or Inf found in input tensor.
WARNING:tensorboardX.x2num:NaN or Inf found in input tensor.
WARNING:tensorboardX.x2num:NaN or Inf found in input tensor.
WARNING:tensorboardX.x2num:NaN or Inf found in input tensor.
-----------------------------------------------------------------
|                                 Train/Steps |        2.57e+06 |
|                            Loss/Loss_critic |             nan |
|                             Loss/Loss_actor |             nan |
|                             Loss/Loss_alpha |             nan |
|               Loss/Loss_state_action_metric |             nan |
|                      Loss/Loss_state_metric |             nan |
|             Loss/Loss_state_action_to_state |             nan |
|                           Loss/Act_rep_loss |             nan |
|                                   SAC/Alpha |             nan |
|                              SAC/LogPi_mean |             nan |
|                                 SAC/Q1_mean |             nan |
|                                 SAC/Q2_mean |             nan |
|                            Norm/actor_model |             nan |
|                           Norm/critic_model |             nan |
|              Norm/state_action_metric_model |             nan |
|                     Norm/state_metric_model |             nan |
|        Norm/state_action_state_metric_model |             nan |
|                  Metric/self_state_distance |             nan |
|                 Metric/cross_state_distance |             nan |
|           Metric/self_state_action_distance |             nan |
|          Metric/cross_state_action_distance |             nan |
|             Metric/avg_self_state_asymmetry |             nan |
|            Metric/avg_cross_state_asymmetry |             nan |
|                Metric/avg_self_sa_asymmetry |             nan |
|               Metric/avg_cross_sa_asymmetry |             nan |
|  Metric/self_state_action_to_state_distance |             nan |
| Metric/cross_state_action_to_state_distance |             nan |
|                   Metric/h_lambda_diff_self |             nan |
|                  Metric/h_lambda_diff_cross |             nan |
|                                 Eval/Return |             nan |
-----------------------------------------------------------------
WARNING:tensorboardX.x2num:NaN or Inf found in input tensor.
WARNING:tensorboardX.x2num:NaN or Inf found in input tensor.
WARNING:tensorboardX.x2num:NaN or Inf found in input tensor.
WARNING:tensorboardX.x2num:NaN or Inf found in input tensor.
WARNING:tensorboardX.x2num:NaN or Inf found in input tensor.
WARNING:tensorboardX.x2num:NaN or Inf found in input tensor.
WARNING:tensorboardX.x2num:NaN or Inf found in input tensor.
WARNING:tensorboardX.x2num:NaN or Inf found in input tensor.
WARNING:tensorboardX.x2num:NaN or Inf found in input tensor.
WARNING:tensorboardX.x2num:NaN or Inf found in input tensor.
WARNING:tensorboardX.x2num:NaN or Inf found in input tensor.
WARNING:tensorboardX.x2num:NaN or Inf found in input tensor.
WARNING:tensorboardX.x2num:NaN or Inf found in input tensor.
WARNING:tensorboardX.x2num:NaN or Inf found in input tensor.
WARNING:tensorboardX.x2num:NaN or Inf found in input tensor.
WARNING:tensorboardX.x2num:NaN or Inf found in input tensor.
WARNING:tensorboardX.x2num:NaN or Inf found in input tensor.
WARNING:tensorboardX.x2num:NaN or Inf found in input tensor.
WARNING:tensorboardX.x2num:NaN or Inf found in input tensor.
WARNING:tensorboardX.x2num:NaN or Inf found in input tensor.
WARNING:tensorboardX.x2num:NaN or Inf found in input tensor.
WARNING:tensorboardX.x2num:NaN or Inf found in input tensor.
WARNING:tensorboardX.x2num:NaN or Inf found in input tensor.
WARNING:tensorboardX.x2num:NaN or Inf found in input tensor.
WARNING:tensorboardX.x2num:NaN or Inf found in input tensor.
WARNING:tensorboardX.x2num:NaN or Inf found in input tensor.
WARNING:tensorboardX.x2num:NaN or Inf found in input tensor.
WARNING:tensorboardX.x2num:NaN or Inf found in input tensor.
WARNING:tensorboardX.x2num:NaN or Inf found in input tensor.
-----------------------------------------------------------------
|                                 Train/Steps |         2.7e+06 |
|                            Loss/Loss_critic |             nan |
|                             Loss/Loss_actor |             nan |
|                             Loss/Loss_alpha |             nan |
|               Loss/Loss_state_action_metric |             nan |
|                      Loss/Loss_state_metric |             nan |
|             Loss/Loss_state_action_to_state |             nan |
|                           Loss/Act_rep_loss |             nan |
|                                   SAC/Alpha |             nan |
|                              SAC/LogPi_mean |             nan |
|                                 SAC/Q1_mean |             nan |
|                                 SAC/Q2_mean |             nan |
|                            Norm/actor_model |             nan |
|                           Norm/critic_model |             nan |
|              Norm/state_action_metric_model |             nan |
|                     Norm/state_metric_model |             nan |
|        Norm/state_action_state_metric_model |             nan |
|                  Metric/self_state_distance |             nan |
|                 Metric/cross_state_distance |             nan |
|           Metric/self_state_action_distance |             nan |
|          Metric/cross_state_action_distance |             nan |
|             Metric/avg_self_state_asymmetry |             nan |
|            Metric/avg_cross_state_asymmetry |             nan |
|                Metric/avg_self_sa_asymmetry |             nan |
|               Metric/avg_cross_sa_asymmetry |             nan |
|  Metric/self_state_action_to_state_distance |             nan |
| Metric/cross_state_action_to_state_distance |             nan |
|                   Metric/h_lambda_diff_self |             nan |
|                  Metric/h_lambda_diff_cross |             nan |
|                                 Eval/Return |             nan |
-----------------------------------------------------------------
WARNING:tensorboardX.x2num:NaN or Inf found in input tensor.
WARNING:tensorboardX.x2num:NaN or Inf found in input tensor.
WARNING:tensorboardX.x2num:NaN or Inf found in input tensor.
WARNING:tensorboardX.x2num:NaN or Inf found in input tensor.
WARNING:tensorboardX.x2num:NaN or Inf found in input tensor.
WARNING:tensorboardX.x2num:NaN or Inf found in input tensor.
WARNING:tensorboardX.x2num:NaN or Inf found in input tensor.
WARNING:tensorboardX.x2num:NaN or Inf found in input tensor.
WARNING:tensorboardX.x2num:NaN or Inf found in input tensor.
WARNING:tensorboardX.x2num:NaN or Inf found in input tensor.
WARNING:tensorboardX.x2num:NaN or Inf found in input tensor.
WARNING:tensorboardX.x2num:NaN or Inf found in input tensor.
WARNING:tensorboardX.x2num:NaN or Inf found in input tensor.
WARNING:tensorboardX.x2num:NaN or Inf found in input tensor.
WARNING:tensorboardX.x2num:NaN or Inf found in input tensor.
WARNING:tensorboardX.x2num:NaN or Inf found in input tensor.
WARNING:tensorboardX.x2num:NaN or Inf found in input tensor.
WARNING:tensorboardX.x2num:NaN or Inf found in input tensor.
WARNING:tensorboardX.x2num:NaN or Inf found in input tensor.
WARNING:tensorboardX.x2num:NaN or Inf found in input tensor.
WARNING:tensorboardX.x2num:NaN or Inf found in input tensor.
WARNING:tensorboardX.x2num:NaN or Inf found in input tensor.
WARNING:tensorboardX.x2num:NaN or Inf found in input tensor.
WARNING:tensorboardX.x2num:NaN or Inf found in input tensor.
WARNING:tensorboardX.x2num:NaN or Inf found in input tensor.
WARNING:tensorboardX.x2num:NaN or Inf found in input tensor.
WARNING:tensorboardX.x2num:NaN or Inf found in input tensor.
WARNING:tensorboardX.x2num:NaN or Inf found in input tensor.
WARNING:tensorboardX.x2num:NaN or Inf found in input tensor.
-----------------------------------------------------------------
|                                 Train/Steps |        2.82e+06 |
|                            Loss/Loss_critic |             nan |
|                             Loss/Loss_actor |             nan |
|                             Loss/Loss_alpha |             nan |
|               Loss/Loss_state_action_metric |             nan |
|                      Loss/Loss_state_metric |             nan |
|             Loss/Loss_state_action_to_state |             nan |
|                           Loss/Act_rep_loss |             nan |
|                                   SAC/Alpha |             nan |
|                              SAC/LogPi_mean |             nan |
|                                 SAC/Q1_mean |             nan |
|                                 SAC/Q2_mean |             nan |
|                            Norm/actor_model |             nan |
|                           Norm/critic_model |             nan |
|              Norm/state_action_metric_model |             nan |
|                     Norm/state_metric_model |             nan |
|        Norm/state_action_state_metric_model |             nan |
|                  Metric/self_state_distance |             nan |
|                 Metric/cross_state_distance |             nan |
|           Metric/self_state_action_distance |             nan |
|          Metric/cross_state_action_distance |             nan |
|             Metric/avg_self_state_asymmetry |             nan |
|            Metric/avg_cross_state_asymmetry |             nan |
|                Metric/avg_self_sa_asymmetry |             nan |
|               Metric/avg_cross_sa_asymmetry |             nan |
|  Metric/self_state_action_to_state_distance |             nan |
| Metric/cross_state_action_to_state_distance |             nan |
|                   Metric/h_lambda_diff_self |             nan |
|                  Metric/h_lambda_diff_cross |             nan |
|                                 Eval/Return |             nan |
-----------------------------------------------------------------
WARNING:tensorboardX.x2num:NaN or Inf found in input tensor.
WARNING:tensorboardX.x2num:NaN or Inf found in input tensor.
WARNING:tensorboardX.x2num:NaN or Inf found in input tensor.
WARNING:tensorboardX.x2num:NaN or Inf found in input tensor.
WARNING:tensorboardX.x2num:NaN or Inf found in input tensor.
WARNING:tensorboardX.x2num:NaN or Inf found in input tensor.
WARNING:tensorboardX.x2num:NaN or Inf found in input tensor.
WARNING:tensorboardX.x2num:NaN or Inf found in input tensor.
WARNING:tensorboardX.x2num:NaN or Inf found in input tensor.
WARNING:tensorboardX.x2num:NaN or Inf found in input tensor.
WARNING:tensorboardX.x2num:NaN or Inf found in input tensor.
WARNING:tensorboardX.x2num:NaN or Inf found in input tensor.
WARNING:tensorboardX.x2num:NaN or Inf found in input tensor.
WARNING:tensorboardX.x2num:NaN or Inf found in input tensor.
WARNING:tensorboardX.x2num:NaN or Inf found in input tensor.
WARNING:tensorboardX.x2num:NaN or Inf found in input tensor.
WARNING:tensorboardX.x2num:NaN or Inf found in input tensor.
WARNING:tensorboardX.x2num:NaN or Inf found in input tensor.
WARNING:tensorboardX.x2num:NaN or Inf found in input tensor.
WARNING:tensorboardX.x2num:NaN or Inf found in input tensor.
WARNING:tensorboardX.x2num:NaN or Inf found in input tensor.
WARNING:tensorboardX.x2num:NaN or Inf found in input tensor.
WARNING:tensorboardX.x2num:NaN or Inf found in input tensor.
WARNING:tensorboardX.x2num:NaN or Inf found in input tensor.
WARNING:tensorboardX.x2num:NaN or Inf found in input tensor.
WARNING:tensorboardX.x2num:NaN or Inf found in input tensor.
WARNING:tensorboardX.x2num:NaN or Inf found in input tensor.
WARNING:tensorboardX.x2num:NaN or Inf found in input tensor.
WARNING:tensorboardX.x2num:NaN or Inf found in input tensor.
-----------------------------------------------------------------
|                                 Train/Steps |        2.95e+06 |
|                            Loss/Loss_critic |             nan |
|                             Loss/Loss_actor |             nan |
|                             Loss/Loss_alpha |             nan |
|               Loss/Loss_state_action_metric |             nan |
|                      Loss/Loss_state_metric |             nan |
|             Loss/Loss_state_action_to_state |             nan |
|                           Loss/Act_rep_loss |             nan |
|                                   SAC/Alpha |             nan |
|                              SAC/LogPi_mean |             nan |
|                                 SAC/Q1_mean |             nan |
|                                 SAC/Q2_mean |             nan |
|                            Norm/actor_model |             nan |
|                           Norm/critic_model |             nan |
|              Norm/state_action_metric_model |             nan |
|                     Norm/state_metric_model |             nan |
|        Norm/state_action_state_metric_model |             nan |
|                  Metric/self_state_distance |             nan |
|                 Metric/cross_state_distance |             nan |
|           Metric/self_state_action_distance |             nan |
|          Metric/cross_state_action_distance |             nan |
|             Metric/avg_self_state_asymmetry |             nan |
|            Metric/avg_cross_state_asymmetry |             nan |
|                Metric/avg_self_sa_asymmetry |             nan |
|               Metric/avg_cross_sa_asymmetry |             nan |
|  Metric/self_state_action_to_state_distance |             nan |
| Metric/cross_state_action_to_state_distance |             nan |
|                   Metric/h_lambda_diff_self |             nan |
|                  Metric/h_lambda_diff_cross |             nan |
|                                 Eval/Return |             nan |
-----------------------------------------------------------------
WARNING:tensorboardX.x2num:NaN or Inf found in input tensor.
WARNING:tensorboardX.x2num:NaN or Inf found in input tensor.
WARNING:tensorboardX.x2num:NaN or Inf found in input tensor.
WARNING:tensorboardX.x2num:NaN or Inf found in input tensor.
WARNING:tensorboardX.x2num:NaN or Inf found in input tensor.
WARNING:tensorboardX.x2num:NaN or Inf found in input tensor.
WARNING:tensorboardX.x2num:NaN or Inf found in input tensor.
WARNING:tensorboardX.x2num:NaN or Inf found in input tensor.
WARNING:tensorboardX.x2num:NaN or Inf found in input tensor.
WARNING:tensorboardX.x2num:NaN or Inf found in input tensor.
WARNING:tensorboardX.x2num:NaN or Inf found in input tensor.
WARNING:tensorboardX.x2num:NaN or Inf found in input tensor.
WARNING:tensorboardX.x2num:NaN or Inf found in input tensor.
WARNING:tensorboardX.x2num:NaN or Inf found in input tensor.
WARNING:tensorboardX.x2num:NaN or Inf found in input tensor.
WARNING:tensorboardX.x2num:NaN or Inf found in input tensor.
WARNING:tensorboardX.x2num:NaN or Inf found in input tensor.
WARNING:tensorboardX.x2num:NaN or Inf found in input tensor.
WARNING:tensorboardX.x2num:NaN or Inf found in input tensor.
WARNING:tensorboardX.x2num:NaN or Inf found in input tensor.
WARNING:tensorboardX.x2num:NaN or Inf found in input tensor.
WARNING:tensorboardX.x2num:NaN or Inf found in input tensor.
WARNING:tensorboardX.x2num:NaN or Inf found in input tensor.
WARNING:tensorboardX.x2num:NaN or Inf found in input tensor.
WARNING:tensorboardX.x2num:NaN or Inf found in input tensor.
WARNING:tensorboardX.x2num:NaN or Inf found in input tensor.
WARNING:tensorboardX.x2num:NaN or Inf found in input tensor.
WARNING:tensorboardX.x2num:NaN or Inf found in input tensor.
WARNING:tensorboardX.x2num:NaN or Inf found in input tensor.
-----------------------------------------------------------------
|                                 Train/Steps |        3.08e+06 |
|                            Loss/Loss_critic |             nan |
|                             Loss/Loss_actor |             nan |
|                             Loss/Loss_alpha |             nan |
|               Loss/Loss_state_action_metric |             nan |
|                      Loss/Loss_state_metric |             nan |
|             Loss/Loss_state_action_to_state |             nan |
|                           Loss/Act_rep_loss |             nan |
|                                   SAC/Alpha |             nan |
|                              SAC/LogPi_mean |             nan |
|                                 SAC/Q1_mean |             nan |
|                                 SAC/Q2_mean |             nan |
|                            Norm/actor_model |             nan |
|                           Norm/critic_model |             nan |
|              Norm/state_action_metric_model |             nan |
|                     Norm/state_metric_model |             nan |
|        Norm/state_action_state_metric_model |             nan |
|                  Metric/self_state_distance |             nan |
|                 Metric/cross_state_distance |             nan |
|           Metric/self_state_action_distance |             nan |
|          Metric/cross_state_action_distance |             nan |
|             Metric/avg_self_state_asymmetry |             nan |
|            Metric/avg_cross_state_asymmetry |             nan |
|                Metric/avg_self_sa_asymmetry |             nan |
|               Metric/avg_cross_sa_asymmetry |             nan |
|  Metric/self_state_action_to_state_distance |             nan |
| Metric/cross_state_action_to_state_distance |             nan |
|                   Metric/h_lambda_diff_self |             nan |
|                  Metric/h_lambda_diff_cross |             nan |
|                                 Eval/Return |             nan |
-----------------------------------------------------------------
WARNING:tensorboardX.x2num:NaN or Inf found in input tensor.
WARNING:tensorboardX.x2num:NaN or Inf found in input tensor.
WARNING:tensorboardX.x2num:NaN or Inf found in input tensor.
WARNING:tensorboardX.x2num:NaN or Inf found in input tensor.
WARNING:tensorboardX.x2num:NaN or Inf found in input tensor.
WARNING:tensorboardX.x2num:NaN or Inf found in input tensor.
WARNING:tensorboardX.x2num:NaN or Inf found in input tensor.
WARNING:tensorboardX.x2num:NaN or Inf found in input tensor.
WARNING:tensorboardX.x2num:NaN or Inf found in input tensor.
WARNING:tensorboardX.x2num:NaN or Inf found in input tensor.
WARNING:tensorboardX.x2num:NaN or Inf found in input tensor.
WARNING:tensorboardX.x2num:NaN or Inf found in input tensor.
WARNING:tensorboardX.x2num:NaN or Inf found in input tensor.
WARNING:tensorboardX.x2num:NaN or Inf found in input tensor.
WARNING:tensorboardX.x2num:NaN or Inf found in input tensor.
WARNING:tensorboardX.x2num:NaN or Inf found in input tensor.
WARNING:tensorboardX.x2num:NaN or Inf found in input tensor.
WARNING:tensorboardX.x2num:NaN or Inf found in input tensor.
WARNING:tensorboardX.x2num:NaN or Inf found in input tensor.
WARNING:tensorboardX.x2num:NaN or Inf found in input tensor.
WARNING:tensorboardX.x2num:NaN or Inf found in input tensor.
WARNING:tensorboardX.x2num:NaN or Inf found in input tensor.
WARNING:tensorboardX.x2num:NaN or Inf found in input tensor.
WARNING:tensorboardX.x2num:NaN or Inf found in input tensor.
WARNING:tensorboardX.x2num:NaN or Inf found in input tensor.
WARNING:tensorboardX.x2num:NaN or Inf found in input tensor.
WARNING:tensorboardX.x2num:NaN or Inf found in input tensor.
WARNING:tensorboardX.x2num:NaN or Inf found in input tensor.
WARNING:tensorboardX.x2num:NaN or Inf found in input tensor.
[32mSaving model …[0m
[32mDone.[0m
[32mSaving model …[0m
[32mDone.[0m
-----------------------------------------------------------------
|                                 Train/Steps |        3.21e+06 |
|                            Loss/Loss_critic |             nan |
|                             Loss/Loss_actor |             nan |
|                             Loss/Loss_alpha |             nan |
|               Loss/Loss_state_action_metric |             nan |
|                      Loss/Loss_state_metric |             nan |
|             Loss/Loss_state_action_to_state |             nan |
|                           Loss/Act_rep_loss |             nan |
|                                   SAC/Alpha |             nan |
|                              SAC/LogPi_mean |             nan |
|                                 SAC/Q1_mean |             nan |
|                                 SAC/Q2_mean |             nan |
|                            Norm/actor_model |             nan |
|                           Norm/critic_model |             nan |
|              Norm/state_action_metric_model |             nan |
|                     Norm/state_metric_model |             nan |
|        Norm/state_action_state_metric_model |             nan |
|                  Metric/self_state_distance |             nan |
|                 Metric/cross_state_distance |             nan |
|           Metric/self_state_action_distance |             nan |
|          Metric/cross_state_action_distance |             nan |
|             Metric/avg_self_state_asymmetry |             nan |
|            Metric/avg_cross_state_asymmetry |             nan |
|                Metric/avg_self_sa_asymmetry |             nan |
|               Metric/avg_cross_sa_asymmetry |             nan |
|  Metric/self_state_action_to_state_distance |             nan |
| Metric/cross_state_action_to_state_distance |             nan |
|                   Metric/h_lambda_diff_self |             nan |
|                  Metric/h_lambda_diff_cross |             nan |
|                                 Eval/Return |             nan |
-----------------------------------------------------------------
WARNING:tensorboardX.x2num:NaN or Inf found in input tensor.
WARNING:tensorboardX.x2num:NaN or Inf found in input tensor.
WARNING:tensorboardX.x2num:NaN or Inf found in input tensor.
WARNING:tensorboardX.x2num:NaN or Inf found in input tensor.
WARNING:tensorboardX.x2num:NaN or Inf found in input tensor.
WARNING:tensorboardX.x2num:NaN or Inf found in input tensor.
WARNING:tensorboardX.x2num:NaN or Inf found in input tensor.
WARNING:tensorboardX.x2num:NaN or Inf found in input tensor.
WARNING:tensorboardX.x2num:NaN or Inf found in input tensor.
WARNING:tensorboardX.x2num:NaN or Inf found in input tensor.
WARNING:tensorboardX.x2num:NaN or Inf found in input tensor.
WARNING:tensorboardX.x2num:NaN or Inf found in input tensor.
WARNING:tensorboardX.x2num:NaN or Inf found in input tensor.
WARNING:tensorboardX.x2num:NaN or Inf found in input tensor.
WARNING:tensorboardX.x2num:NaN or Inf found in input tensor.
WARNING:tensorboardX.x2num:NaN or Inf found in input tensor.
WARNING:tensorboardX.x2num:NaN or Inf found in input tensor.
WARNING:tensorboardX.x2num:NaN or Inf found in input tensor.
WARNING:tensorboardX.x2num:NaN or Inf found in input tensor.
WARNING:tensorboardX.x2num:NaN or Inf found in input tensor.
WARNING:tensorboardX.x2num:NaN or Inf found in input tensor.
WARNING:tensorboardX.x2num:NaN or Inf found in input tensor.
WARNING:tensorboardX.x2num:NaN or Inf found in input tensor.
WARNING:tensorboardX.x2num:NaN or Inf found in input tensor.
WARNING:tensorboardX.x2num:NaN or Inf found in input tensor.
WARNING:tensorboardX.x2num:NaN or Inf found in input tensor.
WARNING:tensorboardX.x2num:NaN or Inf found in input tensor.
WARNING:tensorboardX.x2num:NaN or Inf found in input tensor.
WARNING:tensorboardX.x2num:NaN or Inf found in input tensor.
-----------------------------------------------------------------
|                                 Train/Steps |        3.34e+06 |
|                            Loss/Loss_critic |             nan |
|                             Loss/Loss_actor |             nan |
|                             Loss/Loss_alpha |             nan |
|               Loss/Loss_state_action_metric |             nan |
|                      Loss/Loss_state_metric |             nan |
|             Loss/Loss_state_action_to_state |             nan |
|                           Loss/Act_rep_loss |             nan |
|                                   SAC/Alpha |             nan |
|                              SAC/LogPi_mean |             nan |
|                                 SAC/Q1_mean |             nan |
|                                 SAC/Q2_mean |             nan |
|                            Norm/actor_model |             nan |
|                           Norm/critic_model |             nan |
|              Norm/state_action_metric_model |             nan |
|                     Norm/state_metric_model |             nan |
|        Norm/state_action_state_metric_model |             nan |
|                  Metric/self_state_distance |             nan |
|                 Metric/cross_state_distance |             nan |
|           Metric/self_state_action_distance |             nan |
|          Metric/cross_state_action_distance |             nan |
|             Metric/avg_self_state_asymmetry |             nan |
|            Metric/avg_cross_state_asymmetry |             nan |
|                Metric/avg_self_sa_asymmetry |             nan |
|               Metric/avg_cross_sa_asymmetry |             nan |
|  Metric/self_state_action_to_state_distance |             nan |
| Metric/cross_state_action_to_state_distance |             nan |
|                   Metric/h_lambda_diff_self |             nan |
|                  Metric/h_lambda_diff_cross |             nan |
|                                 Eval/Return |             nan |
-----------------------------------------------------------------
WARNING:tensorboardX.x2num:NaN or Inf found in input tensor.
WARNING:tensorboardX.x2num:NaN or Inf found in input tensor.
WARNING:tensorboardX.x2num:NaN or Inf found in input tensor.
WARNING:tensorboardX.x2num:NaN or Inf found in input tensor.
WARNING:tensorboardX.x2num:NaN or Inf found in input tensor.
WARNING:tensorboardX.x2num:NaN or Inf found in input tensor.
WARNING:tensorboardX.x2num:NaN or Inf found in input tensor.
WARNING:tensorboardX.x2num:NaN or Inf found in input tensor.
WARNING:tensorboardX.x2num:NaN or Inf found in input tensor.
WARNING:tensorboardX.x2num:NaN or Inf found in input tensor.
WARNING:tensorboardX.x2num:NaN or Inf found in input tensor.
WARNING:tensorboardX.x2num:NaN or Inf found in input tensor.
WARNING:tensorboardX.x2num:NaN or Inf found in input tensor.
WARNING:tensorboardX.x2num:NaN or Inf found in input tensor.
WARNING:tensorboardX.x2num:NaN or Inf found in input tensor.
WARNING:tensorboardX.x2num:NaN or Inf found in input tensor.
WARNING:tensorboardX.x2num:NaN or Inf found in input tensor.
WARNING:tensorboardX.x2num:NaN or Inf found in input tensor.
WARNING:tensorboardX.x2num:NaN or Inf found in input tensor.
WARNING:tensorboardX.x2num:NaN or Inf found in input tensor.
WARNING:tensorboardX.x2num:NaN or Inf found in input tensor.
WARNING:tensorboardX.x2num:NaN or Inf found in input tensor.
WARNING:tensorboardX.x2num:NaN or Inf found in input tensor.
WARNING:tensorboardX.x2num:NaN or Inf found in input tensor.
WARNING:tensorboardX.x2num:NaN or Inf found in input tensor.
WARNING:tensorboardX.x2num:NaN or Inf found in input tensor.
WARNING:tensorboardX.x2num:NaN or Inf found in input tensor.
WARNING:tensorboardX.x2num:NaN or Inf found in input tensor.
WARNING:tensorboardX.x2num:NaN or Inf found in input tensor.
-----------------------------------------------------------------
|                                 Train/Steps |        3.46e+06 |
|                            Loss/Loss_critic |             nan |
|                             Loss/Loss_actor |             nan |
|                             Loss/Loss_alpha |             nan |
|               Loss/Loss_state_action_metric |             nan |
|                      Loss/Loss_state_metric |             nan |
|             Loss/Loss_state_action_to_state |             nan |
|                           Loss/Act_rep_loss |             nan |
|                                   SAC/Alpha |             nan |
|                              SAC/LogPi_mean |             nan |
|                                 SAC/Q1_mean |             nan |
|                                 SAC/Q2_mean |             nan |
|                            Norm/actor_model |             nan |
|                           Norm/critic_model |             nan |
|              Norm/state_action_metric_model |             nan |
|                     Norm/state_metric_model |             nan |
|        Norm/state_action_state_metric_model |             nan |
|                  Metric/self_state_distance |             nan |
|                 Metric/cross_state_distance |             nan |
|           Metric/self_state_action_distance |             nan |
|          Metric/cross_state_action_distance |             nan |
|             Metric/avg_self_state_asymmetry |             nan |
|            Metric/avg_cross_state_asymmetry |             nan |
|                Metric/avg_self_sa_asymmetry |             nan |
|               Metric/avg_cross_sa_asymmetry |             nan |
|  Metric/self_state_action_to_state_distance |             nan |
| Metric/cross_state_action_to_state_distance |             nan |
|                   Metric/h_lambda_diff_self |             nan |
|                  Metric/h_lambda_diff_cross |             nan |
|                                 Eval/Return |             nan |
-----------------------------------------------------------------
WARNING:tensorboardX.x2num:NaN or Inf found in input tensor.
WARNING:tensorboardX.x2num:NaN or Inf found in input tensor.
WARNING:tensorboardX.x2num:NaN or Inf found in input tensor.
WARNING:tensorboardX.x2num:NaN or Inf found in input tensor.
WARNING:tensorboardX.x2num:NaN or Inf found in input tensor.
WARNING:tensorboardX.x2num:NaN or Inf found in input tensor.
WARNING:tensorboardX.x2num:NaN or Inf found in input tensor.
WARNING:tensorboardX.x2num:NaN or Inf found in input tensor.
WARNING:tensorboardX.x2num:NaN or Inf found in input tensor.
WARNING:tensorboardX.x2num:NaN or Inf found in input tensor.
WARNING:tensorboardX.x2num:NaN or Inf found in input tensor.
WARNING:tensorboardX.x2num:NaN or Inf found in input tensor.
WARNING:tensorboardX.x2num:NaN or Inf found in input tensor.
WARNING:tensorboardX.x2num:NaN or Inf found in input tensor.
WARNING:tensorboardX.x2num:NaN or Inf found in input tensor.
WARNING:tensorboardX.x2num:NaN or Inf found in input tensor.
WARNING:tensorboardX.x2num:NaN or Inf found in input tensor.
WARNING:tensorboardX.x2num:NaN or Inf found in input tensor.
WARNING:tensorboardX.x2num:NaN or Inf found in input tensor.
WARNING:tensorboardX.x2num:NaN or Inf found in input tensor.
WARNING:tensorboardX.x2num:NaN or Inf found in input tensor.
WARNING:tensorboardX.x2num:NaN or Inf found in input tensor.
WARNING:tensorboardX.x2num:NaN or Inf found in input tensor.
WARNING:tensorboardX.x2num:NaN or Inf found in input tensor.
WARNING:tensorboardX.x2num:NaN or Inf found in input tensor.
WARNING:tensorboardX.x2num:NaN or Inf found in input tensor.
WARNING:tensorboardX.x2num:NaN or Inf found in input tensor.
WARNING:tensorboardX.x2num:NaN or Inf found in input tensor.
WARNING:tensorboardX.x2num:NaN or Inf found in input tensor.
-----------------------------------------------------------------
|                                 Train/Steps |        3.59e+06 |
|                            Loss/Loss_critic |             nan |
|                             Loss/Loss_actor |             nan |
|                             Loss/Loss_alpha |             nan |
|               Loss/Loss_state_action_metric |             nan |
|                      Loss/Loss_state_metric |             nan |
|             Loss/Loss_state_action_to_state |             nan |
|                           Loss/Act_rep_loss |             nan |
|                                   SAC/Alpha |             nan |
|                              SAC/LogPi_mean |             nan |
|                                 SAC/Q1_mean |             nan |
|                                 SAC/Q2_mean |             nan |
|                            Norm/actor_model |             nan |
|                           Norm/critic_model |             nan |
|              Norm/state_action_metric_model |             nan |
|                     Norm/state_metric_model |             nan |
|        Norm/state_action_state_metric_model |             nan |
|                  Metric/self_state_distance |             nan |
|                 Metric/cross_state_distance |             nan |
|           Metric/self_state_action_distance |             nan |
|          Metric/cross_state_action_distance |             nan |
|             Metric/avg_self_state_asymmetry |             nan |
|            Metric/avg_cross_state_asymmetry |             nan |
|                Metric/avg_self_sa_asymmetry |             nan |
|               Metric/avg_cross_sa_asymmetry |             nan |
|  Metric/self_state_action_to_state_distance |             nan |
| Metric/cross_state_action_to_state_distance |             nan |
|                   Metric/h_lambda_diff_self |             nan |
|                  Metric/h_lambda_diff_cross |             nan |
|                                 Eval/Return |             nan |
-----------------------------------------------------------------
WARNING:tensorboardX.x2num:NaN or Inf found in input tensor.
WARNING:tensorboardX.x2num:NaN or Inf found in input tensor.
WARNING:tensorboardX.x2num:NaN or Inf found in input tensor.
WARNING:tensorboardX.x2num:NaN or Inf found in input tensor.
WARNING:tensorboardX.x2num:NaN or Inf found in input tensor.
WARNING:tensorboardX.x2num:NaN or Inf found in input tensor.
WARNING:tensorboardX.x2num:NaN or Inf found in input tensor.
WARNING:tensorboardX.x2num:NaN or Inf found in input tensor.
WARNING:tensorboardX.x2num:NaN or Inf found in input tensor.
WARNING:tensorboardX.x2num:NaN or Inf found in input tensor.
WARNING:tensorboardX.x2num:NaN or Inf found in input tensor.
WARNING:tensorboardX.x2num:NaN or Inf found in input tensor.
WARNING:tensorboardX.x2num:NaN or Inf found in input tensor.
WARNING:tensorboardX.x2num:NaN or Inf found in input tensor.
WARNING:tensorboardX.x2num:NaN or Inf found in input tensor.
WARNING:tensorboardX.x2num:NaN or Inf found in input tensor.
WARNING:tensorboardX.x2num:NaN or Inf found in input tensor.
WARNING:tensorboardX.x2num:NaN or Inf found in input tensor.
WARNING:tensorboardX.x2num:NaN or Inf found in input tensor.
WARNING:tensorboardX.x2num:NaN or Inf found in input tensor.
WARNING:tensorboardX.x2num:NaN or Inf found in input tensor.
WARNING:tensorboardX.x2num:NaN or Inf found in input tensor.
WARNING:tensorboardX.x2num:NaN or Inf found in input tensor.
WARNING:tensorboardX.x2num:NaN or Inf found in input tensor.
WARNING:tensorboardX.x2num:NaN or Inf found in input tensor.
WARNING:tensorboardX.x2num:NaN or Inf found in input tensor.
WARNING:tensorboardX.x2num:NaN or Inf found in input tensor.
WARNING:tensorboardX.x2num:NaN or Inf found in input tensor.
WARNING:tensorboardX.x2num:NaN or Inf found in input tensor.
-----------------------------------------------------------------
|                                 Train/Steps |        3.72e+06 |
|                            Loss/Loss_critic |             nan |
|                             Loss/Loss_actor |             nan |
|                             Loss/Loss_alpha |             nan |
|               Loss/Loss_state_action_metric |             nan |
|                      Loss/Loss_state_metric |             nan |
|             Loss/Loss_state_action_to_state |             nan |
|                           Loss/Act_rep_loss |             nan |
|                                   SAC/Alpha |             nan |
|                              SAC/LogPi_mean |             nan |
|                                 SAC/Q1_mean |             nan |
|                                 SAC/Q2_mean |             nan |
|                            Norm/actor_model |             nan |
|                           Norm/critic_model |             nan |
|              Norm/state_action_metric_model |             nan |
|                     Norm/state_metric_model |             nan |
|        Norm/state_action_state_metric_model |             nan |
|                  Metric/self_state_distance |             nan |
|                 Metric/cross_state_distance |             nan |
|           Metric/self_state_action_distance |             nan |
|          Metric/cross_state_action_distance |             nan |
|             Metric/avg_self_state_asymmetry |             nan |
|            Metric/avg_cross_state_asymmetry |             nan |
|                Metric/avg_self_sa_asymmetry |             nan |
|               Metric/avg_cross_sa_asymmetry |             nan |
|  Metric/self_state_action_to_state_distance |             nan |
| Metric/cross_state_action_to_state_distance |             nan |
|                   Metric/h_lambda_diff_self |             nan |
|                  Metric/h_lambda_diff_cross |             nan |
|                                 Eval/Return |             nan |
-----------------------------------------------------------------
WARNING:tensorboardX.x2num:NaN or Inf found in input tensor.
WARNING:tensorboardX.x2num:NaN or Inf found in input tensor.
WARNING:tensorboardX.x2num:NaN or Inf found in input tensor.
WARNING:tensorboardX.x2num:NaN or Inf found in input tensor.
WARNING:tensorboardX.x2num:NaN or Inf found in input tensor.
WARNING:tensorboardX.x2num:NaN or Inf found in input tensor.
WARNING:tensorboardX.x2num:NaN or Inf found in input tensor.
WARNING:tensorboardX.x2num:NaN or Inf found in input tensor.
WARNING:tensorboardX.x2num:NaN or Inf found in input tensor.
WARNING:tensorboardX.x2num:NaN or Inf found in input tensor.
WARNING:tensorboardX.x2num:NaN or Inf found in input tensor.
WARNING:tensorboardX.x2num:NaN or Inf found in input tensor.
WARNING:tensorboardX.x2num:NaN or Inf found in input tensor.
WARNING:tensorboardX.x2num:NaN or Inf found in input tensor.
WARNING:tensorboardX.x2num:NaN or Inf found in input tensor.
WARNING:tensorboardX.x2num:NaN or Inf found in input tensor.
WARNING:tensorboardX.x2num:NaN or Inf found in input tensor.
WARNING:tensorboardX.x2num:NaN or Inf found in input tensor.
WARNING:tensorboardX.x2num:NaN or Inf found in input tensor.
WARNING:tensorboardX.x2num:NaN or Inf found in input tensor.
WARNING:tensorboardX.x2num:NaN or Inf found in input tensor.
WARNING:tensorboardX.x2num:NaN or Inf found in input tensor.
WARNING:tensorboardX.x2num:NaN or Inf found in input tensor.
WARNING:tensorboardX.x2num:NaN or Inf found in input tensor.
WARNING:tensorboardX.x2num:NaN or Inf found in input tensor.
WARNING:tensorboardX.x2num:NaN or Inf found in input tensor.
WARNING:tensorboardX.x2num:NaN or Inf found in input tensor.
WARNING:tensorboardX.x2num:NaN or Inf found in input tensor.
WARNING:tensorboardX.x2num:NaN or Inf found in input tensor.
-----------------------------------------------------------------
|                                 Train/Steps |        3.85e+06 |
|                            Loss/Loss_critic |             nan |
|                             Loss/Loss_actor |             nan |
|                             Loss/Loss_alpha |             nan |
|               Loss/Loss_state_action_metric |             nan |
|                      Loss/Loss_state_metric |             nan |
|             Loss/Loss_state_action_to_state |             nan |
|                           Loss/Act_rep_loss |             nan |
|                                   SAC/Alpha |             nan |
|                              SAC/LogPi_mean |             nan |
|                                 SAC/Q1_mean |             nan |
|                                 SAC/Q2_mean |             nan |
|                            Norm/actor_model |             nan |
|                           Norm/critic_model |             nan |
|              Norm/state_action_metric_model |             nan |
|                     Norm/state_metric_model |             nan |
|        Norm/state_action_state_metric_model |             nan |
|                  Metric/self_state_distance |             nan |
|                 Metric/cross_state_distance |             nan |
|           Metric/self_state_action_distance |             nan |
|          Metric/cross_state_action_distance |             nan |
|             Metric/avg_self_state_asymmetry |             nan |
|            Metric/avg_cross_state_asymmetry |             nan |
|                Metric/avg_self_sa_asymmetry |             nan |
|               Metric/avg_cross_sa_asymmetry |             nan |
|  Metric/self_state_action_to_state_distance |             nan |
| Metric/cross_state_action_to_state_distance |             nan |
|                   Metric/h_lambda_diff_self |             nan |
|                  Metric/h_lambda_diff_cross |             nan |
|                                 Eval/Return |             nan |
-----------------------------------------------------------------
WARNING:tensorboardX.x2num:NaN or Inf found in input tensor.
WARNING:tensorboardX.x2num:NaN or Inf found in input tensor.
WARNING:tensorboardX.x2num:NaN or Inf found in input tensor.
WARNING:tensorboardX.x2num:NaN or Inf found in input tensor.
WARNING:tensorboardX.x2num:NaN or Inf found in input tensor.
WARNING:tensorboardX.x2num:NaN or Inf found in input tensor.
WARNING:tensorboardX.x2num:NaN or Inf found in input tensor.
WARNING:tensorboardX.x2num:NaN or Inf found in input tensor.
WARNING:tensorboardX.x2num:NaN or Inf found in input tensor.
WARNING:tensorboardX.x2num:NaN or Inf found in input tensor.
WARNING:tensorboardX.x2num:NaN or Inf found in input tensor.
WARNING:tensorboardX.x2num:NaN or Inf found in input tensor.
WARNING:tensorboardX.x2num:NaN or Inf found in input tensor.
WARNING:tensorboardX.x2num:NaN or Inf found in input tensor.
WARNING:tensorboardX.x2num:NaN or Inf found in input tensor.
WARNING:tensorboardX.x2num:NaN or Inf found in input tensor.
WARNING:tensorboardX.x2num:NaN or Inf found in input tensor.
WARNING:tensorboardX.x2num:NaN or Inf found in input tensor.
WARNING:tensorboardX.x2num:NaN or Inf found in input tensor.
WARNING:tensorboardX.x2num:NaN or Inf found in input tensor.
WARNING:tensorboardX.x2num:NaN or Inf found in input tensor.
WARNING:tensorboardX.x2num:NaN or Inf found in input tensor.
WARNING:tensorboardX.x2num:NaN or Inf found in input tensor.
WARNING:tensorboardX.x2num:NaN or Inf found in input tensor.
WARNING:tensorboardX.x2num:NaN or Inf found in input tensor.
WARNING:tensorboardX.x2num:NaN or Inf found in input tensor.
WARNING:tensorboardX.x2num:NaN or Inf found in input tensor.
WARNING:tensorboardX.x2num:NaN or Inf found in input tensor.
WARNING:tensorboardX.x2num:NaN or Inf found in input tensor.
-----------------------------------------------------------------
|                                 Train/Steps |        3.98e+06 |
|                            Loss/Loss_critic |             nan |
|                             Loss/Loss_actor |             nan |
|                             Loss/Loss_alpha |             nan |
|               Loss/Loss_state_action_metric |             nan |
|                      Loss/Loss_state_metric |             nan |
|             Loss/Loss_state_action_to_state |             nan |
|                           Loss/Act_rep_loss |             nan |
|                                   SAC/Alpha |             nan |
|                              SAC/LogPi_mean |             nan |
|                                 SAC/Q1_mean |             nan |
|                                 SAC/Q2_mean |             nan |
|                            Norm/actor_model |             nan |
|                           Norm/critic_model |             nan |
|              Norm/state_action_metric_model |             nan |
|                     Norm/state_metric_model |             nan |
|        Norm/state_action_state_metric_model |             nan |
|                  Metric/self_state_distance |             nan |
|                 Metric/cross_state_distance |             nan |
|           Metric/self_state_action_distance |             nan |
|          Metric/cross_state_action_distance |             nan |
|             Metric/avg_self_state_asymmetry |             nan |
|            Metric/avg_cross_state_asymmetry |             nan |
|                Metric/avg_self_sa_asymmetry |             nan |
|               Metric/avg_cross_sa_asymmetry |             nan |
|  Metric/self_state_action_to_state_distance |             nan |
| Metric/cross_state_action_to_state_distance |             nan |
|                   Metric/h_lambda_diff_self |             nan |
|                  Metric/h_lambda_diff_cross |             nan |
|                                 Eval/Return |             nan |
-----------------------------------------------------------------
WARNING:tensorboardX.x2num:NaN or Inf found in input tensor.
WARNING:tensorboardX.x2num:NaN or Inf found in input tensor.
WARNING:tensorboardX.x2num:NaN or Inf found in input tensor.
WARNING:tensorboardX.x2num:NaN or Inf found in input tensor.
WARNING:tensorboardX.x2num:NaN or Inf found in input tensor.
WARNING:tensorboardX.x2num:NaN or Inf found in input tensor.
WARNING:tensorboardX.x2num:NaN or Inf found in input tensor.
WARNING:tensorboardX.x2num:NaN or Inf found in input tensor.
WARNING:tensorboardX.x2num:NaN or Inf found in input tensor.
WARNING:tensorboardX.x2num:NaN or Inf found in input tensor.
WARNING:tensorboardX.x2num:NaN or Inf found in input tensor.
WARNING:tensorboardX.x2num:NaN or Inf found in input tensor.
WARNING:tensorboardX.x2num:NaN or Inf found in input tensor.
WARNING:tensorboardX.x2num:NaN or Inf found in input tensor.
WARNING:tensorboardX.x2num:NaN or Inf found in input tensor.
WARNING:tensorboardX.x2num:NaN or Inf found in input tensor.
WARNING:tensorboardX.x2num:NaN or Inf found in input tensor.
WARNING:tensorboardX.x2num:NaN or Inf found in input tensor.
WARNING:tensorboardX.x2num:NaN or Inf found in input tensor.
WARNING:tensorboardX.x2num:NaN or Inf found in input tensor.
WARNING:tensorboardX.x2num:NaN or Inf found in input tensor.
WARNING:tensorboardX.x2num:NaN or Inf found in input tensor.
WARNING:tensorboardX.x2num:NaN or Inf found in input tensor.
WARNING:tensorboardX.x2num:NaN or Inf found in input tensor.
WARNING:tensorboardX.x2num:NaN or Inf found in input tensor.
WARNING:tensorboardX.x2num:NaN or Inf found in input tensor.
WARNING:tensorboardX.x2num:NaN or Inf found in input tensor.
WARNING:tensorboardX.x2num:NaN or Inf found in input tensor.
WARNING:tensorboardX.x2num:NaN or Inf found in input tensor.
-----------------------------------------------------------------
|                                 Train/Steps |         4.1e+06 |
|                            Loss/Loss_critic |             nan |
|                             Loss/Loss_actor |             nan |
|                             Loss/Loss_alpha |             nan |
|               Loss/Loss_state_action_metric |             nan |
|                      Loss/Loss_state_metric |             nan |
|             Loss/Loss_state_action_to_state |             nan |
|                           Loss/Act_rep_loss |             nan |
|                                   SAC/Alpha |             nan |
|                              SAC/LogPi_mean |             nan |
|                                 SAC/Q1_mean |             nan |
|                                 SAC/Q2_mean |             nan |
|                            Norm/actor_model |             nan |
|                           Norm/critic_model |             nan |
|              Norm/state_action_metric_model |             nan |
|                     Norm/state_metric_model |             nan |
|        Norm/state_action_state_metric_model |             nan |
|                  Metric/self_state_distance |             nan |
|                 Metric/cross_state_distance |             nan |
|           Metric/self_state_action_distance |             nan |
|          Metric/cross_state_action_distance |             nan |
|             Metric/avg_self_state_asymmetry |             nan |
|            Metric/avg_cross_state_asymmetry |             nan |
|                Metric/avg_self_sa_asymmetry |             nan |
|               Metric/avg_cross_sa_asymmetry |             nan |
|  Metric/self_state_action_to_state_distance |             nan |
| Metric/cross_state_action_to_state_distance |             nan |
|                   Metric/h_lambda_diff_self |             nan |
|                  Metric/h_lambda_diff_cross |             nan |
|                                 Eval/Return |             nan |
-----------------------------------------------------------------
WARNING:tensorboardX.x2num:NaN or Inf found in input tensor.
WARNING:tensorboardX.x2num:NaN or Inf found in input tensor.
WARNING:tensorboardX.x2num:NaN or Inf found in input tensor.
WARNING:tensorboardX.x2num:NaN or Inf found in input tensor.
WARNING:tensorboardX.x2num:NaN or Inf found in input tensor.
WARNING:tensorboardX.x2num:NaN or Inf found in input tensor.
WARNING:tensorboardX.x2num:NaN or Inf found in input tensor.
WARNING:tensorboardX.x2num:NaN or Inf found in input tensor.
WARNING:tensorboardX.x2num:NaN or Inf found in input tensor.
WARNING:tensorboardX.x2num:NaN or Inf found in input tensor.
WARNING:tensorboardX.x2num:NaN or Inf found in input tensor.
WARNING:tensorboardX.x2num:NaN or Inf found in input tensor.
WARNING:tensorboardX.x2num:NaN or Inf found in input tensor.
WARNING:tensorboardX.x2num:NaN or Inf found in input tensor.
WARNING:tensorboardX.x2num:NaN or Inf found in input tensor.
WARNING:tensorboardX.x2num:NaN or Inf found in input tensor.
WARNING:tensorboardX.x2num:NaN or Inf found in input tensor.
WARNING:tensorboardX.x2num:NaN or Inf found in input tensor.
WARNING:tensorboardX.x2num:NaN or Inf found in input tensor.
WARNING:tensorboardX.x2num:NaN or Inf found in input tensor.
WARNING:tensorboardX.x2num:NaN or Inf found in input tensor.
WARNING:tensorboardX.x2num:NaN or Inf found in input tensor.
WARNING:tensorboardX.x2num:NaN or Inf found in input tensor.
WARNING:tensorboardX.x2num:NaN or Inf found in input tensor.
WARNING:tensorboardX.x2num:NaN or Inf found in input tensor.
WARNING:tensorboardX.x2num:NaN or Inf found in input tensor.
WARNING:tensorboardX.x2num:NaN or Inf found in input tensor.
WARNING:tensorboardX.x2num:NaN or Inf found in input tensor.
WARNING:tensorboardX.x2num:NaN or Inf found in input tensor.
[32mSaving model …[0m
[32mDone.[0m
[32mSaving model …[0m
[32mDone.[0m
-----------------------------------------------------------------
|                                 Train/Steps |        4.23e+06 |
|                            Loss/Loss_critic |             nan |
|                             Loss/Loss_actor |             nan |
|                             Loss/Loss_alpha |             nan |
|               Loss/Loss_state_action_metric |             nan |
|                      Loss/Loss_state_metric |             nan |
|             Loss/Loss_state_action_to_state |             nan |
|                           Loss/Act_rep_loss |             nan |
|                                   SAC/Alpha |             nan |
|                              SAC/LogPi_mean |             nan |
|                                 SAC/Q1_mean |             nan |
|                                 SAC/Q2_mean |             nan |
|                            Norm/actor_model |             nan |
|                           Norm/critic_model |             nan |
|              Norm/state_action_metric_model |             nan |
|                     Norm/state_metric_model |             nan |
|        Norm/state_action_state_metric_model |             nan |
|                  Metric/self_state_distance |             nan |
|                 Metric/cross_state_distance |             nan |
|           Metric/self_state_action_distance |             nan |
|          Metric/cross_state_action_distance |             nan |
|             Metric/avg_self_state_asymmetry |             nan |
|            Metric/avg_cross_state_asymmetry |             nan |
|                Metric/avg_self_sa_asymmetry |             nan |
|               Metric/avg_cross_sa_asymmetry |             nan |
|  Metric/self_state_action_to_state_distance |             nan |
| Metric/cross_state_action_to_state_distance |             nan |
|                   Metric/h_lambda_diff_self |             nan |
|                  Metric/h_lambda_diff_cross |             nan |
|                                 Eval/Return |             nan |
-----------------------------------------------------------------
WARNING:tensorboardX.x2num:NaN or Inf found in input tensor.
WARNING:tensorboardX.x2num:NaN or Inf found in input tensor.
WARNING:tensorboardX.x2num:NaN or Inf found in input tensor.
WARNING:tensorboardX.x2num:NaN or Inf found in input tensor.
WARNING:tensorboardX.x2num:NaN or Inf found in input tensor.
WARNING:tensorboardX.x2num:NaN or Inf found in input tensor.
WARNING:tensorboardX.x2num:NaN or Inf found in input tensor.
WARNING:tensorboardX.x2num:NaN or Inf found in input tensor.
WARNING:tensorboardX.x2num:NaN or Inf found in input tensor.
WARNING:tensorboardX.x2num:NaN or Inf found in input tensor.
WARNING:tensorboardX.x2num:NaN or Inf found in input tensor.
WARNING:tensorboardX.x2num:NaN or Inf found in input tensor.
WARNING:tensorboardX.x2num:NaN or Inf found in input tensor.
WARNING:tensorboardX.x2num:NaN or Inf found in input tensor.
WARNING:tensorboardX.x2num:NaN or Inf found in input tensor.
WARNING:tensorboardX.x2num:NaN or Inf found in input tensor.
WARNING:tensorboardX.x2num:NaN or Inf found in input tensor.
WARNING:tensorboardX.x2num:NaN or Inf found in input tensor.
WARNING:tensorboardX.x2num:NaN or Inf found in input tensor.
WARNING:tensorboardX.x2num:NaN or Inf found in input tensor.
WARNING:tensorboardX.x2num:NaN or Inf found in input tensor.
WARNING:tensorboardX.x2num:NaN or Inf found in input tensor.
WARNING:tensorboardX.x2num:NaN or Inf found in input tensor.
WARNING:tensorboardX.x2num:NaN or Inf found in input tensor.
WARNING:tensorboardX.x2num:NaN or Inf found in input tensor.
WARNING:tensorboardX.x2num:NaN or Inf found in input tensor.
WARNING:tensorboardX.x2num:NaN or Inf found in input tensor.
WARNING:tensorboardX.x2num:NaN or Inf found in input tensor.
WARNING:tensorboardX.x2num:NaN or Inf found in input tensor.
-----------------------------------------------------------------
|                                 Train/Steps |        4.36e+06 |
|                            Loss/Loss_critic |             nan |
|                             Loss/Loss_actor |             nan |
|                             Loss/Loss_alpha |             nan |
|               Loss/Loss_state_action_metric |             nan |
|                      Loss/Loss_state_metric |             nan |
|             Loss/Loss_state_action_to_state |             nan |
|                           Loss/Act_rep_loss |             nan |
|                                   SAC/Alpha |             nan |
|                              SAC/LogPi_mean |             nan |
|                                 SAC/Q1_mean |             nan |
|                                 SAC/Q2_mean |             nan |
|                            Norm/actor_model |             nan |
|                           Norm/critic_model |             nan |
|              Norm/state_action_metric_model |             nan |
|                     Norm/state_metric_model |             nan |
|        Norm/state_action_state_metric_model |             nan |
|                  Metric/self_state_distance |             nan |
|                 Metric/cross_state_distance |             nan |
|           Metric/self_state_action_distance |             nan |
|          Metric/cross_state_action_distance |             nan |
|             Metric/avg_self_state_asymmetry |             nan |
|            Metric/avg_cross_state_asymmetry |             nan |
|                Metric/avg_self_sa_asymmetry |             nan |
|               Metric/avg_cross_sa_asymmetry |             nan |
|  Metric/self_state_action_to_state_distance |             nan |
| Metric/cross_state_action_to_state_distance |             nan |
|                   Metric/h_lambda_diff_self |             nan |
|                  Metric/h_lambda_diff_cross |             nan |
|                                 Eval/Return |             nan |
-----------------------------------------------------------------
WARNING:tensorboardX.x2num:NaN or Inf found in input tensor.
WARNING:tensorboardX.x2num:NaN or Inf found in input tensor.
WARNING:tensorboardX.x2num:NaN or Inf found in input tensor.
WARNING:tensorboardX.x2num:NaN or Inf found in input tensor.
WARNING:tensorboardX.x2num:NaN or Inf found in input tensor.
WARNING:tensorboardX.x2num:NaN or Inf found in input tensor.
WARNING:tensorboardX.x2num:NaN or Inf found in input tensor.
WARNING:tensorboardX.x2num:NaN or Inf found in input tensor.
WARNING:tensorboardX.x2num:NaN or Inf found in input tensor.
WARNING:tensorboardX.x2num:NaN or Inf found in input tensor.
WARNING:tensorboardX.x2num:NaN or Inf found in input tensor.
WARNING:tensorboardX.x2num:NaN or Inf found in input tensor.
WARNING:tensorboardX.x2num:NaN or Inf found in input tensor.
WARNING:tensorboardX.x2num:NaN or Inf found in input tensor.
WARNING:tensorboardX.x2num:NaN or Inf found in input tensor.
WARNING:tensorboardX.x2num:NaN or Inf found in input tensor.
WARNING:tensorboardX.x2num:NaN or Inf found in input tensor.
WARNING:tensorboardX.x2num:NaN or Inf found in input tensor.
WARNING:tensorboardX.x2num:NaN or Inf found in input tensor.
WARNING:tensorboardX.x2num:NaN or Inf found in input tensor.
WARNING:tensorboardX.x2num:NaN or Inf found in input tensor.
WARNING:tensorboardX.x2num:NaN or Inf found in input tensor.
WARNING:tensorboardX.x2num:NaN or Inf found in input tensor.
WARNING:tensorboardX.x2num:NaN or Inf found in input tensor.
WARNING:tensorboardX.x2num:NaN or Inf found in input tensor.
WARNING:tensorboardX.x2num:NaN or Inf found in input tensor.
WARNING:tensorboardX.x2num:NaN or Inf found in input tensor.
WARNING:tensorboardX.x2num:NaN or Inf found in input tensor.
WARNING:tensorboardX.x2num:NaN or Inf found in input tensor.
-----------------------------------------------------------------
|                                 Train/Steps |        4.49e+06 |
|                            Loss/Loss_critic |             nan |
|                             Loss/Loss_actor |             nan |
|                             Loss/Loss_alpha |             nan |
|               Loss/Loss_state_action_metric |             nan |
|                      Loss/Loss_state_metric |             nan |
|             Loss/Loss_state_action_to_state |             nan |
|                           Loss/Act_rep_loss |             nan |
|                                   SAC/Alpha |             nan |
|                              SAC/LogPi_mean |             nan |
|                                 SAC/Q1_mean |             nan |
|                                 SAC/Q2_mean |             nan |
|                            Norm/actor_model |             nan |
|                           Norm/critic_model |             nan |
|              Norm/state_action_metric_model |             nan |
|                     Norm/state_metric_model |             nan |
|        Norm/state_action_state_metric_model |             nan |
|                  Metric/self_state_distance |             nan |
|                 Metric/cross_state_distance |             nan |
|           Metric/self_state_action_distance |             nan |
|          Metric/cross_state_action_distance |             nan |
|             Metric/avg_self_state_asymmetry |             nan |
|            Metric/avg_cross_state_asymmetry |             nan |
|                Metric/avg_self_sa_asymmetry |             nan |
|               Metric/avg_cross_sa_asymmetry |             nan |
|  Metric/self_state_action_to_state_distance |             nan |
| Metric/cross_state_action_to_state_distance |             nan |
|                   Metric/h_lambda_diff_self |             nan |
|                  Metric/h_lambda_diff_cross |             nan |
|                                 Eval/Return |             nan |
-----------------------------------------------------------------
WARNING:tensorboardX.x2num:NaN or Inf found in input tensor.
WARNING:tensorboardX.x2num:NaN or Inf found in input tensor.
WARNING:tensorboardX.x2num:NaN or Inf found in input tensor.
WARNING:tensorboardX.x2num:NaN or Inf found in input tensor.
WARNING:tensorboardX.x2num:NaN or Inf found in input tensor.
WARNING:tensorboardX.x2num:NaN or Inf found in input tensor.
WARNING:tensorboardX.x2num:NaN or Inf found in input tensor.
WARNING:tensorboardX.x2num:NaN or Inf found in input tensor.
WARNING:tensorboardX.x2num:NaN or Inf found in input tensor.
WARNING:tensorboardX.x2num:NaN or Inf found in input tensor.
WARNING:tensorboardX.x2num:NaN or Inf found in input tensor.
WARNING:tensorboardX.x2num:NaN or Inf found in input tensor.
WARNING:tensorboardX.x2num:NaN or Inf found in input tensor.
WARNING:tensorboardX.x2num:NaN or Inf found in input tensor.
WARNING:tensorboardX.x2num:NaN or Inf found in input tensor.
WARNING:tensorboardX.x2num:NaN or Inf found in input tensor.
WARNING:tensorboardX.x2num:NaN or Inf found in input tensor.
WARNING:tensorboardX.x2num:NaN or Inf found in input tensor.
WARNING:tensorboardX.x2num:NaN or Inf found in input tensor.
WARNING:tensorboardX.x2num:NaN or Inf found in input tensor.
WARNING:tensorboardX.x2num:NaN or Inf found in input tensor.
WARNING:tensorboardX.x2num:NaN or Inf found in input tensor.
WARNING:tensorboardX.x2num:NaN or Inf found in input tensor.
WARNING:tensorboardX.x2num:NaN or Inf found in input tensor.
WARNING:tensorboardX.x2num:NaN or Inf found in input tensor.
WARNING:tensorboardX.x2num:NaN or Inf found in input tensor.
WARNING:tensorboardX.x2num:NaN or Inf found in input tensor.
WARNING:tensorboardX.x2num:NaN or Inf found in input tensor.
WARNING:tensorboardX.x2num:NaN or Inf found in input tensor.
-----------------------------------------------------------------
|                                 Train/Steps |        4.62e+06 |
|                            Loss/Loss_critic |             nan |
|                             Loss/Loss_actor |             nan |
|                             Loss/Loss_alpha |             nan |
|               Loss/Loss_state_action_metric |             nan |
|                      Loss/Loss_state_metric |             nan |
|             Loss/Loss_state_action_to_state |             nan |
|                           Loss/Act_rep_loss |             nan |
|                                   SAC/Alpha |             nan |
|                              SAC/LogPi_mean |             nan |
|                                 SAC/Q1_mean |             nan |
|                                 SAC/Q2_mean |             nan |
|                            Norm/actor_model |             nan |
|                           Norm/critic_model |             nan |
|              Norm/state_action_metric_model |             nan |
|                     Norm/state_metric_model |             nan |
|        Norm/state_action_state_metric_model |             nan |
|                  Metric/self_state_distance |             nan |
|                 Metric/cross_state_distance |             nan |
|           Metric/self_state_action_distance |             nan |
|          Metric/cross_state_action_distance |             nan |
|             Metric/avg_self_state_asymmetry |             nan |
|            Metric/avg_cross_state_asymmetry |             nan |
|                Metric/avg_self_sa_asymmetry |             nan |
|               Metric/avg_cross_sa_asymmetry |             nan |
|  Metric/self_state_action_to_state_distance |             nan |
| Metric/cross_state_action_to_state_distance |             nan |
|                   Metric/h_lambda_diff_self |             nan |
|                  Metric/h_lambda_diff_cross |             nan |
|                                 Eval/Return |             nan |
-----------------------------------------------------------------
WARNING:tensorboardX.x2num:NaN or Inf found in input tensor.
WARNING:tensorboardX.x2num:NaN or Inf found in input tensor.
WARNING:tensorboardX.x2num:NaN or Inf found in input tensor.
WARNING:tensorboardX.x2num:NaN or Inf found in input tensor.
WARNING:tensorboardX.x2num:NaN or Inf found in input tensor.
WARNING:tensorboardX.x2num:NaN or Inf found in input tensor.
WARNING:tensorboardX.x2num:NaN or Inf found in input tensor.
WARNING:tensorboardX.x2num:NaN or Inf found in input tensor.
WARNING:tensorboardX.x2num:NaN or Inf found in input tensor.
WARNING:tensorboardX.x2num:NaN or Inf found in input tensor.
WARNING:tensorboardX.x2num:NaN or Inf found in input tensor.
WARNING:tensorboardX.x2num:NaN or Inf found in input tensor.
WARNING:tensorboardX.x2num:NaN or Inf found in input tensor.
WARNING:tensorboardX.x2num:NaN or Inf found in input tensor.
WARNING:tensorboardX.x2num:NaN or Inf found in input tensor.
WARNING:tensorboardX.x2num:NaN or Inf found in input tensor.
WARNING:tensorboardX.x2num:NaN or Inf found in input tensor.
WARNING:tensorboardX.x2num:NaN or Inf found in input tensor.
WARNING:tensorboardX.x2num:NaN or Inf found in input tensor.
WARNING:tensorboardX.x2num:NaN or Inf found in input tensor.
WARNING:tensorboardX.x2num:NaN or Inf found in input tensor.
WARNING:tensorboardX.x2num:NaN or Inf found in input tensor.
WARNING:tensorboardX.x2num:NaN or Inf found in input tensor.
WARNING:tensorboardX.x2num:NaN or Inf found in input tensor.
WARNING:tensorboardX.x2num:NaN or Inf found in input tensor.
WARNING:tensorboardX.x2num:NaN or Inf found in input tensor.
WARNING:tensorboardX.x2num:NaN or Inf found in input tensor.
WARNING:tensorboardX.x2num:NaN or Inf found in input tensor.
WARNING:tensorboardX.x2num:NaN or Inf found in input tensor.
-----------------------------------------------------------------
|                                 Train/Steps |        4.74e+06 |
|                            Loss/Loss_critic |             nan |
|                             Loss/Loss_actor |             nan |
|                             Loss/Loss_alpha |             nan |
|               Loss/Loss_state_action_metric |             nan |
|                      Loss/Loss_state_metric |             nan |
|             Loss/Loss_state_action_to_state |             nan |
|                           Loss/Act_rep_loss |             nan |
|                                   SAC/Alpha |             nan |
|                              SAC/LogPi_mean |             nan |
|                                 SAC/Q1_mean |             nan |
|                                 SAC/Q2_mean |             nan |
|                            Norm/actor_model |             nan |
|                           Norm/critic_model |             nan |
|              Norm/state_action_metric_model |             nan |
|                     Norm/state_metric_model |             nan |
|        Norm/state_action_state_metric_model |             nan |
|                  Metric/self_state_distance |             nan |
|                 Metric/cross_state_distance |             nan |
|           Metric/self_state_action_distance |             nan |
|          Metric/cross_state_action_distance |             nan |
|             Metric/avg_self_state_asymmetry |             nan |
|            Metric/avg_cross_state_asymmetry |             nan |
|                Metric/avg_self_sa_asymmetry |             nan |
|               Metric/avg_cross_sa_asymmetry |             nan |
|  Metric/self_state_action_to_state_distance |             nan |
| Metric/cross_state_action_to_state_distance |             nan |
|                   Metric/h_lambda_diff_self |             nan |
|                  Metric/h_lambda_diff_cross |             nan |
|                                 Eval/Return |             nan |
-----------------------------------------------------------------
WARNING:tensorboardX.x2num:NaN or Inf found in input tensor.
WARNING:tensorboardX.x2num:NaN or Inf found in input tensor.
WARNING:tensorboardX.x2num:NaN or Inf found in input tensor.
WARNING:tensorboardX.x2num:NaN or Inf found in input tensor.
WARNING:tensorboardX.x2num:NaN or Inf found in input tensor.
WARNING:tensorboardX.x2num:NaN or Inf found in input tensor.
WARNING:tensorboardX.x2num:NaN or Inf found in input tensor.
WARNING:tensorboardX.x2num:NaN or Inf found in input tensor.
WARNING:tensorboardX.x2num:NaN or Inf found in input tensor.
WARNING:tensorboardX.x2num:NaN or Inf found in input tensor.
WARNING:tensorboardX.x2num:NaN or Inf found in input tensor.
WARNING:tensorboardX.x2num:NaN or Inf found in input tensor.
WARNING:tensorboardX.x2num:NaN or Inf found in input tensor.
WARNING:tensorboardX.x2num:NaN or Inf found in input tensor.
WARNING:tensorboardX.x2num:NaN or Inf found in input tensor.
WARNING:tensorboardX.x2num:NaN or Inf found in input tensor.
WARNING:tensorboardX.x2num:NaN or Inf found in input tensor.
WARNING:tensorboardX.x2num:NaN or Inf found in input tensor.
WARNING:tensorboardX.x2num:NaN or Inf found in input tensor.
WARNING:tensorboardX.x2num:NaN or Inf found in input tensor.
WARNING:tensorboardX.x2num:NaN or Inf found in input tensor.
WARNING:tensorboardX.x2num:NaN or Inf found in input tensor.
WARNING:tensorboardX.x2num:NaN or Inf found in input tensor.
WARNING:tensorboardX.x2num:NaN or Inf found in input tensor.
WARNING:tensorboardX.x2num:NaN or Inf found in input tensor.
WARNING:tensorboardX.x2num:NaN or Inf found in input tensor.
WARNING:tensorboardX.x2num:NaN or Inf found in input tensor.
WARNING:tensorboardX.x2num:NaN or Inf found in input tensor.
WARNING:tensorboardX.x2num:NaN or Inf found in input tensor.
-----------------------------------------------------------------
|                                 Train/Steps |        4.87e+06 |
|                            Loss/Loss_critic |             nan |
|                             Loss/Loss_actor |             nan |
|                             Loss/Loss_alpha |             nan |
|               Loss/Loss_state_action_metric |             nan |
|                      Loss/Loss_state_metric |             nan |
|             Loss/Loss_state_action_to_state |             nan |
|                           Loss/Act_rep_loss |             nan |
|                                   SAC/Alpha |             nan |
|                              SAC/LogPi_mean |             nan |
|                                 SAC/Q1_mean |             nan |
|                                 SAC/Q2_mean |             nan |
|                            Norm/actor_model |             nan |
|                           Norm/critic_model |             nan |
|              Norm/state_action_metric_model |             nan |
|                     Norm/state_metric_model |             nan |
|        Norm/state_action_state_metric_model |             nan |
|                  Metric/self_state_distance |             nan |
|                 Metric/cross_state_distance |             nan |
|           Metric/self_state_action_distance |             nan |
|          Metric/cross_state_action_distance |             nan |
|             Metric/avg_self_state_asymmetry |             nan |
|            Metric/avg_cross_state_asymmetry |             nan |
|                Metric/avg_self_sa_asymmetry |             nan |
|               Metric/avg_cross_sa_asymmetry |             nan |
|  Metric/self_state_action_to_state_distance |             nan |
| Metric/cross_state_action_to_state_distance |             nan |
|                   Metric/h_lambda_diff_self |             nan |
|                  Metric/h_lambda_diff_cross |             nan |
|                                 Eval/Return |             nan |
-----------------------------------------------------------------
WARNING:tensorboardX.x2num:NaN or Inf found in input tensor.
WARNING:tensorboardX.x2num:NaN or Inf found in input tensor.
WARNING:tensorboardX.x2num:NaN or Inf found in input tensor.
WARNING:tensorboardX.x2num:NaN or Inf found in input tensor.
WARNING:tensorboardX.x2num:NaN or Inf found in input tensor.
WARNING:tensorboardX.x2num:NaN or Inf found in input tensor.
WARNING:tensorboardX.x2num:NaN or Inf found in input tensor.
WARNING:tensorboardX.x2num:NaN or Inf found in input tensor.
WARNING:tensorboardX.x2num:NaN or Inf found in input tensor.
WARNING:tensorboardX.x2num:NaN or Inf found in input tensor.
WARNING:tensorboardX.x2num:NaN or Inf found in input tensor.
WARNING:tensorboardX.x2num:NaN or Inf found in input tensor.
WARNING:tensorboardX.x2num:NaN or Inf found in input tensor.
WARNING:tensorboardX.x2num:NaN or Inf found in input tensor.
WARNING:tensorboardX.x2num:NaN or Inf found in input tensor.
WARNING:tensorboardX.x2num:NaN or Inf found in input tensor.
WARNING:tensorboardX.x2num:NaN or Inf found in input tensor.
WARNING:tensorboardX.x2num:NaN or Inf found in input tensor.
WARNING:tensorboardX.x2num:NaN or Inf found in input tensor.
WARNING:tensorboardX.x2num:NaN or Inf found in input tensor.
WARNING:tensorboardX.x2num:NaN or Inf found in input tensor.
WARNING:tensorboardX.x2num:NaN or Inf found in input tensor.
WARNING:tensorboardX.x2num:NaN or Inf found in input tensor.
WARNING:tensorboardX.x2num:NaN or Inf found in input tensor.
WARNING:tensorboardX.x2num:NaN or Inf found in input tensor.
WARNING:tensorboardX.x2num:NaN or Inf found in input tensor.
WARNING:tensorboardX.x2num:NaN or Inf found in input tensor.
WARNING:tensorboardX.x2num:NaN or Inf found in input tensor.
WARNING:tensorboardX.x2num:NaN or Inf found in input tensor.
-----------------------------------------------------------------
|                                 Train/Steps |           5e+06 |
|                            Loss/Loss_critic |             nan |
|                             Loss/Loss_actor |             nan |
|                             Loss/Loss_alpha |             nan |
|               Loss/Loss_state_action_metric |             nan |
|                      Loss/Loss_state_metric |             nan |
|             Loss/Loss_state_action_to_state |             nan |
|                           Loss/Act_rep_loss |             nan |
|                                   SAC/Alpha |             nan |
|                              SAC/LogPi_mean |             nan |
|                                 SAC/Q1_mean |             nan |
|                                 SAC/Q2_mean |             nan |
|                            Norm/actor_model |             nan |
|                           Norm/critic_model |             nan |
|              Norm/state_action_metric_model |             nan |
|                     Norm/state_metric_model |             nan |
|        Norm/state_action_state_metric_model |             nan |
|                  Metric/self_state_distance |             nan |
|                 Metric/cross_state_distance |             nan |
|           Metric/self_state_action_distance |             nan |
|          Metric/cross_state_action_distance |             nan |
|             Metric/avg_self_state_asymmetry |             nan |
|            Metric/avg_cross_state_asymmetry |             nan |
|                Metric/avg_self_sa_asymmetry |             nan |
|               Metric/avg_cross_sa_asymmetry |             nan |
|  Metric/self_state_action_to_state_distance |             nan |
| Metric/cross_state_action_to_state_distance |             nan |
|                   Metric/h_lambda_diff_self |             nan |
|                  Metric/h_lambda_diff_cross |             nan |
|                                 Eval/Return |             nan |
-----------------------------------------------------------------
WARNING:tensorboardX.x2num:NaN or Inf found in input tensor.
WARNING:tensorboardX.x2num:NaN or Inf found in input tensor.
WARNING:tensorboardX.x2num:NaN or Inf found in input tensor.
WARNING:tensorboardX.x2num:NaN or Inf found in input tensor.
WARNING:tensorboardX.x2num:NaN or Inf found in input tensor.
WARNING:tensorboardX.x2num:NaN or Inf found in input tensor.
WARNING:tensorboardX.x2num:NaN or Inf found in input tensor.
WARNING:tensorboardX.x2num:NaN or Inf found in input tensor.
WARNING:tensorboardX.x2num:NaN or Inf found in input tensor.
WARNING:tensorboardX.x2num:NaN or Inf found in input tensor.
WARNING:tensorboardX.x2num:NaN or Inf found in input tensor.
WARNING:tensorboardX.x2num:NaN or Inf found in input tensor.
WARNING:tensorboardX.x2num:NaN or Inf found in input tensor.
WARNING:tensorboardX.x2num:NaN or Inf found in input tensor.
WARNING:tensorboardX.x2num:NaN or Inf found in input tensor.
WARNING:tensorboardX.x2num:NaN or Inf found in input tensor.
WARNING:tensorboardX.x2num:NaN or Inf found in input tensor.
WARNING:tensorboardX.x2num:NaN or Inf found in input tensor.
WARNING:tensorboardX.x2num:NaN or Inf found in input tensor.
WARNING:tensorboardX.x2num:NaN or Inf found in input tensor.
WARNING:tensorboardX.x2num:NaN or Inf found in input tensor.
WARNING:tensorboardX.x2num:NaN or Inf found in input tensor.
WARNING:tensorboardX.x2num:NaN or Inf found in input tensor.
WARNING:tensorboardX.x2num:NaN or Inf found in input tensor.
WARNING:tensorboardX.x2num:NaN or Inf found in input tensor.
WARNING:tensorboardX.x2num:NaN or Inf found in input tensor.
WARNING:tensorboardX.x2num:NaN or Inf found in input tensor.
WARNING:tensorboardX.x2num:NaN or Inf found in input tensor.
WARNING:tensorboardX.x2num:NaN or Inf found in input tensor.
[32mSaving model …[0m
[32mDone.[0m
[32mSaving model …[0m
[32mDone.[0m
