Train/Steps,Loss/Loss_critic,Loss/Loss_actor,Loss/Loss_alpha,Loss/Loss_state_action_metric,Loss/Loss_state_metric,Loss/Loss_state_action_to_state,Loss/Act_rep_loss,SAC/Alpha,SAC/LogPi_mean,SAC/Q1_mean,SAC/Q2_mean,Norm/actor_model,Norm/critic_model,Norm/state_action_metric_model,Norm/state_metric_model,Norm/state_action_state_metric_model,Metric/self_state_distance,Metric/cross_state_distance,Metric/self_state_action_distance,Metric/cross_state_action_distance,Metric/avg_self_state_asymmetry,Metric/avg_cross_state_asymmetry,Metric/avg_self_sa_asymmetry,Metric/avg_cross_sa_asymmetry,Eval/Return
641000,0.010848583653569221,-7.49808406829834,0.04549438878893852,0.00047283328603953123,0.0001899598864838481,0.0004294144455343485,0.0006932988180778921,0.0016976732295006514,-5.798084259033203,7.431476593017578,7.420155048370361,31.422373,62.45554,36.170662,33.597,35.655663,0.9935570359230042,1.0140084028244019,0.9890210628509521,1.0113177299499512,0.0,0.004026079084724188,0.0,0.03840416669845581,1.59989e-09
642000,0.03747261315584183,-7.978928565979004,0.0022044293582439423,0.0007343709585256875,0.0008911315235309303,0.001289438921958208,0.0011826689587906003,0.0006444000173360109,17.579097747802734,7.8607177734375,7.8506669998168945,41.00795,76.060265,42.53995,39.39177,41.79137,1.0181983709335327,1.068904161453247,1.0114047527313232,1.0682896375656128,0.0,0.006954504176974297,0.0,0.09229300916194916,0.0034653542
643000,0.06793643534183502,-6.869675159454346,-8.629598596598953e-06,0.02688600681722164,0.0008537272224202752,0.0019605103880167007,0.0015855113742873073,0.00029174587689340115,21.029579162597656,6.772824287414551,6.782435417175293,48.880367,85.90734,49.095486,45.59267,47.7374,1.0493559837341309,1.100102424621582,1.0292850732803345,1.0856051445007324,0.0,0.009332903660833836,0.0,0.09998882561922073,0.0936026
644000,0.09897328168153763,-6.283621788024902,-3.540920442901552e-05,0.008207455277442932,0.0017213084502145648,0.0017184357857331634,0.0042086015455424786,0.0005922484560869634,21.05978775024414,6.1984710693359375,6.184822082519531,55.19914,94.648895,54.175686,51.16964,52.714386,1.1450275182724,1.2096080780029297,1.1235730648040771,1.207671880722046,0.0,0.012382835149765015,0.0,0.18465223908424377,0.47172686
645000,0.0589069128036499,-6.826188087463379,-0.00032641779398545623,0.0020774747245013714,0.0015247591072693467,0.0022335366811603308,0.007834811694920063,0.0007023422513157129,21.46475601196289,6.7172040939331055,6.715620994567871,60.90335,103.74468,58.797115,56.015705,56.903526,1.1394736766815186,1.179494857788086,1.141629695892334,1.1932406425476074,0.0,0.010133640840649605,0.0,0.12834788858890533,1.403273
646000,0.07807685434818268,-6.57147216796875,0.0005614602123387158,0.003508887952193618,0.0010662286076694727,0.0014522004639729857,0.0035829818807542324,0.0005143414018675685,19.908390045166016,6.502297401428223,6.524493217468262,66.54346,112.36468,63.632282,60.708668,60.92618,1.223135232925415,1.2669360637664795,1.204237937927246,1.2582916021347046,0.0,0.01349595095962286,0.0,0.13638950884342194,6.730817
647000,0.05502242594957352,-5.927479267120361,8.895895007299259e-05,0.01747683808207512,0.003179908264428377,0.003011575900018215,0.004818466026335955,0.00036947635817341506,20.75922966003418,5.874031066894531,5.878868579864502,71.70768,120.274704,68.731575,66.041595,65.01736,1.400850772857666,1.4643394947052002,1.370968222618103,1.4537856578826904,0.0,0.023701665922999382,0.0,0.2307073324918747,18.598127
648000,0.28481295704841614,-5.4354143142700195,-4.4028525735484436e-05,0.10392186790704727,0.004972508177161217,0.005242730025202036,0.008753524161875248,0.0004826989315915853,21.09121322631836,5.386618137359619,5.419365882873535,76.463715,127.69067,74.36276,71.05767,68.879715,1.7077786922454834,1.8279619216918945,1.6695404052734375,1.8422925472259521,0.0,0.03838350996375084,0.0,0.4445066452026367,30.425238
649000,0.08567443490028381,-5.740630149841309,0.0006333575001917779,0.0366024374961853,0.006248258054256439,0.0064492011442780495,0.011415657587349415,0.000645449326839298,20.018733978271484,5.703194618225098,5.68614387512207,80.84733,134.97725,80.28791,75.995415,72.89803,2.163526773452759,2.4334425926208496,2.098975419998169,2.40876841545105,0.0,0.05120103433728218,0.0,0.7070081233978271,0.92655337
650000,0.16676588356494904,-6.138655662536621,0.00023897411301732063,0.10139521956443787,0.006632892414927483,0.006614115554839373,0.008614689111709595,0.0007320381700992584,20.67354965209961,6.0735321044921875,6.0686540603637695,84.799324,141.56146,86.33922,80.62845,76.82403,2.8055944442749023,3.2869670391082764,2.7416608333587646,3.288475751876831,0.0,0.05787600576877594,0.0,1.1232962608337402,67.19682
651000,0.1146414577960968,-6.692959785461426,-0.0008176395785994828,0.05094999447464943,0.010159282013773918,0.011265698820352554,0.004260537214577198,0.0006166316452436149,22.325977325439453,6.592966556549072,6.614647388458252,89.10846,147.69034,92.0937,85.13168,80.88101,3.5096640586853027,4.08480167388916,3.438386917114258,4.075472354888916,0.0,0.06907869875431061,0.0,1.256850004196167,52.558674
652000,0.12930423021316528,-7.035236358642578,-0.00015029656060505658,0.1280842423439026,0.010233155451714993,0.00847634021192789,0.0017378530465066433,0.0007150255842134356,21.21019744873047,6.930719375610352,6.9307146072387695,92.74491,153.87634,97.621376,89.83822,84.87622,4.170892238616943,4.8857421875,4.096251487731934,4.8637871742248535,0.0,0.07885714620351791,0.0,1.5007606744766235,59.071087
653000,0.16002294421195984,-6.63887882232666,-0.00043715612264350057,0.08762668073177338,0.007099051959812641,0.008636120706796646,0.0009329980821348727,0.0006437249830923975,21.67910385131836,6.593563079833984,6.592336654663086,96.39833,159.63504,102.58645,94.52395,88.77823,4.566593170166016,5.218848705291748,4.514161109924316,5.230610370635986,0.0,0.057288505136966705,0.0,1.3648343086242676,71.15151
654000,0.08073408901691437,-6.817066192626953,-0.0004906087997369468,0.029004480689764023,0.0060410089790821075,0.005599201191216707,0.0005729871336370707,0.0006160861812531948,21.79633140563965,6.758760929107666,6.758845329284668,99.519196,164.91568,107.17287,99.25416,92.56201,5.094749450683594,5.764754295349121,5.0284423828125,5.732572078704834,0.0,0.04611837491393089,0.0,1.2137360572814941,77.186905
655000,0.132453054189682,-6.669466972351074,-0.00018928830104414374,0.15463684499263763,0.004919971339404583,0.004760360345244408,0.000260049884673208,0.0005369459977373481,21.352527618408203,6.625496864318848,6.633659362792969,102.524055,169.89331,111.54222,103.545876,95.98098,5.616840362548828,6.329229354858398,5.55344295501709,6.306458473205566,0.0,0.036569319665431976,0.0,1.1352508068084717,76.11703
656000,0.039448536932468414,-6.237208843231201,0.0002427975705359131,0.02239738218486309,0.0027076294645667076,0.0041232965886592865,7.516435289289802e-05,0.0005456105573102832,20.55499839782715,6.201336860656738,6.2077789306640625,105.281494,174.50868,115.63343,107.56486,99.05936,5.79443359375,6.485428810119629,5.779210567474365,6.490965366363525,0.0,0.025891471654176712,0.0,1.0065362453460693,86.51803
657000,0.052327897399663925,-6.101650714874268,0.0005064258584752679,0.019963815808296204,0.0030443514697253704,0.003795774420723319,4.304172398406081e-05,0.0005846243584528565,20.133758544921875,6.039907455444336,6.043765068054199,108.121864,179.129,119.5457,111.23461,101.75773,6.109977722167969,6.722743988037109,6.072498321533203,6.7188849449157715,0.0,0.02610912173986435,0.0,0.856581449508667,92.92977
658000,0.06109379231929779,-6.094877243041992,3.059342998312786e-05,0.09538625925779343,0.001900073024444282,0.0022584174294024706,2.1708236090489663e-05,0.0005540124257095158,20.944778442382812,6.0432538986206055,6.072567939758301,111.01206,183.47292,123.25449,115.04952,104.1922,6.349664688110352,6.870952606201172,6.321282386779785,6.862000942230225,0.0,0.0191070307046175,0.0,0.6660007238388062,91.97986
659000,0.043247442692518234,-6.184839248657227,0.0003692659083753824,0.015153707936406136,0.001449595671147108,0.002286059781908989,9.650142601458356e-06,0.0006035491824150085,20.38817596435547,6.135136127471924,6.144390106201172,113.62921,187.8644,127.0408,118.44797,106.38712,6.398423194885254,6.903354644775391,6.371654510498047,6.8989105224609375,0.0,0.01362414937466383,0.0,0.6336414813995361,94.19118
660000,0.042430296540260315,-6.379125595092773,-0.00058290536981076,0.014940321445465088,0.0008578724227845669,0.0013103220844641328,2.9023901788605144e-06,0.0006063166656531394,21.961387634277344,6.344573974609375,6.341538906097412,116.2487,192.07976,130.673,121.8269,108.45594,6.684125900268555,7.11579704284668,6.649448871612549,7.103579521179199,0.0,0.011628624051809311,0.0,0.5098434090614319,100.8131
661000,0.38179731369018555,-6.590507984161377,-0.0005267845117487013,0.11445850133895874,0.000765727018006146,0.0008191316155716777,3.2387199553340906e-06,0.0005866915453225374,21.897890090942383,6.552244186401367,6.566251277923584,118.7725,196.20515,133.91391,125.02031,110.31564,6.822218894958496,7.190891265869141,6.802684307098389,7.184414386749268,0.0,0.0064400192350149155,0.0,0.4273776412010193,102.05671
662000,0.14024536311626434,-6.480683326721191,0.00027637562016025186,0.11311538517475128,0.0006204055389389396,0.0007729290518909693,1.7893225958687253e-06,0.0006196032627485693,20.55394744873047,6.448404788970947,6.433465957641602,121.12118,200.50653,137.38309,128.09126,112.18824,6.825664520263672,7.166667461395264,6.80478572845459,7.160573482513428,0.0,0.00946902111172676,0.0,0.4182729125022888,97.64283
663000,0.044564493000507355,-6.729268550872803,0.00019087134569417685,0.013106489554047585,0.000508730998262763,0.0006484625628218055,1.3325276313480572e-06,0.0006226298282854259,20.693443298339844,6.698328018188477,6.695027828216553,123.426575,204.40552,140.70135,130.97885,114.016815,6.894143581390381,7.22430419921875,6.880214214324951,7.221212387084961,0.0,0.006092536263167858,0.0,0.40120232105255127,109.278984
664000,0.04659847915172577,-6.829893112182617,0.0001592107437318191,0.014575246721506119,0.000410265289247036,0.0005617790156975389,7.810054398760258e-07,0.000637192977592349,20.750137329101562,6.806692123413086,6.80100679397583,125.74845,208.52522,143.85915,133.81027,115.6875,6.9545722007751465,7.253913879394531,6.925065517425537,7.241268157958984,0.0,0.006000356748700142,0.0,0.38788366317749023,110.30951
665000,0.059797681868076324,-7.046713352203369,-0.000649593654088676,0.012801149860024452,0.00024361454416066408,0.0003322092816233635,8.726356099941768e-07,0.0006717783398926258,21.966976165771484,7.000368595123291,6.995963096618652,127.88182,212.59029,147.06772,136.69107,117.29024,7.050957679748535,7.309878349304199,7.0468902587890625,7.307775497436523,0.0,0.0038825422525405884,0.0,0.33191022276878357,112.61304
666000,0.06769517064094543,-7.0654401779174805,-0.0006261896924115717,0.11487413942813873,0.00024971028324216604,0.00033552199602127075,6.048749696674349e-07,0.0006415991811081767,21.975982666015625,7.008695602416992,7.004491806030273,130.20209,216.47589,150.23692,139.44292,118.93303,7.073483467102051,7.313528060913086,7.071940898895264,7.316551685333252,0.0,0.003264188766479492,0.0,0.30329930782318115,110.02282
667000,0.04859646409749985,-7.225363731384277,-2.069850597763434e-05,0.012029214762151241,0.0001695971004664898,0.00021173572167754173,5.359031547413906e-07,0.0006734502967447042,21.03073501586914,7.200496673583984,7.200961112976074,132.41559,220.27258,153.13287,142.15819,120.51035,7.098782539367676,7.325448989868164,7.09184455871582,7.325568199157715,0.0,0.0028136540204286575,0.0,0.277260959148407,115.35833
668000,0.04873599484562874,-7.5295491218566895,0.0003586617822293192,0.014024239033460617,0.00014298479072749615,0.000168486381880939,5.006812671126681e-07,0.000686184735968709,20.477310180664062,7.491329193115234,7.49227237701416,134.49841,223.9864,156.1969,144.86491,122.04396,7.191107749938965,7.33819580078125,7.164004325866699,7.331150054931641,0.0,0.001917981542646885,0.0,0.22896283864974976,114.114555
669000,0.056007303297519684,-7.699446678161621,-0.00023800606140866876,0.015562526881694794,9.863951709121466e-05,0.00010486913379281759,4.4234965912437474e-07,0.0007081414223648608,21.33609962463379,7.677651882171631,7.680204391479492,136.50896,227.56718,158.94101,147.15567,123.395004,7.225525856018066,7.3632988929748535,7.216481685638428,7.362457275390625,0.0,0.00121406652033329,0.0,0.20212864875793457,117.52923
670000,0.15316841006278992,-7.9573259353637695,-0.0013984207762405276,0.11726658791303635,3.292167093604803e-05,6.670563016086817e-05,4.2797626065294025e-07,0.0007023814250715077,22.990970611572266,7.941225051879883,7.952603816986084,138.39017,231.12706,162.0848,149.32108,124.6156,7.274783134460449,7.372939109802246,7.2696661949157715,7.372351169586182,0.0,0.0007959865033626556,0.0,0.139023095369339,124.51143
671000,0.23866228759288788,-8.062654495239258,0.0001978806685656309,0.12173831462860107,3.720552194863558e-05,6.421341095119715e-05,4.107598670088919e-07,0.0007394194253720343,20.732383728027344,8.046503067016602,8.040781021118164,140.25441,234.44893,164.9759,151.47072,125.99605,7.308058738708496,7.377354621887207,7.308220863342285,7.377841472625732,0.0,0.0007149456068873405,0.0,0.09252089262008667,122.5238
672000,0.15622660517692566,-8.239906311035156,7.677922258153558e-05,0.12304551899433136,2.1780608221888542e-05,4.964775871485472e-05,3.968887369865115e-07,0.0007128461729735136,20.892292022705078,8.214969635009766,8.223748207092285,142.02577,237.80466,168.46933,153.1727,127.16761,7.325427055358887,7.381435394287109,7.321338176727295,7.381307601928711,0.0,0.0006048064678907394,0.0,0.08126933872699738,126.6759
673000,0.05822915583848953,-8.363761901855469,-0.00017146553727798164,0.015294462442398071,5.941023118793964e-06,4.151836037635803e-06,3.8947288771851163e-07,0.0007789927767589688,21.220111846923828,8.332609176635742,8.33575439453125,143.70877,240.99614,171.91986,154.56042,128.49197,7.358046531677246,7.387618064880371,7.35871696472168,7.38783597946167,0.0,0.00021008774638175964,0.0,0.041651882231235504,128.87106
674000,0.05729386955499649,-8.628166198730469,-0.00011623565660556778,0.01583130657672882,1.9359984435141087e-05,1.4537246897816658e-05,4.0041561533143977e-07,0.0007975834887474775,21.145734786987305,8.63149356842041,8.618412971496582,145.44556,243.99335,175.60648,155.9866,129.86563,7.35383415222168,7.38381290435791,7.353907108306885,7.383902072906494,0.0,0.00019726715981960297,0.0,0.03238394111394882,131.59492
675000,0.060167014598846436,-8.78915023803711,0.00030451419297605753,0.01631595380604267,0.0,0.0,3.880762449171016e-07,0.0008463062695227563,20.64018440246582,8.759431838989258,8.76020622253418,147.00336,246.95561,179.13037,157.16055,131.61722,7.373019218444824,7.389055252075195,7.371358871459961,7.389055252075195,0.0,0.0,0.0,0.02456512860953808,134.5074
676000,0.5018373727798462,-8.988428115844727,-0.00017110267071984708,0.1209634318947792,0.0,0.0,3.9964905340639234e-07,0.0008073354256339371,21.21193504333496,8.956398010253906,8.95692253112793,148.53339,250.07082,181.18713,158.46617,133.50983,7.379812240600586,7.389055252075195,7.381585121154785,7.389055252075195,0.0,0.0,0.0,0.017372529953718185,134.63713
677000,0.7756166458129883,-9.222160339355469,0.0004310892545618117,0.22433938086032867,9.138602763414383e-08,9.42964106798172e-08,3.931560854653071e-07,0.0008385146502405405,20.485889434814453,9.225494384765625,9.215902328491211,150.08694,253.18053,181.45235,159.54344,134.53596,7.37470817565918,7.389012813568115,7.372623443603516,7.388574600219727,0.0,0.00010586902499198914,0.0,0.018917426466941833,141.48318
678000,0.06304122507572174,-9.561508178710938,0.0006690432783216238,0.015761639922857285,2.0698527805507183e-05,8.463975973427296e-06,3.814643321220501e-07,0.0008264800417236984,20.19049072265625,9.553418159484863,9.558795928955078,151.60336,256.04956,182.31976,160.45723,135.19873,7.383392810821533,7.388611793518066,7.383223533630371,7.3887152671813965,0.0,6.572902202606201e-05,0.0,0.00475233793258667,145.9409
679000,0.0740974098443985,-9.767948150634766,0.00010060999193228781,0.016177058219909668,0.0,0.0,3.7560792520707764e-07,0.0008731912821531296,20.88477897644043,9.733068466186523,9.73100471496582,153.12903,258.9611,182.5205,160.93909,135.6124,7.389055252075195,7.389055252075195,7.389055252075195,7.389055252075195,0.0,0.0,0.0,0.0,150.07616
680000,0.06580328941345215,-10.107864379882812,-0.001709899865090847,0.016431869938969612,0.0,0.0,3.7645580164280545e-07,0.0009426738251931965,22.81388282775879,10.078956604003906,10.091255187988281,154.51682,261.9879,182.5205,160.93909,135.6124,7.389055252075195,7.389055252075195,7.389055252075195,7.389055252075195,0.0,0.0,0.0,0.0,159.1856
681000,0.07869823276996613,-10.356159210205078,-0.0003790686896536499,0.12302909791469574,0.0,0.0,3.734706695013301e-07,0.0009108837111853063,21.416154861450195,10.326671600341797,10.331390380859375,156.08391,264.8278,182.5205,160.93909,135.6124,7.389055252075195,7.389055252075195,7.389055252075195,7.389055252075195,0.0,0.0,0.0,0.0,152.78894
682000,0.08616548776626587,-10.636110305786133,-0.0002644280903041363,0.015654847025871277,0.0,0.0,3.680754616652848e-07,0.0009190413984470069,21.287721633911133,10.611693382263184,10.6290922164917,157.47202,267.637,182.5205,160.93909,135.6124,7.389055252075195,7.389055252075195,7.389055252075195,7.389055252075195,0.0,0.0,0.0,0.0,160.52965
683000,0.08812487125396729,-10.632526397705078,-0.00022638707014266402,0.016911841928958893,0.0,0.0,3.7270686448209744e-07,0.000994637026451528,21.22760772705078,10.609163284301758,10.613546371459961,158.9317,270.44525,182.5205,160.93909,135.6124,7.389055252075195,7.389055252075195,7.389055252075195,7.389055252075195,0.0,0.0,0.0,0.0,171.78133
684000,0.4388202726840973,-11.390650749206543,-0.0008366480469703674,0.12179863452911377,0.0,0.0,3.716802154940524e-07,0.001024147728458047,21.81692123413086,11.34304428100586,11.366756439208984,160.28441,273.0711,182.5205,160.93909,135.6124,7.389055252075195,7.389055252075195,7.389055252075195,7.389055252075195,0.0,0.0,0.0,0.0,178.59798
685000,0.5160536170005798,-11.579015731811523,0.0008864162373356521,0.11564111709594727,0.0,0.0,3.6193421237840084e-07,0.0010800461750477552,20.179279327392578,11.544522285461426,11.561296463012695,161.64455,275.76248,182.5205,160.93909,135.6124,7.389055252075195,7.389055252075195,7.389055252075195,7.389055252075195,0.0,0.0,0.0,0.0,186.50111
686000,0.11710041761398315,-12.08204460144043,-3.9621416362933815e-05,0.016774404793977737,0.0,0.0,3.6658371982412064e-07,0.0011642772005870938,21.03403091430664,12.056262969970703,12.078947067260742,162.94478,278.2836,182.5205,160.93909,135.6124,7.389055252075195,7.389055252075195,7.389055252075195,7.389055252075195,0.0,0.0,0.0,0.0,191.27429
687000,1.2284982204437256,-12.52216625213623,-0.0010424595093354583,0.2250211536884308,0.0,0.0,3.5681000554177444e-07,0.0011233151890337467,21.928020477294922,12.500420570373535,12.511445045471191,164.20328,280.92935,182.5205,160.93909,135.6124,7.389055252075195,7.389055252075195,7.389055252075195,7.389055252075195,0.0,0.0,0.0,0.0,194.19514
688000,0.1642659604549408,-13.068656921386719,0.0001192812342196703,0.014404455199837685,0.0,0.0,3.6977937156734697e-07,0.0011032304028049111,20.89188003540039,13.024797439575195,13.017685890197754,165.5099,283.5671,182.5205,160.93909,135.6124,7.389055252075195,7.389055252075195,7.389055252075195,7.389055252075195,0.0,0.0,0.0,0.0,196.66603
689000,0.13132917881011963,-13.535270690917969,0.00023851131845731288,0.014673583209514618,0.0,0.0,3.657119975741807e-07,0.0011283329222351313,20.788616180419922,13.517619132995605,13.501100540161133,166.76457,286.03668,182.5205,160.93909,135.6124,7.389055252075195,7.389055252075195,7.389055252075195,7.389055252075195,0.0,0.0,0.0,0.0,213.267
690000,0.9602639675140381,-13.798347473144531,0.0005580578581430018,0.12096705287694931,0.0,0.0,3.514895183798217e-07,0.0011354951420798898,20.508533477783203,13.79768180847168,13.83197021484375,167.99611,288.5413,182.5205,160.93909,135.6124,7.389055252075195,7.389055252075195,7.389055252075195,7.389055252075195,0.0,0.0,0.0,0.0,202.33145
691000,1.2515146732330322,-14.39005184173584,-0.0004696552932728082,0.21953848004341125,0.0,0.0,3.343490391216619e-07,0.0011661708122119308,21.402732849121094,14.355175018310547,14.370671272277832,169.12004,291.03616,182.5205,160.93909,135.6124,7.389055252075195,7.389055252075195,7.389055252075195,7.389055252075195,0.0,0.0,0.0,0.0,190.95708
692000,0.551301121711731,-14.91131591796875,0.00011321219790261239,0.1198781356215477,0.0,0.0,3.58001443601097e-07,0.0011098275426775217,20.897991180419922,14.882452011108398,14.899383544921875,170.36542,293.4962,182.5205,160.93909,135.6124,7.389055252075195,7.389055252075195,7.389055252075195,7.389055252075195,0.0,0.0,0.0,0.0,211.49654
693000,0.12505191564559937,-15.003774642944336,-0.0006995379808358848,0.015143120661377907,0.0,0.0,3.533460528615251e-07,0.0010851671686396003,21.644636154174805,15.004171371459961,15.019668579101562,171.55812,295.89124,182.5205,160.93909,135.6124,7.389055252075195,7.389055252075195,7.389055252075195,7.389055252075195,0.0,0.0,0.0,0.0,209.35576
694000,0.828439474105835,-15.537431716918945,-0.0013384955236688256,0.12014313042163849,0.0,0.0,3.3175118119288527e-07,0.0010544747347012162,22.26934814453125,15.51598072052002,15.509952545166016,172.78548,298.33716,182.5205,160.93909,135.6124,7.389055252075195,7.389055252075195,7.389055252075195,7.389055252075195,0.0,0.0,0.0,0.0,226.1544
695000,2.3103156089782715,-15.868884086608887,-0.00016551476437598467,0.2227724939584732,0.0,0.0,3.505618337840133e-07,0.001056110137142241,21.156721115112305,15.87281322479248,15.868011474609375,174.112,300.71252,182.5205,160.93909,135.6124,7.389055252075195,7.389055252075195,7.389055252075195,7.389055252075195,0.0,0.0,0.0,0.0,221.37373
696000,0.1415785551071167,-16.221771240234375,0.0008716415031813085,0.013530870899558067,0.0,0.0,3.238478143430257e-07,0.001118223648518324,20.22051239013672,16.18479347229004,16.18361473083496,175.24568,303.07495,182.5205,160.93909,135.6124,7.389055252075195,7.389055252075195,7.389055252075195,7.389055252075195,0.0,0.0,0.0,0.0,219.77025
697000,0.12635475397109985,-16.66059112548828,-0.0001166255387943238,0.012179355137050152,0.0,0.0,3.343204184602655e-07,0.001054448657669127,21.11060333251953,16.611846923828125,16.61844253540039,176.63168,305.4329,182.5205,160.93909,135.6124,7.389055252075195,7.389055252075195,7.389055252075195,7.389055252075195,0.0,0.0,0.0,0.0,219.32076
698000,0.08465024828910828,-17.023391723632812,0.0011139566777274013,0.012006723321974277,0.0,0.0,3.3871728533085843e-07,0.0009959008311852813,19.881458282470703,16.979427337646484,16.972087860107422,177.83655,307.86646,182.5205,160.93909,135.6124,7.389055252075195,7.389055252075195,7.389055252075195,7.389055252075195,0.0,0.0,0.0,0.0,220.15755
699000,0.1543864756822586,-17.375045776367188,-0.00016736933321226388,0.010861166752874851,0.0,0.0,3.386336686617142e-07,0.001069258083589375,21.15652847290039,17.308116912841797,17.334184646606445,179.03189,310.21417,182.5205,160.93909,135.6124,7.389055252075195,7.389055252075195,7.389055252075195,7.389055252075195,0.0,0.0,0.0,0.0,215.86868
700000,2.4405035972595215,-17.23497772216797,-0.0006060618907213211,0.21928733587265015,0.0,0.0,3.350665735979419e-07,0.0010472176363691688,21.5787353515625,17.26603126525879,17.234830856323242,180.19745,312.61032,182.5205,160.93909,135.6124,7.389055252075195,7.389055252075195,7.389055252075195,7.389055252075195,0.0,0.0,0.0,0.0,226.30025
701000,0.12230176478624344,-17.724998474121094,-0.0005340478383004665,0.011419560760259628,0.0,0.0,3.207481995559647e-07,0.0010071867145597935,21.530237197875977,17.684423446655273,17.686904907226562,181.45856,314.95026,182.5205,160.93909,135.6124,7.389055252075195,7.389055252075195,7.389055252075195,7.389055252075195,0.0,0.0,0.0,0.0,220.89754
702000,0.1428457647562027,-17.92738151550293,-0.0004373890405986458,0.011110547930002213,0.0,0.0,3.079406951655983e-07,0.001019163173623383,21.42916488647461,17.88628578186035,17.890399932861328,182.73254,317.25455,182.5205,160.93909,135.6124,7.389055252075195,7.389055252075195,7.389055252075195,7.389055252075195,0.0,0.0,0.0,0.0,213.73914
703000,0.12749305367469788,-18.367137908935547,-4.557881038635969e-05,0.008427945896983147,0.0,0.0,3.2269426242237387e-07,0.001048778765834868,21.043458938598633,18.336841583251953,18.35327911376953,183.91411,319.56067,182.5205,160.93909,135.6124,7.389055252075195,7.389055252075195,7.389055252075195,7.389055252075195,0.0,0.0,0.0,0.0,230.79076
704000,0.10503322631120682,-18.399778366088867,-0.00038548678276129067,0.009168577380478382,0.0,0.0,3.092158635809028e-07,0.0010355281410738826,21.37226104736328,18.383747100830078,18.387653350830078,185.10393,321.8764,182.5205,160.93909,135.6124,7.389055252075195,7.389055252075195,7.389055252075195,7.389055252075195,0.0,0.0,0.0,0.0,232.36519
705000,2.8544864654541016,-18.63507652282715,0.0008446313440799713,0.22289510071277618,0.0,0.0,3.0169084652698075e-07,0.001027038088068366,20.17760467529297,18.631397247314453,18.639854431152344,186.24907,324.1138,182.5205,160.93909,135.6124,7.389055252075195,7.389055252075195,7.389055252075195,7.389055252075195,0.0,0.0,0.0,0.0,228.41222
706000,0.11766215413808823,-19.081905364990234,2.138236231985502e-05,0.00813763402402401,0.0,0.0,2.9745424967586587e-07,0.0010799071751534939,20.980199813842773,19.022783279418945,19.036224365234375,187.44643,326.42355,182.5205,160.93909,135.6124,7.389055252075195,7.389055252075195,7.389055252075195,7.389055252075195,0.0,0.0,0.0,0.0,228.81908
707000,3.521825075149536,-19.179458618164062,-0.00020463067630771548,0.3224634528160095,0.0,0.0,2.9086024255775556e-07,0.0010418081656098366,21.19641876220703,19.205291748046875,19.189979553222656,188.59372,328.7352,182.5205,160.93909,135.6124,7.389055252075195,7.389055252075195,7.389055252075195,7.389055252075195,0.0,0.0,0.0,0.0,227.99747
708000,1.61647367477417,-19.392505645751953,3.609397026593797e-05,0.11505088210105896,0.0,0.0,2.7956906478721066e-07,0.0010323859751224518,20.965038299560547,19.40670394897461,19.39892578125,189.80684,330.89273,182.5205,160.93909,135.6124,7.389055252075195,7.389055252075195,7.389055252075195,7.389055252075195,0.0,0.0,0.0,0.0,236.88223
709000,0.1127394586801529,-19.723257064819336,-0.0004232529317960143,0.008901556953787804,0.0,0.0,2.965743703953194e-07,0.0010013331193476915,21.42268943786621,19.70254898071289,19.693157196044922,191.0394,333.09897,182.5205,160.93909,135.6124,7.389055252075195,7.389055252075195,7.389055252075195,7.389055252075195,0.0,0.0,0.0,0.0,238.50005
710000,0.15618476271629333,-20.193523406982422,0.00033127510687336326,0.006669408176094294,0.0,0.0,2.964130771943019e-07,0.0010599768720567226,20.687469482421875,20.176027297973633,20.174449920654297,192.14757,335.3163,182.5205,160.93909,135.6124,7.389055252075195,7.389055252075195,7.389055252075195,7.389055252075195,0.0,0.0,0.0,0.0,247.66116
711000,0.13592529296875,-20.380722045898438,0.0005412792088463902,0.005463310517370701,0.0,0.0,2.929201059487241e-07,0.0011000019731000066,20.5079288482666,20.3656005859375,20.35076904296875,193.30222,337.64136,182.5205,160.93909,135.6124,7.389055252075195,7.389055252075195,7.389055252075195,7.389055252075195,0.0,0.0,0.0,0.0,250.58243
712000,0.12490589916706085,-20.292186737060547,-0.0007526212139055133,0.0069065820425748825,0.0,0.0,2.8589411726898106e-07,0.0009757907828316092,21.77129364013672,20.26961898803711,20.282617568969727,194.384,339.84433,182.5205,160.93909,135.6124,7.389055252075195,7.389055252075195,7.389055252075195,7.389055252075195,0.0,0.0,0.0,0.0,253.53955
713000,0.17590388655662537,-20.882572174072266,-0.0006525671924464405,0.007216425146907568,0.0,0.0,2.791144027014525e-07,0.0010096890619024634,21.646305084228516,20.817859649658203,20.816822052001953,195.44817,341.9316,182.5205,160.93909,135.6124,7.389055252075195,7.389055252075195,7.389055252075195,7.389055252075195,0.0,0.0,0.0,0.0,245.58438
714000,0.1372356414794922,-21.269166946411133,0.0002984464808832854,0.005658120382577181,0.0,0.0,2.8332675583442324e-07,0.0009552386472932994,20.68756866455078,21.26385498046875,21.276485443115234,196.46156,344.21225,182.5205,160.93909,135.6124,7.389055252075195,7.389055252075195,7.389055252075195,7.389055252075195,0.0,0.0,0.0,0.0,260.9101
715000,0.1379033625125885,-21.266803741455078,0.0012467384804040194,0.005567996762692928,0.0,0.0,2.7896572873942205e-07,0.0010285974713042378,19.78792381286621,21.290769577026367,21.3017635345459,197.57062,346.226,182.5205,160.93909,135.6124,7.389055252075195,7.389055252075195,7.389055252075195,7.389055252075195,0.0,0.0,0.0,0.0,249.93346
716000,2.157759666442871,-21.350088119506836,-4.780502422363497e-05,0.1133156418800354,0.0,0.0,2.906924692069879e-07,0.0010282924631610513,21.046489715576172,21.38967514038086,21.35185432434082,198.57509,348.38928,182.5205,160.93909,135.6124,7.389055252075195,7.389055252075195,7.389055252075195,7.389055252075195,0.0,0.0,0.0,0.0,249.10938
717000,0.16056901216506958,-21.682048797607422,0.0005616506678052247,0.0068019381724298,0.0,0.0,2.737322120083263e-07,0.0011250911047682166,20.500795364379883,21.64856719970703,21.639846801757812,199.65265,350.64343,182.5205,160.93909,135.6124,7.389055252075195,7.389055252075195,7.389055252075195,7.389055252075195,0.0,0.0,0.0,0.0,254.57549
718000,3.6226935386657715,-22.05103302001953,-0.0009134221472777426,0.21421979367733002,0.0,0.0,2.86373790459038e-07,0.001093665137887001,21.835193634033203,22.021350860595703,22.028793334960938,200.68604,352.7012,182.5205,160.93909,135.6124,7.389055252075195,7.389055252075195,7.389055252075195,7.389055252075195,0.0,0.0,0.0,0.0,269.9017
719000,0.2683495879173279,-22.175870895385742,-0.00023862571106292307,0.005384516902267933,0.0,0.0,3.0385314175873646e-07,0.0010474597802385688,21.227813720703125,22.190017700195312,22.17788314819336,201.79285,354.93912,182.5205,160.93909,135.6124,7.389055252075195,7.389055252075195,7.389055252075195,7.389055252075195,0.0,0.0,0.0,0.0,276.41904
720000,0.257500559091568,-22.42151641845703,-1.8350086975260638e-05,0.006316394545137882,0.0,0.0,2.7932770763072767e-07,0.0011761283967643976,21.015602111816406,22.365005493164062,22.38219451904297,202.74495,357.13422,182.5205,160.93909,135.6124,7.389055252075195,7.389055252075195,7.389055252075195,7.389055252075195,0.0,0.0,0.0,0.0,279.55356
721000,2.305698871612549,-22.437341690063477,-0.0007145480485633016,0.11163263022899628,0.0,0.0,2.8903156135129393e-07,0.0011758783366531134,21.6076717376709,22.458866119384766,22.45547103881836,203.74875,359.26785,182.5205,160.93909,135.6124,7.389055252075195,7.389055252075195,7.389055252075195,7.389055252075195,0.0,0.0,0.0,0.0,275.55026
722000,0.18042871356010437,-22.430797576904297,1.4168334018904716e-05,0.007145261391997337,0.0,0.0,2.7515577016856696e-07,0.0012027667835354805,20.98822021484375,22.41642951965332,22.413362503051758,204.65863,361.43558,182.5205,160.93909,135.6124,7.389055252075195,7.389055252075195,7.389055252075195,7.389055252075195,0.0,0.0,0.0,0.0,267.8607
723000,0.17524509131908417,-22.587310791015625,-0.0010957473423331976,0.010030503384768963,0.0,0.0,2.8939831508978386e-07,0.0011817854829132557,21.927196502685547,22.55410385131836,22.57756805419922,205.6944,363.5826,182.5205,160.93909,135.6124,7.389055252075195,7.389055252075195,7.389055252075195,7.389055252075195,0.0,0.0,0.0,0.0,288.0535
724000,0.2800135910511017,-22.99264907836914,0.0017878159414976835,0.0061319912783801556,0.0,0.0,2.919535120327055e-07,0.001181870000436902,19.4872989654541,22.97211265563965,22.96747589111328,206.72899,365.7081,182.5205,160.93909,135.6124,7.389055252075195,7.389055252075195,7.389055252075195,7.389055252075195,0.0,0.0,0.0,0.0,285.0375
725000,2.1718482971191406,-23.01795196533203,-0.001682453090324998,0.11358967423439026,0.0,0.0,2.5489870836281625e-07,0.0012169225374236703,22.38254737854004,23.023099899291992,23.039440155029297,207.67632,367.9289,182.5205,160.93909,135.6124,7.389055252075195,7.389055252075195,7.389055252075195,7.389055252075195,0.0,0.0,0.0,0.0,279.549
726000,0.25867390632629395,-23.239622116088867,0.000712418055627495,0.007576833013445139,0.0,0.0,2.8196924972689885e-07,0.0012364188442006707,20.423805236816406,23.213300704956055,23.202617645263672,208.74767,369.9764,182.5205,160.93909,135.6124,7.389055252075195,7.389055252075195,7.389055252075195,7.389055252075195,0.0,0.0,0.0,0.0,274.5311
727000,2.4874229431152344,-23.428089141845703,-0.00036653917049989104,0.11209959536790848,0.0,0.0,2.757294055300008e-07,0.0012304920237511396,21.297880172729492,23.41387367248535,23.411540985107422,209.8155,372.06665,182.5205,160.93909,135.6124,7.389055252075195,7.389055252075195,7.389055252075195,7.389055252075195,0.0,0.0,0.0,0.0,273.94443
728000,0.1960100382566452,-23.43108367919922,0.0004847083182539791,0.007814082317054272,0.0,0.0,2.823498448378814e-07,0.0013356253039091825,20.63709259033203,23.440448760986328,23.452781677246094,210.7102,374.1775,182.5205,160.93909,135.6124,7.389055252075195,7.389055252075195,7.389055252075195,7.389055252075195,0.0,0.0,0.0,0.0,298.27594
729000,0.2935810089111328,-23.43238067626953,-0.0014146409230306745,0.0074043963104486465,0.0,0.0,3.029022934697423e-07,0.0012300842208787799,22.150035858154297,23.40664291381836,23.389863967895508,211.64772,376.32947,182.5205,160.93909,135.6124,7.389055252075195,7.389055252075195,7.389055252075195,7.389055252075195,0.0,0.0,0.0,0.0,269.70944
730000,1.8502025604248047,-23.692935943603516,0.0014823293313384056,0.11298736184835434,0.0,0.0,2.8435101739887614e-07,0.0012160304468125105,19.781009674072266,23.70771026611328,23.725940704345703,212.58458,378.37042,182.5205,160.93909,135.6124,7.389055252075195,7.389055252075195,7.389055252075195,7.389055252075195,0.0,0.0,0.0,0.0,278.83102
731000,0.17352932691574097,-23.75061798095703,0.0011688123922795057,0.00660146027803421,0.0,0.0,2.974495885155193e-07,0.001240027486346662,20.057430267333984,23.73900604248047,23.728328704833984,213.64818,380.39392,182.5205,160.93909,135.6124,7.389055252075195,7.389055252075195,7.389055252075195,7.389055252075195,0.0,0.0,0.0,0.000323418527841568,272.55844
732000,0.9713109731674194,-23.922407150268555,-0.0011087425518780947,0.10670609772205353,0.0,0.0,2.687754943053733e-07,0.001286785933189094,21.861637115478516,23.944171905517578,23.931304931640625,214.69846,382.56427,182.5205,160.93909,135.6124,7.389055252075195,7.389055252075195,7.389055252075195,7.389055252075195,0.0,0.0,0.0,0.0,295.0804
733000,2.2706034183502197,-24.104761123657227,-0.00045672760461457074,0.11424122005701065,0.0,0.0,2.827053435794369e-07,0.0014444252010434866,21.316200256347656,24.127490997314453,24.131793975830078,215.59212,384.79865,182.5205,160.93909,135.6124,7.389055252075195,7.389055252075195,7.389055252075195,7.389055252075195,0.0,0.0,0.0,0.0,307.31607
734000,3.9258499145507812,-24.20443344116211,0.0011444637784734368,0.22045964002609253,0.0,0.0,2.911832552854321e-07,0.0014419882791116834,20.206329345703125,24.22180938720703,24.239337921142578,216.55331,386.86066,182.5205,160.93909,135.6124,7.389055252075195,7.389055252075195,7.389055252075195,7.389055252075195,0.0,0.0,0.0,0.0,307.43503
735000,0.2303442806005478,-24.541248321533203,0.0017222255701199174,0.007116751745343208,0.0,0.0,2.732233781443938e-07,0.0014160822611302137,19.783809661865234,24.522029876708984,24.51366424560547,217.59177,388.9377,182.5205,160.93909,135.6124,7.389055252075195,7.389055252075195,7.389055252075195,7.389055252075195,0.0,0.0,0.0,0.0,316.87167
736000,0.21972361207008362,-24.666912078857422,-0.0014250908279791474,0.00621249433606863,0.0,0.0,2.749715690697485e-07,0.0013067458057776093,22.090564727783203,24.67595672607422,24.628368377685547,218.53964,390.8446,182.5205,160.93909,135.6124,7.389055252075195,7.389055252075195,7.389055252075195,7.389055252075195,0.0,0.0,0.0,0.0,320.09332
737000,0.20450308918952942,-24.66048812866211,-0.00042264448711648583,0.0070250737480819225,0.0,0.0,2.7349207698534883e-07,0.0014498758828267455,21.29150390625,24.67961883544922,24.674163818359375,219.51842,392.90347,182.5205,160.93909,135.6124,7.389055252075195,7.389055252075195,7.389055252075195,7.389055252075195,0.0,0.0,0.0,0.0,302.58105
738000,2.9761152267456055,-24.868818283081055,0.0025815165136009455,0.11312064528465271,0.0,0.0,2.784651940146432e-07,0.0013349490473046899,19.066205978393555,24.904525756835938,24.899616241455078,220.37585,394.97968,182.5205,160.93909,135.6124,7.389055252075195,7.389055252075195,7.389055252075195,7.389055252075195,0.0,0.0,0.0,0.0,321.72525
739000,0.1913015991449356,-24.962406158447266,0.0016543526435270905,0.008706564083695412,0.0,0.0,2.665520639766328e-07,0.001305792829953134,19.73306655883789,24.965656280517578,24.94874382019043,221.32677,396.95358,182.5205,160.93909,135.6124,7.389055252075195,7.389055252075195,7.389055252075195,7.389055252075195,0.0,0.0,0.0,0.0,315.45956
740000,0.16734769940376282,-25.48181915283203,0.0008167505147866905,0.005746790673583746,0.0,0.0,2.8813801122851146e-07,0.0013823918998241425,20.409175872802734,25.49242401123047,25.48508071899414,222.22514,399.0477,182.5205,160.93909,135.6124,7.389055252075195,7.389055252075195,7.389055252075195,7.389055252075195,0.0,0.0,0.0,0.0,321.19028
741000,0.1425769329071045,-25.398298263549805,0.0002881230029743165,0.0071755703538656235,0.0,0.0,2.6710216616265825e-07,0.001413038233295083,20.796096801757812,25.42462158203125,25.41469955444336,223.10101,400.94034,182.5205,160.93909,135.6124,7.389055252075195,7.389055252075195,7.389055252075195,7.389055252075195,0.0,0.0,0.0,0.0,324.47287
742000,2.0536789894104004,-25.844505310058594,0.00021447843755595386,0.11218375712633133,0.0,0.0,2.791622648601333e-07,0.0014742700150236487,20.85451889038086,25.857763290405273,25.856651306152344,223.9016,403.02826,182.5205,160.93909,135.6124,7.389055252075195,7.389055252075195,7.389055252075195,7.389055252075195,0.0,0.0,0.0,0.0,313.69302
743000,0.147922545671463,-25.755462646484375,0.00019647982844617218,0.007611133623868227,0.0,0.0,2.623549164582073e-07,0.0014685791684314609,20.8662109375,25.759735107421875,25.733097076416016,224.82469,404.99475,182.5205,160.93909,135.6124,7.389055252075195,7.389055252075195,7.389055252075195,7.389055252075195,0.0,0.0,0.0,0.0,321.71445
744000,0.31285035610198975,-26.125957489013672,-0.001392801059409976,0.006704779341816902,0.0,0.0,2.702369954477035e-07,0.0013706525787711143,22.016159057617188,26.134292602539062,26.1651611328125,225.7219,406.95468,182.5205,160.93909,135.6124,7.389055252075195,7.389055252075195,7.389055252075195,7.389055252075195,0.0,0.0,0.0,0.0,326.47192
745000,2.9607837200164795,-26.361774444580078,0.0010460068006068468,0.11022580415010452,0.0,0.0,2.649282180300361e-07,0.0014575495151802897,20.282352447509766,26.387847900390625,26.36229705810547,226.60747,408.96317,182.5205,160.93909,135.6124,7.389055252075195,7.389055252075195,7.389055252075195,7.389055252075195,0.0,0.0,0.0,0.0,296.38675
746000,2.505765438079834,-26.127819061279297,-0.0010656170779839158,0.11307309567928314,0.0,0.0,2.58135855801811e-07,0.0013549786526709795,21.78644561767578,26.14141082763672,26.129150390625,227.52846,410.92447,182.5205,160.93909,135.6124,7.389055252075195,7.389055252075195,7.389055252075195,7.389055252075195,0.0,0.0,0.0,0.0,314.27173
747000,2.938502311706543,-26.18770408630371,-0.002051634481176734,0.11354541033506393,0.0,0.0,2.70900017085296e-07,0.0014125821180641651,22.45240020751953,26.18781280517578,26.205101013183594,228.44005,412.81454,182.5205,160.93909,135.6124,7.389055252075195,7.389055252075195,7.389055252075195,7.389055252075195,0.0,0.0,0.0,0.0,328.5793
748000,3.075514554977417,-26.68343734741211,0.0003148599062114954,0.11203058063983917,0.0,0.0,2.682569970602344e-07,0.0014315706212073565,20.780059814453125,26.703323364257812,26.716894149780273,229.40532,414.75912,182.5205,160.93909,135.6124,7.389055252075195,7.389055252075195,7.389055252075195,7.389055252075195,0.0,0.0,0.0,0.0,329.4148
749000,0.13744288682937622,-26.744640350341797,0.001014997367747128,0.006529518403112888,0.0,0.0,2.5100396783273027e-07,0.0014787844847887754,20.313627243041992,26.753173828125,26.725849151611328,230.28593,416.69043,182.5205,160.93909,135.6124,7.389055252075195,7.389055252075195,7.389055252075195,7.389055252075195,0.0,0.0,0.0,0.0,326.17984
750000,0.16363996267318726,-26.848766326904297,-0.0003998416941612959,0.0071783894672989845,0.0,0.0,2.842009507730836e-07,0.0012786193983629346,21.312713623046875,26.79794692993164,26.860240936279297,231.20964,418.55035,182.5205,160.93909,135.6124,7.389055252075195,7.389055252075195,7.389055252075195,7.389055252075195,0.0,0.0,0.0,0.0,327.0659
751000,5.86136531829834,-27.002649307250977,-0.0004275426617823541,0.21934553980827332,0.0,0.0,2.63615504536574e-07,0.0013092199806123972,21.326562881469727,27.060935974121094,27.036376953125,232.19685,420.41403,182.5205,160.93909,135.6124,7.389055252075195,7.389055252075195,7.389055252075195,7.389055252075195,0.0,0.0,0.0,0.0,331.63806
752000,3.2928614616394043,-27.234729766845703,-7.85878801252693e-05,0.10993193835020065,0.0,0.0,2.6612502779244096e-07,0.001480194041505456,21.05309295654297,27.27753257751465,27.265422821044922,232.94809,422.33224,182.5205,160.93909,135.6124,7.389055252075195,7.389055252075195,7.389055252075195,7.389055252075195,0.0,0.0,0.0,0.0,329.80157
753000,0.0921112596988678,-27.506248474121094,0.001775282435119152,0.006143371574580669,0.0,0.0,2.6342297587689245e-07,0.001261817174963653,19.593074798583984,27.490066528320312,27.49007797241211,233.73618,424.26773,182.5205,160.93909,135.6124,7.389055252075195,7.389055252075195,7.389055252075195,7.389055252075195,0.0,0.0,0.0,0.0,319.8663
754000,3.128965377807617,-27.698816299438477,0.00032177806133404374,0.11115472763776779,0.0,0.0,2.611199647617468e-07,0.0013682652497664094,20.764827728271484,27.723594665527344,27.69461441040039,234.64375,426.2005,182.5205,160.93909,135.6124,7.389055252075195,7.389055252075195,7.389055252075195,7.389055252075195,0.0,0.0,0.0,0.0,321.6119
755000,2.2415459156036377,-27.487281799316406,-0.0003394148370716721,0.10953061282634735,0.0,0.0,2.417780819996551e-07,0.0014029353624209762,21.241931915283203,27.52960777282715,27.522071838378906,235.44434,428.0226,182.5205,160.93909,135.6124,7.389055252075195,7.389055252075195,7.389055252075195,7.389055252075195,0.0,0.0,0.0,0.0,318.1024
756000,6.6418633460998535,-27.713178634643555,-0.00047032666043378413,0.21788181364536285,0.0,0.0,2.395223930307111e-07,0.0012828221078962088,21.366634368896484,27.738542556762695,27.75722885131836,236.23578,429.9575,182.5205,160.93909,135.6124,7.389055252075195,7.389055252075195,7.389055252075195,7.389055252075195,0.0,0.0,0.0,0.0,319.07477
757000,2.979062080383301,-27.93083953857422,-9.995672007789835e-05,0.10985195636749268,0.0,0.0,2.572112691723305e-07,0.0013099561911076307,21.076305389404297,27.913589477539062,27.91046714782715,237.11197,431.90555,182.5205,160.93909,135.6124,7.389055252075195,7.389055252075195,7.389055252075195,7.389055252075195,0.0,0.0,0.0,0.0,328.00543
758000,0.15743443369865417,-27.95951271057129,-0.0006461602752096951,0.003437535837292671,0.0,0.0,2.518621329272719e-07,0.0013474428560584784,21.47954559326172,27.954811096191406,27.942134857177734,237.9908,433.7449,182.5205,160.93909,135.6124,7.389055252075195,7.389055252075195,7.389055252075195,7.389055252075195,0.0,0.0,0.0,0.0,322.0217
759000,3.126150131225586,-28.314865112304688,0.0008634251425974071,0.11019466072320938,0.0,0.0,2.630835069794557e-07,0.0013565702829509974,20.363523483276367,28.363086700439453,28.330242156982422,238.86537,435.49783,182.5205,160.93909,135.6124,7.389055252075195,7.389055252075195,7.389055252075195,7.389055252075195,0.0,0.0,0.0,0.0,326.9607
760000,2.4114670753479004,-28.147235870361328,0.0007074103341437876,0.11149054765701294,0.0,0.0,2.614229117625655e-07,0.0013669212348759174,20.482479095458984,28.17350196838379,28.189617156982422,239.67311,437.41275,182.5205,160.93909,135.6124,7.389055252075195,7.389055252075195,7.389055252075195,7.389055252075195,0.0,0.0,0.0,0.0,331.73828
761000,0.23233415186405182,-28.252971649169922,0.00010885328083531931,0.005623281002044678,0.0,0.0,2.544212804878043e-07,0.0013739009154960513,20.9207706451416,28.24736213684082,28.264759063720703,240.49202,439.34543,182.5205,160.93909,135.6124,7.389055252075195,7.389055252075195,7.389055252075195,7.389055252075195,0.0,0.0,0.0,0.0,304.2142
762000,0.10541847348213196,-28.281185150146484,0.0008360576466657221,0.00567653588950634,0.0,0.0,2.5718128426888143e-07,0.0011292636627331376,20.2596435546875,28.316125869750977,28.321455001831055,241.38728,441.1755,182.5205,160.93909,135.6124,7.389055252075195,7.389055252075195,7.389055252075195,7.389055252075195,0.0,0.0,0.0,0.0,325.26187
763000,3.6310973167419434,-28.80400848388672,0.0003397843975108117,0.11016865074634552,0.0,0.0,2.659191409293271e-07,0.001187727553769946,20.71392059326172,28.810352325439453,28.806320190429688,242.33684,442.90573,182.5205,160.93909,135.6124,7.389055252075195,7.389055252075195,7.389055252075195,7.389055252075195,0.0,0.0,0.0,0.0,325.94684
764000,0.16454553604125977,-28.784873962402344,0.0023743200581520796,0.0025156629271805286,0.0,0.0,2.4608999638076057e-07,0.0013735451502725482,19.271392822265625,28.765209197998047,28.780193328857422,243.1708,444.73962,182.5205,160.93909,135.6124,7.389055252075195,7.389055252075195,7.389055252075195,7.389055252075195,0.0,0.0,0.0,0.0,320.22092
765000,0.1692884862422943,-28.47477912902832,-0.0012460086727514863,0.008452551439404488,0.0,0.0,2.6924351459456375e-07,0.0013174432097002864,21.945777893066406,28.470584869384766,28.45565414428711,244.05873,446.61008,182.5205,160.93909,135.6124,7.389055252075195,7.389055252075195,7.389055252075195,7.389055252075195,0.0,0.0,0.0,0.0,341.3391
766000,0.1257862001657486,-29.17420196533203,0.0003017321869265288,0.0023226728662848473,0.0,0.0,2.4502074325027934e-07,0.001449889736250043,20.791893005371094,29.179607391357422,29.189701080322266,244.9498,448.46225,182.5205,160.93909,135.6124,7.389055252075195,7.389055252075195,7.389055252075195,7.389055252075195,0.0,0.0,0.0,0.0,344.21555
767000,0.14498448371887207,-28.852144241333008,0.0014236688148230314,0.005130138248205185,0.0,0.0,2.5670669856481254e-07,0.001282103592529893,19.889583587646484,28.865455627441406,28.875152587890625,245.85556,450.22333,182.5205,160.93909,135.6124,7.389055252075195,7.389055252075195,7.389055252075195,7.389055252075195,0.0,0.0,0.0,0.0,341.94305
768000,3.3664193153381348,-29.008695602416992,1.8842125427909195e-05,0.10152554512023926,0.0,0.0,2.531920983983582e-07,0.0011893450282514095,20.98415756225586,29.021806716918945,29.02558135986328,246.66275,452.09912,182.5205,160.93909,135.6124,7.389055252075195,7.389055252075195,7.389055252075195,7.389055252075195,0.0,0.0,0.0,0.0,340.85352
769000,3.6857733726501465,-28.808507919311523,-0.0007860155892558396,0.10985668003559113,0.0,0.0,2.595552928141842e-07,0.001155839883722365,21.680038452148438,28.849475860595703,28.88323974609375,247.45306,453.85406,182.5205,160.93909,135.6124,7.389055252075195,7.389055252075195,7.389055252075195,7.389055252075195,0.0,0.0,0.0,0.0,332.50217
770000,0.14508594572544098,-29.10899543762207,-0.0005294711445458233,0.004439942538738251,0.0,0.0,2.601171900096233e-07,0.0012288091238588095,21.43088150024414,29.101287841796875,29.11367416381836,248.31572,455.77493,182.5205,160.93909,135.6124,7.389055252075195,7.389055252075195,7.389055252075195,7.389055252075195,0.0,0.0,0.0,0.0,339.80615
771000,3.361588716506958,-29.116687774658203,-0.0013734623789787292,0.10973484069108963,0.0,0.0,2.755408559096395e-07,0.0012408987386152148,22.106828689575195,29.148569107055664,29.168914794921875,249.12703,457.5465,182.5205,160.93909,135.6124,7.389055252075195,7.389055252075195,7.389055252075195,7.389055252075195,0.0,0.0,0.0,0.0,335.45312
772000,3.2572827339172363,-29.152626037597656,0.0004556744243018329,0.11198095232248306,0.0,0.0,2.4799521725071827e-07,0.0013393842382356524,20.659788131713867,29.150779724121094,29.151254653930664,249.86363,459.42352,182.5205,160.93909,135.6124,7.389055252075195,7.389055252075195,7.389055252075195,7.389055252075195,0.0,0.0,0.0,0.0,343.7072
773000,3.7991647720336914,-29.319652557373047,-0.000667041924316436,0.11080265045166016,0.0,0.0,2.8199906410009135e-07,0.001253272988833487,21.53223991394043,29.374813079833984,29.351421356201172,250.80687,461.30798,182.5205,160.93909,135.6124,7.389055252075195,7.389055252075195,7.389055252075195,7.389055252075195,0.0,0.0,0.0,0.0,330.9203
774000,3.580925941467285,-29.578388214111328,0.0009487772476859391,0.10956434160470963,0.0,0.0,2.499705828995502e-07,0.0014249325031414628,20.33415985107422,29.52878189086914,29.524829864501953,251.57112,463.16708,182.5205,160.93909,135.6124,7.389055252075195,7.389055252075195,7.389055252075195,7.389055252075195,0.0,0.0,0.0,0.0,349.50888
775000,3.172909736633301,-29.550752639770508,-0.0006278092623688281,0.11033313721418381,0.0,0.0,2.253280939612523e-07,0.0013792399549856782,21.455184936523438,29.585845947265625,29.581472396850586,252.3701,464.92508,182.5205,160.93909,135.6124,7.389055252075195,7.389055252075195,7.389055252075195,7.389055252075195,0.0,0.0,0.0,0.0,326.42105
776000,0.07431768625974655,-29.53197479248047,0.0004136442730668932,0.005094073247164488,0.0,0.0,2.5339573994642706e-07,0.0013891690177842975,20.70223617553711,29.52315902709961,29.53045082092285,253.24986,466.78162,182.5205,160.93909,135.6124,7.389055252075195,7.389055252075195,7.389055252075195,7.389055252075195,0.0,0.0,0.0,0.0,336.95938
777000,7.2215576171875,-29.53287124633789,0.0012440007412806153,0.2171987146139145,0.0,0.0,2.399409027020738e-07,0.0012938405852764845,20.03852081298828,29.57665252685547,29.53778648376465,253.98674,468.6833,182.5205,160.93909,135.6124,7.389055252075195,7.389055252075195,7.389055252075195,7.389055252075195,0.0,0.0,0.0,0.0,340.84796
778000,3.3464362621307373,-29.52010154724121,0.0009818205144256353,0.11003227531909943,0.0,0.0,2.5021481064868567e-07,0.001340191112831235,20.26740264892578,29.551143646240234,29.551246643066406,254.76265,470.55237,182.5205,160.93909,135.6124,7.389055252075195,7.389055252075195,7.389055252075195,7.389055252075195,0.0,0.0,0.0,0.0,337.37534
779000,0.49059897661209106,-29.39922523498535,0.00036885813460685313,0.10629097372293472,0.0,0.0,2.400343817043904e-07,0.0013539156643673778,20.727561950683594,29.40375518798828,29.39649200439453,255.59683,472.39297,182.5205,160.93909,135.6124,7.389055252075195,7.389055252075195,7.389055252075195,7.389055252075195,0.0,0.0,0.0,0.0,345.6332
780000,0.1058618426322937,-29.571855545043945,0.0001882495853351429,0.004412966780364513,0.0,0.0,2.456108632031828e-07,0.0012280939845368266,20.84671401977539,29.614458084106445,29.617740631103516,256.39062,474.18658,182.5205,160.93909,135.6124,7.389055252075195,7.389055252075195,7.389055252075195,7.389055252075195,0.0,0.0,0.0,0.0,342.13428
781000,6.728200435638428,-29.62305450439453,0.000486898235976696,0.2164997160434723,0.0,0.0,2.4278443788716686e-07,0.0012718974612653255,20.6171875,29.65261459350586,29.65102767944336,257.21457,475.97076,182.5205,160.93909,135.6124,7.389055252075195,7.389055252075195,7.389055252075195,7.389055252075195,0.0,0.0,0.0,0.0,340.9461
782000,3.8044016361236572,-29.372512817382812,-0.0016476358287036419,0.11379891633987427,0.0,0.0,2.676438555226923e-07,0.00121317058801651,22.358123779296875,29.395156860351562,29.388568878173828,258.10092,477.9057,182.5205,160.93909,135.6124,7.389055252075195,7.389055252075195,7.389055252075195,7.389055252075195,0.0,0.0,0.0,0.0,336.7163
783000,0.1856485903263092,-29.814760208129883,0.0003540789766702801,0.005057075060904026,0.0,0.0,2.480730074694293e-07,0.001343324314802885,20.73641586303711,29.837078094482422,29.834850311279297,258.85645,479.90634,182.5205,160.93909,135.6124,7.389055252075195,7.389055252075195,7.389055252075195,7.389055252075195,0.0,0.0,0.0,0.0,340.71765
784000,2.1066126823425293,-29.73302459716797,0.0017967240419238806,0.1098046600818634,0.0,0.0,2.6382090823062754e-07,0.001160945976153016,19.452362060546875,29.72112274169922,29.74361801147461,259.56088,481.48105,182.5205,160.93909,135.6124,7.389055252075195,7.389055252075195,7.389055252075195,7.389055252075195,0.0,0.0,0.0,0.0,343.73727
785000,0.0675535500049591,-29.77716827392578,0.0005905716679990292,0.004816245287656784,0.0,0.0,2.541738126637938e-07,0.0012119477614760399,20.51270866394043,29.78666114807129,29.79566192626953,260.22412,483.24652,182.5205,160.93909,135.6124,7.389055252075195,7.389055252075195,7.389055252075195,7.389055252075195,0.0,0.0,0.0,0.0,325.13937
786000,0.13102594017982483,-29.798017501831055,-0.0007487342809326947,0.00292214285582304,0.0,0.0,2.510804790745169e-07,0.0013023564824834466,21.574907302856445,29.785144805908203,29.78555679321289,260.9971,485.22498,182.5205,160.93909,135.6124,7.389055252075195,7.389055252075195,7.389055252075195,7.389055252075195,0.0,0.0,0.0,0.0,345.7386
787000,0.09755886346101761,-29.817079544067383,0.0012579758185893297,0.005446402356028557,0.0,0.0,2.408808370546467e-07,0.001245635561645031,19.990093231201172,29.825624465942383,29.837448120117188,261.8542,487.06067,182.5205,160.93909,135.6124,7.389055252075195,7.389055252075195,7.389055252075195,7.389055252075195,0.0,0.0,0.0,0.0,346.32095
788000,3.382150650024414,-29.791839599609375,4.537403947324492e-05,0.11095430701971054,0.0,0.0,2.503913094642485e-07,0.001191359362564981,20.9619140625,29.815092086791992,29.811809539794922,262.7312,488.78302,182.5205,160.93909,135.6124,7.389055252075195,7.389055252075195,7.389055252075195,7.389055252075195,0.0,0.0,0.0,0.0,338.33673
789000,3.6789889335632324,-29.850183486938477,-5.901916301809251e-05,0.10979584604501724,0.0,0.0,2.511971217700193e-07,0.001197161735035479,21.049299240112305,29.845653533935547,29.879114151000977,263.61307,490.52747,182.5205,160.93909,135.6124,7.389055252075195,7.389055252075195,7.389055252075195,7.389055252075195,0.0,0.0,0.0,0.0,339.48804
790000,7.1078200340271,-29.834049224853516,-0.0005876618670299649,0.21849894523620605,0.0,0.0,2.4970307777039125e-07,0.0011636316776275635,21.505023956298828,29.840171813964844,29.84914779663086,264.5264,492.25345,182.5205,160.93909,135.6124,7.389055252075195,7.389055252075195,7.389055252075195,7.389055252075195,0.0,0.0,0.0,0.001087700016796589,330.89288
791000,0.10440593957901001,-30.072227478027344,0.0004615096258930862,0.004612754099071026,0.0,0.0,2.6119721496797865e-07,0.0012715270277112722,20.637042999267578,30.059242248535156,30.06092643737793,265.3766,494.05746,182.5205,160.93909,135.6124,7.389055252075195,7.389055252075195,7.389055252075195,7.389055252075195,0.0,0.0,0.0,0.0,339.89026
792000,3.602534294128418,-29.9864559173584,-0.0010183675913140178,0.11052971333265305,0.0,0.0,2.396070897248137e-07,0.0012956940336152911,21.78596305847168,29.981334686279297,30.01492691040039,266.1765,495.8682,182.5205,160.93909,135.6124,7.389055252075195,7.389055252075195,7.389055252075195,7.389055252075195,0.0,0.0,0.0,0.0,334.72345
793000,3.6863110065460205,-29.93559455871582,-0.0015325176063925028,0.10978233069181442,0.0,0.0,2.565934664744418e-07,0.0012241574004292488,22.251895904541016,29.981462478637695,29.988750457763672,266.95984,497.6865,182.5205,160.93909,135.6124,7.389055252075195,7.389055252075195,7.389055252075195,7.389055252075195,0.0,0.0,0.0,0.0,332.37277
794000,0.16726666688919067,-30.034423828125,0.0008787416154518723,0.0051874518394470215,0.0,0.0,2.3712783558949013e-07,0.001208689296618104,20.272979736328125,30.00826644897461,30.026771545410156,267.67334,499.31873,182.5205,160.93909,135.6124,7.389055252075195,7.389055252075195,7.389055252075195,7.389055252075195,0.0,0.0,0.0,0.0,350.54306
795000,0.10302603989839554,-29.978792190551758,-0.0013953628949820995,0.004110551904886961,0.0,0.0,2.388704558597965e-07,0.0011463825358077884,22.217187881469727,29.95193099975586,29.965259552001953,268.29617,501.0766,182.5205,160.93909,135.6124,7.389055252075195,7.389055252075195,7.389055252075195,7.389055252075195,0.0,0.0,0.0,0.0,345.89975
796000,3.463627815246582,-30.030261993408203,0.00034123475779779255,0.10884135216474533,0.0,0.0,2.2974001012698864e-07,0.0011031415779143572,20.690670013427734,30.061019897460938,30.06975746154785,268.9297,502.73132,182.5205,160.93909,135.6124,7.389055252075195,7.389055252075195,7.389055252075195,7.389055252075195,0.0,0.0,0.0,0.0,351.6328
797000,0.0993887260556221,-30.232105255126953,-0.0010705454042181373,0.005026346072554588,0.0,0.0,2.499769493624626e-07,0.0010769087821245193,21.994091033935547,30.22794532775879,30.238693237304688,269.6201,504.47845,182.5205,160.93909,135.6124,7.389055252075195,7.389055252075195,7.389055252075195,7.389055252075195,0.0,0.0,0.0,0.0,347.4299
798000,0.15425103902816772,-30.03876495361328,-0.0011223602341488004,0.006939701735973358,0.0,0.0,2.4442445578642946e-07,0.0011209661606699228,22.001243591308594,30.043115615844727,30.012195587158203,270.2732,506.25003,182.5205,160.93909,135.6124,7.389055252075195,7.389055252075195,7.389055252075195,7.389055252075195,0.0,0.0,0.0,0.0,349.622
799000,3.7210280895233154,-30.247974395751953,-0.0004118635843042284,0.1123334988951683,0.0,0.0,2.4609519755358633e-07,0.0011625103652477264,21.35428810119629,30.28476333618164,30.30406379699707,271.0352,508.10492,182.5205,160.93909,135.6124,7.389055252075195,7.389055252075195,7.389055252075195,7.389055252075195,0.0,0.0,0.0,0.0,345.82413
800000,0.16565725207328796,-30.52833366394043,0.000811827601864934,0.003440817352384329,0.0,0.0,2.408475836546131e-07,0.00105579593218863,20.231075286865234,30.53305435180664,30.536041259765625,271.8044,509.84677,182.5205,160.93909,135.6124,7.389055252075195,7.389055252075195,7.389055252075195,7.389055252075195,0.0,0.0,0.0,0.0,347.2949
801000,0.08893725275993347,-30.431928634643555,0.0001966072159120813,0.00533016724511981,0.0,0.0,2.3393550918626715e-07,0.0010736928088590503,20.81688690185547,30.463735580444336,30.440845489501953,272.53537,511.2782,182.5205,160.93909,135.6124,7.389055252075195,7.389055252075195,7.389055252075195,7.389055252075195,0.0,0.0,0.0,0.0,298.14188
802000,0.1455714851617813,-30.506309509277344,0.0005380311049520969,0.004063616972416639,0.0,0.0,2.485604397861607e-07,0.001085110823623836,20.504169464111328,30.52618408203125,30.51866912841797,273.2726,512.91064,182.5205,160.93909,135.6124,7.389055252075195,7.389055252075195,7.389055252075195,7.389055252075195,0.0,0.0,0.0,0.0,344.57254
803000,7.477862358093262,-30.21549415588379,-0.0006092080730013549,0.2164570540189743,0.0,0.0,2.444156166347966e-07,0.0010776176350191236,21.56532859802246,30.230356216430664,30.208141326904297,273.89853,514.6169,182.5205,160.93909,135.6124,7.389055252075195,7.389055252075195,7.389055252075195,7.389055252075195,0.0,0.0,0.0,0.0,334.34903
804000,0.07707291096448898,-30.517202377319336,0.0002786258119158447,0.004183391574770212,0.0,0.0,2.1065214639293117e-07,0.0010871648555621505,20.74371337890625,30.48202896118164,30.492584228515625,274.6145,516.46643,182.5205,160.93909,135.6124,7.389055252075195,7.389055252075195,7.389055252075195,7.389055252075195,0.0,0.0,0.0,0.0,323.00217
805000,0.17029805481433868,-30.27909278869629,0.00029795992304570973,0.004469412844628096,0.0,0.0,2.3766835965943756e-07,0.0011548774782568216,20.74199867248535,30.32535171508789,30.301769256591797,275.281,518.0815,182.5205,160.93909,135.6124,7.389055252075195,7.389055252075195,7.389055252075195,7.389055252075195,0.0,0.0,0.0,0.0,342.6448
806000,0.16856402158737183,-30.36520004272461,-0.0007888826658017933,0.006145017221570015,0.0,0.0,2.2720819004007353e-07,0.0011218325234949589,21.703208923339844,30.388835906982422,30.390300750732422,276.0338,519.8407,182.5205,160.93909,135.6124,7.389055252075195,7.389055252075195,7.389055252075195,7.389055252075195,0.0,0.0,0.0,0.0,340.85114
807000,0.08237014710903168,-30.744365692138672,-0.0002473008935339749,0.0029652139637619257,0.0,0.0,2.2527633802837954e-07,0.0010309211211279035,21.239883422851562,30.73387336730957,30.749813079833984,276.91367,521.54474,182.5205,160.93909,135.6124,7.389055252075195,7.389055252075195,7.389055252075195,7.389055252075195,0.0,0.0,0.0,0.0,353.11676
808000,0.08447003364562988,-30.627174377441406,-0.00019617761427070946,0.005235524848103523,0.0,0.0,2.1918675940924004e-07,0.0010234491201117635,21.191682815551758,30.6141414642334,30.618274688720703,277.57422,523.2019,182.5205,160.93909,135.6124,7.389055252075195,7.389055252075195,7.389055252075195,7.389055252075195,0.0,0.0,0.0,0.0,341.1622
809000,0.21161574125289917,-30.68108367919922,-0.0002658961748238653,0.0034215967170894146,0.0,0.0,2.4252446451100695e-07,0.0009654033347032964,21.27542495727539,30.68344497680664,30.670215606689453,278.20267,524.9271,182.5205,160.93909,135.6124,7.389055252075195,7.389055252075195,7.389055252075195,7.389055252075195,0.0,0.0,0.0,0.0,336.56168
810000,0.21451438963413239,-30.716142654418945,-0.0002861170214600861,0.005418212153017521,0.0,0.0,2.4416053179265873e-07,0.000978926196694374,21.29227638244629,30.719289779663086,30.726154327392578,278.95996,526.71606,182.5205,160.93909,135.6124,7.389055252075195,7.389055252075195,7.389055252075195,7.389055252075195,0.0,0.0,0.0,0.0,336.66977
811000,0.06495505571365356,-30.663585662841797,0.0011888850713148713,0.0054788230918347836,0.0,0.0,2.615564085317601e-07,0.0010613681515678763,19.87985610961914,30.688169479370117,30.691936492919922,279.71915,528.5291,182.5205,160.93909,135.6124,7.389055252075195,7.389055252075195,7.389055252075195,7.389055252075195,0.0,0.0,0.0,0.0,346.67593
812000,0.09788089990615845,-30.574018478393555,-0.00036553642712533474,0.004365702159702778,0.0,0.0,2.5151919658128463e-07,0.0010970215080305934,21.333208084106445,30.575607299804688,30.577865600585938,280.38852,530.3181,182.5205,160.93909,135.6124,7.389055252075195,7.389055252075195,7.389055252075195,7.389055252075195,0.0,0.0,0.0,0.0,325.40845
813000,0.14953836798667908,-30.470569610595703,-0.00012535895803011954,0.0065535870380699635,0.0,0.0,2.467888009505259e-07,0.0011056861840188503,21.11337661743164,30.518157958984375,30.491165161132812,280.9969,532.2339,182.5205,160.93909,135.6124,7.389055252075195,7.389055252075195,7.389055252075195,7.389055252075195,0.0,0.0,0.0,0.0,347.8726
814000,3.8285841941833496,-30.410423278808594,-0.00041778761078603566,0.11190478503704071,0.0,0.0,2.543646075992001e-07,0.0011892769252881408,21.351295471191406,30.414749145507812,30.415857315063477,281.70203,534.0688,182.5205,160.93909,135.6124,7.389055252075195,7.389055252075195,7.389055252075195,7.389055252075195,0.0,0.0,0.0,0.0,351.20096
815000,3.627208709716797,-30.5316162109375,-0.0005057391826994717,0.10737643390893936,0.0,0.0,2.3330957787948137e-07,0.0010612827027216554,21.47653579711914,30.539674758911133,30.537166595458984,282.42755,535.8859,182.5205,160.93909,135.6124,7.389055252075195,7.389055252075195,7.389055252075195,7.389055252075195,0.0,0.0,0.0,0.0,338.18652
816000,0.21355004608631134,-30.419357299804688,-0.00023511007020715624,0.005442039109766483,0.0,0.0,2.277598838418271e-07,0.001112714409828186,21.211294174194336,30.44063949584961,30.452342987060547,283.11493,537.7521,182.5205,160.93909,135.6124,7.389055252075195,7.389055252075195,7.389055252075195,7.389055252075195,0.0,0.0,0.0,0.0,325.90475
817000,3.782914638519287,-30.645523071289062,4.776094283442944e-05,0.11031409353017807,0.0,0.0,2.311644351493669e-07,0.0010428756941109896,20.95420265197754,30.658809661865234,30.6561279296875,283.8093,539.42377,182.5205,160.93909,135.6124,7.389055252075195,7.389055252075195,7.389055252075195,7.389055252075195,0.0,0.0,0.0,0.0,346.61826
818000,0.10592395067214966,-30.533077239990234,0.0009387445752508938,0.004316012375056744,0.0,0.0,2.4661309794282715e-07,0.0011160374851897359,20.158859252929688,30.541881561279297,30.56684112548828,284.51868,541.1705,182.5205,160.93909,135.6124,7.389055252075195,7.389055252075195,7.389055252075195,7.389055252075195,0.0,0.0,0.0,0.0,346.38974
819000,0.20567834377288818,-30.574554443359375,-0.0014245237689465284,0.004980397876352072,0.0,0.0,2.3671131543778756e-07,0.001173656084574759,22.213748931884766,30.590572357177734,30.596525192260742,285.16397,542.81757,182.5205,160.93909,135.6124,7.389055252075195,7.389055252075195,7.389055252075195,7.389055252075195,0.0,0.0,0.0,0.0,357.04724
820000,4.019036293029785,-30.649917602539062,-0.0007706184405833483,0.11040455102920532,0.0,0.0,2.5369990908075124e-07,0.0010434124851599336,21.738555908203125,30.659395217895508,30.677400588989258,285.91647,544.47864,182.5205,160.93909,135.6124,7.389055252075195,7.389055252075195,7.389055252075195,7.389055252075195,0.0,0.0,0.0,0.0,351.12302
821000,0.15549783408641815,-30.730918884277344,-0.0018463918240740895,0.0032735755667090416,0.0,0.0,2.4422945443802746e-07,0.0010120384395122528,22.82442855834961,30.724830627441406,30.710514068603516,286.5985,545.98785,182.5205,160.93909,135.6124,7.389055252075195,7.389055252075195,7.389055252075195,7.389055252075195,0.0,0.0,0.0,0.0,360.58096
822000,0.17518213391304016,-30.833866119384766,0.00018699627253226936,0.004444320686161518,0.0,0.0,2.416990696474386e-07,0.0010615433566272259,20.82384490966797,30.837955474853516,30.833805084228516,287.30255,547.7322,182.5205,160.93909,135.6124,7.389055252075195,7.389055252075195,7.389055252075195,7.389055252075195,0.0,0.0,0.0,0.0,350.99472
823000,0.168817400932312,-30.78559112548828,-0.0009451956721022725,0.004122718703001738,0.0,0.0,2.2618263528784155e-07,0.001038803020492196,21.909889221191406,30.82265281677246,30.804443359375,288.02023,549.38794,182.5205,160.93909,135.6124,7.389055252075195,7.389055252075195,7.389055252075195,7.389055252075195,0.0,0.0,0.0,0.0,345.02542
824000,0.14627140760421753,-30.934162139892578,0.0004965353873558342,0.0035414875019341707,0.0,0.0,2.3663346837565769e-07,0.0010573351755738258,20.5303897857666,30.902477264404297,30.915115356445312,288.71063,551.1631,182.5205,160.93909,135.6124,7.389055252075195,7.389055252075195,7.389055252075195,7.389055252075195,0.0,0.0,0.0,0.0,347.69214
825000,0.09484067559242249,-30.646324157714844,-0.0011569004273042083,0.0046976832672953606,0.0,0.0,2.3765842627199163e-07,0.001128574600443244,22.02509880065918,30.64505386352539,30.678186416625977,289.35464,552.86597,182.5205,160.93909,135.6124,7.389055252075195,7.389055252075195,7.389055252075195,7.389055252075195,0.0,0.0,0.0,0.0,347.29
826000,0.16755883395671844,-30.65682601928711,-0.0011008931323885918,0.00406864657998085,0.0,0.0,2.2203680316579266e-07,0.0010861061746254563,22.013614654541016,30.571609497070312,30.62558364868164,290.0151,554.5468,182.5205,160.93909,135.6124,7.389055252075195,7.389055252075195,7.389055252075195,7.389055252075195,0.0,0.0,0.0,0.0,341.50488
827000,3.7798027992248535,-30.746217727661133,0.00023495458299294114,0.11228492856025696,0.0,0.0,2.401842209565075e-07,0.001144002191722393,20.794620513916016,30.751569747924805,30.77751922607422,290.73358,556.3033,182.5205,160.93909,135.6124,7.389055252075195,7.389055252075195,7.389055252075195,7.389055252075195,0.0,0.0,0.0,0.0,347.0008
828000,0.14393791556358337,-30.791488647460938,-0.0008548871846869588,0.006193358451128006,0.0,0.0,2.361602895462056e-07,0.0011591642396524549,21.737503051757812,30.82375717163086,30.823970794677734,291.38992,558.00415,182.5205,160.93909,135.6124,7.389055252075195,7.389055252075195,7.389055252075195,7.389055252075195,0.0,0.0,0.0,0.0,362.63815
829000,3.9451546669006348,-30.970476150512695,0.0012837254907935858,0.11157673597335815,0.0,0.0,2.3436371066054562e-07,0.0011275697033852339,19.86151123046875,30.95185089111328,30.97226333618164,292.027,559.61725,182.5205,160.93909,135.6124,7.389055252075195,7.389055252075195,7.389055252075195,7.389055252075195,0.0,0.0,0.0,0.0,362.50858
830000,0.12178440392017365,-30.974605560302734,0.0010400600731372833,0.004670949652791023,0.0,0.0,2.4025430889196286e-07,0.0010887267999351025,20.044700622558594,30.96009063720703,30.992198944091797,292.64532,561.2795,182.5205,160.93909,135.6124,7.389055252075195,7.389055252075195,7.389055252075195,7.389055252075195,0.0,0.0,0.0,0.0,343.75772
831000,0.08109830319881439,-31.03630256652832,-0.0012923250906169415,0.003690870478749275,0.0,0.0,2.347349976616897e-07,0.0010571052553132176,22.22251319885254,31.06476593017578,31.052541732788086,293.34357,562.7976,182.5205,160.93909,135.6124,7.389055252075195,7.389055252075195,7.389055252075195,7.389055252075195,0.0,0.0,0.0,0.0,356.68848
832000,0.09146612882614136,-31.227619171142578,-6.620930071221665e-05,0.003933229483664036,0.0,0.0,2.3525289805093053e-07,0.0010775000555440784,21.061447143554688,31.210227966308594,31.227664947509766,294.04675,564.516,182.5205,160.93909,135.6124,7.389055252075195,7.389055252075195,7.389055252075195,7.389055252075195,0.0,0.0,0.0,0.0,357.46735
833000,4.1893768310546875,-31.179977416992188,0.0002634762495290488,0.1097574532032013,0.0,0.0,2.135678158765586e-07,0.0010316616389900446,20.744609832763672,31.16085433959961,31.16034698486328,294.74005,566.0929,182.5205,160.93909,135.6124,7.389055252075195,7.389055252075195,7.389055252075195,7.389055252075195,0.0,0.0,0.0,0.0,365.24786
834000,0.10153130441904068,-31.165035247802734,-0.0012693764874711633,0.00473482720553875,0.0,0.0,2.2027253976375505e-07,0.0009639221825636923,22.31688690185547,31.12619400024414,31.125389099121094,295.4629,567.6726,182.5205,160.93909,135.6124,7.389055252075195,7.389055252075195,7.389055252075195,7.389055252075195,0.0,0.0,0.0,0.0,355.51318
835000,3.9293735027313232,-31.411230087280273,0.00017082093108911067,0.11082472652196884,0.0,0.0,2.3382942515581817e-07,0.0009221326326951385,20.814754486083984,31.398372650146484,31.395849227905273,296.14426,569.1826,182.5205,160.93909,135.6124,7.389055252075195,7.389055252075195,7.389055252075195,7.389055252075195,0.0,0.0,0.0,0.0,348.12082
836000,0.10595616698265076,-31.43980598449707,-8.654626435600221e-05,0.0033527137711644173,0.0,0.0,2.3215716282720678e-07,0.0008517319802194834,21.101612091064453,31.47235107421875,31.46407127380371,296.77744,570.79913,182.5205,160.93909,135.6124,7.389055252075195,7.389055252075195,7.389055252075195,7.389055252075195,0.0,0.0,0.0,0.0,349.1108
837000,0.0578983835875988,-31.33530044555664,0.0004173189227003604,0.005880672484636307,0.0,0.0,2.4029347400755796e-07,0.0008462005644105375,20.506832122802734,31.33179473876953,31.332721710205078,297.50543,572.1841,182.5205,160.93909,135.6124,7.389055252075195,7.389055252075195,7.389055252075195,7.389055252075195,0.0,0.0,0.0,0.0,341.14963
838000,0.03767945617437363,-31.737682342529297,0.0005966906901448965,0.0018160955514758825,0.0,0.0,2.2698684176702955e-07,0.0008378939819522202,20.28786849975586,31.730422973632812,31.720550537109375,298.16336,573.74225,182.5205,160.93909,135.6124,7.389055252075195,7.389055252075195,7.389055252075195,7.389055252075195,0.0,0.0,0.0,0.0,353.32462
839000,3.826326847076416,-31.57537269592285,0.0003379728295840323,0.10897163301706314,0.0,0.0,2.3303530838347797e-07,0.0008615002734586596,20.60769271850586,31.611101150512695,31.572431564331055,298.88614,575.2638,182.5205,160.93909,135.6124,7.389055252075195,7.389055252075195,7.389055252075195,7.389055252075195,0.0,0.0,0.0,0.0,352.63565
840000,0.04741489514708519,-31.566551208496094,-0.0005167796043679118,0.004117271862924099,0.0,0.0,2.2794635867739999e-07,0.0008627166971564293,21.599014282226562,31.57045555114746,31.568359375,299.5312,576.8402,182.5205,160.93909,135.6124,7.389055252075195,7.389055252075195,7.389055252075195,7.389055252075195,0.0,0.0,0.0,0.0,341.83667
841000,7.878649711608887,-31.681499481201172,-0.0003387934120837599,0.2163761556148529,0.0,0.0,2.2941735267067997e-07,0.0008808769634924829,21.38460922241211,31.687484741210938,31.699634552001953,300.16995,578.33057,182.5205,160.93909,135.6124,7.389055252075195,7.389055252075195,7.389055252075195,7.389055252075195,0.0,0.0,0.0,0.0,351.40463
842000,0.05575336515903473,-31.438716888427734,-0.0006099548772908747,0.004921928979456425,0.0,0.0,2.1711551312364463e-07,0.0008999454439617693,21.67776870727539,31.454448699951172,31.44310188293457,300.83994,579.9427,182.5205,160.93909,135.6124,7.389055252075195,7.389055252075195,7.389055252075195,7.389055252075195,0.0,0.0,0.0,0.0,348.67514
843000,0.06682489812374115,-31.679811477661133,-0.0009020842262543738,0.003942491486668587,0.0,0.0,2.2797088661263842e-07,0.0007892779540270567,22.14292335510254,31.682056427001953,31.713146209716797,301.50864,581.4129,182.5205,160.93909,135.6124,7.389055252075195,7.389055252075195,7.389055252075195,7.389055252075195,0.0,0.0,0.0,0.0,341.3979
844000,0.11269983649253845,-31.843801498413086,0.00016394142585340887,0.0023332363925874233,0.0,0.0,2.1820129347815964e-07,0.0007986297132447362,20.794721603393555,31.82859992980957,31.81344985961914,302.18216,583.01996,182.5205,160.93909,135.6124,7.389055252075195,7.389055252075195,7.389055252075195,7.389055252075195,0.0,0.0,0.0,0.0,344.71463
845000,0.049956317991018295,-31.9603271484375,7.333500980166718e-05,0.0037474220152944326,0.0,0.0,2.124631635069818e-07,0.0009144863579422235,20.91980743408203,31.976131439208984,31.980159759521484,302.79913,584.6866,182.5205,160.93909,135.6124,7.389055252075195,7.389055252075195,7.389055252075195,7.389055252075195,0.0,0.0,0.0,0.0,367.07483
846000,0.07254481315612793,-31.921947479248047,0.00021441579156089574,0.0048716142773628235,0.0,0.0,2.0466245587158483e-07,0.0008964992593973875,20.76082992553711,31.901660919189453,31.932231903076172,303.43393,586.32153,182.5205,160.93909,135.6124,7.389055252075195,7.389055252075195,7.389055252075195,7.389055252075195,0.0,0.0,0.0,0.0,351.5879
847000,4.114768981933594,-31.91054344177246,0.0015969417290762067,0.10846839100122452,0.0,0.0,2.3457786824110372e-07,0.0008890829049050808,19.203832626342773,31.933212280273438,31.952455520629883,304.0035,588.0153,182.5205,160.93909,135.6124,7.389055252075195,7.389055252075195,7.389055252075195,7.389055252075195,0.0,0.0,0.0,0.0,329.37424
848000,0.3080497980117798,-31.657621383666992,-0.0007989146979525685,0.004529779311269522,0.0,0.0,2.128542888613083e-07,0.001011718064546585,21.789661407470703,31.65923309326172,31.65302276611328,304.62582,589.7993,182.5205,160.93909,135.6124,7.389055252075195,7.389055252075195,7.389055252075195,7.389055252075195,0.0,0.0,0.0,0.0,357.68552
849000,0.19294309616088867,-31.753856658935547,-0.0003708039002958685,0.003087818156927824,0.0,0.0,2.206365934398491e-07,0.0009686546982266009,21.382802963256836,31.79027557373047,31.75341033935547,305.1687,591.48206,182.5205,160.93909,135.6124,7.389055252075195,7.389055252075195,7.389055252075195,7.389055252075195,0.0,0.0,0.0,0.0,354.1288
850000,4.0685906410217285,-31.815776824951172,-0.000533471058588475,0.10938280075788498,0.0,0.0,2.4730596237532154e-07,0.000988780870102346,21.53952407836914,31.842193603515625,31.844032287597656,305.80945,593.2006,182.5205,160.93909,135.6124,7.389055252075195,7.389055252075195,7.389055252075195,7.389055252075195,0.0,0.0,0.0,0.0,340.08383
851000,8.133691787719727,-32.04989242553711,0.0008514716173522174,0.20937973260879517,0.0,0.0,2.2281312794802943e-07,0.0008891923353075981,20.042421340942383,32.065284729003906,32.06163024902344,306.43967,594.75604,182.5205,160.93909,135.6124,7.389055252075195,7.389055252075195,7.389055252075195,7.389055252075195,0.0,0.0,0.0,0.0,358.01593
852000,0.10447164624929428,-31.992462158203125,0.00016020520706661046,0.002905267057940364,0.0,0.0,2.426742753414146e-07,0.0009194004232995212,20.82575035095215,31.970813751220703,31.983661651611328,307.06064,596.3595,182.5205,160.93909,135.6124,7.389055252075195,7.389055252075195,7.389055252075195,7.389055252075195,0.0,0.0,0.0,0.0,340.10562
853000,4.270979881286621,-31.609825134277344,-0.0006015162216499448,0.11061136424541473,0.0,0.0,2.4070610038506857e-07,0.0009731259196996689,21.618127822875977,31.610816955566406,31.575031280517578,307.65613,598.3049,182.5205,160.93909,135.6124,7.389055252075195,7.389055252075195,7.389055252075195,7.389055252075195,0.0,0.0,0.0,0.0,351.06354
854000,4.0666608810424805,-31.815107345581055,-0.00016090503777377307,0.10975224524736404,0.0,0.0,2.0323963667578937e-07,0.0009417555411346257,21.170856475830078,31.840362548828125,31.815570831298828,308.32132,599.93427,182.5205,160.93909,135.6124,7.389055252075195,7.389055252075195,7.389055252075195,7.389055252075195,0.0,0.0,0.0,0.0,331.0957
855000,0.25023555755615234,-31.78680419921875,0.0005184392794035375,0.004174405243247747,0.0,0.0,2.450871647852182e-07,0.0010170605964958668,20.490257263183594,31.762542724609375,31.782756805419922,308.92896,601.60876,182.5205,160.93909,135.6124,7.389055252075195,7.389055252075195,7.389055252075195,7.389055252075195,0.0,0.0,0.0,0.0,338.03946
856000,0.13069836795330048,-31.45686912536621,-4.689000707003288e-05,0.004044080153107643,0.0,0.0,2.1014386675233254e-07,0.0010559173533692956,21.04440689086914,31.475500106811523,31.470943450927734,309.55746,603.3226,182.5205,160.93909,135.6124,7.389055252075195,7.389055252075195,7.389055252075195,7.389055252075195,0.0,0.0,0.0,0.0,352.77228
857000,0.215333491563797,-31.445270538330078,-1.2533836297734524e-06,0.004730219021439552,0.0,0.0,2.2333261995299836e-07,0.0010203943820670247,21.00122833251953,31.421157836914062,31.42144775390625,310.1821,604.91626,182.5205,160.93909,135.6124,7.389055252075195,7.389055252075195,7.389055252075195,7.389055252075195,0.0,0.0,0.0,0.0,360.5449
858000,3.965113401412964,-31.615297317504883,0.0010974147589877248,0.10993767529726028,0.0,0.0,2.1718037146456481e-07,0.000977000338025391,19.876750946044922,31.649290084838867,31.648277282714844,310.8167,606.4962,182.5205,160.93909,135.6124,7.389055252075195,7.389055252075195,7.389055252075195,7.389055252075195,0.0,0.0,0.0,0.0,354.44733
859000,0.09177421033382416,-31.467613220214844,-0.0005223549669608474,0.004541919566690922,0.0,0.0,2.3701943518972257e-07,0.0009517840226180851,21.548816680908203,31.512989044189453,31.49395751953125,311.3786,608.10266,182.5205,160.93909,135.6124,7.389055252075195,7.389055252075195,7.389055252075195,7.389055252075195,0.0,0.0,0.0,0.0,347.51138
860000,3.9890365600585938,-31.496807098388672,0.0007111157174222171,0.11056221276521683,0.0,0.0,2.609905607187102e-07,0.0009357228991575539,20.240036010742188,31.4856014251709,31.476749420166016,311.9884,610.01715,182.5205,160.93909,135.6124,7.389055252075195,7.389055252075195,7.389055252075195,7.389055252075195,0.0,0.0,0.0,0.0,346.98193
861000,0.08524316549301147,-31.554351806640625,0.0008070637122727931,0.003718653228133917,0.0,0.0,2.2944135480429395e-07,0.0008972245850600302,20.100488662719727,31.564619064331055,31.56653594970703,312.6167,611.65045,182.5205,160.93909,135.6124,7.389055252075195,7.389055252075195,7.389055252075195,7.389055252075195,0.0,0.0,0.0,0.0,363.3788
862000,0.20513738691806793,-31.429420471191406,5.20388493896462e-05,0.003923707641661167,0.0,0.0,2.4411306753790996e-07,0.0009523647022433579,20.945358276367188,31.44180679321289,31.442045211791992,313.27814,613.24805,182.5205,160.93909,135.6124,7.389055252075195,7.389055252075195,7.389055252075195,7.389055252075195,0.0,0.0,0.0,0.0,347.73166
863000,4.03098201751709,-31.302370071411133,-0.0017336464952677488,0.11210579425096512,0.0,0.0,2.2162610946452332e-07,0.0009419208508916199,22.840543746948242,31.303810119628906,31.285083770751953,313.9097,614.9157,182.5205,160.93909,135.6124,7.389055252075195,7.389055252075195,7.389055252075195,7.389055252075195,0.0,0.0,0.0,0.0,367.84045
864000,7.9811530113220215,-31.50652313232422,-0.00018808910681400448,0.2157973051071167,0.0,0.0,2.3637348078864306e-07,0.0009372420608997345,21.20068359375,31.52616310119629,31.54918098449707,314.60538,616.5735,182.5205,160.93909,135.6124,7.389055252075195,7.389055252075195,7.389055252075195,7.389055252075195,0.0,0.0,0.0,0.0,357.9146
865000,0.2827809453010559,-31.457271575927734,0.0008606418850831687,0.0045639099553227425,0.0,0.0,2.1922623716363887e-07,0.0010466130916029215,20.177688598632812,31.441314697265625,31.452880859375,315.2051,618.1523,182.5205,160.93909,135.6124,7.389055252075195,7.389055252075195,7.389055252075195,7.389055252075195,0.0,0.0,0.0,0.0,370.05222
866000,3.923401355743408,-31.400320053100586,0.0004756389243993908,0.11055580526590347,0.0,0.0,2.2928890075490926e-07,0.0010392569238319993,20.542327880859375,31.397090911865234,31.397016525268555,315.75064,619.6344,182.5205,160.93909,135.6124,7.389055252075195,7.389055252075195,7.389055252075195,7.389055252075195,0.0,0.0,0.0,0.0,362.3855
867000,4.116633415222168,-31.498661041259766,-0.0004050756397191435,0.11061014235019684,0.0,0.0,2.2305037816749973e-07,0.001043069758452475,21.388349533081055,31.52503204345703,31.533580780029297,316.301,621.21075,182.5205,160.93909,135.6124,7.389055252075195,7.389055252075195,7.389055252075195,7.389055252075195,0.0,0.0,0.0,0.0,366.1289
868000,0.13985836505889893,-31.401573181152344,-0.0002134613023372367,0.004889140371233225,0.0,0.0,2.333633517537237e-07,0.0010267638135701418,21.207897186279297,31.43671226501465,31.425548553466797,316.77106,622.54407,182.5205,160.93909,135.6124,7.389055252075195,7.389055252075195,7.389055252075195,7.389055252075195,0.0,0.0,0.0,0.0,360.90005
869000,0.10368521511554718,-31.53907012939453,-1.056772543961415e-05,0.0047768158838152885,0.0,0.0,2.241608001440909e-07,0.0010781341698020697,21.009801864624023,31.543296813964844,31.5343017578125,317.3209,624.24274,182.5205,160.93909,135.6124,7.389055252075195,7.389055252075195,7.389055252075195,7.389055252075195,0.0,0.0,0.0,0.0,358.84274
870000,0.207715705037117,-31.500755310058594,-0.0006783631979487836,0.0035728756338357925,0.0,0.0,2.2097772500728752e-07,0.001026526908390224,21.66083335876465,31.526668548583984,31.533626556396484,317.81958,625.8226,182.5205,160.93909,135.6124,7.389055252075195,7.389055252075195,7.389055252075195,7.389055252075195,0.0,0.0,0.0,0.0,359.3706
871000,0.08340315520763397,-31.55575942993164,0.0007430971600115299,0.004300454631447792,0.0,0.0,2.156424301347215e-07,0.001091332407668233,20.319091796875,31.58511734008789,31.57880210876465,318.35693,627.32513,182.5205,160.93909,135.6124,7.389055252075195,7.389055252075195,7.389055252075195,7.389055252075195,0.0,0.0,0.0,0.0,362.69086
872000,0.06606166064739227,-31.411758422851562,-0.00012608231918420643,0.005848701577633619,0.0,0.0,2.308242557091944e-07,0.0010879256296902895,21.11589241027832,31.43520164489746,31.425888061523438,318.95132,628.9695,182.5205,160.93909,135.6124,7.389055252075195,7.389055252075195,7.389055252075195,7.389055252075195,0.0,0.0,0.0,0.0,356.99854
873000,0.09505132585763931,-31.340476989746094,-0.0006555949221365154,0.005565037485212088,0.0,0.0,2.0244664256097167e-07,0.0011237802682444453,21.583383560180664,31.336034774780273,31.316104888916016,319.5319,630.396,182.5205,160.93909,135.6124,7.389055252075195,7.389055252075195,7.389055252075195,7.389055252075195,0.0,0.0,0.0,0.0,363.8918
874000,0.10226830840110779,-31.213817596435547,-0.0006958228768780828,0.006557352840900421,0.0,0.0,2.421847113964759e-07,0.0010275919921696186,21.677139282226562,31.197256088256836,31.177696228027344,320.08893,632.052,182.5205,160.93909,135.6124,7.389055252075195,7.389055252075195,7.389055252075195,7.389055252075195,0.0,0.0,0.0,0.0,345.96127
875000,0.17723923921585083,-31.169591903686523,-0.00013890145055484027,0.006852632388472557,0.0,0.0,2.2321988524254266e-07,0.001048858743160963,21.132431030273438,31.161874771118164,31.162797927856445,320.674,633.59106,182.5205,160.93909,135.6124,7.389055252075195,7.389055252075195,7.389055252075195,7.389055252075195,0.0,0.0,0.0,0.0,363.49667
876000,3.988619565963745,-31.480018615722656,0.00019323652668390423,0.11020931601524353,0.0,0.0,2.3014027306089702e-07,0.0010331592056900263,20.812965393066406,31.49565887451172,31.567882537841797,321.23636,635.2177,182.5205,160.93909,135.6124,7.389055252075195,7.389055252075195,7.389055252075195,7.389055252075195,0.0,0.0,0.0,0.0,354.91306
877000,0.146635040640831,-31.254249572753906,-0.0011074072681367397,0.006291036494076252,0.0,0.0,2.2184451609064126e-07,0.0009764652349986136,22.134098052978516,31.251049041748047,31.242698669433594,321.82758,636.6587,182.5205,160.93909,135.6124,7.389055252075195,7.389055252075195,7.389055252075195,7.389055252075195,0.0,0.0,0.0,0.0,362.46603
878000,0.053970225155353546,-31.534954071044922,0.0002228656376246363,0.004601380787789822,0.0,0.0,2.4502858764208213e-07,0.001051092753186822,20.787967681884766,31.52111053466797,31.541915893554688,322.34686,638.28406,182.5205,160.93909,135.6124,7.389055252075195,7.389055252075195,7.389055252075195,7.389055252075195,0.0,0.0,0.0,0.0,353.66757
879000,0.2110503613948822,-31.73041534423828,0.000616353761870414,0.003277901094406843,0.0,0.0,2.300692045764663e-07,0.000949072593357414,20.35057258605957,31.72431755065918,31.71394157409668,322.9294,639.613,182.5205,160.93909,135.6124,7.389055252075195,7.389055252075195,7.389055252075195,7.389055252075195,0.0,0.0,0.0,0.0,359.12216
880000,0.08415104448795319,-31.387292861938477,-0.0006740994285792112,0.005297496914863586,0.0,0.0,2.1568649799519335e-07,0.00095433893147856,21.70635223388672,31.40408706665039,31.411584854125977,323.56555,641.17804,182.5205,160.93909,135.6124,7.389055252075195,7.389055252075195,7.389055252075195,7.389055252075195,0.0,0.0,0.0,0.0,346.0672
881000,3.9654998779296875,-31.550762176513672,0.00021211571583990008,0.11030169576406479,0.0,0.0,2.2854760572954547e-07,0.0010052584111690521,20.78899383544922,31.569673538208008,31.545825958251953,324.18277,642.792,182.5205,160.93909,135.6124,7.389055252075195,7.389055252075195,7.389055252075195,7.389055252075195,0.0,0.0,0.0,0.0,368.18787
882000,0.08955767750740051,-31.35706901550293,0.001007347833365202,0.005038849078118801,0.0,0.0,2.1970858199438226e-07,0.0010505405953153968,20.041114807128906,31.346561431884766,31.35031509399414,324.64987,644.2836,182.5205,160.93909,135.6124,7.389055252075195,7.389055252075195,7.389055252075195,7.389055252075195,0.0,0.0,0.0,0.0,349.6768
883000,0.07367397844791412,-31.74880599975586,-0.0001226702006533742,0.0026930959429591894,0.0,0.0,2.3890257239145285e-07,0.0010145205305889249,21.120914459228516,31.779800415039062,31.774011611938477,325.2147,645.7638,182.5205,160.93909,135.6124,7.389055252075195,7.389055252075195,7.389055252075195,7.389055252075195,0.0,0.0,0.0,0.0,355.20758
884000,0.069816455245018,-31.54371452331543,0.00029716335120610893,0.004125305917114019,0.0,0.0,2.2817403078079224e-07,0.0010372712276875973,20.71351432800293,31.578765869140625,31.572120666503906,325.74414,647.3636,182.5205,160.93909,135.6124,7.389055252075195,7.389055252075195,7.389055252075195,7.389055252075195,0.0,0.0,0.0,0.0,371.23154
885000,0.04329437017440796,-31.490766525268555,0.00017285154899582267,0.0038765917997807264,0.0,0.0,2.2361331275533303e-07,0.0010672444477677345,20.83803939819336,31.522628784179688,31.49178695678711,326.3751,648.7804,182.5205,160.93909,135.6124,7.389055252075195,7.389055252075195,7.389055252075195,7.389055252075195,0.0,0.0,0.0,0.0,363.4881
886000,4.024929046630859,-31.4381160736084,8.894414349924773e-05,0.10963653773069382,0.0,0.0,2.3602751753060147e-07,0.001051723025739193,20.915430068969727,31.478485107421875,31.426559448242188,326.92667,650.5048,182.5205,160.93909,135.6124,7.389055252075195,7.389055252075195,7.389055252075195,7.389055252075195,0.0,0.0,0.0,0.0,335.11612
887000,0.1822838932275772,-31.469619750976562,0.0007807941292412579,0.002385987900197506,0.0,0.0,2.1412489559224923e-07,0.0010758755961433053,20.27427101135254,31.472736358642578,31.477392196655273,327.49677,651.9127,182.5205,160.93909,135.6124,7.389055252075195,7.389055252075195,7.389055252075195,7.389055252075195,0.0,0.0,0.0,0.0,360.39282
888000,0.1089448407292366,-31.270587921142578,-0.000836959748994559,0.00442247511819005,0.0,0.0,2.3766666856772645e-07,0.0011334489099681377,21.738418579101562,31.264514923095703,31.274988174438477,328.03204,653.6507,182.5205,160.93909,135.6124,7.389055252075195,7.389055252075195,7.389055252075195,7.389055252075195,0.0,0.0,0.0,0.0,356.10718
889000,0.046596113592386246,-31.551342010498047,0.0007918346673250198,0.003283010795712471,0.0,0.0,2.3344867372543376e-07,0.0009829394984990358,20.194421768188477,31.554920196533203,31.542844772338867,328.5443,654.7666,182.5205,160.93909,135.6124,7.389055252075195,7.389055252075195,7.389055252075195,7.389055252075195,0.0,0.0,0.0,0.0,349.3995
890000,4.016221046447754,-31.61044692993164,0.0003384098527021706,0.11015786230564117,0.0,0.0,2.347492937815332e-07,0.0010161986574530602,20.66698455810547,31.619888305664062,31.620365142822266,329.12186,656.11365,182.5205,160.93909,135.6124,7.389055252075195,7.389055252075195,7.389055252075195,7.389055252075195,0.0,0.0,0.0,0.0,358.07687
891000,0.05550199747085571,-31.597869873046875,0.0008504720753990114,0.0029982924461364746,0.0,0.0,2.4014894961510436e-07,0.0011203436879441142,20.240882873535156,31.569107055664062,31.592618942260742,329.5859,657.4542,182.5205,160.93909,135.6124,7.389055252075195,7.389055252075195,7.389055252075195,7.389055252075195,0.0,0.0,0.0,0.0,370.42365
892000,0.09766121208667755,-31.607563018798828,0.0005655489512719214,0.004152078181505203,0.0,0.0,2.3861875320108084e-07,0.0010426744120195508,20.457597732543945,31.612018585205078,31.635269165039062,330.11002,659.08057,182.5205,160.93909,135.6124,7.389055252075195,7.389055252075195,7.389055252075195,7.389055252075195,0.0,0.0,0.0,0.0,354.53415
893000,0.07588554173707962,-31.725208282470703,0.0009092874242924154,0.002940989099442959,0.0,0.0,2.3709525009962817e-07,0.0011570911156013608,20.214160919189453,31.726015090942383,31.72394371032715,330.68185,660.59863,182.5205,160.93909,135.6124,7.389055252075195,7.389055252075195,7.389055252075195,7.389055252075195,0.0,0.0,0.0,0.0,360.88696
894000,0.291537880897522,-31.395193099975586,0.00019342487212270498,0.004543077200651169,0.0,0.0,2.4438966761408665e-07,0.0011707902885973454,20.83479118347168,31.390865325927734,31.367252349853516,331.1744,662.0951,182.5205,160.93909,135.6124,7.389055252075195,7.389055252075195,7.389055252075195,7.389055252075195,0.0,0.0,0.0,0.0,350.4065
895000,7.848725318908691,-31.41343116760254,0.0006394938682205975,0.21702232956886292,0.0,0.0,2.312487339395375e-07,0.0010801234748214483,20.407943725585938,31.41932487487793,31.40673065185547,331.7831,663.6778,182.5205,160.93909,135.76016,7.389055252075195,7.389055252075195,7.389055252075195,7.389055252075195,0.0,0.0,0.0,0.0,366.43335
896000,0.2836010456085205,-31.21389389038086,-0.00041422180947847664,0.004820565693080425,0.0,0.0,2.2410110034343234e-07,0.0011606188490986824,21.356897354125977,31.241052627563477,31.247610092163086,332.37576,665.1931,182.5205,160.93909,135.76016,7.389055252075195,7.389055252075195,7.389055252075195,7.389055252075195,0.0,0.0,0.0,0.0,347.39484
897000,0.09782277047634125,-31.525218963623047,0.0006792999338358641,0.004403827711939812,0.0,0.0,2.3059088505306136e-07,0.0011175504187121987,20.392152786254883,31.533254623413086,31.508625030517578,332.99988,666.696,182.5205,160.93909,135.76016,7.389055252075195,7.389055252075195,7.389055252075195,7.389055252075195,0.0,0.0,0.0,0.0,359.0965
898000,4.0376691818237305,-31.481975555419922,-0.0002732719876803458,0.1112092062830925,0.0,0.0,2.417071982563357e-07,0.0010744067840278149,21.25434684753418,31.489418029785156,31.48166275024414,333.57816,668.29156,182.5205,160.93909,135.76016,7.389055252075195,7.389055252075195,7.389055252075195,7.389055252075195,0.0,0.0,0.0,0.0,365.29068
899000,0.15426357090473175,-31.25728988647461,-0.0002779497008305043,0.005844176281243563,0.0,0.0,2.2576868730084243e-07,0.0010964650427922606,21.253496170043945,31.24443817138672,31.26744842529297,334.1694,669.7557,182.5205,160.93909,135.76016,7.389055252075195,7.389055252075195,7.389055252075195,7.389055252075195,0.0,0.0,0.0,0.0,356.55316
900000,0.11674246191978455,-31.424184799194336,1.46752627188107e-05,0.0055528967641294,0.0,0.0,2.4091838213280425e-07,0.0010742899030447006,20.986339569091797,31.435314178466797,31.43054962158203,334.74283,671.31384,182.5205,160.93909,135.76016,7.389055252075195,7.389055252075195,7.389055252075195,7.389055252075195,0.0,0.0,0.0,0.0,362.7207
901000,15.492570877075195,-31.25081443786621,8.763906225794926e-05,0.42985597252845764,0.0,0.0,2.258935580812249e-07,0.0010353103280067444,20.91534996032715,31.276283264160156,31.269989013671875,335.35635,672.9864,182.5205,160.93909,135.76016,7.389055252075195,7.389055252075195,7.389055252075195,7.389055252075195,0.0,0.0,0.0,0.0,370.91205
902000,0.07673293352127075,-31.46149444580078,0.00025377279962413013,0.004668932408094406,0.0,0.0,2.2514502973081107e-07,0.0010816548019647598,20.765384674072266,31.475053787231445,31.467193603515625,335.9712,674.5506,182.5205,160.93909,135.76016,7.389055252075195,7.389055252075195,7.389055252075195,7.389055252075195,0.0,0.0,0.0,0.0,370.561
903000,3.9254119396209717,-31.399349212646484,-0.0004611051990650594,0.10954919457435608,0.0,0.0,2.441119022478233e-07,0.0010802141623571515,21.426864624023438,31.425926208496094,31.425819396972656,336.6071,675.93384,182.5205,160.93909,135.76016,7.389055252075195,7.389055252075195,7.389055252075195,7.389055252075195,0.0,0.0,0.0,0.0,365.66827
904000,0.13390854001045227,-31.52862548828125,0.0004707405751105398,0.004196536727249622,0.0,0.0,2.4412682364527427e-07,0.001074942760169506,20.56207847595215,31.527179718017578,31.534442901611328,337.13913,677.38605,182.5205,160.93909,135.76016,7.389055252075195,7.389055252075195,7.389055252075195,7.389055252075195,0.0,0.0,0.0,0.0,353.8291
905000,3.9511489868164062,-31.506362915039062,-0.0003999787149950862,0.11141283810138702,0.0,0.0,2.401604035640048e-07,0.0010790686355903745,21.370670318603516,31.515544891357422,31.536029815673828,337.7724,678.8263,182.5205,160.93909,135.76016,7.389055252075195,7.389055252075195,7.389055252075195,7.389055252075195,0.0,0.0,0.0,0.0,356.57285
906000,0.10706057399511337,-31.509838104248047,0.000617656740359962,0.004057991784065962,0.0,0.0,2.3657081271721836e-07,0.0011155512183904648,20.446321487426758,31.500892639160156,31.51141357421875,338.22354,680.35925,182.5205,160.93909,135.76016,7.389055252075195,7.389055252075195,7.389055252075195,7.389055252075195,0.0,0.0,0.0,0.0,369.45297
907000,0.08685673773288727,-31.749387741088867,0.0013618721859529614,0.002713940804824233,0.0,0.0,2.4400443976446695e-07,0.0011348819825798273,19.79998779296875,31.746387481689453,31.73489761352539,338.82486,681.96924,182.5205,160.93909,135.76016,7.389055252075195,7.389055252075195,7.389055252075195,7.389055252075195,0.0,0.0,0.0,0.0,370.35968
908000,0.293575644493103,-31.21562957763672,-0.001352098654024303,0.006675098557025194,0.0,0.0,2.264679892505228e-07,0.001140496227890253,22.185535430908203,31.21213722229004,31.224349975585938,339.34634,683.48615,182.5205,160.93909,135.76016,7.389055252075195,7.389055252075195,7.389055252075195,7.389055252075195,0.0,0.0,0.0,0.0,371.03513
909000,0.09833342581987381,-31.42937469482422,0.0005990149802528322,0.005184013396501541,0.0,0.0,2.3966791218299477e-07,0.0012399719562381506,20.51691246032715,31.4477596282959,31.45473289489746,339.88754,684.98175,182.5205,160.93909,135.76016,7.389055252075195,7.389055252075195,7.389055252075195,7.389055252075195,0.0,0.0,0.0,0.0,368.00363
910000,0.2106758952140808,-31.411205291748047,-0.0007127053686417639,0.004103299230337143,0.0,0.0,2.1995852250711323e-07,0.0012298297369852662,21.57951545715332,31.446971893310547,31.453746795654297,340.47168,686.65796,182.5205,160.93909,135.76016,7.389055252075195,7.389055252075195,7.389055252075195,7.389055252075195,0.0,0.0,0.0,0.0,368.34778
911000,0.14043527841567993,-31.376445770263672,0.0007791632669977844,0.005324882455170155,0.0,0.0,2.3227295287142624e-07,0.0011839242652058601,20.341880798339844,31.372892379760742,31.387470245361328,341.02795,688.2835,182.5205,160.93909,135.76016,7.389055252075195,7.389055252075195,7.389055252075195,7.389055252075195,0.0,0.0,0.0,0.0,373.62466
912000,4.02177619934082,-31.28379249572754,-0.0002563477901276201,0.11338493973016739,0.0,0.0,2.1706532038479054e-07,0.0012374557554721832,21.207157135009766,31.306720733642578,31.312789916992188,341.53964,689.7628,182.5205,160.93909,135.76016,7.389055252075195,7.389055252075195,7.389055252075195,7.389055252075195,0.0,0.0,0.0,0.0,368.3911
913000,0.06554210186004639,-31.547800064086914,0.00018151485710404813,0.00473038200289011,0.0,0.0,2.5561431016285496e-07,0.0011709287064149976,20.844982147216797,31.543903350830078,31.53934669494629,342.11896,691.2776,182.5205,160.93909,135.76016,7.389055252075195,7.389055252075195,7.389055252075195,7.389055252075195,0.0,0.0,0.0,0.0,364.6915
914000,4.100656509399414,-31.40601348876953,-0.00037633886677213013,0.11048197001218796,0.0,0.0,2.525770810279937e-07,0.0011029064189642668,21.341224670410156,31.458011627197266,31.469463348388672,342.69708,692.75397,182.5205,160.93909,135.76016,7.389055252075195,7.389055252075195,7.389055252075195,7.389055252075195,0.0,0.0,0.0,0.0,375.111
915000,0.12261110544204712,-31.612646102905273,0.0008126948378048837,0.0037398976273834705,0.0,0.0,2.50727595130229e-07,0.0011213767575100064,20.275270462036133,31.578567504882812,31.591880798339844,343.29803,694.41284,182.5205,160.93909,135.76016,7.389055252075195,7.389055252075195,7.389055252075195,7.389055252075195,0.0,0.0,0.0,0.0,349.58337
916000,0.07327470183372498,-31.731746673583984,4.552360041998327e-05,0.004083696287125349,0.0,0.0,2.267543095513247e-07,0.0011063074925914407,20.958850860595703,31.737430572509766,31.720569610595703,343.9277,695.7932,182.5205,160.93909,135.76016,7.389055252075195,7.389055252075195,7.389055252075195,7.389055252075195,0.0,0.0,0.0,0.0,379.82346
917000,4.007084369659424,-31.6088924407959,0.000687460124026984,0.11165254563093185,0.0,0.0,2.3672868110224954e-07,0.0011154416715726256,20.38368797302246,31.619537353515625,31.624366760253906,344.48483,697.41693,182.5205,160.93909,135.76016,7.389055252075195,7.389055252075195,7.389055252075195,7.389055252075195,0.0,0.0,0.0,0.0008092867210507393,363.92935
918000,4.116080284118652,-31.63709259033203,-0.0004719803109765053,0.11028966307640076,0.0,0.0,2.394194495991542e-07,0.0011717386078089476,21.402803421020508,31.625417709350586,31.618915557861328,345.05933,698.7817,182.5205,160.93909,135.76016,7.389055252075195,7.389055252075195,7.389055252075195,7.389055252075195,0.0,0.0,0.0,0.0,378.70212
919000,7.5646843910217285,-31.98274040222168,0.00034716937807388604,0.21469517052173615,0.0,0.0,2.475474616403517e-07,0.0010635049548000097,20.673561096191406,31.99968719482422,32.01305389404297,345.6003,700.1656,182.5205,160.93909,135.76016,7.389055252075195,7.389055252075195,7.389055252075195,7.389055252075195,0.0,0.0,0.0,0.0,372.34503
920000,8.019891738891602,-32.01927185058594,0.0014636835549026728,0.2157914936542511,0.0,0.0,2.373778613673494e-07,0.001113915117457509,19.68600082397461,32.02873229980469,32.05302047729492,346.30804,701.55975,182.5205,160.93909,135.76016,7.389055252075195,7.389055252075195,7.389055252075195,7.389055252075195,0.0,0.0,0.0,0.0,376.54736
921000,0.43876370787620544,-32.09095764160156,0.0005468781455419958,0.003817855380475521,0.0,0.0,2.450638874051947e-07,0.0010444966610521078,20.47641944885254,32.12255096435547,32.132999420166016,346.94742,703.2147,182.5205,160.93909,135.76016,7.389055252075195,7.389055252075195,7.389055252075195,7.389055252075195,0.0,0.0,0.0,0.0,372.70908
922000,4.116076469421387,-31.848203659057617,7.3490123213559855e-06,0.11180940270423889,0.0,0.0,2.285710962723897e-07,0.0010813918197527528,20.99320411682129,31.839698791503906,31.835716247558594,347.53098,704.61475,182.5205,160.93909,135.76016,7.389055252075195,7.389055252075195,7.389055252075195,7.389055252075195,0.0,0.0,0.0,0.0,357.29184
923000,4.402413368225098,-31.79953956604004,0.0007462449138984084,0.11179886013269424,0.0,0.0,2.3258338899267983e-07,0.00121529889293015,20.385957717895508,31.789661407470703,31.797420501708984,348.14258,706.20856,182.5205,160.93909,135.76016,7.389055252075195,7.389055252075195,7.389055252075195,7.389055252075195,0.0,0.0,0.0,0.0,357.14545
924000,0.14424148201942444,-32.164306640625,0.0009253069874830544,0.003440283238887787,0.0,0.0,2.3637845458779339e-07,0.0011568003101274371,20.200115203857422,32.19321060180664,32.191566467285156,348.7615,707.7096,182.5205,160.93909,135.76016,7.389055252075195,7.389055252075195,7.389055252075195,7.389055252075195,0.0,0.0,0.0,0.0,367.92603
925000,4.1712188720703125,-32.291168212890625,0.0007165106362663209,0.1092715710401535,0.0,0.0,2.267425287527658e-07,0.0011083218269050121,20.353517532348633,32.29501724243164,32.30964660644531,349.33017,709.2456,182.5205,160.93909,135.76016,7.389055252075195,7.389055252075195,7.389055252075195,7.389055252075195,0.0,0.0,0.0,0.0,373.8321
926000,0.1425064206123352,-32.216514587402344,0.0007568251457996666,0.004539845045655966,0.0,0.0,2.410900776794733e-07,0.0011359635973349214,20.333759307861328,32.26127624511719,32.25050354003906,349.92975,710.7745,182.5205,160.93909,135.76016,7.389055252075195,7.389055252075195,7.389055252075195,7.389055252075195,0.0,0.0,0.0,0.0,366.40915
927000,4.123147964477539,-31.974048614501953,-7.068204286042601e-05,0.11167169362306595,0.0,0.0,2.3125157611048053e-07,0.0011508617317304015,21.061416625976562,31.96438217163086,32.03239440917969,350.55844,712.3673,182.5205,160.93909,135.76016,7.389055252075195,7.389055252075195,7.389055252075195,7.389055252075195,0.0,0.0,0.0,0.0,359.98227
928000,8.178045272827148,-32.03818893432617,0.00020243485050741583,0.21813061833381653,0.0,0.0,2.2913640407296043e-07,0.001192599069327116,20.830257415771484,32.09748077392578,32.096435546875,351.08414,714.0775,182.5205,160.93909,135.76016,7.389055252075195,7.389055252075195,7.389055252075195,7.389055252075195,0.0,0.0,0.0,0.0007251771166920662,344.0271
929000,4.239791393280029,-32.00495910644531,-0.0004070989671163261,0.11058332771062851,0.0,0.0,2.1944829597941862e-07,0.0012089123483747244,21.336748123168945,32.021873474121094,32.03142547607422,351.64493,715.97345,182.5205,160.93909,135.76016,7.389055252075195,7.389055252075195,7.389055252075195,7.389055252075195,0.0,0.0,0.0,0.0,368.63922
930000,12.107242584228516,-31.95710563659668,4.814996282220818e-05,0.3219413161277771,0.0,0.0,2.385102106927661e-07,0.0012491067172959447,20.96145248413086,32.0031852722168,32.030757904052734,352.21414,717.6246,182.5205,160.93909,135.76016,7.389055252075195,7.389055252075195,7.389055252075195,7.389055252075195,0.0,0.0,0.0,0.0,373.8921
931000,4.298248291015625,-31.98870086669922,0.0008929814212024212,0.1016322672367096,0.0,0.0,2.3963107764757297e-07,0.0011944236466661096,20.25237464904785,32.058380126953125,32.00642395019531,352.71964,719.23145,182.5205,160.93909,135.76016,7.389055252075195,7.389055252075195,7.389055252075195,7.389055252075195,0.0,0.0,0.0,0.0,367.63864
932000,0.08798415958881378,-31.979766845703125,-0.0004199078830424696,0.005779587663710117,0.0,0.0,2.244451735577968e-07,0.0012031120713800192,21.349018096923828,31.97419548034668,31.99061393737793,353.29025,720.77893,182.5205,160.93909,135.76016,7.389055252075195,7.389055252075195,7.389055252075195,7.389055252075195,0.0,0.0,0.0,0.0,371.6246
933000,0.45450079441070557,-32.22993469238281,0.001615144545212388,0.002886945614591241,0.0,0.0,2.2041743363843125e-07,0.001208983245305717,19.664047241210938,32.2457275390625,32.25813293457031,353.87494,722.5209,182.5205,160.93909,135.76016,7.389055252075195,7.389055252075195,7.389055252075195,7.389055252075195,0.0,0.0,0.0,0.0,381.37744
934000,4.143195629119873,-31.93050193786621,-0.0013258919352665544,0.10920118540525436,0.0,0.0,2.273049091172652e-07,0.0012140414910390973,22.092130661010742,31.938261032104492,31.95530128479004,354.48544,723.86566,182.5205,160.93909,135.76016,7.389055252075195,7.389055252075195,7.389055252075195,7.389055252075195,0.0,0.0,0.0,0.0,383.43796
935000,0.1012403666973114,-32.22154998779297,0.0019915681332349777,0.0031785303726792336,0.0,0.0,2.3088151124284195e-07,0.0012185036903247237,19.365562438964844,32.230308532714844,32.260589599609375,355.02963,725.4483,182.5205,160.93909,135.76016,7.389055252075195,7.389055252075195,7.389055252075195,7.389055252075195,0.0,0.0,0.0,0.0,349.8162
936000,4.161220550537109,-31.813222885131836,-0.00012038656859658659,0.11230014264583588,0.0,0.0,2.2551090239630867e-07,0.0012440815335139632,21.09676742553711,31.833263397216797,31.862728118896484,355.5841,727.0766,182.5205,160.93909,135.76016,7.389055252075195,7.389055252075195,7.389055252075195,7.389055252075195,0.0,0.0,0.0,0.0,371.26718
937000,0.13235361874103546,-31.83647346496582,0.00012139006867073476,0.006168991792947054,0.0,0.0,2.266536256456675e-07,0.0013259032275527716,20.908447265625,31.841386795043945,31.827714920043945,356.16858,728.7909,182.5205,160.93909,135.76016,7.389055252075195,7.389055252075195,7.389055252075195,7.389055252075195,0.0,0.0,0.0,0.0,366.7739
938000,4.458704948425293,-31.991065979003906,6.725618004566059e-05,0.10998637974262238,0.0,0.0,2.378894805588061e-07,0.0013753114035353065,20.95109748840332,32.03832244873047,32.05583953857422,356.60074,730.57056,182.5205,160.93909,135.76016,7.389055252075195,7.389055252075195,7.389055252075195,7.389055252075195,0.0,0.0,0.0,0.0,370.4784
939000,0.26894909143447876,-31.860441207885742,0.00023066761787049472,0.0048692477867007256,0.0,0.0,2.2754569783955958e-07,0.0013560005463659763,20.829891204833984,31.888267517089844,31.87807846069336,357.0521,732.11945,182.5205,160.93909,135.76016,7.389055252075195,7.389055252075195,7.389055252075195,7.389055252075195,0.0,0.0,0.0,0.0,374.12122
940000,0.11387661844491959,-31.935962677001953,0.0003397412656340748,0.005398254841566086,0.0,0.0,2.4003639964575996e-07,0.001470723538659513,20.768997192382812,31.978893280029297,31.9542179107666,357.5133,733.7716,182.5205,160.93909,135.76016,7.389055252075195,7.389055252075195,7.389055252075195,7.389055252075195,0.0,0.0,0.0,0.0,370.4963
941000,0.12790843844413757,-31.932918548583984,-0.0008201852906495333,0.005122664850205183,0.0,0.0,2.56292622680121e-07,0.001389452489092946,21.590293884277344,31.976551055908203,31.98218536376953,357.96802,735.2275,182.5205,160.93909,135.76016,7.389055252075195,7.389055252075195,7.389055252075195,7.389055252075195,0.0,0.0,0.0,0.001477198675274849,380.27438
942000,8.491887092590332,-32.22264862060547,0.00038832612335681915,0.21650852262973785,0.0,0.0,2.507862859602028e-07,0.001294374349527061,20.699989318847656,32.25495529174805,32.24681091308594,358.50284,736.69904,182.5205,160.93909,135.76016,7.389055252075195,7.389055252075195,7.389055252075195,7.389055252075195,0.0,0.0,0.0,0.0,381.50165
943000,4.369570255279541,-32.274078369140625,0.0007199282990768552,0.11034201085567474,0.0,0.0,2.4214773475250695e-07,0.0012282098177820444,20.41383934020996,32.2811279296875,32.27736282348633,359.07248,737.942,182.5205,160.93909,135.76016,7.389055252075195,7.389055252075195,7.389055252075195,7.389055252075195,0.0,0.0,0.0,0.0,382.1017
944000,0.15412180125713348,-32.513031005859375,0.0003924477205146104,0.0034745256416499615,0.0,0.0,2.4679022203599743e-07,0.0013059371849521995,20.69948959350586,32.489654541015625,32.487762451171875,359.63397,739.3179,182.5205,160.93909,135.76016,7.389055252075195,7.389055252075195,7.389055252075195,7.389055252075195,0.0,0.0,0.0,0.0,374.86914
945000,0.10668699443340302,-32.50419998168945,-2.2093188817962073e-05,0.0051959725096821785,0.0,0.0,2.288313396547892e-07,0.0012375207152217627,21.017852783203125,32.53314208984375,32.547637939453125,360.2108,740.6556,182.5205,160.93909,135.76016,7.389055252075195,7.389055252075195,7.389055252075195,7.389055252075195,0.0,0.0,0.0,0.0,379.10736
946000,0.09020136296749115,-32.5382080078125,0.0015629064291715622,0.005437355488538742,0.0,0.0,2.2607609651004168e-07,0.001187300542369485,19.68364715576172,32.539146423339844,32.5345458984375,360.85007,742.0839,182.5205,160.93909,135.76016,7.389055252075195,7.389055252075195,7.389055252075195,7.389055252075195,0.0,0.0,0.0,0.0,365.34888
947000,0.1344660520553589,-32.611663818359375,-0.0013583148829638958,0.003805556334555149,0.0,0.0,2.2642063868261175e-07,0.001265042694285512,22.07373046875,32.634544372558594,32.62079620361328,361.47406,743.43567,182.5205,160.93909,135.76016,7.389055252075195,7.389055252075195,7.389055252075195,7.389055252075195,0.0,0.0,0.0,0.0,378.59952
948000,0.086570143699646,-32.792808532714844,0.000474616332212463,0.0028403603937476873,0.0,0.0,2.392099816006521e-07,0.0012384504079818726,20.61676597595215,32.77861404418945,32.791378021240234,362.05765,745.1146,182.5205,160.93909,135.76016,7.389055252075195,7.389055252075195,7.389055252075195,7.389055252075195,0.0,0.0,0.0,0.0,380.35764
949000,0.27440544962882996,-32.625404357910156,0.0017316542798653245,0.003957432694733143,0.0,0.0,2.414454627341911e-07,0.001167068025097251,19.5162353515625,32.6584358215332,32.612457275390625,362.56763,746.372,182.5205,160.93909,135.76016,7.389055252075195,7.389055252075195,7.389055252075195,7.389055252075195,0.0,0.0,0.0,0.0,368.47882
950000,4.293401718139648,-32.60222625732422,-0.0009082411997951567,0.11103505641222,0.0,0.0,2.3039100938149204e-07,0.0010879687033593655,21.83480453491211,32.611595153808594,32.595863342285156,363.0598,747.89166,182.5205,160.93909,135.76016,7.389055252075195,7.389055252075195,7.389055252075195,7.389055252075195,0.0,0.0,0.0,0.0,366.75488
951000,4.446855545043945,-32.74476623535156,0.0007338598952628672,0.10989154130220413,0.0,0.0,2.34562435252883e-07,0.001206246204674244,20.391616821289062,32.759666442871094,32.76491165161133,363.61755,749.37964,182.5205,160.93909,135.76016,7.389055252075195,7.389055252075195,7.389055252075195,7.389055252075195,0.0,0.0,0.0,0.0,368.919
952000,0.11471637338399887,-32.67058181762695,0.00040756489033810794,0.005678402725607157,0.0,0.0,2.1830244634202245e-07,0.0011893454939126968,20.657320022583008,32.677711486816406,32.649436950683594,364.19528,750.61957,182.5205,160.93909,135.76016,7.389055252075195,7.389055252075195,7.389055252075195,7.389055252075195,0.0,0.0,0.0,0.0,374.9952
953000,0.07590432465076447,-32.654991149902344,-0.0009866136824712157,0.005568638909608126,0.0,0.0,2.2882609584939928e-07,0.00113668164703995,21.867977142333984,32.66334533691406,32.67962646484375,364.7431,752.2339,182.5205,160.93909,135.76016,7.389055252075195,7.389055252075195,7.389055252075195,7.389055252075195,0.0,0.0,0.0,0.0,375.116
954000,0.0543070025742054,-32.974761962890625,0.0007485105888918042,0.003002262907102704,0.0,0.0,2.3435109142155852e-07,0.0010696552926674485,20.30023193359375,32.96910095214844,32.97724914550781,365.3699,753.72076,182.5205,160.93909,135.76016,7.389055252075195,7.389055252075195,7.389055252075195,7.389055252075195,0.0,0.0,0.0,0.0,384.58472
955000,0.18964216113090515,-32.469444274902344,-0.0004118148353882134,0.007875044830143452,0.0,0.0,2.3110213476229546e-07,0.0010486443061381578,21.392711639404297,32.42489242553711,32.42243194580078,365.94226,755.16174,182.5205,160.93909,135.76016,7.389055252075195,7.389055252075195,7.389055252075195,7.389055252075195,0.0,0.0,0.0,0.0,380.0071
956000,0.06397902965545654,-32.92015075683594,0.0008247796795330942,0.004108303226530552,0.0,0.0,2.226441750963204e-07,0.0010750617366284132,20.232807159423828,32.954200744628906,32.95819091796875,366.4967,756.5343,182.5205,160.93909,135.76016,7.389055252075195,7.389055252075195,7.389055252075195,7.389055252075195,0.0,0.0,0.0,0.0,372.51096
957000,4.372385025024414,-32.72138214111328,0.00046595229650847614,0.11306425929069519,0.0,0.0,2.1583859677321016e-07,0.0010480998316779733,20.555431365966797,32.72660827636719,32.70359420776367,367.09332,757.94244,182.5205,160.93909,135.76016,7.389055252075195,7.389055252075195,7.389055252075195,7.389055252075195,0.0,0.0,0.0,0.0,383.1412
958000,4.4407958984375,-33.12936019897461,0.0008169859647750854,0.10826808959245682,0.0,0.0,2.2090401330387976e-07,0.00099848466925323,20.181774139404297,33.12871551513672,33.12996292114258,367.66425,759.3214,182.5205,160.93909,135.76016,7.389055252075195,7.389055252075195,7.389055252075195,7.389055252075195,0.0,0.0,0.0,0.0,373.05145
959000,0.04638753831386566,-33.078529357910156,0.00024263723753392696,0.00445645721629262,0.0,0.0,2.442205015995569e-07,0.0009883905295282602,20.754512786865234,33.11037826538086,33.13256072998047,368.27893,760.69745,182.5205,160.93909,135.76016,7.389055252075195,7.389055252075195,7.389055252075195,7.389055252075195,0.0,0.0,0.0,0.0,374.0317
960000,0.10671142488718033,-32.90399932861328,-0.0006749184685759246,0.004942493513226509,0.0,0.0,2.317027707476882e-07,0.0010907039977610111,21.618791580200195,32.93159484863281,32.90324401855469,368.7764,762.4624,182.5205,160.93909,135.76016,7.389055252075195,7.389055252075195,7.389055252075195,7.389055252075195,0.0,0.0,0.0,0.0,379.9189
961000,0.10154129564762115,-32.992591857910156,6.472638779086992e-05,0.005039592273533344,0.0,0.0,2.2797848941991106e-07,0.0010297144763171673,20.93714141845703,32.99329376220703,33.01118850708008,369.23373,764.0264,182.5205,160.93909,135.76016,7.389055252075195,7.389055252075195,7.389055252075195,7.389055252075195,0.0,0.0,0.0,0.0,379.27277
962000,0.061770882457494736,-33.174461364746094,-0.0007310964865610003,0.005742274224758148,0.0,0.0,2.2998055726475286e-07,0.0010088622802868485,21.724674224853516,33.14790344238281,33.15809631347656,369.8132,765.3842,182.5205,160.93909,135.76016,7.389055252075195,7.389055252075195,7.389055252075195,7.389055252075195,0.0,0.0,0.0,0.0,373.68787
963000,4.444056510925293,-33.29231262207031,-0.0004131429304834455,0.11001566052436829,0.0,0.0,2.4768701223365497e-07,0.0010482992511242628,21.394107818603516,33.34072494506836,33.318634033203125,370.35358,766.9288,182.5205,160.93909,135.76016,7.389055252075195,7.389055252075195,7.389055252075195,7.389055252075195,0.0,0.0,0.0,0.0,376.3237
964000,0.16864444315433502,-32.933311462402344,-0.0007260965649038553,0.005812140181660652,0.0,0.0,2.417071982563357e-07,0.0009997733868658543,21.726261138916016,32.91436767578125,32.934417724609375,370.82324,768.5146,182.5205,160.93909,135.76016,7.389055252075195,7.389055252075195,7.389055252075195,7.389055252075195,0.0,0.0,0.0,0.0,381.37524
965000,0.16782991588115692,-33.16141128540039,0.0002343541564187035,0.004442818462848663,0.0,0.0,2.4854469415913627e-07,0.0009966505458578467,20.76485824584961,33.1396484375,33.140869140625,371.3624,769.8642,182.5205,160.93909,135.76016,7.389055252075195,7.389055252075195,7.389055252075195,7.389055252075195,0.0,0.0,0.0,0.0,377.50876
966000,0.11397377401590347,-33.27413558959961,0.0005766649264842272,0.004665879532694817,0.0,0.0,2.442302502458915e-07,0.000957706943154335,20.397869110107422,33.31239700317383,33.29315948486328,371.84488,771.2142,182.5205,160.93909,135.76016,7.389055252075195,7.389055252075195,7.389055252075195,7.389055252075195,0.0,0.0,0.0,0.0,362.97165
967000,0.037312813103199005,-33.2972412109375,0.0007538202917203307,0.0048252614215016365,0.0,0.0,2.216801107124411e-07,0.0009999264730140567,20.246124267578125,33.310150146484375,33.313194274902344,372.33252,772.3034,182.5205,160.93909,135.76016,7.389055252075195,7.389055252075195,7.389055252075195,7.389055252075195,0.0,0.0,0.0,0.0,356.5171
968000,0.12488601356744766,-33.38079071044922,0.0011593769304454327,0.0045517729595303535,0.0,0.0,2.3414473560023907e-07,0.0009900310542434454,19.828948974609375,33.392982482910156,33.40274429321289,372.79922,773.7647,182.5205,160.93909,135.76016,7.389055252075195,7.389055252075195,7.389055252075195,7.389055252075195,0.0,0.0,0.0,0.0,359.62915
969000,0.09420923888683319,-33.022727966308594,-0.00022514391457661986,0.006767577491700649,0.0,0.0,2.3312436780997814e-07,0.0009898885618895292,21.22744369506836,33.0052375793457,33.003543853759766,373.2586,775.08154,182.5205,160.93909,135.76016,7.389055252075195,7.389055252075195,7.389055252075195,7.389055252075195,0.0,0.0,0.0,0.0,363.66647
970000,4.647745132446289,-33.02095413208008,-0.0011865984415635467,0.11182333528995514,0.0,0.0,2.445592883759673e-07,0.0009766379371285439,22.214982986450195,33.028663635253906,33.044334411621094,373.73907,776.441,182.5205,160.93909,135.76016,7.389055252075195,7.389055252075195,7.389055252075195,7.389055252075195,0.0,0.0,0.0,0.0,367.17148
971000,4.437241554260254,-33.290321350097656,0.0006968515226617455,0.11089564114809036,0.0,0.0,2.3365508639017207e-07,0.0009542825864627957,20.269763946533203,33.29950714111328,33.306724548339844,374.25037,777.78955,182.5205,160.93909,135.76016,7.389055252075195,7.389055252075195,7.389055252075195,7.389055252075195,0.0,0.0,0.0,0.0,372.28027
972000,4.842391490936279,-33.173954010009766,-0.0013324010651558638,0.11097201704978943,0.0,0.0,2.2759464002319874e-07,0.000966356776189059,22.378787994384766,33.20813751220703,33.17416763305664,374.70654,779.4978,182.5205,160.93909,135.76016,7.389055252075195,7.389055252075195,7.389055252075195,7.389055252075195,0.0,0.0,0.0,0.0,374.93442
973000,4.4157915115356445,-33.10137176513672,0.0002814865147229284,0.11213378608226776,0.0,0.0,2.2635516927493882e-07,0.0011211474193260074,20.748929977416992,33.13216018676758,33.14097595214844,375.21222,781.1149,182.5205,160.93909,135.76016,7.389055252075195,7.389055252075195,7.389055252075195,7.389055252075195,0.0,0.0,0.0,0.0,367.3024
974000,4.507133483886719,-32.88981246948242,0.0002723399084061384,0.11226553469896317,0.0,0.0,2.2860348281028564e-07,0.0011074321810156107,20.754079818725586,32.902671813964844,32.911415100097656,375.77945,782.6503,182.5205,160.93909,135.76016,7.389055252075195,7.389055252075195,7.389055252075195,7.389055252075195,0.0,0.0,0.0,0.0,372.8042
975000,4.498299598693848,-33.012168884277344,0.0004450789710972458,0.11090652644634247,0.0,0.0,2.5360455424561223e-07,0.001045529148541391,20.574302673339844,33.02068328857422,33.02869415283203,376.29965,784.06036,182.5205,160.93909,135.76016,7.389055252075195,7.389055252075195,7.389055252075195,7.389055252075195,0.0,0.0,0.0,0.0,374.399
976000,4.474041938781738,-32.80247116088867,3.135328370262869e-05,0.1143740713596344,0.0,0.0,2.3478385458020057e-07,0.0010727762710303068,20.970773696899414,32.83980941772461,32.83055877685547,376.7133,785.60565,182.5205,160.93909,135.76016,7.389055252075195,7.389055252075195,7.389055252075195,7.389055252075195,0.0,0.0,0.0,0.0,359.2238
977000,4.444417476654053,-32.753089904785156,0.00023012138262856752,0.11589255183935165,0.0,0.0,2.3248320246693766e-07,0.0011419338406994939,20.798480987548828,32.74183654785156,32.74721145629883,377.12915,787.05804,182.5205,160.93909,135.76016,7.389055252075195,7.389055252075195,7.389055252075195,7.389055252075195,0.0,0.0,0.0,0.0,348.28998
978000,0.08322244882583618,-32.952476501464844,-0.00038995573413558304,0.007187359966337681,0.0,0.0,2.2908348285000102e-07,0.0010345829650759697,21.376920700073242,32.95130157470703,32.928680419921875,377.5294,788.5488,182.5205,160.93909,135.76016,7.389055252075195,7.389055252075195,7.389055252075195,7.389055252075195,0.0,0.0,0.0,0.0,380.98584
979000,0.11504751443862915,-32.90898132324219,-0.0002714800357352942,0.006637131329625845,0.0,0.0,2.4679988541720377e-07,0.0010438314639031887,21.260080337524414,32.948219299316406,32.91965866088867,378.0591,790.06757,182.5205,160.93909,135.76016,7.389055252075195,7.389055252075195,7.389055252075195,7.389055252075195,0.0,0.0,0.0,0.0,360.57544
980000,0.37650126218795776,-32.9146728515625,-0.00011350734712323174,0.008066613227128983,0.0,0.0,2.2796744758579734e-07,0.0009939295705407858,21.114200592041016,32.897216796875,32.89352798461914,378.51465,791.601,182.5205,160.93909,135.76016,7.389055252075195,7.389055252075195,7.389055252075195,7.389055252075195,0.0,0.0,0.0,0.0,356.11963
981000,2.9158596992492676,-32.76496124267578,-0.0008351490832865238,0.10879740118980408,0.0,0.0,2.4935178544183145e-07,0.001045822398737073,21.79855728149414,32.766082763671875,32.753318786621094,379.0421,793.1486,182.5205,160.93909,135.76016,7.389055252075195,7.389055252075195,7.389055252075195,7.389055252075195,0.0,0.0,0.0,0.0,365.75528
982000,0.08436273038387299,-32.92694091796875,8.105963047455589e-07,0.008036505430936813,0.0,0.0,2.4619973260087136e-07,0.001187111483886838,20.999317169189453,32.95778274536133,32.95098876953125,379.50253,794.75824,182.5205,160.93909,135.76016,7.389055252075195,7.389055252075195,7.389055252075195,7.389055252075195,0.0,0.0,0.0,0.0,357.70142
983000,0.21807190775871277,-33.04369354248047,-0.0003763112472370267,0.004907090682536364,0.0,0.0,2.2394743837139686e-07,0.0011496199294924736,21.327335357666016,33.07186508178711,33.08934783935547,379.92477,796.4353,182.5205,160.93909,135.76016,7.389055252075195,7.389055252075195,7.389055252075195,7.389055252075195,0.0,0.0,0.0,0.0,377.13632
984000,0.22444438934326172,-33.007896423339844,0.0003297142102383077,0.005601474083960056,0.0,0.0,2.350066381495708e-07,0.0012039224384352565,20.726133346557617,33.02532196044922,33.00432586669922,380.34702,798.086,182.5205,160.93909,135.76016,7.389055252075195,7.389055252075195,7.389055252075195,7.389055252075195,0.0,0.0,0.0,0.0,372.2525
985000,0.14749136567115784,-32.24810028076172,-0.0005772050935775042,0.012661125510931015,0.0,0.0,2.428492393846682e-07,0.0012002225266769528,21.480915069580078,32.22919464111328,32.25960922241211,380.8648,799.504,182.5205,160.93909,135.76016,7.389055252075195,7.389055252075195,7.389055252075195,7.389055252075195,0.0,0.0,0.0,0.0,370.22702
986000,0.12820953130722046,-32.476219177246094,-5.739905100199394e-05,0.00871087796986103,0.0,0.0,2.410054378287896e-07,0.0012821623822674155,21.044767379760742,32.49606704711914,32.51618957519531,381.4072,800.84875,182.5205,160.93909,135.76016,7.389055252075195,7.389055252075195,7.389055252075195,7.389055252075195,0.0,0.0,0.0,0.0,379.06036
987000,0.1639074981212616,-32.43199157714844,-0.0012067571515217423,0.008194029331207275,0.0,0.0,2.4328070935553114e-07,0.0011680974857881665,22.033096313476562,32.42573547363281,32.44123840332031,381.9636,802.34454,182.5205,160.93909,135.76016,7.389055252075195,7.389055252075195,7.389055252075195,7.389055252075195,0.0,0.0,0.0,0.0,386.04123
988000,1.5170854330062866,-32.63072204589844,0.0013520530192181468,0.009412432089447975,0.0,0.0,2.3355889311460487e-07,0.0012599942274391651,19.926937103271484,32.646602630615234,32.644065856933594,382.51395,803.9121,182.5205,160.93909,135.76016,7.389055252075195,7.389055252075195,7.389055252075195,7.389055252075195,0.0,0.0,0.0,0.0,351.1499
989000,0.25332003831863403,-32.27080535888672,-0.00032462988747283816,0.011050840839743614,0.0,0.0,2.2679196831631998e-07,0.0012395096709951758,21.26190185546875,32.270633697509766,32.28584671020508,383.09937,805.63574,182.5205,160.93909,135.76016,7.389055252075195,7.389055252075195,7.389055252075195,7.389055252075195,0.0,0.0,0.0,0.0,381.46017
990000,0.13769148290157318,-32.526824951171875,0.0012658454943448305,0.00872825738042593,0.0,0.0,2.3039692109705356e-07,0.0012241831282153726,19.965967178344727,32.518638610839844,32.531402587890625,383.64722,807.1225,182.5205,160.93909,135.76016,7.389055252075195,7.389055252075195,7.389055252075195,7.389055252075195,0.0,0.0,0.0,0.0,375.06674
991000,4.43607759475708,-32.561153411865234,0.00019928024266846478,0.11626166105270386,0.0,0.0,2.497077957741567e-07,0.0012572227278724313,20.84149169921875,32.58051300048828,32.597042083740234,384.17264,808.6032,182.5205,160.93909,135.76016,7.389055252075195,7.389055252075195,7.389055252075195,7.389055252075195,0.0,0.0,0.0,0.0,382.87524
992000,0.11749768257141113,-32.46221160888672,-0.00012778124073520303,0.008204045705497265,0.0,0.0,2.4142551069417095e-07,0.001308045582845807,21.097688674926758,32.457801818847656,32.47964859008789,384.7145,810.07495,182.5205,160.93909,135.76016,7.389055252075195,7.389055252075195,7.389055252075195,7.389055252075195,0.0,0.0,0.0,0.0,378.43698
993000,4.495267868041992,-32.42994689941406,-0.0007279989658854902,0.11300406605005264,0.0,0.0,2.484146932602016e-07,0.0012894197134301066,21.564594268798828,32.483970642089844,32.50813293457031,385.29953,811.98444,182.5205,160.93909,135.76016,7.389055252075195,7.389055252075195,7.389055252075195,7.389055252075195,0.0,0.0,0.0,0.0,379.34738
994000,4.530256271362305,-32.90739440917969,-0.001067255507223308,0.11083702743053436,0.0,0.0,2.414988387045014e-07,0.001289058243855834,21.82793426513672,32.94230270385742,32.930755615234375,385.82697,813.2926,182.5205,160.93909,135.76016,7.389055252075195,7.389055252075195,7.389055252075195,7.389055252075195,0.0,0.0,0.0,0.0,374.596
995000,0.08465130627155304,-32.48052978515625,-0.000520898203831166,0.008175259456038475,0.0,0.0,2.4285799327117275e-07,0.0012362083652988076,21.421367645263672,32.476280212402344,32.47956085205078,386.30515,814.8027,182.5205,160.93909,135.76016,7.389055252075195,7.389055252075195,7.389055252075195,7.389055252075195,0.0,0.0,0.0,0.0,383.41745
996000,0.11783988773822784,-32.362884521484375,5.161589797353372e-05,0.009585194289684296,0.0,0.0,2.446887776841322e-07,0.0012555255088955164,20.95888900756836,32.41660690307617,32.416133880615234,386.85226,816.36334,182.5205,160.93909,135.76016,7.389055252075195,7.389055252075195,7.389055252075195,7.389055252075195,0.0,0.0,0.0,0.0,370.88596
997000,9.005480766296387,-31.707210540771484,0.00016030832193791866,0.2238864302635193,0.0,0.0,2.5076249698940956e-07,0.0012356325751170516,20.870262145996094,31.753671646118164,31.734649658203125,387.374,817.9836,182.5205,160.93909,135.76016,7.389055252075195,7.389055252075195,7.389055252075195,7.389055252075195,0.0,0.0,0.0,0.0,371.83154
998000,8.654840469360352,-32.323150634765625,-0.0011937797535210848,0.22108589112758636,0.0,0.0,2.527955587083852e-07,0.0012348756426945329,21.966720581054688,32.38228225708008,32.3675537109375,387.86188,819.36316,182.5205,160.93909,135.76016,7.389055252075195,7.389055252075195,7.389055252075195,7.389055252075195,0.0,0.0,0.0,0.0,367.9571
999000,0.10101203620433807,-32.683380126953125,0.00016061590577010065,0.0072875963523983955,0.0,0.0,2.2996164261712693e-07,0.0012661863584071398,20.873149871826172,32.71302032470703,32.69718551635742,388.38287,820.8408,182.5205,160.93909,135.76016,7.389055252075195,7.389055252075195,7.389055252075195,7.389055252075195,0.0,0.0,0.0,0.0,382.45963
1000000,0.5053693056106567,-32.0245361328125,-0.00038535709609277546,0.013965397141873837,0.0,0.0,2.3455066866517882e-07,0.0012786169536411762,21.3013858795166,32.08026123046875,32.0694580078125,388.98883,822.2557,182.5205,160.93909,135.76016,7.389055252075195,7.389055252075195,7.389055252075195,7.389055252075195,0.0,0.0,0.0,0.0,388.69287
1001000,0.1303911805152893,-32.49150848388672,-0.0008281068876385689,0.009406184777617455,0.0,0.0,2.591708039290097e-07,0.0012963057961314917,21.63882064819336,32.47496795654297,32.489715576171875,389.57645,823.76154,182.5205,160.93909,135.76016,7.389055252075195,7.389055252075195,7.389055252075195,7.389055252075195,0.0,0.0,0.0,0.0,384.8693
1002000,0.2597004175186157,-32.83257293701172,-0.0012065707705914974,0.005855720955878496,0.0,0.0,2.330798452021554e-07,0.0012106348294764757,21.99664306640625,32.87138366699219,32.8692626953125,390.14145,825.10175,182.5205,160.93909,135.76016,7.389055252075195,7.389055252075195,7.389055252075195,7.389055252075195,0.0,0.0,0.0,0.0,385.74316
1003000,0.38271206617355347,-32.759796142578125,3.6400233511812985e-05,0.008168032392859459,0.0,0.0,2.4199525228141283e-07,0.0012588526587933302,20.971084594726562,32.785484313964844,32.761444091796875,390.6639,826.4648,182.5205,160.93909,135.76016,7.389055252075195,7.389055252075195,7.389055252075195,7.389055252075195,0.0,0.0,0.0,0.0,330.8419
1004000,4.137663841247559,-32.544189453125,0.0001334494590992108,0.11367396265268326,0.0,0.0,2.4520537067473924e-07,0.0012644752860069275,20.89446258544922,32.6317253112793,32.600040435791016,391.08182,827.75415,182.5205,160.93909,135.76016,7.389055252075195,7.389055252075195,7.389055252075195,7.389055252075195,0.0,0.0,0.0,0.0,381.94113
1005000,0.25246337056159973,-32.36126708984375,-0.0002888617163989693,0.011312572285532951,0.0,0.0,2.50840514581796e-07,0.0012825230369344354,21.225229263305664,32.398193359375,32.361122131347656,391.62662,829.1942,182.5205,160.93909,135.76016,7.389055252075195,7.389055252075195,7.389055252075195,7.389055252075195,0.0,0.0,0.0,0.0,377.35416
1006000,8.76486873626709,-32.42607116699219,-0.0019631891045719385,0.21789352595806122,0.0,0.0,2.3759393741329404e-07,0.0013362419558688998,22.469186782836914,32.47679138183594,32.47113037109375,392.14716,830.63385,182.5205,160.93909,135.76016,7.389055252075195,7.389055252075195,7.389055252075195,7.389055252075195,0.0,0.0,0.0,0.0,390.41437
1007000,8.832011222839355,-32.6895866394043,-0.0008364656241610646,0.21788637340068817,0.0,0.0,2.4073804638646834e-07,0.0012711487943306565,21.658039093017578,32.756317138671875,32.727745056152344,392.54486,831.7716,182.5205,160.93909,135.76016,7.389055252075195,7.389055252075195,7.389055252075195,7.389055252075195,0.0,0.0,0.0,0.0,401.7732
1008000,0.11518757790327072,-32.68115234375,0.0001522237143944949,0.011427294462919235,0.0,0.0,2.545615700455528e-07,0.0012377336388453841,20.87701416015625,32.68766784667969,32.677127838134766,393.04822,833.1668,182.5205,160.93909,135.76016,7.389055252075195,7.389055252075195,7.389055252075195,7.389055252075195,0.0,0.0,0.0,0.0,319.0996
1009000,0.4162250757217407,-32.76979446411133,-0.00019749286002479494,0.010713271796703339,0.0,0.0,2.500473215150123e-07,0.001288667437620461,21.15325355529785,32.77980041503906,32.7578239440918,393.57156,834.63904,182.5205,160.93909,135.76016,7.389055252075195,7.389055252075195,7.389055252075195,7.389055252075195,0.0,0.0,0.0,0.0,393.3627
1010000,0.112977534532547,-32.361515045166016,-0.00046189283602871,0.014140080660581589,0.0,0.0,2.416379345504538e-07,0.001219206373207271,21.378847122192383,32.38142776489258,32.3736686706543,394.05872,836.0066,182.5205,160.93909,135.76016,7.389055252075195,7.389055252075195,7.389055252075195,7.389055252075195,0.0,0.0,0.0,0.0,392.22964
1011000,0.10551232099533081,-33.03208923339844,0.0005002182442694902,0.010835438966751099,0.0,0.0,2.2888040973612078e-07,0.0011948645114898682,20.58135986328125,33.01714324951172,33.00690460205078,394.62784,837.20074,182.5205,160.93909,135.76016,7.389055252075195,7.389055252075195,7.389055252075195,7.389055252075195,0.0,0.0,0.0,0.0,399.78906
1012000,0.2061675786972046,-32.88794708251953,0.0003555343428160995,0.011107572354376316,0.0,0.0,2.3315996600103972e-07,0.001139399828389287,20.687963485717773,32.900482177734375,32.887386322021484,395.0734,838.60455,182.5205,160.93909,135.76016,7.389055252075195,7.389055252075195,7.389055252075195,7.389055252075195,0.0,0.0,0.0,0.0,382.3608
1013000,4.4514665603637695,-33.38774871826172,0.00028097888571210206,0.11636078357696533,0.0,0.0,2.540759282965155e-07,0.0011445319978520274,20.75450325012207,33.41584014892578,33.41371154785156,395.6437,840.05347,182.5205,160.93909,135.76016,7.389055252075195,7.389055252075195,7.389055252075195,7.389055252075195,0.0,0.0,0.0,0.0,386.54724
1014000,4.76517391204834,-33.6571044921875,0.00043723039561882615,0.1130627766251564,0.0,0.0,2.4067074377853714e-07,0.0011622000019997358,20.623790740966797,33.69407653808594,33.69972229003906,396.1209,841.4783,182.5205,160.93909,135.76016,7.389055252075195,7.389055252075195,7.389055252075195,7.389055252075195,0.0,0.0,0.0,0.0,377.85703
1015000,0.05772772058844566,-33.48356628417969,2.2848071239423007e-05,0.007692668586969376,0.0,0.0,2.408090722383349e-07,0.0011716519948095083,20.980499267578125,33.47255325317383,33.5084342956543,396.5908,842.94794,182.5205,160.93909,135.76016,7.389055252075195,7.389055252075195,7.389055252075195,7.389055252075195,0.0,0.0,0.0,0.0,386.24152
1016000,0.13174796104431152,-33.08803939819336,0.0006884552421979606,0.011847443878650665,0.0,0.0,2.3037453900087712e-07,0.0012333974009379745,20.441822052001953,33.054908752441406,33.069549560546875,397.16324,844.29016,182.5205,160.93909,135.76016,7.389055252075195,7.389055252075195,7.389055252075195,7.389055252075195,0.0,0.0,0.0,0.0,387.21884
1017000,4.673736572265625,-33.46136474609375,0.0002028600574703887,0.11518429964780807,0.0,0.0,2.459071026805759e-07,0.0012177363969385624,20.833412170410156,33.488441467285156,33.48216247558594,397.651,845.6978,182.5205,160.93909,135.76016,7.389055252075195,7.389055252075195,7.389055252075195,7.389055252075195,0.0,0.0,0.0,0.0,394.23517
1018000,4.603564262390137,-33.67610549926758,-0.0009278989164158702,0.11405766010284424,0.0,0.0,2.3986962105482235e-07,0.001273670932278037,21.72852325439453,33.699485778808594,33.70465850830078,398.0953,847.14185,182.5205,160.93909,135.76016,7.389055252075195,7.389055252075195,7.389055252075195,7.389055252075195,0.0,0.0,0.0,0.0,369.64322
1019000,4.764195442199707,-33.06426239013672,0.00027153160772286355,0.11987487971782684,0.0,0.0,2.5502080802652927e-07,0.0012987935915589333,20.790935516357422,33.12910461425781,33.13497543334961,398.6441,848.817,182.5205,160.93909,135.76016,7.389055252075195,7.389055252075195,7.389055252075195,7.389055252075195,0.0,0.0,0.0,0.0,343.40778
1020000,0.1416066288948059,-33.41722869873047,-0.0007920029456727207,0.009359129704535007,0.0,0.0,2.447165172725363e-07,0.001327630365267396,21.596553802490234,33.41353988647461,33.378814697265625,398.99313,850.51904,182.5205,160.93909,135.76016,7.389055252075195,7.389055252075195,7.389055252075195,7.389055252075195,0.0,0.0,0.0,0.0,398.9582
1021000,6.667111396789551,-33.12752914428711,-0.0015510573284700513,0.22039969265460968,0.0,0.0,2.366159179700844e-07,0.0013778556603938341,22.125703811645508,33.096256256103516,33.171016693115234,399.45743,852.1814,182.5205,160.93909,135.76016,7.389055252075195,7.389055252075195,7.389055252075195,7.389055252075195,0.0,0.0,0.0,0.0,386.16733
1022000,0.46759873628616333,-32.978458404541016,-0.0002733599685598165,0.011510491371154785,0.0,0.0,2.56853326163764e-07,0.001467924565076828,21.186222076416016,32.970855712890625,32.98490905761719,399.93658,854.13684,182.5205,160.93909,135.76016,7.389055252075195,7.389055252075195,7.389055252075195,7.389055252075195,0.0,0.0,0.0,0.0,369.2791
1023000,0.2704770863056183,-32.89260482788086,-0.0009106707293540239,0.012578316032886505,0.0,0.0,2.4344066673620546e-07,0.0014232891844585538,21.639835357666016,32.8905143737793,32.916141510009766,400.33023,855.7814,182.5205,160.93909,135.76016,7.389055252075195,7.389055252075195,7.389055252075195,7.389055252075195,0.0,0.0,0.0,0.0,375.69406
1024000,0.3010351061820984,-32.99018096923828,-0.0013420258183032274,0.011589506641030312,0.0,0.0,2.4279975718854985e-07,0.001350661157630384,21.993606567382812,33.034000396728516,33.002037048339844,400.7799,857.378,182.5205,160.93909,135.76016,7.389055252075195,7.389055252075195,7.389055252075195,7.389055252075195,0.0,0.0,0.0,0.0,381.01785
1025000,0.13744765520095825,-32.804046630859375,-0.0013051996938884258,0.013044072315096855,0.0,0.0,2.5116941060332465e-07,0.0014491875190287828,21.90064239501953,32.81365966796875,32.802101135253906,401.25302,858.7561,182.5205,160.93909,135.76016,7.389055252075195,7.389055252075195,7.389055252075195,7.389055252075195,0.0,0.0,0.0,0.0,372.9655
1026000,0.22956034541130066,-32.62104034423828,0.00039700022898614407,0.013745341449975967,0.0,0.0,2.3914074631647964e-07,0.0015137193258851767,20.73773193359375,32.656829833984375,32.666664123535156,401.75464,860.0914,182.5205,160.93909,135.76016,7.389055252075195,7.389055252075195,7.389055252075195,7.389055252075195,0.0,0.0,0.0,0.0,387.29913
1027000,0.08052641898393631,-33.38087844848633,0.0008120564161799848,0.008523272350430489,0.0,0.0,2.561202450124256e-07,0.0014636770356446505,20.445194244384766,33.3603515625,33.37655258178711,402.12088,861.5337,182.5205,160.93909,135.76016,7.389055252075195,7.389055252075195,7.389055252075195,7.389055252075195,0.0,0.0,0.0,0.0,400.2552
1028000,0.10446573793888092,-32.63275909423828,-0.0001765798806445673,0.013479948043823242,0.0,0.0,2.3981738195288926e-07,0.0014283311320468783,21.123626708984375,32.66031265258789,32.667640686035156,402.59314,863.1604,182.5205,160.93909,135.76016,7.389055252075195,7.389055252075195,7.389055252075195,7.389055252075195,0.0,0.0,0.0,0.0,381.87433
1029000,0.13690850138664246,-32.90888214111328,0.0009383120923303068,0.012206988409161568,0.0,0.0,2.504050939933222e-07,0.0014775010058656335,20.364933013916016,32.90610122680664,32.95594024658203,403.1345,864.8461,182.5205,160.93909,135.76016,7.389055252075195,7.389055252075195,7.389055252075195,7.389055252075195,0.0,0.0,0.0,0.0,374.04282
1030000,0.1013631820678711,-33.05335998535156,-0.00016944576054811478,0.011795548722147942,0.0,0.0,2.3719704245195317e-07,0.0015980424359440804,21.106033325195312,33.04920959472656,33.0473747253418,403.67285,866.48083,182.5205,160.93909,135.76016,7.389055252075195,7.389055252075195,7.389055252075195,7.389055252075195,0.0,0.0,0.0,0.0,388.49518
1031000,9.107017517089844,-33.12989044189453,-0.00025860354071483016,0.22395096719264984,0.0,0.0,2.3468359700018482e-07,0.0016349056968465447,21.15817642211914,33.170738220214844,33.1475830078125,404.19885,867.94257,182.5205,160.93909,135.76016,7.389055252075195,7.389055252075195,7.389055252075195,7.389055252075195,0.0,0.0,0.0,0.0,397.00348
1032000,4.725305557250977,-33.2126350402832,0.0005967066972516477,0.11895093321800232,0.0,0.0,2.433095289688936e-07,0.0014308145036920905,20.58296012878418,33.21599578857422,33.21488571166992,404.641,869.3616,182.5205,160.93909,135.76016,7.389055252075195,7.389055252075195,7.389055252075195,7.389055252075195,0.0,0.0,0.0,0.0,403.44257
1033000,0.09406185150146484,-33.07331085205078,-9.903204772854224e-05,0.015215849503874779,0.0,0.0,2.4017148803068267e-07,0.0015348620945587754,21.06452178955078,33.094844818115234,33.100929260253906,405.16037,870.32404,182.5205,160.93909,135.76016,7.389055252075195,7.389055252075195,7.389055252075195,7.389055252075195,0.0,0.0,0.0,0.0,384.17526
1034000,0.24063578248023987,-33.551597595214844,-0.0006264042458496988,0.00943541806191206,0.0,0.0,2.431273458114447e-07,0.0015060128644108772,21.415935516357422,33.54072189331055,33.56964874267578,405.6238,871.78925,182.5205,160.93909,135.76016,7.389055252075195,7.389055252075195,7.389055252075195,7.389055252075195,0.0,0.0,0.0,0.0,367.30072
1035000,0.1558617353439331,-33.56284713745117,-0.0007161811809055507,0.007994232699275017,0.0,0.0,2.396246543412417e-07,0.0015191128477454185,21.471446990966797,33.58534240722656,33.58802795410156,406.0759,873.2751,182.5205,160.93909,135.76016,7.389055252075195,7.389055252075195,7.389055252075195,7.389055252075195,0.0,0.0,0.0,0.0,402.35593
1036000,0.2336484044790268,-33.41999435424805,-0.00015924712351989,0.011680709198117256,0.0,0.0,2.5962702920878655e-07,0.0014942524721845984,21.1065731048584,33.45755386352539,33.451499938964844,406.53604,874.513,182.5205,160.93909,135.76016,7.389055252075195,7.389055252075195,7.389055252075195,7.389055252075195,0.0,0.0,0.0,0.0,387.74985
1037000,4.662692546844482,-33.64056396484375,-0.00022012193221598864,0.12067674100399017,0.0,0.0,2.37526677437927e-07,0.0015022295992821455,21.146530151367188,33.61977005004883,33.62421417236328,406.9534,875.9535,182.5205,160.93909,135.76016,7.389055252075195,7.389055252075195,7.389055252075195,7.389055252075195,0.0,0.0,0.0,0.0,402.5124
1038000,4.64857292175293,-34.025230407714844,0.00024800177197903395,0.11249998956918716,0.0,0.0,2.482975673956389e-07,0.001369441393762827,20.81890296936035,34.055259704589844,34.065673828125,407.3897,877.29645,182.5205,160.93909,135.76016,7.389055252075195,7.389055252075195,7.389055252075195,7.389055252075195,0.0,0.0,0.0,0.0,397.9563
1039000,0.08571173250675201,-34.18968963623047,0.001187916030175984,0.008488219231367111,0.0,0.0,2.35510697166319e-07,0.0012735986383631825,20.067276000976562,34.2198486328125,34.205360412597656,407.91177,878.72235,182.5205,160.93909,135.76016,7.389055252075195,7.389055252075195,7.389055252075195,7.389055252075195,0.0,0.0,0.0,0.0,398.72653
1040000,0.06511490046977997,-33.88233184814453,-0.0011277145240455866,0.015575049445033073,0.0,0.0,2.510270746824972e-07,0.0013081529177725315,21.8620662689209,33.894676208496094,33.91090774536133,408.44467,880.124,182.5205,160.93909,135.76016,7.389055252075195,7.389055252075195,7.389055252075195,7.389055252075195,0.0,0.0,0.0,0.0,394.5386
1041000,0.060913681983947754,-34.039703369140625,-0.0004983715480193496,0.013364379294216633,0.0,0.0,2.425476850476116e-07,0.001297195558436215,21.384191513061523,34.05187225341797,34.06050491333008,408.91702,881.163,182.5205,160.93909,135.76016,7.389055252075195,7.389055252075195,7.389055252075195,7.389055252075195,0.0,0.0,0.0,0.0,390.573
1042000,14.332130432128906,-33.78834533691406,-0.0006970499525777996,0.3331665098667145,0.0,0.0,2.460764676470717e-07,0.001442940323613584,21.483076095581055,33.80939483642578,33.81658172607422,409.43372,882.1513,182.5205,160.93909,135.76016,7.389055252075195,7.389055252075195,7.389055252075195,7.389055252075195,0.0,0.0,0.0,0.0,376.1369
1043000,4.913360595703125,-34.459228515625,0.0004633579810615629,0.11462555825710297,0.0,0.0,2.4294382683365257e-07,0.0015139409806579351,20.693939208984375,34.50336456298828,34.50251388549805,409.93115,883.12103,182.5205,160.93909,135.76016,7.389055252075195,7.389055252075195,7.389055252075195,7.389055252075195,0.0,0.0,0.0,0.0,413.69287
1044000,0.10387653112411499,-33.89879608154297,-0.0006407666951417923,0.01600838080048561,0.0,0.0,2.5722559371388343e-07,0.0014492124319076538,21.442148208618164,33.919219970703125,33.894805908203125,410.38834,884.57526,182.5205,160.93909,135.76016,7.389055252075195,7.389055252075195,7.389055252075195,7.389055252075195,0.0,0.0,0.0,0.0,256.68634
1045000,0.11977680772542953,-33.585418701171875,-8.387985144509003e-05,0.01665548048913479,0.0,0.0,2.524969886508188e-07,0.0015059137949720025,21.055700302124023,33.648841857910156,33.634361267089844,410.8019,885.9997,182.5205,160.93909,135.76016,7.389055252075195,7.389055252075195,7.389055252075195,7.389055252075195,0.0,0.0,0.0,0.0,406.2585
1046000,0.09781064093112946,-33.94136047363281,0.00015689693100284785,0.013742328621447086,0.0,0.0,2.4986761104628386e-07,0.00135441729798913,20.884159088134766,33.97002410888672,33.96033477783203,411.26837,887.25867,182.5205,160.93909,135.76016,7.389055252075195,7.389055252075195,7.389055252075195,7.389055252075195,0.0,0.0,0.0,0.0,390.7687
1047000,4.7356719970703125,-33.81044006347656,0.0010997875360772014,0.12216167151927948,0.0,0.0,2.4169455059563916e-07,0.0014599045971408486,20.246671676635742,33.87425994873047,33.85187911987305,411.63486,888.6476,182.5205,160.93909,135.76016,7.389055252075195,7.389055252075195,7.389055252075195,7.389055252075195,0.0,0.0,0.0,0.0,402.4107
1048000,9.593379974365234,-33.70342254638672,0.0008226579520851374,0.22870418429374695,0.0,0.0,2.4393844455516955e-07,0.001455386751331389,20.434749603271484,33.74107360839844,33.75776672363281,412.15915,890.04474,182.5205,160.93909,135.76016,7.389055252075195,7.389055252075195,7.389055252075195,7.389055252075195,0.0,0.0,0.0,0.0,385.61426
1049000,0.07185514271259308,-33.5345458984375,-0.0005300862831063569,0.0176631361246109,0.0,0.0,2.554544096255995e-07,0.0013448919635266066,21.394147872924805,33.55686950683594,33.55494689941406,412.69586,891.37555,182.5205,160.93909,135.76016,7.389055252075195,7.389055252075195,7.389055252075195,7.389055252075195,0.0,0.0,0.0,0.0,411.39175
1050000,0.24972495436668396,-33.56437683105469,-0.0019691374618560076,0.018323170021176338,0.0,0.0,2.4929028086262406e-07,0.0013978430069983006,22.4086971282959,33.561424255371094,33.58792495727539,413.13763,892.5756,182.5205,160.93909,135.76016,7.389055252075195,7.389055252075195,7.389055252075195,7.389055252075195,0.0,0.0,0.0,0.0,334.36984
1051000,0.14772573113441467,-33.771766662597656,0.0008644412155263126,0.01643107831478119,0.0,0.0,2.578129851826816e-07,0.001410763245075941,20.387252807617188,33.80413055419922,33.80198287963867,413.70245,893.6774,182.5205,160.93909,135.76016,7.389055252075195,7.389055252075195,7.389055252075195,7.389055252075195,0.0,0.0,0.0,0.0,357.65875
1052000,9.471503257751465,-33.527931213378906,-0.0008088494068942964,0.22998325526714325,0.0,0.0,2.499416780210595e-07,0.0014362693764269352,21.563159942626953,33.57850646972656,33.58622741699219,414.1283,894.9036,182.5205,160.93909,135.76016,7.389055252075195,7.389055252075195,7.389055252075195,7.389055252075195,0.0,0.0,0.0,0.0,371.55234
1053000,4.884010314941406,-33.664886474609375,-2.5328341507702135e-05,0.12232255935668945,0.0,0.0,2.379279919750843e-07,0.0013707004254683852,21.018478393554688,33.70680236816406,33.708168029785156,414.70102,896.32074,182.5205,160.93909,135.76016,7.389055252075195,7.389055252075195,7.389055252075195,7.389055252075195,0.0,0.0,0.0,0.0,385.51715
1054000,4.856020450592041,-33.897979736328125,0.000556043756660074,0.1235048696398735,0.0,0.0,2.699413812479179e-07,0.0014274378772825003,20.61046028137207,33.92066955566406,33.92230224609375,415.2861,897.59863,182.5205,160.93909,135.76016,7.389055252075195,7.389055252075195,7.389055252075195,7.389055252075195,0.0,0.0,0.0,0.0,393.21393
1055000,0.093014195561409,-33.655052185058594,-0.0006793321808800101,0.017783980816602707,0.0,0.0,2.513309027563082e-07,0.0013630841858685017,21.49837875366211,33.67928695678711,33.68464660644531,415.8308,898.87067,182.5205,160.93909,135.76016,7.389055252075195,7.389055252075195,7.389055252075195,7.389055252075195,0.0,0.0,0.0,0.0,390.9869
1056000,0.1084304004907608,-34.233848571777344,-0.0011402888922020793,0.01330498792231083,0.0,0.0,2.4337174409083673e-07,0.0013192889746278524,21.864320755004883,34.292110443115234,34.2620964050293,416.50522,900.1329,182.5205,160.93909,135.76016,7.389055252075195,7.389055252075195,7.389055252075195,7.389055252075195,0.0,0.0,0.0,0.0,374.88425
1057000,9.58125114440918,-34.17820739746094,-0.0009723195107653737,0.22881977260112762,0.0,0.0,2.5167960870930983e-07,0.0013556055491790175,21.71725845336914,34.18269348144531,34.18231201171875,417.117,901.38885,182.5205,160.93909,135.76016,7.389055252075195,7.389055252075195,7.389055252075195,7.389055252075195,0.0,0.0,0.0,0.0,402.71432
1058000,14.642561912536621,-34.574729919433594,0.00013720881543122232,0.3303248882293701,0.0,0.0,2.46546790094726e-07,0.0014053202467039227,20.90236473083496,34.62159729003906,34.57469940185547,417.63153,902.90955,182.5205,160.93909,135.76016,7.389055252075195,7.389055252075195,7.389055252075195,7.389055252075195,0.0,0.0,0.0,0.0,406.53183
1059000,0.2524912655353546,-34.534263610839844,-0.0019845087081193924,0.012822629883885384,0.0,0.0,2.559076790475956e-07,0.0013429060345515609,22.477771759033203,34.54370880126953,34.58488464355469,418.13614,903.90533,182.5205,160.93909,135.76016,7.389055252075195,7.389055252075195,7.389055252075195,7.389055252075195,0.0,0.0,0.0,0.0,395.93954
1060000,0.10086685419082642,-34.047061920166016,-0.0011982186697423458,0.016020307317376137,0.0,0.0,2.433461077089305e-07,0.0013028193498030305,21.91971206665039,34.059715270996094,34.080684661865234,418.72687,905.1915,182.5205,160.93909,135.76016,7.389055252075195,7.389055252075195,7.389055252075195,7.389055252075195,0.0,0.0,0.0,0.0,404.51962
1061000,0.06375503540039062,-34.61562728881836,8.679089660290629e-05,0.013123556971549988,0.0,0.0,2.446695930302667e-07,0.0013681537238880992,20.93656349182129,34.651153564453125,34.65113830566406,419.11752,906.433,182.5205,160.93909,135.76016,7.389055252075195,7.389055252075195,7.389055252075195,7.389055252075195,0.0,0.0,0.0,0.0,361.90112
1062000,0.05622843652963638,-33.86840057373047,0.0008566505275666714,0.019890159368515015,0.0,0.0,2.4590431735305174e-07,0.0013110116124153137,20.346572875976562,33.86170196533203,33.867950439453125,419.47586,907.8274,182.5205,160.93909,135.76016,7.389055252075195,7.389055252075195,7.389055252075195,7.389055252075195,0.0,0.0,0.0,0.0,367.0525
1063000,0.38923048973083496,-33.743309020996094,-0.0007486238027922809,0.019688613712787628,0.0,0.0,2.4266086029456346e-07,0.0014167225454002619,21.528419494628906,33.80582809448242,33.776390075683594,419.95227,909.2183,182.5205,160.93909,135.76016,7.389055252075195,7.389055252075195,7.389055252075195,7.389055252075195,0.0,0.0,0.0,0.0,381.8496
1064000,4.970951080322266,-34.22046661376953,0.001060478389263153,0.12152612209320068,0.0,0.0,2.486549135483074e-07,0.0014096477534621954,20.247699737548828,34.23610305786133,34.26778793334961,420.42905,910.798,182.5205,160.93909,135.76016,7.389055252075195,7.389055252075195,7.389055252075195,7.389055252075195,0.0,0.0,0.0,0.0,413.53873
1065000,0.07337827980518341,-34.4110221862793,0.000495762622449547,0.014045463874936104,0.0,0.0,2.616665994992218e-07,0.0013542139204218984,20.6339111328125,34.40562057495117,34.41864776611328,421.05826,912.10205,182.5205,160.93909,135.76016,7.389055252075195,7.389055252075195,7.389055252075195,7.389055252075195,0.0,0.0,0.0,0.0,402.60822
1066000,0.14145150780677795,-34.567928314208984,0.00013044237857684493,0.013746121898293495,0.0,0.0,2.4330213932444167e-07,0.0013675139052793384,20.904613494873047,34.58424377441406,34.556922912597656,421.67618,913.4297,182.5205,160.93909,135.76016,7.389055252075195,7.389055252075195,7.389055252075195,7.389055252075195,0.0,0.0,0.0,0.0,400.3522
1067000,9.886720657348633,-34.55425262451172,5.135134415468201e-06,0.225017711520195,0.0,0.0,2.3503764623455936e-07,0.0011855083284899592,20.995668411254883,34.61475372314453,34.60855484008789,422.19785,914.60297,182.5205,160.93909,135.76016,7.389055252075195,7.389055252075195,7.389055252075195,7.389055252075195,0.0,0.0,0.0,0.0,399.54755
1068000,0.062121760100126266,-34.54145812988281,-0.00036589059163816273,0.014704613015055656,0.0,0.0,2.2888664830134076e-07,0.0013457175809890032,21.271892547607422,34.62884521484375,34.564064025878906,422.75784,915.98785,182.5205,160.93909,135.76016,7.389055252075195,7.389055252075195,7.389055252075195,7.389055252075195,0.0,0.0,0.0,0.0,387.62128
1069000,0.08897103369235992,-34.36251449584961,0.0005278040771372616,0.01626996323466301,0.0,0.0,2.3415771011059405e-07,0.001363730407319963,20.61297035217285,34.35028076171875,34.35065460205078,423.40872,917.22705,182.5205,160.93909,135.76016,7.389055252075195,7.389055252075195,7.389055252075195,7.389055252075195,0.0,0.0,0.0,0.0,404.58505
1070000,4.88068962097168,-35.12214279174805,0.0008729867404326797,0.11672215908765793,0.0,0.0,2.577312159246503e-07,0.0013409678358584642,20.348987579345703,35.1462516784668,35.1389045715332,424.07657,918.2674,182.5205,160.93909,135.76016,7.389055252075195,7.389055252075195,7.389055252075195,7.389055252075195,0.0,0.0,0.0,0.0,404.4244
1071000,0.08010207116603851,-35.019264221191406,0.0009908765787258744,0.013486107811331749,0.0,0.0,2.3809705851363105e-07,0.0013368760701268911,20.258811950683594,34.988304138183594,35.052085876464844,424.64877,919.3192,182.5205,160.93909,135.76016,7.389055252075195,7.389055252075195,7.389055252075195,7.389055252075195,0.0,0.0,0.0,0.0,401.52756
1072000,0.06696117669343948,-34.731292724609375,0.0010271939681842923,0.016003256663680077,0.0,0.0,2.414221000890393e-07,0.001298926887102425,20.209197998046875,34.70499038696289,34.7281608581543,425.3245,920.65533,182.5205,160.93909,135.76016,7.389055252075195,7.389055252075195,7.389055252075195,7.389055252075195,0.0,0.0,0.0,0.0,404.79843
1073000,0.05570858716964722,-34.754024505615234,-0.0005834356416016817,0.015501877292990685,0.0,0.0,2.492724604508112e-07,0.0012188436230644584,21.478679656982422,34.745906829833984,34.74090576171875,425.93225,922.2104,182.5205,160.93909,135.76016,7.389055252075195,7.389055252075195,7.389055252075195,7.389055252075195,0.0,0.0,0.0,0.0,397.66565
1074000,0.192239910364151,-34.94622802734375,-0.0007200416293926537,0.01394263282418251,0.0,0.0,2.5042248807949363e-07,0.001181884203106165,21.60923194885254,34.95035934448242,34.95808792114258,426.41617,923.5662,182.5205,160.93909,135.76016,7.389055252075195,7.389055252075195,7.389055252075195,7.389055252075195,0.0,0.0,0.0,0.0,395.1481
1075000,5.146336078643799,-35.111305236816406,0.0012926487252116203,0.10859571397304535,0.0,0.0,2.461637791384419e-07,0.0011525305453687906,19.87842559814453,35.13905715942383,35.14271545410156,426.84402,924.737,182.5205,160.93909,135.76016,7.389055252075195,7.389055252075195,7.389055252075195,7.389055252075195,0.0,0.0,0.0,0.0,387.22653
1076000,5.218270301818848,-35.02165603637695,-0.0003995898296125233,0.1203719899058342,0.0,0.0,2.457345260609145e-07,0.0011769671691581607,21.339508056640625,35.026920318603516,35.015777587890625,427.2662,925.92017,182.5205,160.93909,135.76016,7.389055252075195,7.389055252075195,7.389055252075195,7.389055252075195,0.0,0.0,0.0,0.0,400.08096
1077000,0.15696826577186584,-35.47062301635742,-0.0005731293349526823,0.010461157187819481,0.0,0.0,2.669735010840668e-07,0.0013044821098446846,21.439353942871094,35.48179626464844,35.47706604003906,427.5737,927.35095,182.5205,160.93909,135.76016,7.389055252075195,7.389055252075195,7.389055252075195,7.389055252075195,0.0,0.0,0.0,0.0,380.1804
1078000,0.08535581827163696,-34.793243408203125,-0.0008278811001218855,0.017885666340589523,0.0,0.0,2.3815340455257683e-07,0.0012676676269620657,21.653074264526367,34.801673889160156,34.80039978027344,428.00592,928.62305,182.5205,160.93909,135.76016,7.389055252075195,7.389055252075195,7.389055252075195,7.389055252075195,0.0,0.0,0.0,0.0,398.18515
1079000,0.05758391320705414,-35.01336669921875,-0.00020904149278067052,0.01470242254436016,0.0,0.0,2.399610252723505e-07,0.0013570484006777406,21.154041290283203,35.030052185058594,35.04393768310547,428.4622,929.90344,182.5205,160.93909,135.76016,7.389055252075195,7.389055252075195,7.389055252075195,7.389055252075195,0.0,0.0,0.0,0.0,387.58163
1080000,0.19496716558933258,-35.10227966308594,0.00045941214193589985,0.014552534557878971,0.0,0.0,2.5645704226917587e-07,0.0013521749060600996,20.660242080688477,35.12972640991211,35.105445861816406,428.9426,931.22284,182.5205,160.93909,135.76016,7.389055252075195,7.389055252075195,7.389055252075195,7.389055252075195,0.0,0.0,0.0,0.0,394.95947
1081000,5.200646877288818,-35.246376037597656,0.0005646662903018296,0.1197483092546463,0.0,0.0,2.2602584692776873e-07,0.001311884610913694,20.569576263427734,35.250221252441406,35.28294372558594,429.3086,932.3457,182.5205,160.93909,135.76016,7.389055252075195,7.389055252075195,7.389055252075195,7.389055252075195,0.0,0.0,0.0,0.0,408.68698
1082000,5.199990749359131,-35.378273010253906,-0.0010128923458978534,0.11875919997692108,0.0,0.0,2.4222924821515335e-07,0.001280557713471353,21.790977478027344,35.402061462402344,35.392555236816406,429.82916,933.6865,182.5205,160.93909,135.76016,7.389055252075195,7.389055252075195,7.389055252075195,7.389055252075195,0.0,0.0,0.0,0.0,415.22336
1083000,0.05798722803592682,-35.62285614013672,0.0007487825932912529,0.010578062385320663,0.0,0.0,2.474763221016474e-07,0.001282104174606502,20.415973663330078,35.64311599731445,35.641029357910156,430.40802,934.9593,182.5205,160.93909,135.76016,7.389055252075195,7.389055252075195,7.389055252075195,7.389055252075195,0.0,0.0,0.0,0.0,420.02414
1084000,0.14912185072898865,-35.28815460205078,0.000716619601007551,0.016170911490917206,0.0,0.0,2.2116182663012296e-07,0.0012192127760499716,20.412227630615234,35.29518127441406,35.281925201416016,430.9784,936.0797,182.5205,160.93909,135.76016,7.389055252075195,7.389055252075195,7.389055252075195,7.389055252075195,0.0,0.0,0.0,0.0,419.95358
1085000,0.07161414623260498,-35.67774200439453,0.0003297993098385632,0.013066558167338371,0.0,0.0,2.271299166523022e-07,0.001309635117650032,20.7481746673584,35.71415710449219,35.68373107910156,431.39542,937.1755,182.5205,160.93909,135.76016,7.389055252075195,7.389055252075195,7.389055252075195,7.389055252075195,0.0,0.0,0.0,0.0,419.17715
1086000,0.11453528702259064,-35.80674362182617,-2.7637651101031224e-07,0.012188898399472237,0.0,0.0,2.2944483646369918e-07,0.001187712186947465,21.000232696533203,35.837623596191406,35.847965240478516,431.74515,938.9877,182.5205,160.93909,135.76016,7.389055252075195,7.389055252075195,7.389055252075195,7.389055252075195,0.0,0.0,0.0,0.0,392.74966
1087000,0.7606387734413147,-35.89698028564453,0.00011981373245362192,0.01128801703453064,0.0,0.0,2.2642771568825992e-07,0.0012566396035254002,20.90465545654297,35.91682434082031,35.930091857910156,432.22,940.3636,182.5205,160.93909,135.76016,7.389055252075195,7.389055252075195,7.389055252075195,7.389055252075195,0.0,0.0,0.0,0.0,399.86035
1088000,5.272599220275879,-36.05617904663086,0.0007591438479721546,0.11645515263080597,0.0,0.0,2.3649920422030846e-07,0.0011635473929345608,20.34756088256836,36.07422637939453,36.09077453613281,432.80762,941.3549,182.5205,160.93909,135.76016,7.389055252075195,7.389055252075195,7.389055252075195,7.389055252075195,0.0,0.0,0.0,0.0,414.15543
1089000,0.17337200045585632,-35.709922790527344,-0.0008696726290509105,0.011916744522750378,0.0,0.0,2.2415952116716653e-07,0.00113638024777174,21.765300750732422,35.69140625,35.68543243408203,433.3352,942.724,182.5205,160.93909,135.76016,7.389055252075195,7.389055252075195,7.389055252075195,7.389055252075195,0.0,0.0,0.0,0.0,413.85284
1090000,5.392856121063232,-36.1439208984375,0.0005873229238204658,0.11684504896402359,0.0,0.0,2.1851866449651425e-07,0.0010918097104877234,20.462064743041992,36.175750732421875,36.16978454589844,433.9004,944.04926,182.5205,160.93909,135.76016,7.389055252075195,7.389055252075195,7.389055252075195,7.389055252075195,0.0,0.0,0.0,0.0,406.9299
1091000,5.414299964904785,-36.08281707763672,-0.00045648927334696054,0.11874906718730927,0.0,0.0,2.288022784568966e-07,0.0010988707654178143,21.415416717529297,36.09902572631836,36.09880828857422,434.43915,945.47546,182.5205,160.93909,135.76016,7.389055252075195,7.389055252075195,7.389055252075195,7.389055252075195,0.0,0.0,0.0,0.0,408.21744
1092000,5.400107383728027,-36.290191650390625,0.0006153936265036464,0.11945375055074692,0.0,0.0,2.190679992963851e-07,0.0010343955364078283,20.40506935119629,36.29512023925781,36.30859375,434.90158,946.4486,182.5205,160.93909,135.76016,7.389055252075195,7.389055252075195,7.389055252075195,7.389055252075195,0.0,0.0,0.0,0.0,412.39917
1093000,10.502903938293457,-36.24598693847656,-0.0005368008278310299,0.32935547828674316,0.0,0.0,2.418547069282795e-07,0.0010580226080492139,21.507362365722656,36.2435417175293,36.253501892089844,435.32034,948.2009,182.5205,160.93909,135.76016,7.389055252075195,7.389055252075195,7.389055252075195,7.389055252075195,0.0,0.0,0.0,0.0,351.8911
1094000,0.0766047015786171,-36.1983528137207,-0.000977998715825379,0.01200067438185215,0.0,0.0,2.2824629297701904e-07,0.001046552206389606,21.93449592590332,36.21751403808594,36.208736419677734,435.76926,950.14215,182.5205,160.93909,135.76016,7.389055252075195,7.389055252075195,7.389055252075195,7.389055252075195,0.0,0.0,0.0,0.0,403.91882
1095000,5.4246625900268555,-36.051666259765625,-0.0007077433401718736,0.11877818405628204,0.0,0.0,2.3296351514545677e-07,0.0011147636687383056,21.6348819732666,36.01504898071289,36.03157043457031,436.21616,951.96405,182.5205,160.93909,135.76016,7.389055252075195,7.389055252075195,7.389055252075195,7.389055252075195,0.0,0.0,0.0,0.0,382.88107
1096000,10.905497550964355,-35.935157775878906,-0.0003166047390550375,0.2207748293876648,0.0,0.0,2.174549962319361e-07,0.0011223643086850643,21.282087326049805,35.92155838012695,35.942115783691406,436.69052,953.661,182.5205,160.93909,135.76016,7.389055252075195,7.389055252075195,7.389055252075195,7.389055252075195,0.0,0.0,0.0,0.0,390.11304
1097000,0.190196231007576,-36.08075714111328,-0.0005776839097961783,0.01224411092698574,0.0,0.0,2.1765005442375696e-07,0.001101760077290237,21.524328231811523,36.07624435424805,36.08850860595703,437.2685,955.3494,182.5205,160.93909,135.76016,7.389055252075195,7.389055252075195,7.389055252075195,7.389055252075195,0.0,0.0,0.0,0.0,388.17245
1098000,0.0928652286529541,-35.50862503051758,-0.0004908500122837722,0.017472585663199425,0.0,0.0,2.3188576392385585e-07,0.0011731815757229924,21.418392181396484,35.489013671875,35.5189208984375,437.85953,956.99457,182.5205,160.93909,135.76016,7.389055252075195,7.389055252075195,7.389055252075195,7.389055252075195,0.0,0.0,0.0,0.0,402.1941
1099000,0.1576349437236786,-35.58542251586914,2.6231362426187843e-05,0.015185119584202766,0.0,0.0,2.1687746709631028e-07,0.0011443492257967591,20.97707748413086,35.575279235839844,35.62439727783203,438.42032,958.59174,182.5205,160.93909,135.76016,7.389055252075195,7.389055252075195,7.389055252075195,7.389055252075195,0.0,0.0,0.0,0.0,415.49106
1100000,0.20888781547546387,-36.17588806152344,0.0007694823434576392,0.01163486298173666,0.0,0.0,2.3913739255476685e-07,0.0012467099586501718,20.382789611816406,36.19304656982422,36.186302185058594,438.9621,960.2414,182.5205,160.93909,135.76016,7.389055252075195,7.389055252075195,7.389055252075195,7.389055252075195,0.0,0.0,0.0,0.0,389.8562
1101000,0.04879515618085861,-35.98448944091797,0.00011551312491064891,0.014623591676354408,0.0,0.0,2.195863544329768e-07,0.0011550167109817266,20.89999008178711,36.01962661743164,36.007537841796875,439.3805,961.6037,182.5205,160.93909,135.76016,7.389055252075195,7.389055252075195,7.389055252075195,7.389055252075195,0.0,0.0,0.0,0.0,401.48
1102000,5.455955505371094,-36.21715545654297,0.0005436193896457553,0.11545227468013763,0.0,0.0,2.216858234760366e-07,0.001207457622513175,20.549781799316406,36.260719299316406,36.272666931152344,439.8013,963.0675,182.5205,160.93909,135.76016,7.389055252075195,7.389055252075195,7.389055252075195,7.389055252075195,0.0,0.0,0.0,0.0,407.16037
1103000,5.590653419494629,-36.026710510253906,-0.000258926535025239,0.11945676058530807,0.0,0.0,2.2070747718316852e-07,0.0012333921622484922,21.209930419921875,36.03349304199219,36.053627014160156,440.40652,964.4369,182.5205,160.93909,135.76016,7.389055252075195,7.389055252075195,7.389055252075195,7.389055252075195,0.0,0.0,0.0,0.0,402.42038
1104000,5.639512062072754,-35.58000183105469,0.0008571755024604499,0.10997410863637924,0.0,0.0,2.2950548839162366e-07,0.0012192627182230353,20.296972274780273,35.58562469482422,35.59217071533203,440.90082,966.1382,182.5205,160.93909,135.76016,7.389055252075195,7.389055252075195,7.389055252075195,7.389055252075195,0.0,0.0,0.0,0.0,399.8963
1105000,5.487316131591797,-36.44654846191406,-0.00024654148728586733,0.11477909982204437,0.0,0.0,2.2322124948459532e-07,0.0012308129807934165,21.200307846069336,36.46642303466797,36.46720886230469,441.452,967.7453,182.5205,160.93909,135.76016,7.389055252075195,7.389055252075195,7.389055252075195,7.389055252075195,0.0,0.0,0.0,0.0,418.6455
1106000,0.057266686111688614,-36.0235595703125,-0.00010951363219646737,0.013391993939876556,0.0,0.0,2.191979291410462e-07,0.001233335118740797,21.088794708251953,36.052085876464844,36.053001403808594,442.01166,969.5832,182.5205,160.93909,135.76016,7.389055252075195,7.389055252075195,7.389055252075195,7.389055252075195,0.0,0.0,0.0,0.0,391.11478
1107000,0.077695831656456,-35.701297760009766,0.0005485032452270389,0.014133388176560402,0.0,0.0,2.269216423655962e-07,0.0012286427663639188,20.553569793701172,35.67642593383789,35.704872131347656,442.57138,971.0869,182.5205,160.93909,135.76016,7.389055252075195,7.389055252075195,7.389055252075195,7.389055252075195,0.0,0.0,0.0,0.0,407.2403
1108000,0.09003069996833801,-36.166343688964844,0.000438162824138999,0.01202133484184742,0.0,0.0,2.1891736423640396e-07,0.0012820822885259986,20.658241271972656,36.19422912597656,36.188209533691406,443.11945,973.1369,182.5205,160.93909,135.76016,7.389055252075195,7.389055252075195,7.389055252075195,7.389055252075195,0.0,0.0,0.0,0.0,343.55884
1109000,5.533755302429199,-35.89833068847656,-0.0005260261241346598,0.11855942010879517,0.0,0.0,2.2802764476637094e-07,0.0012590698897838593,21.417789459228516,35.895774841308594,35.931488037109375,443.64902,975.2792,182.5205,160.93909,135.76016,7.389055252075195,7.389055252075195,7.389055252075195,7.389055252075195,0.0,0.0,0.0,0.0,347.76193
1110000,0.042766861617565155,-36.297061920166016,0.0008728520479053259,0.010458162054419518,0.0,0.0,2.1031809183114092e-07,0.0011730988044291735,20.255943298339844,36.277191162109375,36.277408599853516,444.1113,976.8686,182.5205,160.93909,135.76016,7.389055252075195,7.389055252075195,7.389055252075195,7.389055252075195,0.0,0.0,0.0,0.0,419.067
1111000,5.5977888107299805,-36.10114288330078,-6.16821926087141e-05,0.12001098692417145,0.0,0.0,2.3306279217649717e-07,0.001149962074123323,21.053638458251953,36.11456298828125,36.062007904052734,444.63135,978.48535,182.5205,160.93909,135.76016,7.389055252075195,7.389055252075195,7.389055252075195,7.389055252075195,0.0,0.0,0.0,0.0,410.73947
1112000,0.08188198506832123,-36.507423400878906,-0.00027265289099887013,0.010310573503375053,0.0,0.0,2.2833724244719633e-07,0.0011907226871699095,21.228981018066406,36.4772834777832,36.495784759521484,445.14706,979.6262,182.5205,160.93909,135.76016,7.389055252075195,7.389055252075195,7.389055252075195,7.389055252075195,0.0,0.0,0.0,0.0,417.51367
1113000,5.527475357055664,-36.1907958984375,-0.00033987450296990573,0.11856314539909363,0.0,0.0,2.201863935624715e-07,0.0013222728157415986,21.257038116455078,36.163597106933594,36.21663284301758,445.58875,980.9416,182.5205,160.93909,135.76016,7.389055252075195,7.389055252075195,7.389055252075195,7.389055252075195,0.0,0.0,0.0,0.0,421.86618
1114000,0.1385461390018463,-36.10084533691406,-0.00011841380910482258,0.012672959826886654,0.0,0.0,2.1352103374283615e-07,0.0011883721454069018,21.09964370727539,36.14166259765625,36.13909149169922,446.05612,982.43414,182.5205,160.93909,135.76016,7.389055252075195,7.389055252075195,7.389055252075195,7.389055252075195,0.0,0.0,0.0,0.0,425.5956
1115000,0.09576287120580673,-36.029083251953125,-0.0016329046338796616,0.012842820957303047,0.0,0.0,2.2630142382240592e-07,0.0011596933472901583,22.408048629760742,36.061683654785156,36.009246826171875,446.7172,983.88153,182.5205,160.93909,135.76016,7.389055252075195,7.389055252075195,7.389055252075195,7.389055252075195,0.0,0.0,0.0,0.0,396.2347
1116000,5.420615196228027,-36.06803894042969,0.000525827519595623,0.11892598867416382,0.0,0.0,2.2957755163588445e-07,0.0013125422410666943,20.599382400512695,36.132110595703125,36.115352630615234,447.19644,985.6329,182.5205,160.93909,135.76016,7.389055252075195,7.389055252075195,7.389055252075195,7.389055252075195,0.0,0.0,0.0,0.0,340.516
1117000,0.21311768889427185,-35.067447662353516,-0.0019883376080542803,0.01894136518239975,0.0,0.0,2.3320745867749793e-07,0.001196875236928463,22.661273956298828,35.04961395263672,35.029762268066406,447.67178,987.12494,182.5205,160.93909,135.76016,7.389055252075195,7.389055252075195,7.389055252075195,7.389055252075195,0.0,0.0,0.0,0.0,400.53735
1118000,10.61221694946289,-35.62080383300781,-0.0010787377832457423,0.22737528383731842,0.0,0.0,2.04629813538304e-07,0.0012098592706024647,21.89162254333496,35.66286087036133,35.66419982910156,448.128,989.01,182.5205,160.93909,135.76016,7.389055252075195,7.389055252075195,7.389055252075195,7.389055252075195,0.0,0.0,0.0,0.0,402.45572
1119000,5.3480119705200195,-35.570556640625,0.0008504789439029992,0.12243226170539856,0.0,0.0,2.3499423207340442e-07,0.0011423679534345865,20.255512237548828,35.568939208984375,35.58591079711914,448.6173,990.60266,182.5205,160.93909,135.76016,7.389055252075195,7.389055252075195,7.389055252075195,7.389055252075195,0.0,0.0,0.0,0.0,407.81784
1120000,0.24459002912044525,-34.86237335205078,-0.0006235445034690201,0.020162193104624748,0.0,0.0,2.2940696453588316e-07,0.0013034133007749915,21.4783935546875,34.87388610839844,34.88414764404297,449.1864,992.33105,182.5205,160.93909,135.76016,7.389055252075195,7.389055252075195,7.389055252075195,7.389055252075195,0.0,0.0,0.0,0.0,371.3313
1121000,0.0924476832151413,-35.35622787475586,-0.0005496064550243318,0.016508087515830994,0.0,0.0,2.3029033968668955e-07,0.0013149402802810073,21.417970657348633,35.375389099121094,35.377811431884766,449.70575,994.12396,182.5205,160.93909,135.76016,7.389055252075195,7.389055252075195,7.389055252075195,7.389055252075195,0.0,0.0,0.0,0.0,397.23117
1122000,5.454220294952393,-35.58880615234375,0.0007004973595030606,0.120616614818573,0.0,0.0,2.250090318511866e-07,0.001381313893944025,20.492876052856445,35.6099739074707,35.5748291015625,450.1814,996.0046,182.5205,160.93909,135.76016,7.389055252075195,7.389055252075195,7.389055252075195,7.389055252075195,0.0,0.0,0.0,0.0,354.68637
1123000,0.08207632601261139,-36.15194320678711,0.0002986125473398715,0.009721067734062672,0.0,0.0,2.313719420499183e-07,0.0014051245525479317,20.78748321533203,36.16096496582031,36.17581558227539,450.67227,997.6466,182.5205,160.93909,135.76016,7.389055252075195,7.389055252075195,7.389055252075195,7.389055252075195,0.0,0.0,0.0,0.0,407.61368
1124000,0.06477173417806625,-35.878910064697266,7.094814645824954e-05,0.013215476647019386,0.0,0.0,2.2223701989787514e-07,0.0013803348410874605,20.94860076904297,35.900482177734375,35.88887023925781,451.20322,999.2381,182.5205,160.93909,135.76016,7.389055252075195,7.389055252075195,7.389055252075195,7.389055252075195,0.0,0.0,0.0,0.0,398.02423
1125000,0.0569269061088562,-35.53794860839844,0.0003959579626098275,0.01607372798025608,0.0,0.0,2.3176498586963135e-07,0.0013689694460481405,20.71076202392578,35.54634094238281,35.55918884277344,451.62598,1000.9459,182.5205,160.93909,135.76016,7.389055252075195,7.389055252075195,7.389055252075195,7.389055252075195,0.0,0.0,0.0,0.0,383.40994
1126000,0.06176850199699402,-35.627723693847656,-0.00020415957260411233,0.015605662018060684,0.0,0.0,2.252944426572867e-07,0.0014085484435781837,21.144943237304688,35.68726348876953,35.66836929321289,452.16754,1002.4295,182.5205,160.93909,135.76016,7.389055252075195,7.389055252075195,7.389055252075195,7.389055252075195,0.0,0.0,0.0,0.0003128945827484131,419.1709
1127000,5.476835250854492,-35.712432861328125,0.0008369082934223115,0.12063173949718475,0.0,0.0,2.3441307916982623e-07,0.0013698464026674628,20.389049530029297,35.717681884765625,35.70946502685547,452.70264,1003.8936,182.5205,160.93909,135.76016,7.389055252075195,7.389055252075195,7.389055252075195,7.389055252075195,0.0,0.0,0.0,0.0,404.56918
1128000,0.188010573387146,-35.41791534423828,-0.002105924068018794,0.014994671568274498,0.0,0.0,2.367570601791158e-07,0.001321914722211659,22.59308624267578,35.40256118774414,35.436946868896484,453.14835,1005.36365,182.5205,160.93909,135.76016,7.389055252075195,7.389055252075195,7.389055252075195,7.389055252075195,0.0,0.0,0.0,0.0,415.155
1129000,5.520257949829102,-35.71558380126953,-0.00011884507694048807,0.1197252944111824,0.0,0.0,2.3457744191546226e-07,0.0013346123741939664,21.089048385620117,35.78167724609375,35.77373123168945,453.61362,1006.911,182.5205,160.93909,135.76016,7.389055252075195,7.389055252075195,7.389055252075195,7.389055252075195,0.0,0.0,0.0,0.0,422.16806
1130000,5.694252014160156,-35.04286575317383,-0.00027837822563014925,0.1191282719373703,0.0,0.0,2.2823397216598096e-07,0.0013395963469520211,21.207807540893555,35.04270553588867,35.05668258666992,454.1597,1008.6142,182.5205,160.93909,135.76016,7.389055252075195,7.389055252075195,7.389055252075195,7.389055252075195,0.0,0.0,0.0,0.0,363.06458
1131000,5.292699813842773,-35.4129638671875,0.0006971040274947882,0.11195091903209686,0.0,0.0,2.336577296091491e-07,0.0013525347458198667,20.484594345092773,35.42174530029297,35.42898941040039,454.67438,1010.21686,182.5205,160.93909,135.76016,7.389055252075195,7.389055252075195,7.389055252075195,7.389055252075195,0.0,0.0,0.0,0.0,403.15588
