Train/Steps,Loss/Loss_critic,Loss/Loss_actor,Loss/Loss_alpha,SAC/Alpha,SAC/LogPi_mean,SAC/Q1_mean,SAC/Q2_mean,Norm/actor_model,Norm/critic_model,Eval/Return
641000,0.02144112065434456,-8.097597122192383,0.05059877410531044,0.0016638007946312428,-9.411558151245117,8.063801765441895,8.067754745483398,17.828573,57.9326,6.464949e-09
642000,0.018095962703227997,-6.199356555938721,0.0012051897356286645,0.00010341488814447075,9.346071243286133,6.180215358734131,6.180312156677246,22.063488,69.30059,0.006318708
643000,0.12349848449230194,-5.174262046813965,-0.00022264292056206614,0.00011426522542024031,22.948474884033203,5.125481128692627,5.12147331237793,25.10298,80.058014,9.179202e-07
644000,0.016093315556645393,-4.444897651672363,6.505326018668711e-05,6.733630289090797e-05,20.033905029296875,4.40473747253418,4.40519905090332,28.0891,92.59883,2.1186752e-06
645000,0.0658746063709259,-3.634657144546509,-5.485026849783026e-05,6.58419739920646e-05,21.833059310913086,3.6286096572875977,3.624603748321533,29.820312,103.13215,2.6871245e-07
646000,0.05104967951774597,-2.9177775382995605,7.042787183308974e-05,4.731554872705601e-05,19.51152801513672,2.910473585128784,2.912158250808716,31.123608,116.73325,2.7541728e-07
647000,0.016296744346618652,-2.5033257007598877,0.00024982550530694425,5.87605063628871e-05,16.748411178588867,2.4916794300079346,2.4943575859069824,32.36268,126.466484,6.386827e-08
648000,0.06978011876344681,-2.22880220413208,0.00018288781575392932,6.691455928375944e-05,18.266845703125,2.2060790061950684,2.20632266998291,33.58549,138.72021,8.691296e-06
649000,0.04256095737218857,-2.0962929725646973,6.740457320120186e-05,5.452560799312778e-05,19.7637996673584,2.0866446495056152,2.087158203125,34.63649,157.2798,1.1504975e-07
